date,start,end,count,station,place,dong,march,lane
2020-01-01,09:00,10:30,200,동작,국립서울현충원 앞,사당동,0,0
2020-01-01,12:00,13:00,500,종로,舊 일대사관 건너편,수송동,0,0
2020-01-02,05:30,,5000,중랑,양원지구 대보건설 공사현장 앞,망우동,0,0
2020-01-02,08:00,10:00,150,구로,구로구청 앞,구로동,0,0
2020-01-02,08:00,08:30,300,동작,노량진역광장,,0,0
2020-01-02,17:30,18:00,0,,,노량진동,0,0
2020-01-02,08:00,18:00,50,영등포,,,0,0
2020-01-02,09:00,11:00,50,동작,,사당동,0,0
2020-01-02,10:00,13:00,50,서대문,서대문구청 앞,연희동,0,0
2020-01-02,11:00,13:00,60,남대문,시청 동편 앞,태평로1가,0,0
2020-01-02,12:00,13:00,100,용산,아모레퍼시픽 본사 앞 인도,한강로2가,0,0
2020-01-02,13:00,17:00,1500,마포,성산동 마포구청 광장 앞,성산동,0,0
2020-01-02,14:00,16:00,300,서초,대법원 정문 앞,서초동,0,0
2020-01-02,14:00,18:00,200,남대문|중부,서울고용노동청 앞,장교동,0,0
2020-01-03,05:00,09:00,100,동대문,청량4구역 공사현장 앞,전농동,0,0
2020-01-03,05:30,,5000,중랑,양원지구 대보건설 공사현장 앞,망우동,0,0
2020-01-03,07:30,09:00,200,영등포,KBS본관 앞,여의도,0,0
2020-01-03,08:00,08:30,300,동작,노량진역광장,,0,0
2020-01-03,17:30,18:00,0,,,노량진동,0,0
2020-01-03,08:00,18:00,50,영등포,,,0,0
2020-01-03,09:00,15:00,1000,남대문,,충정로1가,0,0
2020-01-03,10:00,13:00,50,서대문,서대문구청 앞,연희동,0,0
2020-01-03,11:00,13:00,60,남대문,시청 동편 앞,태평로1가,0,0
2020-01-03,12:00,13:00,100,용산,아모레퍼시픽 본사 앞 인도,한강로2가,0,0
2020-01-03,15:00,17:00,10000,종로,세종문화회관 앞,세종로,0,0
2020-01-04,04:30,17:00,500,서부,응암1구역 현대건설 공사현장 게이트 앞,응암동,0,0
2020-01-04,05:30,,5000,중랑,양원지구 금호건설 공사현장 앞,망우동,0,0
2020-01-04,10:00,11:30,100,종로,광화문KT→정부서울청사 (광화문KT→교보빌딩→현대해상→정부서울청사),세종로 등,1,0
2020-01-04,12:00,15:00,1370,수서,자곡사거리 앞 (자곡R→수서역→자곡R),자곡동,1,0
2020-01-04,12:00,15:00,1000,종로,일민미술관→광화문 누각 (일민미술관→종로1R→안국R→동십자R→광화문 누각),세종로 등,1,0
2020-01-04,12:00,16:00,5000,종로,교보빌딩 앞 全차로 (교보빌딩→사랑채),세종대로,1,1
2020-01-04,12:00,17:00,500,남대문,도시건축전시관,정동,0,0
2020-01-04,12:00,18:00,2000,종로,동화면세점→진명초소 (동화면세점→세종R→광화문R→적선R→진명초소),세종로 등,1,0
2020-01-04,13:00,14:00,50,종로,소라탑 앞,세종로,0,0
2020-01-04,13:00,17:00,300,종로|남대문,파이낸스빌딩⇆내자R (프레스센터→세종R→광화문R→내자R→신교R→효자 PB→신교R→내자R→광화문R→세종R→도시건축,태평로1가,1,0
2020-01-04,13:00,18:00,1500,종로|남대문,대한문⇆효자PB (대한문⇄세종R⇄광화문R⇄내자R⇄신교R⇄효자PB),정동 등,1,0
2020-01-04,13:00,19:00,30000,종로|남대문,서울역→효자PB (서울역→숭례문R→→동아일보→교보빌딩→→광화문R,봉래동 등,1,0
2020-01-04,14:00,15:00,50,종로,종로소방서 앞,세종로,0,0
2020-01-04,14:00,17:00,100,종로,광화문KT→이스라엘대사관 (광화문KT→광화문중앙광장→세종문화회관→정부 서울청사→내자R→신교R→효자PB→신교R→내자R,세종로,1,0
2020-01-04,14:00,17:00,300,종로,보신각⇄세종R,종로1가 등,0,0
2020-01-04,14:00,18:00,40,서대문,신촌 유플렉스 앞,창천동,0,0
2020-01-04,14:30,19:00,100,종로,새마을금고 앞,통의동,0,0
2020-01-04,16:00,18:00,200,종로,원표공원 앞,세종로,0,0
2020-01-04,17:00,19:00,3000,서초,중앙지검 서문 앞 3개차로,서초동,0,1
2020-01-05,10:00,16:00,50,성동,성암교회 앞,마장동,0,0
2020-01-05,10:30,13:00,5000,종로,교보빌딩 앞 4개차로,세종대로,0,1
2020-01-05,14:00,16:00,30,종로,세종문화회관 중앙계단 앞,세종대로,0,0
2020-01-06,04:30,17:00,500,서부,응암1구역 현대건설 공사현장 게이트 앞,응암동,0,0
2020-01-06,05:30,,5000,중랑,양원지구 금호건설 공사현장 앞,망우동,0,0
2020-01-06,06:30,10:00,400,광진,국기전설 앞 인도,광장동,0,0
2020-01-06,07:30,18:00,50,영등포,LG트윈타워 앞,,0,0
2020-01-06,08:00,08:30,300,동작,노량진역광장,,0,0
2020-01-06,17:30,18:00,0,,,노량진동,0,0
2020-01-06,08:00,09:30,200,종로,,세종대로,0,0
2020-01-06,09:00,16:00,1000,남대문,농협중앙회 앞,충정로1가,0,0
2020-01-06,10:00,11:00,100,마포,일양빌딩 앞 인도,염리동,0,0
2020-01-06,10:00,13:00,50,서대문,서대문구청 앞,연희동,0,0
2020-01-06,11:00,13:00,60,남대문,시청 동편 앞,태평로1가,0,0
2020-01-06,13:00,17:00,150,마포,성산동 마포구청 광장 앞,성산동,0,0
2020-01-07,05:30,08:00,650,수서,수서역 6出 앞,수서동,0,0
2020-01-07,06:30,10:00,400,광진,국기전설 앞 인도,광장동,0,0
2020-01-07,08:00,08:30,300,동작,노량진역광장,,0,0
2020-01-07,17:30,18:00,0,,,노량진동,0,0
2020-01-07,08:00,19:00,50,강동,,천호동,0,0
2020-01-07,09:00,16:00,1000,남대문,농협중앙회 앞,충정로1가,0,0
2020-01-07,10:00,13:00,50,서대문,서대문구청 앞,연희동,0,0
2020-01-07,10:00,18:00,30,서대문,남가좌1 주민센터,남가좌동,0,0
2020-01-07,10:30,12:30,0,,,,0,1
2020-01-07,15:30,17:30,5000,종로,,효자로,0,0
2020-01-07,19:30,21:00,0,,,,0,0
2020-01-07,10:30,13:30,40,중부,,을지로,0,0
2020-01-07,10:30,14:00,500,종로,세종로소공원→사랑채,,1,0
2020-01-07,11:00,13:00,60,남대문,,태평로1가,0,0
2020-01-07,13:00,17:00,150,마포,성산동 마포구청 광장 앞,성산동,0,0
2020-01-07,14:00,15:00,150,서초,중앙지검 서문 앞,서초동,0,0
2020-01-08,14:00,17:00,100,남대문,시청 동편 인도,태평로 1가,0,0
2020-01-08,11:00,13:00,150,마포,마포구청 광장 앞,성산동,0,0
2020-01-08,13:00,16:00,100,광진,광진구청 앞,구의동,0,0
2020-01-08,14:00,17:00,100,광진,동서울터미널 앞,구의동,0,0
2020-01-08,14:00,17:00,45,중부,신한카드 본사 앞,저동,0,0
2020-01-08,08:00,08:30,300,동작,노량진역광장,,0,0
2020-01-08,17:30,18:00,0,,,노량진동,0,0
2020-01-08,11:00,15:00,50,동작,,노량진동,0,0
2020-01-08,19:00,21:00,500,종로,세종로소공원 → 사랑채,세종대로,1,0
2020-01-08,10:30,12:00,500,남대문,시청 서편 인도,태평로1가,0,0
2020-01-08,19:30,21:00,200,마포,LG헬로비전 본사 정문 앞,상암동,0,0
2020-01-08,18:00,20:00,400,마포,일진그룹 본사 앞,도화동,0,0
2020-01-08,12:00,13:00,500,종로,,율곡로,0,0
2020-01-08,18:00,21:00,1000,서초,대검찰청 정문 앞,서초동,0,0
2020-01-08,10:30,12:30,0,,,,0,1
2020-01-08,15:30,17:30,5000,종로,,효자로,0,0
2020-01-08,19:30,21:00,0,,,,0,0
2020-01-08,10:00,13:00,50,서대문,,연희동,0,0
2020-01-09,05:30,,5000,중랑,양원지구 內 금호․대보건설 앞,망우동,0,0
2020-01-09,05:30,08:00,650,수서,수서역 6出 앞,수서동,0,0
2020-01-09,05:30,09:00,500,서대문,효성헤링턴플레이스 공사현장 1번게이트 앞,홍제동,0,0
2020-01-09,06:00,17:00,500,서부,응암1구역 현대건설 공사현장 앞,응암동,0,0
2020-01-09,08:00,08:30,300,동작,노량진역광장,,0,0
2020-01-09,17:30,18:00,0,,,노량진동,0,0
2020-01-09,08:00,,150,구로,10:0,구로동,0,0
2020-01-09,09:30,11:30,100,서대문,KT&G 사옥 앞,충정로,0,0
2020-01-09,10:00,13:00,50,서대문,서대문구청 앞,연희동,0,0
2020-01-09,10:30,12:30,0,,,,0,1
2020-01-09,15:30,17:30,5000,종로,,효자로,0,0
2020-01-09,19:30,21:00,0,,,,0,0
2020-01-09,11:00,13:00,60,남대문,,태평로1가,0,0
2020-01-09,11:00,14:00,30,종로,GS건설 앞,청진동,0,0
2020-01-09,11:30,14:30,140,종로,더케이트윈타워→ SK본사,세종로,1,0
2020-01-09,14:00,15:00,30,마포,JTBC 사옥 정문 앞,상암동,0,0
2020-01-09,17:00,17:30,3000,강동,길동R․둔촌오륜역→ 舊한전 강동지사 (경로①: 길동R → 둔촌동역R → 舊한전 강동지사,,1,1
2020-01-09,17:30,18:10,3000,강동,,양재대로,0,0
2020-01-09,18:00,20:00,400,마포,일진그룹 본사 앞 인도,도화동,0,0
2020-01-09,19:00,21:00,500,종로,세종로소공원→사랑채 (세종로소공원 → 광화문R → 적선R → 사랑채),세종대로,1,0
2020-01-10,05:30,,5000,중랑,양원지구 內 금호․대보건설 앞,망우동,0,0
2020-01-10,05:30,09:00,500,서대문,효성헤링턴플레이스 공사현장 1번게이트 앞,홍제동,0,0
2020-01-10,05:30,11:00,1500,금천,에이스타워 공사현장 앞,가산동,0,0
2020-01-10,06:00,07:00,450,강동,대우조선해양건설 공사현장 앞,상일동,0,0
2020-01-10,06:00,08:00,650,수서,수서역 6出 앞,수서동,0,0
2020-01-10,07:30,09:00,70,남대문,기업은행 1층 로비,수하동,0,0
2020-01-10,08:00,08:30,300,동작,노량진역광장,,0,0
2020-01-10,17:30,18:00,0,,,노량진동,0,0
2020-01-10,10:00,11:30,150,영등포,,,0,0
2020-01-10,10:00,13:00,50,서대문,,연희동,0,0
2020-01-10,10:30,12:30,0,,,,0,1
2020-01-10,15:30,17:30,5000,종로,,효자로,0,0
2020-01-10,19:30,21:00,0,,,,0,0
2020-01-10,11:00,13:00,60,남대문,,태평로1가,0,0
2020-01-10,11:00,13:00,30,양천,SBS 앞,목동,0,0
2020-01-10,11:30,13:00,30,영등포,교직원공제회빌딩 앞,여의도,0,0
2020-01-10,11:30,13:00,80,영등포,민주당사 앞,여의도,0,0
2020-01-10,13:00,16:00,700,수서,푸르덴셜타워 앞,역삼동,0,0
2020-01-10,14:00,15:00,150,서초,중앙지검 서문 앞,서초동,0,0
2020-01-10,14:00,16:00,80,종로,조계사 템플스테이 앞,우정국로,0,0
2020-01-10,19:00,21:00,500,종로,세종로소공원→사랑채 (세종로소공원 → 광화문R → 적선R → 사랑채),세종대로,1,0
2020-01-11,05:30,,5000,중랑,양원지구 內 금호․대보건설 앞,망우동,0,0
2020-01-11,06:00,09:00,650,수서,수서역 6出 앞,수서동,0,0
2020-01-11,10:00,11:30,100,종로,광화문KT→정부서울청사 (광화문KT→교보빌딩→현대해상→정부서울청사),세종로 등,1,0
2020-01-11,12:00,15:00,1000,종로,일민미술관→광화문 누각 (일민미술관→종1R→안국R→동십자R→광화문 누각),세종로 등,1,0
2020-01-11,12:00,16:30,5000,종로,교보빌딩 앞 全차로 (교보빌딩→사랑채),세종대로,1,1
2020-01-11,12:00,17:00,500,남대문,도시건축전시관,정동,0,0
2020-01-11,12:00,18:00,500,종로,동화면세점→진명초소 (동화면세점→세종R→광화문R→적선R→진명초소),세종로 등,1,0
2020-01-11,13:00,14:00,50,종로,소라탑 앞,세종로,0,0
2020-01-11,13:00,17:00,300,종로|남대문,파이낸스빌딩⇆내자R (프레스센터→세종R→광화문R→내자R→신교R→효자 PB→신교R→내자R→광화문R→세종R→도시건축,태평로1가,1,0
2020-01-11,13:00,18:00,3000,종로|남대문,대한문⇆효자PB (대한문⇄세종R⇄광화문R⇄내자R⇄신교R⇄효자PB),정동 등,1,0
2020-01-11,13:00,19:00,30000,종로|남대문,서울역→효자PB (서울역→숭례문R→동아일보→교보빌딩→광화문R,봉래동 등,1,0
2020-01-11,14:00,15:00,50,종로,종로소방서 앞,세종로,0,0
2020-01-11,14:00,17:00,300,종로,보신각⇄종3R,종로1가 등,0,0
2020-01-11,14:00,17:00,100,종로,광화문KT→이스라엘대사관 (광화문KT→광화문광장→세종문화회관→정부서울 청사→내자R→신교R→효자PB→신교R→내자R→,세종로,1,0
2020-01-11,14:00,18:00,40,서대문,신촌 유플렉스 앞,창천동,0,0
2020-01-11,14:30,19:00,100,종로,효자PB 앞,효자동,0,0
2020-01-11,16:00,17:00,200,종로,종로소방서 시민열린마당 → 합청R (시민열린마당→광화문R→적선R→합청R),세종로 등,1,0
2020-01-11,16:00,18:00,200,종로,원표공원 앞,세종로,0,0
2020-01-11,16:00,18:00,100,강남,청담동 카일룸 앞,청담동,0,0
2020-01-11,17:00,19:00,3000,서초,중앙지검 서문 앞 3개차로,서초동,0,1
2020-01-11,17:30,20:30,1000,종로|남대문,광화문 중앙광장→ 코리아나호텔 (광화문광장→광화문R→안국R→종1R→세종R→,세종로,1,0
2020-01-11,18:00,20:00,500,종로,세종로소공원→사랑채 (세종로소공원 → 광화문R → 적선R → 사랑채),세종대로,1,0
2020-01-11,18:00,22:00,1000,종로,교보빌딩 앞,세종로,0,0
2020-01-12,09:00,16:00,30,강동,월드코리아 앞,명일동,0,0
2020-01-12,10:00,16:00,50,성동,성암교회 앞,마장동,0,0
2020-01-12,10:30,13:00,5000,종로,교보빌딩 앞 4개차로,세종대로,0,1
2020-01-12,14:00,17:00,30,마포,홍대입구역 9出 (번出→홍대걷고싶은거리→홍대 맞은편→누나홀닭),동교동,1,0
2020-01-12,15:00,18:00,300,종로,효자치안센터 앞,효자동,0,0
2020-01-12,17:00,19:00,500,종로,세종로소공원→사랑채 (세종로소공원 → 광화문R → 적선R → 사랑채),세종대로,1,0
2020-01-13,05:30,,5000,중랑,양원지구 內 금호․대보건설 앞,망우동,0,0
2020-01-13,05:30,07:00,500,서초,현대아파트 신축 공사현장 앞,반포동,0,0
2020-01-13,06:00,08:00,650,수서,수서역 6出 앞,수서동,0,0
2020-01-13,07:30,18:00,50,영등포,LG트윈타워 앞,,0,0
2020-01-13,08:00,14:00,300,서초,,서초동,0,0
2020-01-13,08:00,08:30,300,동작,노량진역광장,,0,0
2020-01-13,17:30,18:00,0,,,노량진동,0,0
2020-01-13,10:00,13:00,50,서대문,,연희동,0,0
2020-01-13,11:00,13:00,60,남대문,시청 동편 인도,태평로1가,0,0
2020-01-13,12:00,13:00,60,강서,이대서울병원 앞,마곡동,0,0
2020-01-13,13:00,15:00,500,종로,세종로소공원→사랑채 (세종로소공원 → 광화문R → 적선R → 사랑채),세종대로,1,0
2020-01-14,05:30,,5000,중랑,양원지구 內 금호․대보건설 앞,망우동,0,0
2020-01-14,06:00,07:00,500,서초,현대아파트 공사현장 앞,반포동,0,0
2020-01-14,07:30,18:00,50,영등포,LG트윈타워 앞,,0,0
2020-01-14,08:00,09:30,300,서초,,서초동,0,0
2020-01-14,08:00,08:30,300,동작,노량진역광장,,0,0
2020-01-14,17:30,18:00,0,,,노량진동,0,0
2020-01-14,08:00,18:00,30,종로,,평창길,0,0
2020-01-14,08:00,18:00,30,종로,현대건설 계동사옥,북촌로,0,0
2020-01-14,10:00,13:00,50,서대문,서대문구청 앞,연희동,0,0
2020-01-14,10:30,12:30,0,,,,0,1
2020-01-14,15:30,17:30,5000,종로,,효자로,0,0
2020-01-14,19:30,21:00,0,,,,0,0
2020-01-14,11:00,14:00,200,서초,(삼성생명→진흥R→강남역→삼성),서초동,1,0
2020-01-14,13:30,15:00,500,종로,세종로소공원⇄진명초소 (세종로소공원 ⇄ 광화문R ⇄ 적선R ⇄ 진명초소),세종대로,0,0
2020-01-14,14:00,15:00,150,서초,중앙지검 서문 앞,서초동,0,0
2020-01-14,14:00,16:00,300,서초,대법원 정문 앞,서초동,0,0
2020-01-14,15:00,18:00,70,노원,광운대 동해문화예술관 앞,월계동,0,0
2020-01-15,05:30,,500,구로,고척아이파크 공사현장 앞,고척동,0,0
2020-01-15,05:30,,5000,중랑,양원지구 內 금호건설 현장 앞,망우동,0,0
2020-01-15,08:00,08:30,300,동작,노량진역광장,,0,0
2020-01-15,17:30,18:00,0,,,노량진동,0,0
2020-01-15,10:00,11:00,50,강서,,화곡동,0,0
2020-01-15,10:00,12:00,100,용산,한진중공업 본사 앞 인도 상,갈월동,0,0
2020-01-15,10:00,13:00,50,서대문,서대문구청 앞,연희동,0,0
2020-01-15,10:00,16:00,49,서부,은평구청 건너편,녹번동,0,0
2020-01-15,10:00,18:00,40,강남,리에바움 공사현장 앞,역삼동,0,0
2020-01-15,10:30,12:30,0,,,,0,1
2020-01-15,15:30,17:30,5000,종로,,효자로,0,0
2020-01-15,19:30,21:00,0,,,,0,0
2020-01-15,11:00,14:00,300,서초,,서초동,0,0
2020-01-15,11:00,15:00,50,동작,동작구청 앞,노량진동,0,0
2020-01-15,11:00,16:00,100,광진,천호대로 575 앞 (천호대로575 → 군자R → 거산빌딩→군자R → 삼익,중곡동,1,0
2020-01-15,12:00,13:00,500,종로,舊 日대사관 건너편,수송동,0,0
2020-01-15,13:30,15:00,500,종로,세종로소공원⇄진명초소 (세종로소공원 ⇄ 광화문R ⇄ 적선R ⇄ 진명초소),세종대로,0,0
2020-01-15,14:00,16:00,200,강남,현대백화점 본점 앞 인도,압구정,0,0
2020-01-15,15:00,16:30,40,종로,동화면세점 앞,세종로,0,0
2020-01-15,15:00,17:00,150,종로|남대문,프레스센터→BH사랑채,태평로1가,1,0
2020-01-15,18:30,21:00,1000,종로,대검찰청 정문 앞,서초동,0,0
2020-01-16,05:30,06:00,500,중랑,양원지구 內 대보건설 현장 앞,망우동,0,0
2020-01-16,07:30,,250,영등포,이수건설 공사현장 앞,양평동,0,0
2020-01-16,08:00,08:30,300,동작,노량진역광장,,0,0
2020-01-16,17:30,18:00,0,,,노량진동,0,0
2020-01-16,10:00,11:00,40,영등포,,,0,0
2020-01-16,10:00,13:00,50,서대문,,연희동,0,0
2020-01-16,10:00,18:00,400,마포,리버뷰나루하우스 공사현장 앞,마포동,0,0
2020-01-16,10:30,12:30,0,,,,0,1
2020-01-16,15:30,17:30,5000,종로,,효자로,0,0
2020-01-16,19:30,21:00,0,,,,0,0
2020-01-16,11:00,,40,서초,,서초동,0,0
2020-01-16,11:00,14:00,500,종로,조계사 → 부속청사 → 세종로소공원 (조계사 → 안국R → 광화문R → 적선R → 정부,,1,0
2020-01-16,12:00,13:00,30,용산,,용산동3가1,0,0
2020-01-16,12:00,16:00,700,수서,푸르덴셜타워 앞,,1,0
2020-01-16,13:00,16:00,300,서초,,서초동,0,0
2020-01-16,13:30,15:00,500,종로,세종로소공원⇄정부합동청사 (세종로소공원 ⇄ 광화문R ⇄ 적선R ⇄ 정부합동청사),세종대로,0,0
2020-01-16,14:00,15:00,30,마포,JTBC사옥 정문 앞,상암동,0,0
2020-01-16,14:00,16:00,300,서초,대법원 정문 앞,서초동,0,0
2020-01-16,18:00,19:00,50,영등포,국회 앞,여의도,0,0
2020-01-17,06:00,,500,중랑,양원지구 內 대보건설 현장 앞,망우동,0,0
2020-01-17,08:00,08:30,300,동작,노량진역광장,,0,0
2020-01-17,17:30,18:00,0,,,노량진동,0,0
2020-01-17,09:00,11:00,150,구로,,구로동,0,0
2020-01-17,10:00,13:00,50,서대문,서대문구청 앞,연희동,0,0
2020-01-17,10:30,17:00,500,서초,경마공원역→양재 AT센터,,1,0
2020-01-17,10:30,12:30,0,,,,0,1
2020-01-17,15:30,17:30,5000,종로,,효자로,0,0
2020-01-17,19:30,21:00,0,,,,0,0
2020-01-17,11:00,19:00,50,송파,,잠실동,0,0
2020-01-17,11:00,19:00,500,종로,세종로소공원⇄정부합동청사,,0,0
2020-01-17,14:00,15:00,150,서초,,서초동,0,0
2020-01-17,15:00,17:30,1000,서초,교대역 10出 ⇆성모병원R (교대역10出 → 서초역7出 → 성모병원R → 삼호가든R,서초동,1,0
2020-01-18,07:30,09:00,70,남대문,기업은행 1층 로비,수하동,0,0
2020-01-18,10:00,11:30,100,종로,광화문KT→정부서울청사 (광화문KT→교보빌딩→현대해상→정부서울청사),세종로 등,1,0
2020-01-18,10:30,17:00,500,서초|강남,경마공원역→강남역,,1,0
2020-01-18,12:00,14:00,1000,종로,,세종로 등,0,0
2020-01-18,12:00,16:00,100,성동,옥수교회 앞,옥수동,0,0
2020-01-18,12:00,16:30,5000,종로,교보빌딩 앞 全차로 (교보빌딩→사랑채),세종대로,1,1
2020-01-18,12:00,17:00,500,남대문,도시건축박물관,정동,0,0
2020-01-18,12:00,18:00,500,종로,동화면세점→진명초소 (동화면세점→세종R→광화문R→적선R→진명초소),세종로 등,1,0
2020-01-18,13:00,14:00,50,종로,소라탑 앞,세종로,0,0
2020-01-18,13:00,16:00,300,강북,솔매로69 5층 건물 앞,솔매로,0,0
2020-01-18,13:00,17:00,500,종로|남대문,파이낸스⇆한은R (파이낸스→세종R→종1R→을1R→한은R→숭례문R,봉래동 등,1,0
2020-01-18,13:00,18:00,1500,종로|남대문,대한문⇆효자PB (대한문⇄세종R⇄광화문R⇄내자R⇄신교R⇄효자PB),정동 등,1,0
2020-01-18,14:00,15:00,50,종로,종로소방서 앞,세종로,0,0
2020-01-18,14:00,,70,종로,광화문KT→이스라엘대사관 (광화문KT→광화문중앙광장→세종문화회관→정부 서울청사→내자R→신교R→효자PB→신교R→내자R ㅍ17:00,세종로,1,0
2020-01-18,14:00,17:00,300,종로,보신각⇄종3R,종로1가 등,0,0
2020-01-18,15:00,16:30,3000,종로,종로타워 앞 3개차로,우정국로,0,1
2020-01-18,16:00,18:00,100,강남,청담동 카일룸 앞,청담동,0,0
2020-01-18,16:30,18:00,40,종로,원표공원 앞,세종로,0,0
2020-01-18,16:30,18:00,3000,종로,종로타워→126맨션→세종로소공원 (공평R→안국R→동십자R→126맨션→동십자R→,,1,0
2020-01-18,17:00,18:00,200,종로,,세종로,0,0
2020-01-18,17:00,19:00,3000,서초,중앙지검 서문 앞 3개차로,서초동,0,1
2020-01-19,10:00,16:00,50,성동,성암교회 앞,마장동,0,0
2020-01-19,10:30,13:00,5000,종로,교보빌딩 앞 4개차로,세종대로,0,1
2020-01-19,10:30,17:00,500,용산|강남,강남역→한강진역,,1,0
2020-01-19,13:00,18:00,200,강남,,삼성동,0,0
2020-01-19,14:00,17:00,30,마포,홍대입구역 9出 (9번出→홍대걷고싶은거리→홍대 정문→현대유플렉스),동교동,1,0
2020-01-20,07:30,09:00,70,남대문,기업은행 1층 로비,수하동,0,0
2020-01-20,08:00,08:30,300,동작,노량진역광장,,0,0
2020-01-20,17:30,18:00,0,,,노량진동,0,0
2020-01-20,10:00,12:00,100,용산,,갈월동,0,0
2020-01-20,10:30,17:00,500,남대문|용산,한강진역→갑을빌딩,,1,0
2020-01-20,13:00,15:00,100,성동,,성수동,0,0
2020-01-20,16:30,18:00,200,종로|남대문,프란치스코회관 앞,명동,0,0
2020-01-21,07:00,23:00,100,중부,국가인권위 앞,저동,0,0
2020-01-21,08:00,08:30,300,동작,노량진역광장,,0,0
2020-01-21,17:30,18:00,0,,,노량진동,0,0
2020-01-21,10:00,13:00,50,서대문,,연희동,0,0
2020-01-21,10:00,14:00,1000,서초,교대역 10出 ⇆삼호가든R (교대역 10出→서초역7出→성모병원R→삼호가든R,서초동,1,0
2020-01-21,10:00,16:00,100,노원,노원구청 앞,상계동,0,0
2020-01-21,10:30,17:00,500,종로|남대문,갑을빌딩→정부합동청사,,1,0
2020-01-21,11:00,12:30,2000,종로,세종로소공원→진명초소,,1,0
2020-01-21,14:00,15:30,200,영등포,,여의도,0,0
2020-01-21,15:00,,200,서초,대법원 정문 앞,서초동,0,0
2020-01-21,15:00,16:00,200,영등포,자유한국당사 앞,영등포동,0,0
2020-01-21,17:00,19:00,30,남대문,한화빌딩 앞,태평로1가,0,0
2020-01-21,17:30,18:00,150,서초,중앙지검 서문 앞,서초동,0,0
2020-01-22,07:30,09:30,500,마포,공덕역 앞 (공덕역⇆서부지법⇆마포서⇆애오개역),공덕동,1,0
2020-01-22,08:00,08:30,300,동작,노량진역광장,,0,0
2020-01-22,17:30,18:00,0,,,노량진동,0,0
2020-01-22,08:00,09:00,150,구로,,구로동,0,0
2020-01-22,10:00,13:00,50,서대문,서대문구청 앞,연희동,0,0
2020-01-22,10:30,11:30,50,강서,강서구청 앞,화곡동,0,0
2020-01-22,11:00,12:30,2000,종로,세종로소공원→진명초소,,1,0
2020-01-22,11:00,14:00,200,마포,,상암동,0,0
2020-01-22,12:00,13:00,500,종로,舊 日대사관 건너편,수송동,0,0
2020-01-22,12:00,13:00,1000,마포,JTBC 사옥 앞,상암동,0,0
2020-01-22,13:00,15:00,500,종로|남대문,세종로소공원⇄부속청사,,0,0
2020-01-22,14:00,17:00,300,강남,,삼성동,0,0
2020-01-22,18:30,21:00,1000,서초,대검찰청 정문 앞,서초동,0,0
2020-01-23,08:00,08:30,300,동작,노량진역광장,,0,0
2020-01-23,17:30,18:00,0,,,노량진동,0,0
2020-01-23,11:00,12:30,2000,종로,세종로소공원→진명초소,,1,0
2020-01-23,13:00,15:00,500,남대문,,,0,0
2020-01-23,18:00,19:00,50,영등포,,여의도,0,0
2020-01-25,12:00,16:30,5000,종로,교보빌딩 앞 全차로 (교보빌딩→사랑채),세종대로,1,1
2020-01-25,13:00,16:00,1500,남대문,대한문 앞,정동,0,0
2020-01-25,13:00,17:00,500,종로|남대문,파이낸스⇆한은R (파이낸스→세종R→종1R→을1R→한은R→소공로→,세종로 등,1,0
2020-01-25,14:00,17:00,70,종로,광화문KT→이스라엘대사관 (광화문KT→광화문중앙광장→세종문화회관→정부 서울청사→내자R→신교R→효자PB→신교R→내자,세종로,1,0
2020-01-25,17:00,20:00,30,서대문,신촌 유플렉스 앞,창천동,0,0
2020-01-26,10:30,13:00,5000,종로,교보빌딩 앞 全차로,세종대로,0,1
2020-01-27,10:00,13:00,50,서대문,서대문구청 앞,연희동,0,0
2020-01-27,13:00,18:00,30000,종로|남대문,서울역→세종로소공원 (서울역→숭례문R→동아일보→교보빌딩→→광화문,봉래동 등,1,0
2020-01-28,08:30,08:40,300,동작,노량진역광장,,0,0
2020-01-28,17:30,18:00,0,,,노량진동,0,0
2020-01-28,17:30,18:00,150,서초,,서초동,0,0
2020-01-29,08:00,08:30,300,동작,노량진역광장,,0,0
2020-01-29,17:30,18:00,0,,,노량진동,0,0
2020-01-29,08:00,16:00,100,남대문,,명동,0,0
2020-01-29,09:00,21:00,200,강서,대방건설 본사 앞,마곡동,0,0
2020-01-29,10:00,,100,종로,현대사옥 정문 앞,북촌로,0,0
2020-01-29,10:00,13:00,50,서대문,서대문구청 앞,연희동,0,0
2020-01-29,12:00,13:00,500,종로,舊 日대사관 건너편,수송동,0,0
2020-01-29,15:00,17:00,40,종로,동화면세점 앞,세종로,0,0
2020-01-29,18:00,20:00,400,마포,일진그룹 본사 앞 인도,도화동,0,0
2020-01-29,18:30,21:00,1000,서초,대검찰청 정문 앞,서초동,0,0
2020-01-30,07:00,09:30,100,마포,KB손해보험빌딩 1층 로비 內,합정동,0,0
2020-01-30,08:00,08:30,300,동작,노량진역광장,,0,0
2020-01-30,17:30,18:00,0,,,노량진동,0,0
2020-01-30,09:00,,300,서초,,서초동,0,0
2020-01-30,09:00,15:00,200,강서,대방건설 본사 앞,마곡동,0,0
2020-01-30,09:00,15:00,50,노원,서울중앙교회 앞,월계동,0,0
2020-01-30,10:00,13:00,50,서대문,서대문구청 앞,연희동,0,0
2020-01-30,12:00,16:00,40,은평,불광동 104-43,,0,0
2020-01-30,14:00,16:00,300,서초,,서초동,0,0
2020-01-31,13:30,15:30,500,중부,충무로75 효봉빌딩 앞,수표동,0,0
2020-01-31,09:30,11:00,80,관악,관악경찰서 정문 우측 인도,청룡동,0,0
2020-01-31,08:00,08:30,300,동작,노량진역광장,,0,0
2020-01-31,17:30,18:00,0,,,노량진동,0,0
2020-01-31,05:30,07:00,500,서초,,반포동,0,0
2020-01-31,07:00,09:30,100,마포,KB손해보험빌딩 1층 로비 內,합정동,0,0
2020-01-31,06:00,09:00,500,동작,신대방동 686-48 공사현장 앞,신대방동,0,0
2020-01-31,00:00,23:59,5000,종로,사랑채 측면 2개 차로,효자로,0,1
2020-01-31,10:00,13:00,50,서대문,서대문구청 앞,연희동,0,0
2020-02-01,14:00,15:45,500,종로,부속청사 앞 2개차로,효자로,0,1
2020-02-01,05:30,,300,구로,지스퀘어 공사현장 앞,구로동,0,0
2020-02-01,05:30,07:00,500,서초,동부센트레빌 공사현장 앞,반포동,0,0
2020-02-01,09:00,10:00,30,강서,천사노인요양원 앞,화곡동,0,0
2020-02-01,10:00,11:30,100,종로,광화문KT → 정부서울청사,세종로 등,1,0
2020-02-01,12:00,17:00,500,남대문,도시건축박물관,정동,0,0
2020-02-01,12:00,14:00,1000,종로,청계광장 소라탑 앞,세종로 등,0,0
2020-02-01,12:00,18:00,500,종로,동화면세점 → 진명초소,세종로 등,1,0
2020-02-01,13:00,17:00,500,종로|남대문,파이낸스⇆한은R,봉래동 등,1,0
2020-02-01,13:00,18:00,1500,종로|남대문,대한문⇆효자PB,정동 등,1,0
2020-02-01,13:00,14:00,50,종로,소라탑 앞,세종로,0,0
2020-02-01,14:00,17:00,70,종로,광화문KT → 이스라엘대사관,세종로,1,0
2020-02-01,14:00,17:00,300,종로,보신각⇄종3R,종로1가 등,0,0
2020-02-01,14:00,15:00,50,종로,종로소방서 앞,세종로,0,0
2020-02-01,14:00,17:00,300,서초,중앙지검 서문 ⇆ 삼호가든R,서초동,1,0
2020-02-01,14:00,16:00,50,종로,광화문KT→진명초소,세종로 등,1,0
2020-02-01,16:30,18:00,40,종로,원표공원 앞,세종로,0,0
2020-02-01,00:00,23:59,5000,종로,사랑채 측면 2개 차로,효자동,0,1
2020-02-01,12:00,16:30,5000,종로,교보빌딩 앞 全차로,세종대로,0,1
2020-02-01,19:00,21:00,20,종로,세문관 중앙계단 앞,세종대로,0,0
2020-02-02,05:30,,300,구로,지스퀘어 공사현장 앞,구로동,0,0
2020-02-02,15:30,18:30,10000,종로|남대문,서울역→세문관,봉래동 등,1,0
2020-02-02,00:00,23:59,5000,종로,사랑채 측면 2개 차로,효자로,0,1
2020-02-02,10:30,13:00,5000,종로,교보빌딩 앞 全차로,세종대로,0,1
2020-02-02,14:00,17:00,30,마포,홍대입구역 9出,동교동,0,0
2020-02-02,11:00,15:30,500,종로|남대문,보신각 앞,종로1가,0,0
2020-02-02,12:00,15:00,170,종로,세문관 중앙계단 앞,세종대로,0,0
2020-02-02,10:00,15:00,50,성동,성암교회 앞,마장동,0,0
2020-02-03,05:30,,300,구로,지스퀘어 공사현장 앞,구로동,0,0
2020-02-03,19:30,20:30,10,서초,강남역 8出 앞,서초동,0,0
2020-02-03,05:30,07:00,500,서초,동부센트레빌 공사현장 앞,반포동,0,0
2020-02-03,07:30,,70,방배,CJ건설 본사 앞,방배동,0,0
2020-02-03,00:00,23:59,5000,종로,사랑채 측면 2개 차로,효자로,0,1
2020-02-03,10:00,13:00,50,서대문,서대문구청 앞,연희동,0,0
2020-02-03,14:00,17:00,500,남대문,대한문 앞,세종대로,0,0
2020-02-03,14:00,17:00,500,종로,보신각 등 3개소,종로1가,0,0
2020-02-03,15:00,17:00,100,남대문,"을지로입구역 2,3번 출구 앞 등 3개소",북창동,0,0
2020-02-04,08:00,08:30,300,동작,노량진역광장,,0,0
2020-02-04,17:30,18:00,0,,,노량진동,0,0
2020-02-04,08:00,16:00,300,방배,,방배동,0,0
2020-02-04,06:00,07:00,500,서초,동부 센트레빌 공사 현장 앞(사평대로310-4),반포동,0,0
2020-02-04,05:30,17:00,500,서부,응암1구역 현대건설 공사현장 게이트 앞,응암동,0,0
2020-02-04,16:30,17:00,150,서초,중앙지검 서문 앞,서초동,0,0
2020-02-04,00:00,23:59,5000,종로,사랑채 측면 2개 차로,효자로,0,1
2020-02-05,08:00,08:30,300,동작,노량진역광장,,0,0
2020-02-05,17:30,18:00,0,,,노량진동,0,0
2020-02-05,11:00,15:00,50,동작,,노량진동,0,0
2020-02-05,06:30,,650,강동,고덕강일지구13단지 KR산업 공사현장 앞,상일동,0,0
2020-02-05,05:30,17:00,500,서부,응암1구역 현대건설 공사현장 앞,응암동,0,0
2020-02-05,05:30,07:00,500,서초,동부센트레빌 공사현장 앞,반포동,0,0
2020-02-05,18:00,20:00,400,마포,일진그룹 본사 앞 인도,도화동,0,0
2020-02-05,11:00,12:30,30,남대문,IBK 본사 앞,수하동,0,0
2020-02-05,19:30,20:30,30,서초,강남역 8出 앞,서초동,0,0
2020-02-05,06:00,09:00,500,동대문,휘경동 246 공사현장 앞,휘경동,0,0
2020-02-05,07:00,09:30,100,마포,KB손해보험빌딩 1층 로비 內,합정동,0,0
2020-02-05,08:00,17:00,60,관악,강남아파트 재건축 공사현장 측문 좌측,조원동,0,0
2020-02-05,12:00,13:00,500,종로,舊 日대사관 건너편,수송동,0,0
2020-02-05,15:00,17:00,40,종로,동화면세점 앞,세종로,0,0
2020-02-05,00:00,23:59,5000,종로,사랑채 측면 2개 차로,효자로,0,1
2020-02-05,14:00,16:00,30,종로,현대건설 서문 앞,계동,0,0
2020-02-05,10:00,13:00,50,서대문,서대문구청 앞,연희동,0,0
2020-02-06,08:00,08:30,300,동작,노량진역광장,,0,0
2020-02-06,17:30,18:00,0,,,노량진동,0,0
2020-02-06,14:00,17:00,500,종로,,세종대로,0,0
2020-02-06,06:00,,650,강동,고덕강일지구13단지 KR산업 공사현장 앞,상일동,0,0
2020-02-06,05:30,17:00,500,서부,응암1구역 현대건설 공사현장 앞,응암동,0,0
2020-02-06,07:00,09:30,100,마포,KB손해보험빌딩 1층 로비 內,합정동,0,0
2020-02-06,08:00,17:00,690,관악,강남아파트 재건축 공사현장 측문 좌측,조원동,0,0
2020-02-06,14:00,15:00,30,마포,JTBC사옥 정문 앞,상암동,0,0
2020-02-06,14:00,16:00,300,서초,대검찰청 정문 앞,서초동,0,0
2020-02-06,00:00,23:59,5000,종로,사랑채 측면 2개 차로,효자로,0,1
2020-02-07,08:00,08:30,300,동작,노량진역광장,,0,0
2020-02-07,17:30,18:00,0,,,노량진동,0,0
2020-02-07,11:00,12:30,30,남대문,,수하동,0,0
2020-02-07,13:00,18:00,200,강남,현대아파트 80동 앞,압구정동,0,0
2020-02-07,19:30,20:30,10,서초,강남역 8出 앞,서초동,0,0
2020-02-07,05:30,18:00,500,종암,길음1구역 재개발공사현장 4번 게이트 앞,길음동,0,0
2020-02-07,05:30,17:00,500,서부,응암1구역 현대건설 공사현장 앞,응암동,0,0
2020-02-07,08:00,10:00,150,구로,구로구청 앞,구로동,0,0
2020-02-07,11:00,12:30,30,종로,정부서울청사 정문⇆후문,세종로 등,1,0
2020-02-07,17:30,18:00,150,서초,중앙지검 서문 앞,서초동,0,0
2020-02-07,00:00,23:59,5000,종로,사랑채 측면 2개 차로,효자로,0,1
2020-02-07,10:00,13:00,50,서대문,서대문구청 앞,연희동,0,0
2020-02-08,05:30,18:00,500,종암,길음1구역 재개발 공사현장 4번出 앞,길음동,0,0
2020-02-08,05:30,18:00,500,서부,응암1구역 현대건설 공사현장 앞,응암동,0,0
2020-02-08,10:00,11:30,100,종로,광화문KT→정부서울청사,세종로 등,1,0
2020-02-08,12:00,17:00,500,남대문,도시건축박물관,정동,0,0
2020-02-08,12:00,14:00,1000,종로,청계광장 소라탑 앞,세종로 등,0,0
2020-02-08,12:00,18:00,2000,종로,동화면세점→진명초소,세종로 등,1,0
2020-02-08,13:00,18:00,10000,종로|남대문,서울역→세문관,봉래동 등,1,0
2020-02-08,13:00,17:00,500,종로|남대문,파이낸스⇆한은R,봉래동 등,1,0
2020-02-08,13:00,17:00,1000,종로|남대문,프레스센터 ⇆ 내자R,세종로 등,1,0
2020-02-08,13:00,14:00,50,종로,청계북로 앞,세종로,0,0
2020-02-08,13:30,18:00,3000,종로|남대문,대한문⇆효자PB,정동 등,1,0
2020-02-08,14:00,17:00,70,종로,광화문KT⇆효자PB,세종로,1,0
2020-02-08,14:00,17:00,300,종로,보신각⇄종3R,종로1가 등,0,0
2020-02-08,14:00,15:00,50,종로,종로소방서 건너편 앞,세종로,0,0
2020-02-08,14:00,15:30,300,서초,중앙지검 서문⇆삼호가든R,서초동,1,0
2020-02-08,16:30,18:00,50,종로,원표공원 앞,세종로,0,0
2020-02-08,00:00,23:59,5000,종로,사랑채 측면 2개 차로,효자동,0,1
2020-02-08,12:00,16:30,5000,종로,교보빌딩 앞 全차로,세종대로,0,1
2020-02-08,14:30,19:00,100,종로,경복궁역 3出 앞,사직동,0,0
2020-02-08,19:00,21:00,20,종로,세문관 중앙계단 앞,세종대로,0,0
2020-02-09,00:00,23:59,5000,종로,사랑채 측면 2개 차로,효자로,0,1
2020-02-09,10:30,13:00,5000,종로,교보빌딩 앞 全차로,세종대로,0,1
2020-02-10,08:00,08:30,300,동작,노량진역광장,,0,0
2020-02-10,17:30,18:00,0,,,노량진동,0,0
2020-02-10,11:00,12:30,30,남대문,,수하동,0,0
2020-02-10,10:00,,200,종로,GS건설 서측 인도,청진동,0,0
2020-02-10,05:30,18:00,500,종암,길음1구역 재개발 공사현장 4번出 앞,길음동,0,0
2020-02-10,05:30,18:00,500,서부,응암1구역 현대건설 공사현장 앞,응암동,0,0
2020-02-10,00:00,23:59,5000,종로,사랑채 측면 2개 차로,효자로,0,1
2020-02-10,10:00,13:00,50,서대문,서대문구청 앞,연희동,0,0
2020-02-11,08:00,08:30,300,동작,노량진역광장,,0,0
2020-02-11,17:30,18:00,0,,,노량진동,0,0
2020-02-11,10:00,,200,종로,,청진동,0,0
2020-02-11,05:30,18:00,500,서부,응암1구역 현대건설 공사현장 앞,응암동,0,0
2020-02-11,16:00,18:00,300,강서,강서 홈플러스 앞,등촌동,0,0
2020-02-11,16:30,17:00,80,서초,중앙지검 서문 앞,서초동,0,0
2020-02-11,00:00,23:59,5000,종로,사랑채 측면 2개 차로,효자로,0,1
2020-02-11,09:30,16:00,90,종로|영등포|서대문,국회 앞,여의도동,0,0
2020-02-11,10:00,13:00,50,마포|서대문,서대문구청 앞,연희동,0,0
2020-02-12,08:00,08:30,300,동작,노량진역광장,,0,0
2020-02-12,17:30,18:00,0,,,노량진동,0,0
2020-02-12,10:00,11:30,100,종로,,율곡로,0,0
2020-02-12,05:30,18:00,500,서부,응암1구역 현대건설 공사현장 앞,응암동,0,0
2020-02-12,12:00,13:00,500,종로,舊 日 대사관 건너편,율곡로,0,0
2020-02-12,15:00,17:00,100,종로,동화면세점 앞 인도,세종로,0,0
2020-02-12,16:30,17:00,80,서초,중앙지검 서문 앞,서초동,0,0
2020-02-12,00:00,23:59,5000,종로,사랑채 측면 2개 차로,효자로,0,1
2020-02-12,14:00,16:00,100,종로,현대사옥 서문 정산소 앞,가회동,0,0
2020-02-13,08:00,08:30,300,동작,노량진역광장,,0,0
2020-02-13,17:30,18:00,0,,,노량진동,0,0
2020-02-13,14:00,17:00,1000,종로,,세종대로,0,0
2020-02-13,06:00,08:00,2000,중랑,대보건설 현장 앞,망우동,0,0
2020-02-13,10:00,16:00,200,수서,애니카센터 앞,대치동,0,0
2020-02-13,05:30,18:00,500,서부,응암1구역 현대건설 공사현장 앞,응암동,0,0
2020-02-13,07:30,,100,서대문,효성해링턴 공사현장 앞,홍제동,0,0
2020-02-13,11:00,13:00,30,서초,정곡빌딩 동관 앞,서초동,0,0
2020-02-13,14:00,15:00,30,마포,JTBC 사옥 정문 앞 인도,상암동,0,0
2020-02-13,16:30,17:00,80,서초,중앙지검 서문 앞,서초동,0,0
2020-02-13,00:00,23:59,5000,종로,사랑채 측면 2개 차로,효자로,0,1
2020-02-13,14:00,15:30,200,남대문,장교빌딩 1층로비,장교동,0,0
2020-02-13,10:00,11:30,100,서초,중앙지법 동문 앞,서초동,0,0
2020-02-13,10:00,16:00,300,수서,애니카랜드 앞,대치동,0,0
2020-02-14,08:00,08:30,300,동작,노량진역광장,,0,0
2020-02-14,17:30,18:00,0,,,노량진동,0,0
2020-02-14,05:00,,3000,동대문,,전농동,0,0
2020-02-14,05:30,18:00,500,서부,응암1구역 현대건설 공사현장 앞,응암동,0,0
2020-02-14,15:00,16:00,300,남대문,서울시청 동편,태평로1가,0,0
2020-02-14,10:00,11:00,300,강서,서울도시가스 사옥,염창동,0,0
2020-02-14,12:00,13:00,300,용산,LS용산타워 앞,한가로2가동,0,0
2020-02-14,08:00,17:00,100,수서,듀폰코리아 본사 앞,역삼동,0,0
2020-02-14,13:00,,30,영등포,금융감독원 앞,여의도,0,0
2020-02-14,10:30,12:00,30,남대문,대신증권 앞,명동,0,0
2020-02-14,07:30,,100,서대문,효성해링턴 공사현장 앞,홍제동,0,0
2020-02-14,08:00,10:00,150,구로,구로구청 앞,구로동,0,0
2020-02-14,11:00,13:00,30,서초,중앙지법 정문 앞,서초동,0,0
2020-02-14,16:30,17:00,80,서초,중앙지검 서문 앞,서초동,0,0
2020-02-14,19:00,20:00,60,서대문,신촌 유플렉스 앞,창천동,0,0
2020-02-14,00:00,23:59,5000,종로,사랑채 측면 2개 차로,효자로,0,1
2020-02-15,05:30,18:00,500,서부,응암1구역 현대건설 공사현장 앞,응암동,0,0
2020-02-15,10:00,11:30,100,종로,광화문KT→정부서울청사,세종로 등,1,0
2020-02-15,15:00,17:00,200,종로,종로소방서 건너편,세종로 등,0,0
2020-02-15,14:00,15:30,300,서초,중앙지검 서문⇆삼호가든R,서초동,1,0
2020-02-15,12:00,14:00,1000,종로,청계광장 소라탑 앞,세종로 등,0,0
2020-02-15,12:00,15:30,20,남대문,시청역 4出 앞,태평로1가,0,0
2020-02-15,12:00,17:00,500,남대문,도시건축전시관,정동,0,0
2020-02-15,12:00,18:00,2000,종로,동화면세점→사랑채,세종로 등,1,0
2020-02-15,13:00,18:00,30000,종로|남대문,숭례문R→세문관,봉래동 등,1,0
2020-02-15,13:00,17:00,500,종로|남대문,파이낸스→롯데백화점,봉래동 등,1,0
2020-02-15,13:00,17:00,300,종로|남대문,프레스센터 ⇆ 한은R,세종로 등,1,0
2020-02-15,13:00,14:00,50,종로,청계북로 앞,세종로,0,0
2020-02-15,13:30,18:00,3000,종로|남대문,대한문⇆효자PB,정동 등,1,0
2020-02-15,14:00,17:00,70,종로,광화문KT⇆효자PB,세종로,1,0
2020-02-15,14:00,17:00,300,종로,보신각⇄종3R,종로1가 등,0,0
2020-02-15,14:00,15:00,50,종로,종로소방서 건너편 앞,세종로,0,0
2020-02-15,15:00,16:00,100,용산,국방부 정문 앞,용산동,0,0
2020-02-15,16:30,18:00,50,종로,원표공원 앞,세종로,0,0
2020-02-15,00:00,23:59,5000,종로,사랑채 측면 2개 차로,효자동,0,1
2020-02-15,12:00,16:30,5000,종로,교보빌딩 앞 全차로,세종대로,0,1
2020-02-15,13:00,17:00,500,강동,굽은다리역2번出 앞,천호동,0,0
2020-02-15,14:00,17:00,30,광진,"건대입구역2,3번 出 앞",화양동,0,0
2020-02-15,19:00,21:00,20,종로,세문관 중앙계단 앞,세종대로,0,0
2020-02-16,00:00,23:59,5000,종로,사랑채 측면 2개 차로,효자로,0,1
2020-02-16,10:30,13:00,5000,종로,교보빌딩 앞 全차로,세종대로,0,1
2020-02-16,14:00,17:00,30,마포,홍대입구역 9出,동교동,0,0
2020-02-17,08:00,08:30,300,동작,노량진역광장,,0,0
2020-02-17,17:30,18:00,0,,,노량진동,0,0
2020-02-17,10:00,11:00,400,남대문,,서소문동,0,0
2020-02-17,08:30,12:00,200,영등포,신송빌딩 앞,여의도,0,0
2020-02-17,11:00,14:00,300,영등포,이레빌딩 앞,양평동4가,0,0
2020-02-17,05:30,18:00,500,서부,응암1구역 현대건설 공사현장 앞,응암동,0,0
2020-02-17,08:00,15:00,200,구로,동도센트리움 골프클럽 앞,오류동,0,0
2020-02-17,06:00,18:00,500,강동,라움포레아파트 공사현장 앞,성내동,0,0
2020-02-17,08:00,17:00,30,남대문,LG서울역빌딩 앞,남대문로5가,0,0
2020-02-17,11:00,20:00,30,성북,정릉동 921 공사현장 앞,정릉동,0,0
2020-02-17,00:00,23:59,5000,종로,사랑채 측면 2개 차로,효자로,0,1
2020-02-17,10:00,13:00,50,서대문,서대문구청 앞,연희동,0,0
2020-02-18,08:00,08:30,300,동작,노량진역광장,,0,0
2020-02-18,17:30,18:00,0,,,노량진동,0,0
2020-02-18,05:30,18:00,500,서부,,응암동,0,0
2020-02-18,05:30,18:00,500,종암,길음1구역 공사현장 4번 게이트 앞,길음동,0,0
2020-02-18,16:30,17:00,80,서초,중앙지검 서문 앞,서초동,0,0
2020-02-18,13:30,18:00,700,종로,정부부속청사 → 세종문화회관,창성동 등,1,0
2020-02-18,00:00,23:59,5000,종로,사랑채 측면 2개 차로,효자로,0,1
2020-02-18,11:30,12:30,200,영등포,국회 앞,여의도,0,0
2020-02-18,10:00,13:00,50,서대문,서대문구청 앞,연희동,0,0
2020-02-18,11:30,13:30,100,서대문,경찰청 앞,미근동,0,0
2020-02-19,08:00,08:30,300,동작,노량진역광장,,0,0
2020-02-19,17:30,18:00,0,,,노량진동,0,0
2020-02-19,17:00,19:00,5000,종로,,수송동 등,0,0
2020-02-19,05:30,18:00,500,서부,응암1구역 현대건설 공사현장 앞,응암동,0,0
2020-02-19,18:00,20:00,400,마포,일진그룹 본사 앞 인도,도화동,0,0
2020-02-19,05:30,18:00,500,종암,길음1구역 공사현장 4번 게이트 앞,길음동,0,0
2020-02-19,14:00,,100,광진,16:0 동서울터미널 앞,구의동,0,0
2020-02-19,11:00,,200,마포,LG헬로비전 본사 앞 14:0,상암동,0,0
2020-02-19,10:00,16:00,30,영등포,산업은행 앞,여의도,0,0
2020-02-19,12:00,13:00,500,종로,舊 日 대사관 건너편,율곡로,0,0
2020-02-19,15:00,17:00,100,종로,동화면세점 앞 인도,세종로,0,0
2020-02-19,16:30,17:00,80,서초,중앙지검 서문 앞,서초동,0,0
2020-02-19,00:00,23:59,5000,종로,사랑채 측면 2개 차로,효자로,0,1
2020-02-19,11:30,13:30,100,서대문,경찰청 앞,미근동,0,0
2020-02-20,14:00,17:00,1000,종로,세종로소공원 ⇄ 부속청사,세종대로,0,0
2020-02-20,07:30,18:00,80,관악,가야위드안 앞,신림동,0,0
2020-02-20,05:30,18:00,500,서부,응암1구역 현대건설 공사현장 앞,응암동,0,0
2020-02-20,05:30,18:00,500,종암,길음1구역 공사현장 4번 게이트 앞,길음동,0,0
2020-02-20,08:30,08:45,300,동작,노량진역 광장 앞,,0,0
2020-02-20,17:30,18:00,0,,,노량진동,0,0
2020-02-20,14:00,14:30,50,종로,,종로2가,0,0
2020-02-20,14:00,15:00,30,마포,JTBC 사옥 앞 인도,상암동,0,0
2020-02-20,16:30,17:00,80,서초,중앙지검 서문 앞,서초동,0,0
2020-02-20,00:00,23:59,5000,종로,사랑채 측면 2개 차로,효자로,0,1
2020-02-20,11:00,14:00,100,서초,대법원 정문 앞,서초동,0,0
2020-02-20,12:00,13:00,200,마포,위엔터테인먼트 앞,서교동,0,0
2020-02-20,13:00,14:00,200,마포,울림엔터테인먼트 앞,성산동,0,0
2020-02-20,16:00,17:00,40,수서,YH타워 앞,역삼동,0,0
2020-02-20,11:30,13:30,100,서대문,경찰청 앞,미근동,0,0
2020-02-21,08:00,08:30,300,동작,노량진역광장,,0,0
2020-02-21,17:30,18:00,0,,,노량진동,0,0
2020-02-21,07:30,18:00,80,관악,,신림동,0,0
2020-02-21,05:00,18:00,500,서부,응암1구역 현대건설 공사현장 앞,응암동,0,0
2020-02-21,05:30,18:00,500,종암,길음1구역 공사현장 4번 게이트 앞,길음동,0,0
2020-02-21,08:00,10:00,150,구로,구로구청 앞,구로동,0,0
2020-02-21,16:30,17:00,80,서초,중앙지검 서문 앞,서초동,0,0
2020-02-21,08:00,18:00,100,수서,듀폰코리아 본사 앞,역삼동,0,0
2020-02-21,00:00,23:59,5000,종로,사랑채 측면 2개 차로,효자로,0,1
2020-02-21,11:00,13:30,30,중부,국가인권위 앞,저동,0,0
2020-02-21,11:30,13:30,30,남대문,시의회 별관 앞,서소문동,0,0
2020-02-22,05:00,18:00,500,서부,응암1구역 현대건설 공사현장 앞,응암동,0,0
2020-02-22,10:00,11:30,100,종로,광화문KT→정부서울청사,세종로 등,1,0
2020-02-22,10:00,11:30,100,종로,광화문KT→정부서울청사,세종로 등,1,0
2020-02-22,14:00,18:00,300,서초,중앙지검 서문⇆삼호가든R,서초동,1,0
2020-02-22,12:00,14:00,100,종로,청계광장 소라탑 앞,세종로 등,0,0
2020-02-22,12:00,17:00,500,남대문,도시건축전시관,정동,0,0
2020-02-22,12:00,18:00,2000,종로,동화면세점→진명초소,세종로 등,1,0
2020-02-22,13:00,18:00,10000,종로|남대문,숭례문R→교보빌딩 / 세종문화회관,봉래동 등,1,0
2020-02-22,13:00,17:00,500,종로|남대문|중부,파이낸스→두산타워,봉래동 등,1,0
2020-02-22,13:00,17:00,300,종로|남대문|중부|혜화,프레스센터→두산타워,세종로 등,1,0
2020-02-22,13:00,14:00,50,종로|혜화,청계북로 앞,세종로,0,0
2020-02-22,13:30,,3000,종로|남대문,대한문⇆을1R 18:0,정동 등,1,0
2020-02-22,14:00,17:00,70,종로,광화문KT⇆효자PB,세종로,1,0
2020-02-22,14:00,15:00,50,종로,종로소방서 건너편 앞,세종로,0,0
2020-02-22,00:00,23:59,5000,종로,사랑채 측면 2개 차로,효자동,0,1
2020-02-22,12:00,16:30,5000,종로,교보빌딩 앞 全차로,세종대로,0,1
2020-02-22,13:00,18:00,200,동작,흑석역 4出 앞,흑석동,0,0
2020-02-22,19:00,21:00,20,종로,세문관 중앙계단 앞,세종대로,0,0
2020-02-23,00:00,23:59,5000,종로,사랑채 측면 2개 차로,효자로,0,1
2020-02-23,10:30,13:00,5000,종로,교보빌딩 앞 全차로,세종대로,0,1
2020-02-23,14:00,17:00,30,마포,홍대입구역 9出,동교동,0,0
2020-02-24,08:00,08:30,300,동작,노량진역광장,,0,0
2020-02-24,17:30,10:00,0,,,노량진동,0,0
2020-02-24,05:00,18:00,500,서부,,응암동,0,0
2020-02-24,06:00,,300,서초,서초 청년주택 공사현장 앞,서초동,0,0
2020-02-24,08:30,15:00,200,관악,신송빌딩 앞,여의도동,0,0
2020-02-24,09:00,17:00,30,남대문,LG빌딩 앞,남대문로5가,0,0
2020-02-24,10:00,13:00,100,종로,조계사 템플스테이 앞,수송동,0,0
2020-02-24,00:00,23:59,5000,종로,사랑채 측면 2개 차로,효자로,0,1
2020-02-25,10:00,11:00,50,서초,중앙지검 서문 앞,서초동,0,0
2020-02-25,08:30,08:45,300,동작,노량진역 광장 앞,,0,0
2020-02-25,17:30,18:00,0,,,노량진동,0,0
2020-02-25,14:00,16:00,40,강남,,역삼동,0,0
2020-02-25,16:30,17:00,80,서초,중앙지검 서문 앞,서초동,0,0
2020-02-25,00:00,23:59,5000,종로,사랑채 측면 2개 차로,효자로,0,1
2020-02-25,10:00,14:00,30,서초,대법원 정문 앞,서초동,0,0
2020-02-26,08:30,15:00,200,영등포,신송빌딩 앞,여의도,0,0
2020-02-26,08:30,08:45,300,동작,노량진역 광장 앞,,0,0
2020-02-26,17:30,18:00,0,,,노량진동,0,0
2020-02-26,16:30,17:00,80,서초,,서초동,0,0
2020-02-26,00:00,23:59,5000,종로,사랑채 측면 2개 차로,효자로,0,1
2020-02-27,14:00,17:00,1000,종로,세종로소공원 ⇄ 부속청사,세종대로,0,0
2020-02-27,05:30,09:00,500,종암,길음1구역 공사현장 4번게이트,길음동,0,0
2020-02-27,08:30,08:45,300,동작,노량진역 광장 앞,,0,0
2020-02-27,17:30,18:00,0,,,노량진동,0,1
2020-02-27,00:00,23:59,5000,종로,,효자로,0,0
2020-02-27,10:00,15:00,100,성동,이마트 본사 앞,성수동,0,0
2020-02-28,08:30,08:45,300,동작,노량진역 광장 앞,,0,0
2020-02-28,17:30,18:00,0,,,노량진동,0,0
2020-02-28,05:30,09:00,500,종암,,길음동,0,0
2020-02-28,16:30,17:00,80,서초,중앙지검 서문 앞,서초동,0,0
2020-02-28,00:00,23:59,5000,종로,사랑채 측면 2개 차로,효자로,0,1
2020-02-29,19:00,20:00,1000,종로,세종로소공원 북측 인도,세종대로,0,0
2020-02-29,05:30,09:00,500,종암,길음1구역 롯데캐슬클라시아 공사현장 앞,길음동,0,0
2020-02-29,12:00,18:00,40,노원,11단지 1104동 앞,상계동,0,0
2020-02-29,14:00,16:00,70,노원,월계센트럴@ 앞,월계동,0,0
2020-03-01,19:00,20:00,1000,종로,세종로소공원 북측 인도,세종대로,0,0
2020-03-01,09:00,22:00,5000,종로,사랑채 측면 2개 차로,효자로,0,1
2020-03-01,10:30,13:30,5000,종로,교보빌딩 앞 全차로,세종대로,0,1
2020-03-02,19:00,20:00,1000,종로,세종로소공원 북측 인도,세종대로,0,0
2020-03-02,05:30,09:00,500,종암,길음1구역 롯데캐슬클라시아 공사현장 앞,길음동,0,0
2020-03-02,08:00,11:00,300,송파,위례호반써밋 공사현장 앞,거여동,0,0
2020-03-02,08:30,08:40,300,동작,노량진역 광장 앞,,0,0
2020-03-02,17:30,18:00,0,,,노량진동,0,1
2020-03-02,09:00,22:00,5000,종로,,효자로,0,0
2020-03-03,19:00,20:00,1000,종로,세종로소공원 북측 인도,세종대로,0,0
2020-03-03,10:00,10:40,100,서초,중앙지법 정문 앞,서초동,0,0
2020-03-03,12:00,12:30,100,영등포,국회 앞,여의도,0,0
2020-03-03,05:00,18:00,500,서부,응암4구역 삼호건설 공사현장 앞,응암동,0,0
2020-03-03,05:00,18:00,500,서부,응암4구역 삼호건설 공사현장 앞,응암동,0,0
2020-03-03,05:30,09:00,300,구로,계림건설 공사현장 앞,오류동,0,0
2020-03-03,05:30,09:00,500,종암,길음1구역 롯데캐슬클라시아 공사현장 앞,길음동,0,0
2020-03-03,16:30,17:00,100,서초,중앙지검 서문 앞,서초동,0,0
2020-03-04,19:00,20:00,1000,종로,세종로소공원 북측 인도,세종대로,0,0
2020-03-04,05:30,10:00,100,양천,호반베르디움 공사현장 앞,신정동,0,0
2020-03-04,05:30,09:00,500,종암,길음1구역 롯데캐슬클라시아 공사현장 앞,길음동,0,0
2020-03-04,11:00,16:00,30,마포,에스오일 본사 앞,공덕동,0,0
2020-03-05,19:00,20:00,1000,종로,세종로소공원 북측 인도,세종대로,0,0
2020-03-05,12:00,13:00,100,송파,윤창기공 본사 앞,송파동,0,0
2020-03-05,16:30,17:00,80,서초,중앙지검 서문 앞,서초동,0,0
2020-03-06,19:00,20:00,1000,종로,세종로소공원 북측 인도,세종대로,0,0
2020-03-06,05:30,,100,서초,서초 청년주택 공사현장 앞,서초동,0,0
2020-03-06,16:30,17:00,80,서초,중앙지검 서문 앞,서초동,0,0
2020-03-06,14:00,17:00,2000,서초,서초대로 앞 2개차로,서초동,0,1
2020-03-07,10:00,12:00,50,용산,美8군 4GATE 앞,용산동,0,0
2020-03-07,14:00,16:00,70,노원,월계센트럴@ 앞,월계동,0,0
2020-03-09,16:30,17:00,80,서초,중앙지검 서문 앞,서초동,0,0
2020-03-09,14:00,17:00,2000,서초,서초대가 앞 인도 및 하위2개차로,서초로,0,1
2020-03-10,05:00,17:00,500,서부,응암4구역 삼호건설 공사현장 앞,응암동,0,0
2020-03-10,05:30,10:00,260,동대문,청량4구역 공사현장 앞,전농동,0,0
2020-03-10,13:00,16:30,1000,서초,교대역 10出 앞 인도 및 하위 2개차로,서초동,0,1
2020-03-10,16:30,17:00,80,서초,중앙지검 서문 앞,서초동,0,0
2020-03-11,14:00,15:00,300,종로,BH사랑채 측면 1개차로,효자로,0,1
2020-03-11,05:30,,300,서부,응암4구역 삼호건설 공사현장 앞,응암동,0,0
2020-03-11,05:30,10:00,100,송파,거여2-1구역 롯데캐슬 공사현장 앞,거여동,0,0
2020-03-11,12:00,14:00,50,마포,TBS 교통방송 앞,상암동,0,0
2020-03-11,16:30,17:00,80,서초,중앙지검 서문 앞,서초동,0,0
2020-03-11,14:00,17:00,2000,서초,서초대가 앞 인도 및 하위 2개차로,서초동,0,1
2020-03-12,11:30,14:00,100,수서,포스코센터 앞,대치동,0,0
2020-03-12,05:30,17:00,500,서부,응암4구역 삼호건설 현장 앞,응암동,0,0
2020-03-12,05:30,,500,서대문,명지대 인문캠퍼스 신축공사현장 앞,남가좌동,0,0
2020-03-12,05:30,17:00,500,서부,응암4구역 삼호건설 현장 앞,응암동,0,0
2020-03-12,05:30,,90,서초,서초 청년주택 공사현장 앞,서초동,0,0
2020-03-12,05:00,17:00,500,서부,응암1구역 현대건설 현장 앞,응암동,0,0
2020-03-12,16:30,17:00,80,서초,중앙지검 서문 앞,서초동,0,0
2020-03-12,14:00,17:00,2000,서초,서초대가 앞 인도 및 하위 2개차로,서초동,0,1
2020-03-13,05:30,17:00,500,서부,응암4구역 삼호건설 현장 앞,응암동,0,0
2020-03-13,05:30,,500,서대문,명지대학교 공사현장 앞,남가좌동,0,0
2020-03-13,05:30,,90,서초,서초 청년주택 공사현장 앞,서초동,0,0
2020-03-13,05:00,17:00,500,서부,응암1구역 현대건설 현장 앞,응암동,0,0
2020-03-13,16:30,17:00,80,서초,중앙지검 서문 앞,서초동,0,0
2020-03-13,14:00,17:00,2000,서초,서초대가 앞 인도 및 하위 2개차로,서초동,0,1
2020-03-14,05:30,17:00,500,서부,응암4구역 삼호건설 현장 앞,응암동,0,0
2020-03-14,05:30,,500,서대문,명지대학교 공사현장 앞,남가좌동,0,0
2020-03-14,05:00,17:00,500,서부,응암1구역 현대건설 현장 앞,응암동,0,0
2020-03-14,14:00,15:00,50,용산,美8군 4GATE 앞,용산동,0,0
2020-03-14,14:30,19:00,50,서초,강남역 9出 앞,서초동,0,0
2020-03-14,14:00,16:00,70,노원,월계센트럴@ 앞,월계동,0,0
2020-03-16,05:30,17:00,500,서부,응암4구역 삼호건설 현장 앞,응암동,0,0
2020-03-16,05:30,,300,구로,계림건설 공사현장 앞,오류동,0,0
2020-03-16,05:00,17:00,500,서부,응암1구역 현대건설 현장 앞,응암동,0,0
2020-03-16,14:00,17:00,2000,서초,서초대가 앞 인도 및 하위2개차로,서초로,0,1
2020-03-16,16:30,17:00,80,서초,중앙지검 서문 앞,서초동,0,0
2020-03-17,05:30,17:00,500,서부,응암4구역 삼호건설 현장 앞,응암동,0,0
2020-03-17,05:30,,300,구로,계림건설 현장 앞,오류동,0,0
2020-03-17,13:00,16:00,60,중부,두산타워 앞,을지로6가,0,0
2020-03-17,16:30,17:00,80,서초,중앙지검 서문 앞,서초동,0,0
2020-03-17,14:00,17:00,2000,서초,서초대가 앞 인도 및 하위2개차로,서초로,0,1
2020-03-17,15:00,18:00,30,금천,금천구청 앞,시흥동,0,0
2020-03-18,05:30,09:00,300,구로,계림건설 현장 앞,오류동,0,0
2020-03-18,06:00,08:00,500,관악,강남아파트 재건축현장 앞,신림동,0,0
2020-03-18,16:30,17:00,80,서초,중앙지검 서문 앞,서초동,0,0
2020-03-18,14:00,17:00,2000,서초,서초대가 앞 인도 및 하위2개차로,서초로,0,1
2020-03-19,05:30,09:00,300,구로,계림건설 현장 앞,오류동,0,0
2020-03-19,06:30,17:00,500,서부,응암1구역 현대건설 현장 앞,응암동,0,0
2020-03-19,14:00,16:00,300,서초,대법원 정문 앞,서초동,0,0
2020-03-19,14:00,15:00,30,마포,JTBC 사옥 정문 앞,상암동,0,0
2020-03-19,14:00,17:00,2000,서초,서초대가 앞 인도 및 하위2개차로,서초로,0,1
2020-03-19,08:00,12:00,100,서초,삼성금융캠퍼스 앞,서초동,0,0
2020-03-20,05:30,07:00,300,구로,계림건설 현장 앞,오류동,0,0
2020-03-20,06:30,17:00,500,서부,응암1구역 현대건설 현장 앞,응암동,0,0
2020-03-20,07:00,11:00,30,강동,삼성엔지니어링 앞,상일동,0,0
2020-03-20,12:00,15:00,200,남대문,롯데백화점 본점 앞 인도,잠실동,0,0
2020-03-20,09:00,17:00,40,마포,고용노동부 서부지청 앞 인도,도화동,0,0
2020-03-20,14:00,17:00,2000,서초,서초대가 앞 인도 및 하위2개차로,서초로,0,1
2020-03-20,10:00,12:00,50,송파,헬리오시티 상가 광장,가락동,0,0
2020-03-20,10:00,12:00,50,송파,송파역 4번 출구 앞,가락동,0,0
2020-03-20,12:00,13:00,100,송파,윤창빌딩 앞,송파동,0,0
2020-03-21,06:30,17:00,500,서부,응암1구역 현대건설 현장 앞,응암동,0,0
2020-03-21,11:00,12:00,50,용산,美8군 4GATE 앞,용산동,0,0
2020-03-21,14:00,16:00,50,서초,대검찰청 정문 앞,서초동,0,0
2020-03-21,14:00,16:00,70,노원,월계센트럴@ 앞,월계동,0,0
2020-03-21,16:00,17:00,30,노원,상계주공11단지 1104동 앞,상계동,0,0
2020-03-22,09:00,14:00,40,구로,연세중앙교회 앞,궁동,0,0
2020-03-23,05:30,07:00,300,구로,계림건설 현장 앞,오류동,0,0
2020-03-23,06:30,17:00,500,서부,응암1구역 현대건설 현장 앞,응암동,0,0
2020-03-23,14:00,17:00,2000,서초,서초대가 앞 인도 및 하위2개차로,서초로,0,1
2020-03-24,05:30,07:00,300,구로,계림건설 현장 앞,오류동,0,0
2020-03-24,06:30,17:00,500,서부,응암1구역 현대건설 현장 앞,응암동,0,0
2020-03-24,14:00,17:00,2000,서초,서초대가 앞 인도 및 하위2개차로,서초로,0,1
2020-03-25,05:30,07:00,300,구로,계림건설 현장 앞,오류동,0,0
2020-03-25,06:30,17:00,500,서부,응암1구역 현대건설 현장 앞,응암동,0,0
2020-03-25,11:30,,20,용산,한남동 1-304 앞,한남동,0,0
2020-03-25,14:00,17:00,2000,서초,서초대가 앞 인도 및 하위2개차로,서초로,0,1
2020-03-26,08:00,13:00,80,영등포,이레빌딩 앞,양평동4가,0,0
2020-03-26,14:00,17:00,60,영등포,민주당사/미래통합당사 앞,여의도,0,0
2020-03-27,08:00,14:00,200,수서,포스코센터 앞,대치동,0,0
2020-03-27,07:50,12:00,100,수서,포스코센터 앞,대치동,0,0
2020-03-27,09:30,11:00,300,송파,잠실역3出 및 롯데호텔월드 앞,신천동,0,0
2020-03-27,06:30,17:00,500,서부,응암1구역 현대건설 현장 앞,응암동,0,0
2020-03-28,15:00,16:30,50,영등포,더불어민주당 당사 앞,여의도,0,0
2020-03-28,15:00,16:30,50,영등포,미래통합당 당사 앞,영등포동,0,0
2020-03-28,11:00,12:00,50,용산,美8군 4GATE 앞,용산동,0,0
2020-03-28,14:00,16:00,70,노원,월계센트럴@ 앞,월계동,0,0
2020-03-29,10:00,13:00,40,구로,연세중앙교회 앞,궁동,0,0
2020-03-30,08:00,11:00,50,강남,두산건설 앞,논현동,0,0
2020-03-30,11:00,11:40,60,중부,두산타워 앞,을지로6가,0,0
2020-03-31,05:30,09:00,200,양천,호반베르디움 앞,신정동,0,0
2020-03-31,06:30,17:00,500,서부,응암1구역 현대건설 현장 앞,응암동,0,0
2020-04-01,05:30,09:00,200,양천,호반베르디움 건설현장 1․2번 게이트 맞은편 인도,신정동,0,0
2020-04-01,10:00,11:00,100,영등포,한국거래소 앞,여의도동,0,0
2020-04-01,12:00,17:00,30,마포,상암 MBC 광장 거인동상 앞,상암동,0,0
2020-04-02,05:30,09:00,200,양천,호반베르디움 건설현장 1․2번 게이트 맞은편 인도,신정동,0,0
2020-04-02,06:30,17:00,500,서부,응암1구역 현대건설 현장 앞,응암동,0,0
2020-04-03,05:30,09:00,200,양천,호반베르디움 건설현장 1․2번 게이트 맞은편 인도,신정동,0,0
2020-04-04,05:30,09:00,200,양천,호반베르디움 건설현장 1․2번 게이트 맞은편 인도,신정동,0,0
2020-04-04,13:00,15:00,100,서초,강남역 8번 출구 앞,서초동,0,0
2020-04-04,06:30,17:00,500,서부,응암1구역 현대건설 현장 앞,응암동,0,0
2020-04-04,11:00,12:00,100,용산,美8군 4GATE 앞,용산동,0,0
2020-04-04,14:00,16:00,70,노원,월계센트럴@ 앞,월계동,0,0
2020-04-06,05:30,09:00,200,양천,호반베르디움 건설현장 1․2번 게이트 맞은편 인도,신정동,0,0
2020-04-06,13:00,17:00,70,서초,SPC 본사 앞 인도,양재동,0,0
2020-04-07,13:00,14:00,30,송파,세계로마트 앞,잠실동,0,0
2020-04-07,09:30,16:00,90,마포,아현2구역 건설현장 인도,아현동,0,0
2020-04-08,12:00,14:00,30,서초,대법원 정문 앞,서초동,0,0
2020-04-09,13:00,15:00,50,마포,고용노동부 서부지청 앞,도화동,0,0
2020-04-09,14:00,15:00,30,마포,JTBC 사옥 정문 앞,상암동,0,0
2020-04-09,07:00,,50,서초,서초 청년주택 공사현장 앞,서초동,0,0
2020-04-10,05:30,08:00,100,송파,위례2 블록 호반 건설 앞,거여동,0,0
2020-04-10,11:00,,300,송파,잠실역 8번출구 앞,신천동,0,0
2020-04-10,07:00,,50,서초,서초 청년주택 공사현장 앞,서초동,0,0
2020-04-10,05:30,17:00,300,양천,신정2-2구역 호반 써밋 공사현장,신정동,0,0
2020-04-11,06:00,09:00,100,송파,위례 A1-2 블록 호반건설 공사현장 앞,거여동,0,0
2020-04-11,14:00,15:30,200,강남,트레이드 타워 앞,삼성동,0,0
2020-04-11,13:00,16:30,500,남대문,안산화랑유원지→효자PB,세종로 등,1,0
2020-04-11,14:00,16:00,70,노원,월계센트럴@ 앞,월계동,0,0
2020-04-13,06:00,09:00,100,송파,위례 A1-2 블록 호반건설 공사현장 앞,거여동,0,0
2020-04-13,08:30,15:00,80,영등포,동도건설 본사 앞,여의도,0,0
2020-04-14,06:00,09:00,100,송파,위례 A1-2 블록 호반건설 공사현장 앞,거여동,0,0
2020-04-14,05:00,16:00,1000,금천,가산AP타워 공사현장 앞,가산동,0,0
2020-04-14,05:30,18:00,300,양천,신정2-2구역 호반써밋 공사현장 2번게이트 건너편,신정동,0,0
2020-04-14,05:00,17:00,200,서부,증산2구역 GS건설 공사현장 앞,증산동,0,0
2020-04-14,09:00,18:00,200,송파,흥석건설 본사 앞,삼전동,0,0
2020-04-14,09:00,18:00,200,송파,잠실역 1번·2번 출구 사이,신천동,0,0
2020-04-14,09:00,12:00,300,성동,수도박물관 앞,성수동1가,0,0
2020-04-15,12:00,13:00,200,송파,잠실역 1번·2번 출구 사이,신천동,0,0
2020-04-16,06:00,07:00,100,송파,위례 A1-2 블록 호반건설 공사현장 앞,거여동,0,0
2020-04-16,05:00,17:00,200,서부,증산2구역 GS건설 공사현장 앞,증산동,0,0
2020-04-16,09:00,18:00,200,송파,흥석건설 본사 앞,삼전동,0,0
2020-04-16,14:00,15:00,30,마포,JTBC 사옥 정문 앞,상암동,0,0
2020-04-16,13:00,15:00,29,서초,교대역 12出 앞,서초동,0,0
2020-04-17,05:30,18:00,300,양천,신정2-2구역 호반써밋 공사현장 2번게이트 건너편,신정동,0,0
2020-04-17,09:00,18:00,200,송파,흥석건설 본사 앞,삼전동,0,0
2020-04-17,11:00,18:00,200,강남,동훈타워 앞,역삼동,0,0
2020-04-17,09:00,18:00,200,송파,"잠실역 1번,2번 출구 사이",신천동,0,0
2020-04-18,05:30,18:00,300,양천,신정2-2구역 호반써밋 공사현장 2번게이트 건너편,신정동,0,0
2020-04-18,14:00,15:00,50,용산,美8군 4G∼국방부 앞,용산동,0,0
2020-04-18,13:00,17:00,99,서초|강남,강남역 9出 앞,서초동,0,0
2020-04-18,09:00,12:00,30,성북|수서,선잠로2라길36 앞,성북동,0,0
2020-04-20,05:30,18:00,300,양천,신정2-2구역 호반써밋 공사현장 2번게이트 건너편,신정동,0,0
2020-04-20,10:00,13:00,80,마포,경총회관 앞,대흥동,0,0
2020-04-20,06:00,07:00,100,송파,위례 A1-2블럭 호반건설 공사현장 앞,거여동,0,0
2020-04-20,09:00,10:00,200,송파,잠실역 1번·2번 출구 사이,,0,0
2020-04-20,17:00,18:00,0,,,신천동,0,0
2020-04-20,14:00,15:00,200,송파,,신천동,0,0
2020-04-20,10:00,18:00,50,수서,대치동 965-34 앞,대치동,0,0
2020-04-21,06:00,07:00,100,송파,위례 A1-2블럭 호반건설 공사현장 앞,거여동,0,0
2020-04-21,06:00,12:00,500,동대문,한양수자인 공사현장 앞,용두동,0,0
2020-04-22,14:00,15:30,60,영등포,민주당사 앞,여의도,0,0
2020-04-22,14:00,15:30,20,영등포,미래통합당사 앞,영등포동,0,0
2020-04-22,14:00,15:30,50,영등포,영등포역 광장,영등포동,0,0
2020-04-22,14:00,15:30,50,영등포,전경련·금감원 앞,여의도,0,0
2020-04-22,15:00,16:00,500,마포,마포대교 上,마포동,0,0
2020-04-22,14:00,16:00,50,마포,경총회관 앞,대흥동,0,0
2020-04-22,14:00,15:30,100,영등포|마포,산업은행 등,,0,0
2020-04-22,14:00,15:30,60,영등포,①미래통합당사 →국회 ②영등포역→국회,,1,0
2020-04-22,05:30,12:00,500,동대문,,용두동,0,0
2020-04-22,13:00,14:00,100,서초,교보빌딩 앞,서초동,0,0
2020-04-22,15:30,19:30,300,광진,동서울우편 물류센터 앞,구의동,0,0
2020-04-22,11:00,14:00,100,서초,삼성생명 빌딩 앞,서초동,0,0
2020-04-23,06:00,06:30,3000,동대문,한양수자인 공사현장 앞 인도,용두동,0,0
2020-04-23,05:00,15:00,500,동대문,한양수자인 공사현장 앞,용두동,0,0
2020-04-23,07:30,16:30,690,수서,개포우성 9차 리모델링 현장,개포동,0,0
2020-04-23,11:30,12:30,30,영등포,금융감독원 앞,여의도,0,0
2020-04-23,19:00,21:00,49,서초,삼성생명 앞 인도,서초동,0,0
2020-04-24,08:30,11:00,100,성동,성동구청 정문 앞,행당동,0,0
2020-04-24,06:00,07:00,3000,동대문,한양수자인 공사현장 앞,용두동,0,0
2020-04-24,05:00,15:00,500,동대문,한양수자인 공사현장 앞,용두동,0,0
2020-04-24,07:30,16:30,690,수서,개포우성 9차 리모델링 현장 앞,개포동,0,0
2020-04-24,09:00,10:00,400,송파,백암빌딩 앞,가락동,0,0
2020-04-24,14:00,18:00,50,송파,올림픽공원 남2문 앞,방이동,0,0
2020-04-25,13:00,16:00,300,서초|수서,강남역 8出 앞,서초동,0,0
2020-04-25,14:00,15:30,200,강남|성동|수서,트레이드타워 앞 → 롯데호텔 앞,삼성동,1,0
2020-04-25,14:00,17:00,99,남대문|서초|강남|수서,강남역 9出 앞,서초동,0,0
2020-04-25,14:00,16:30,300,혜화,마로니에공원 공연안내센터 앞,동숭동,0,0
2020-04-26,10:00,16:00,90,강동,명성교회 건너편 인도,명일동,0,0
2020-04-27,13:00,,100,강남,대유위니아 본사,역삼동,0,0
2020-04-27,07:30,16:30,690,수서,개포우성 9차 리모델링 현장 앞,개포동,0,0
2020-04-27,06:30,,260,중랑,아이꿈터 공사현장 앞,면목동,0,0
2020-04-27,07:00,09:00,100,서대문,사저 앞 좌측 초소 앞,연희동,0,0
2020-04-27,07:00,09:00,30,서대문,사저 우측 골목 초소 앞,연희동,0,0
2020-04-28,11:30,13:00,30,남대문,기업은행 본사 앞,수하동,0,0
2020-04-28,11:00,12:00,20,남대문,하나은행 본사 앞,을지로1가,0,0
2020-04-28,08:00,17:00,150,수서,삼일기업공사 앞,역삼동,0,0
2020-04-28,08:30,,400,송파,성우빌딩 앞,석촌동,0,0
2020-04-28,10:00,,50,강북,강북구청 앞,수유2동,0,0
2020-04-28,15:00,16:00,50,송파,문정동 136번지,문정동,0,0
2020-04-29,11:00,12:30,300,영등포|마포,국회의사당역 2出⇄경총회관,,0,0
2020-04-29,10:30,15:00,20,영등포,,여의도,0,0
2020-04-29,14:00,17:00,50,서초|강남|수서,강남역8出→ 메쉬코리아본사,,1,0
2020-04-29,15:30,17:30,200,영등포,,여의도,0,0
2020-04-29,10:30,16:30,80,마포,드림타워 앞 교차로,상암동,0,1
2020-04-29,08:00,17:00,150,수서,삼일기업공사 앞,역삼동,0,0
2020-04-29,12:00,13:00,400,송파,성우빌딩 앞,석촌동,0,0
2020-04-29,09:00,18:00,70,강서,개화역 1出 앞,개화동,0,0
2020-05-01,14:00,16:00,300,종로|혜화,마로니에공원 등,대학로 등,0,0
2020-05-01,13:00,15:00,500,종로|남대문,전태일다리 앞 등,청계로,0,0
2020-05-01,14:00,15:00,100,중부|혜화,"전태일다리 앞, 청계남·북로",청계로,0,0
2020-05-01,13:00,,100,중부|혜화,다시세운광장 등 15:3,청계로,0,0
2020-05-01,14:00,15:30,500,남대문,서부역 계단 등,봉래동,0,0
2020-05-01,17:00,18:00,200,영등포,여의도공원 10문∼11문 하위 3개차로,여의도,0,1
2020-05-01,14:30,16:00,40,영등포,민주당사 앞 등,여의도,0,0
2020-05-01,14:00,15:00,100,남대문,롯데백화점 앞,소공동,0,0
2020-05-01,15:30,18:30,300,종로|남대문,대한항공·시청역5出·종로타워 앞 등,서소문로 등,0,0
2020-05-01,12:00,14:00,100,서초,대법원 정문 앞,서초동,0,0
2020-05-01,09:00,18:00,70,강서,개화역 1出 앞,개화동,0,0
2020-05-01,14:00,17:00,200,종로|남대문,서울고용노동청 앞,장교동,0,0
2020-05-01,10:30,12:00,50,서초|혜화,중앙지검 정문 앞,서초5길,0,0
2020-05-02,14:00,15:30,200,강남|성동|수서,무역센터 앞,삼성동,0,0
2020-05-02,13:00,17:00,70,남대문|서초,강남역 9出 앞,서초동,0,0
2020-05-02,14:00,16:30,300,혜화,마로니에공원⇆혜화R,동숭동,1,0
2020-05-06,14:00,15:00,100,서초,대법원 정문 앞,서초동,0,0
2020-05-06,06:00,12:00,500,중랑,서일대학교 공사현장 정문 좌측,면목동,0,0
2020-05-06,07:00,12:00,300,동대문,한양수자인 공사현장 앞,용두동,0,0
2020-05-07,14:00,14:40,50,영등포,더불어민주당사 앞,여의도,0,0
2020-05-07,14:00,14:40,50,영등포,미래통합당사 앞,영등포동,0,0
2020-05-07,06:00,12:00,500,중랑,서일대학교 공사현장 정문 좌측,면목동,0,0
2020-05-07,06:00,07:00,200,송파,위례A1-2블럭 호반건설 공사현장 앞,거여동,0,0
2020-05-07,11:30,12:30,30,영등포,금융감독원 앞,여의도,0,0
2020-05-07,14:00,15:30,500,영등포,현대캐피탈 1-2관 사이,여의도,0,0
2020-05-07,08:00,10:00,50,용산,용산구청 앞,이태원동,0,0
2020-05-07,11:00,14:00,100,서초,"삼성생명,화재사이",서초동,0,0
2020-05-07,15:00,19:00,30,종로,그랑서울 서측 인도,청진동,0,0
2020-05-07,09:00,10:00,30,서초,중앙지법 정문 앞,서초동,0,0
2020-05-09,14:00,16:30,200,강남,무역센터 앞,삼성동,0,0
2020-05-09,14:00,17:00,70,서초,강남역 9出 앞,서초동,0,0
2020-05-09,14:00,16:30,300,혜화,마로니에공원⇆혜화R,동숭동,1,0
2020-05-09,14:00,17:00,99,서초|수서,강남역⇆교보타워R,서초동,1,0
2020-05-09,14:00,,1600,서초|강남,대검찰청 정문 앞,서초동,0,0
2020-05-09,10:00,18:00,100,동작,흑석3구역 조합사무실 앞,흑석동,0,0
2020-05-09,11:00,,1600,강서,태화송영@ 정문,등촌동,0,0
2020-05-09,14:00,16:30,50,강남,강남역 11出 앞,역삼동,0,0
2020-05-10,14:00,17:00,99,서초|강남,강남역⇆교보타워R,서초동,1,0
2020-05-11,06:00,,500,중랑,서일대학교 공사현장 정문 좌측,면목동,0,0
2020-05-11,10:30,11:30,100,영등포,더민주당사 앞,여의도,0,0
2020-05-12,06:00,07:00,500,중랑,서일대학교 공사현장 정문 좌측,면목동,0,0
2020-05-12,06:30,10:00,90,서초,롯데건설 본사 앞,반포동,0,0
2020-05-12,11:30,13:00,20,영등포,더민주당사 앞,여의도동,0,0
2020-05-13,14:00,15:00,100,서초,대법원 정문 앞,서초동,0,0
2020-05-13,06:00,07:00,500,중랑,서일대학교 공사현장 정문 좌측,면목동,0,0
2020-05-13,11:00,13:00,80,마포,드림타워 앞 교차로,상암동,0,1
2020-05-13,10:00,15:00,100,양천,대한민국예술인센터 앞,목동,0,0
2020-05-13,10:00,15:00,45,마포,파크자이 뒤편 / 홍대역 3出 앞,"염리동, 동교동",0,0
2020-05-13,11:00,18:00,100,송파,"잠실역 7,8出 사이",신천동,0,0
2020-05-14,19:00,20:00,5000,남대문,고용노동청 앞,장교동,0,0
2020-05-14,11:00,13:00,100,마포,MBC 앞,상암동,0,0
2020-05-14,15:30,16:30,100,영등포,트윈타워 앞,여의도,0,0
2020-05-14,08:00,17:30,50,강남,대유타워 앞,역삼동,0,0
2020-05-14,06:00,07:00,500,중랑,서일대학교 공사현장 정문 좌측,면목동,0,0
2020-05-14,11:30,12:30,30,영등포,금융감독원 앞,여의도,0,0
2020-05-14,13:00,13:40,30,양천,남부지검 정문 앞,신정동,0,0
2020-05-14,11:00,13:00,80,마포,드림타워 앞 교차로 각 인도,상암동,0,1
2020-05-14,12:00,13:00,50,서초,대법원 정문 우측,서초동,0,0
2020-05-15,19:00,20:00,5000,남대문,고용노동청 앞,장교동,0,0
2020-05-15,18:30,19:30,100,종로,금호아시아나 본사 앞,공평동,0,0
2020-05-15,11:00,13:00,80,마포,드림타워 앞 교차로 각 인도,상암동,0,1
2020-05-15,09:00,14:00,30,마포,정의기억연대 사무실 앞,성산동,0,0
2020-05-16,16:00,21:00,300,용산|서초|강남|수서,녹사평역 3出 → 강남역 2出,,1,0
2020-05-16,14:00,16:00,400,서초,,서초동,0,0
2020-05-16,14:00,16:00,300,서초,대검찰청 앞,서초동,0,0
2020-05-16,14:00,16:00,150,방배,사당역 12번出 → 내방역 4번出,사당동 등,1,0
2020-05-16,14:00,16:30,300,혜화,마로니에공원 ⇆ 혜화R,동숭동,1,0
2020-05-16,14:00,18:00,70,서초,강남역 9出 앞,서초동,0,0
2020-05-16,16:00,21:00,300,서초,강남역 9번出 앞,삼성동,0,0
2020-05-16,13:00,20:00,80,영등포,서울@ 상가 앞,여의도,0,0
2020-05-16,10:00,13:00,30,동작,총신대학교 앞,사당동,0,0
2020-05-16,17:00,18:00,200,남대문,명동성당 앞,명동,0,0
2020-05-17,10:00,13:00,50,영등포,순복음교회 앞,여의도,0,0
2020-05-17,13:00,20:00,80,영등포,서울@ 상가 앞,여의도,0,0
2020-05-17,10:00,13:00,30,동작,총신대학교 앞,사당동,0,0
2020-05-17,10:00,12:00,70,양천,목동반석교회 앞,신정동,0,0
2020-05-18,19:00,20:00,5000,남대문,고용노동청 앞,장교동,0,0
2020-05-18,08:00,,100,강서,대방건설 앞,마곡동,0,0
2020-05-18,08:00,17:00,200,양천,중앙하이츠 공사현장 앞,신정동,0,0
2020-05-18,11:00,13:00,80,마포,드림타워 앞 교차로 각 인도,상암동,0,1
2020-05-18,08:30,09:30,30,송파,고용노동청 동부지청 앞,가락동,0,0
2020-05-18,12:00,14:00,30,송파,동부지검 앞,문정동,0,0
2020-05-18,09:00,,30,마포,정의기억연대 사무실 앞,성산동,0,0
2020-05-18,07:00,18:00,50,강서,방화동 498-4 앞,방화동,0,0
2020-05-20,00:00,,200,송파,롯데캐슬골드 앞,신천동,0,0
2020-05-20,19:00,20:00,5000,남대문,고용노동청 앞,,0,0
2020-05-20,11:00,,100,서초,재판종료시,서초동,0,0
2020-05-20,12:30,14:30,40,영등포,한투증권 앞 / 금감원 앞,여의도,0,0
2020-05-20,05:30,17:00,500,서부,응암4구역 삼호건설 공사현장 게이트 좌·우측,응암동,0,0
2020-05-20,11:30,12:30,50,강서,마곡그랑트윈타워 앞,마곡동,0,0
2020-05-20,11:00,,100,서초,대법원 정문 우측,서초동,0,0
2020-05-20,12:00,,100,종로,舊 일본대사관 건너편,수송동,0,0
2020-05-20,11:00,20:00,80,영등포,서울@ 상가 앞,여의도,0,0
2020-05-21,14:00,15:30,100,영등포,더불어민주당사 앞,여의도,0,0
2020-05-21,15:30,16:30,100,영등포,LG트윈타워 앞,,1,0
2020-05-21,19:00,21:00,100,서초,,서초동,0,0
2020-05-21,19:00,20:00,5000,남대문,고용노동청 앞,장교동,0,0
2020-05-21,05:30,17:00,500,서부,응암4구역 삼호건설 공사현장 게이트 좌·우측,응암동,0,0
2020-05-21,06:00,12:00,500,강북,어반빌리움 오피스텔 공사현장 앞,수유1동,0,0
2020-05-21,06:00,17:00,90,마포,아현2구역 재건축 공사현장 앞,아현동,0,0
2020-05-21,16:30,19:00,200,성동,신도리코 본사 앞,성수동2가,0,0
2020-05-21,10:00,12:00,30,양천,남부지검 정문 좌측 인도,신정동,0,0
2020-05-21,11:00,20:00,80,영등포,서울@ 상가 앞,여의도,0,0
2020-05-22,18:30,19:30,100,종로,금호아시아나 본사 앞,공평동,0,0
2020-05-22,05:30,17:00,500,서부,응암4구역 삼호건설 공사현장 앞,응암동,0,0
2020-05-22,11:00,14:00,500,영등포,당산동 171-47,당산동,0,0
2020-05-22,11:00,12:00,100,강남,전국택시공제 조합 앞,역삼동,0,0
2020-05-22,15:00,17:00,60,강서,천사노인요양원 → 강서구청,화곡동,1,0
2020-05-22,11:00,20:00,80,영등포,서울@ 상가 앞,여의도,0,0
2020-05-23,14:00,18:00,50,종로|남대문|서대문,남부고용노동청 →아시아나본사,,1,0
2020-05-23,17:00,23:59,200,영등포|송파|마포,롯데캐슬골드 앞,신천동,0,0
2020-05-23,05:30,17:00,500,서부,응암4구역 삼호건설 공사현장 앞,응암동,0,0
2020-05-23,14:00,17:30,400,서초,대법원 정문 → 강남역,서초동 등,1,0
2020-05-23,14:00,17:00,300,서초,강남역 9出⇄교대역,서초동 등,0,0
2020-05-23,14:00,15:20,90,종로,연합뉴스 앞 / 서머셋 북측 → 롯데百,,1,0
2020-05-23,15:30,16:30,0,남대문,,율곡로 등,0,0
2020-05-23,14:00,16:00,100,서초,,서초동,0,0
2020-05-23,14:00,16:00,500,서초,대법원 동문 앞,서초동,0,0
2020-05-23,11:00,,1200,구로,구로구청 사거리,구로동,0,0
2020-05-23,13:00,20:00,80,영등포,서울@ 상가 앞,여의도,0,0
2020-05-23,17:00,21:00,50,서초,정곡빌딩 남관 앞,서초동,0,0
2020-05-24,00:00,14:00,200,송파,롯데캐슬골드 앞,신천동,0,0
2020-05-24,10:00,13:00,50,영등포,순복음교회 제2교육관 앞 및 건너편,여의도,0,0
2020-05-24,14:00,18:00,40,용산,美8군 4G → 6G,용산동,1,0
2020-05-24,13:00,20:00,80,영등포,서울@ 상가 앞,여의도,0,0
2020-05-24,10:00,12:00,70,양천,목동반석교회 앞,신정동,0,0
2020-05-24,08:30,14:00,50,강서,성석교회 앞,화곡동,0,0
2020-05-25,11:00,23:59,50,영등포,"국회, 여야당사 앞",여의도,0,0
2020-05-25,05:30,17:00,500,서부,응암4구역 삼호건설 공사현장 앞,응암동,0,0
2020-05-25,06:30,,50,동대문,DAF건설 공사현장 앞,전농동,0,0
2020-05-25,06:00,18:00,500,강북,어반빌리움 공사현장 정문 좌우,수유동,0,0
2020-05-25,00:00,23:59,80,마포,드림타워 앞 인도,상암동,0,0
2020-05-25,07:00,18:00,50,강서,방화동 498-4 앞,방화동,0,0
2020-05-25,13:00,20:00,80,영등포,서울@ 상가 앞,여의도,0,0
2020-05-26,17:00,18:00,50,영등포,여야당사 앞 등,여의도 등,0,0
2020-05-26,08:00,09:00,0,,,,0,0
2020-05-26,12:00,13:00,100,종로,,공평동,0,0
2020-05-26,17:00,18:00,0,,,,0,0
2020-05-26,05:30,17:00,500,서부,,응암동,0,0
2020-05-26,10:00,12:30,100,영등포,금융감독원 앞,여의도,0,0
2020-05-26,14:00,15:00,30,송파,올림픽공원역 3出,오륜동,0,0
2020-05-27,19:00,20:00,50,영등포,민주당사 앞,여의도,0,0
2020-05-27,08:00,09:00,0,,,,0,0
2020-05-27,12:00,13:00,100,종로,,공평동,0,0
2020-05-27,17:00,18:00,0,,,,0,0
2020-05-27,05:30,17:00,500,서부,,응암동,0,0
2020-05-27,06:00,13:00,500,동대문,실버케어센터 공사현장 앞,답십리동,0,0
2020-05-27,12:00,,300,종로,舊 일본대사관 건너편,수송동,0,0
2020-05-27,12:00,13:00,15,종로,써머셋 북측 인도,수송동,0,0
2020-05-28,19:00,20:00,50,영등포,민주당사 앞,여의도,0,0
2020-05-28,08:00,09:00,0,,,,0,0
2020-05-28,12:00,13:00,100,종로,,공평동,0,0
2020-05-28,17:00,18:00,0,,,,0,0
2020-05-28,05:30,17:00,500,서부,,응암동,0,0
2020-05-28,06:30,09:00,500,동대문,실버케어센터 공사현장 앞,답십리동,0,0
2020-05-28,11:30,12:30,30,영등포,금융감독원 앞,여의도,0,0
2020-05-28,10:00,21:00,100,혜화,마로니에 공원 內,동숭동,0,0
2020-05-28,13:00,18:00,50,종암,삼우빌딩 앞,상월곡동,0,0
2020-05-28,13:00,18:00,50,종암,삼우빌딩 앞,상월곡동,0,0
2020-05-29,17:00,18:00,50,영등포,민주당사 앞,여의도,0,0
2020-05-29,08:00,09:00,0,,,,0,0
2020-05-29,12:00,13:00,100,종로,금호아시아나 본사 앞,,0,0
2020-05-29,17:00,18:00,0,,,공평동,0,0
2020-05-29,18:30,19:30,0,,,,0,0
2020-05-29,06:00,07:00,500,중랑,현장사무실 앞,면목동,0,0
2020-05-29,05:30,17:00,500,서부,응암4구역 삼호건설 공사현장 앞,응암동,0,0
2020-05-29,14:00,16:30,30,용산,美8군 13GATE → 6GATE,용산동,1,0
2020-05-29,13:00,16:00,100,서초,건축사회관 앞,서초동,0,0
2020-05-29,14:00,21:00,100,혜화,마로니에 공원 內,동숭동,0,0
2020-05-30,17:00,18:00,50,영등포,민주당사 앞,여의도,0,0
2020-05-30,15:00,17:00,2000,남대문,고용노동청 앞,장교동,0,0
2020-05-30,19:00,22:00,300,용산,한강진역 1出 → 리움미술관 앞,한남동,1,0
2020-05-30,05:30,17:00,500,서부,응암4구역 삼호건설 공사현장 앞,응암동,0,0
2020-05-30,14:00,17:30,400,서초,대법원 정문 → 삼성생명 서초타워 앞,서초동 등,1,0
2020-05-30,14:00,18:00,2000,서초,중앙지검 서문,서초동,0,0
2020-05-30,14:00,17:00,500,서초,대법원 동문 앞,서초동,0,0
2020-05-30,18:00,21:00,500,서초,교대역 10出 앞,서초동,0,0
2020-05-30,17:00,19:30,50,은평|서부,자원순환센터,녹번동,0,0
2020-05-30,18:00,20:00,30,서초,강남역 5出 앞,서초동,0,0
2020-05-30,14:00,21:00,100,혜화,마로니에 공원 內,동숭동,0,0
2020-05-31,10:00,13:00,50,영등포,순복음교회 제2교육관 앞 및 건너편,여의도,0,0
2020-05-31,10:00,12:00,70,양천,목동반석교회 앞,신정동,0,0
2020-05-31,09:00,12:00,50,강서,성석교회 앞,화곡동,0,0
2020-06-01,17:00,18:00,50,영등포,민주당사 앞,여의도,0,0
2020-06-01,08:00,09:00,0,,,,0,0
2020-06-01,12:00,13:00,100,종로,,공평동,0,0
2020-06-01,17:00,18:00,0,,,,0,0
2020-06-01,05:30,17:00,500,서부,,응암동,0,0
2020-06-01,13:00,15:00,50,강동,이마트에브리데이 성내점 앞,성내동,0,0
2020-06-01,10:00,12:00,200,성동,마장축산물시장 서문 앞,마장동,0,0
2020-06-01,06:30,13:00,500,동대문,실버케어센터 공사현장 앞,답십리동,0,0
2020-06-01,11:00,12:00,300,송파,새마을시장 앞,잠실동,0,0
2020-06-02,17:00,18:00,50,영등포,민주당사 앞,여의도,0,0
2020-06-02,05:30,17:00,500,서부,응암4구역 삼호건설 공사현장 앞,응암동,0,0
2020-06-02,08:00,,150,남대문,부영건설 본사 앞,서소문동,0,0
2020-06-02,10:00,,100,영등포,태영빌딩 앞,여의도,0,0
2020-06-02,11:00,12:00,300,송파,새마을시장 앞,잠실동,0,0
2020-06-03,18:30,20:00,50,영등포,민주당사 앞,여의도,0,0
2020-06-03,05:30,17:00,500,서부,응암4구역 삼호건설 공사현장 앞,응암동,0,0
2020-06-03,08:00,17:00,690,동작,KCC아파트 공사 현장 정문 앞,동작동,0,0
2020-06-03,09:00,18:00,100,영등포,태영빌딩 앞,여의도,0,0
2020-06-03,12:00,,300,종로,舊 일본대사관 건너편,수송동,0,0
2020-06-03,12:00,,30,종로,서머셋 남측,수송동,0,0
2020-06-03,11:00,12:00,300,송파,새마을시장 앞,잠실동,0,0
2020-06-04,17:00,18:00,50,영등포,민주당사 앞,여의도,0,0
2020-06-04,05:30,17:00,500,서부,응암4구역 삼호건설 공사현장 앞,응암동,0,0
2020-06-04,10:30,13:00,100,남대문,기업은행 본사 앞,을지로2가,0,0
2020-06-04,09:00,18:00,100,영등포,태영빌딩 앞,여의도,0,0
2020-06-04,17:30,18:30,30,영등포,LG트윈타워 앞,여의도,0,0
2020-06-04,11:30,12:30,30,영등포,금융감독원 앞,여의도,0,0
2020-06-04,13:00,15:00,30,남대문,하나은행 본점 앞,을지로 1가,0,0
2020-06-04,15:00,16:00,30,남대문,하나금융지주 앞,명동,0,0
2020-06-04,11:00,16:00,100,서초,삼성생명 빌딩 앞,서초동,0,0
2020-06-04,11:00,12:00,300,송파,새마을시장 앞,잠실동,0,0
2020-06-04,18:00,20:00,30,서초,강남역 5出 앞,서초동,0,0
2020-06-05,17:00,18:00,50,영등포,민주당사 앞,여의도,0,0
2020-06-05,05:30,17:00,500,서부,응암4구역 삼호건설 공사현장 앞,응암동,0,0
2020-06-05,18:00,20:00,100,남대문,고용노동청 앞,장교동,0,0
2020-06-05,14:00,16:00,100,영등포,더불어민주당사 앞,여의도,0,0
2020-06-05,15:00,17:00,200,용산,LG유플러스 앞,한강로3가동,0,0
2020-06-05,10:00,18:00,100,동대문,신설동 92-62 모델하우스 앞,신설동,0,0
2020-06-05,13:00,15:00,1000,서초,정곡빌딩 동관 앞,서초동,0,0
2020-06-05,15:00,16:00,50,동작,이수진의원 지역구 사무실 앞,사당동,0,0
2020-06-05,10:00,12:00,40,영등포,에이스하이테크시티 앞,문래동,0,0
2020-06-05,11:00,12:00,300,송파,새마을시장 앞,잠실동,0,0
2020-06-05,18:00,19:00,30,서초,강남역 5出 앞,서초동,0,0
2020-06-06,17:00,20:00,300,서초,강남역 7·8出 사이 인도,서초동,0,0
2020-06-06,10:00,11:00,200,동작,현충원 정문 우측,동작동,0,0
2020-06-06,14:00,17:30,400,서초,대법원 정문 → 삼성생명 서초타워 앞,서초동 등,1,0
2020-06-06,14:00,19:00,2000,서초,중앙지검 서문,서초동,0,0
2020-06-06,14:00,17:00,500,서초,대법원 동문 앞,서초동,0,0
2020-06-06,15:00,16:00,100,중부,중부경찰서 앞,수표로,0,0
2020-06-06,16:00,17:30,100,동작,조선일보 뉴지엄 앞,흑석동,0,0
2020-06-06,18:00,21:00,500,서초,교대역 10出 앞,서초동,0,0
2020-06-06,16:00,18:00,300,남대문,밀레오레 앞,명동,0,0
2020-06-06,18:00,20:00,30,서초,강남역 5出 앞,서초동,0,0
2020-06-06,11:00,13:00,100,동작,총신대학교 앞,사당동,0,0
2020-06-07,10:00,13:00,50,영등포,순복음교회 제2교육관 앞 및 건너편 인도,여의도,0,0
2020-06-07,10:00,12:00,50,양천,목동반석교회 앞,신정동,0,0
2020-06-07,10:00,12:00,30,양천,목동반석교회 앞,신정동,0,0
2020-06-07,08:30,14:00,50,강서,성석교회 앞,화곡동,0,0
2020-06-08,17:00,18:00,50,영등포,민주당사 앞,여의도,0,0
2020-06-08,05:30,07:40,500,서부,응암4구역 삼호건설 공사현장 앞,응암동,0,0
2020-06-08,09:00,10:00,80,영등포,서원토건 앞,당산동,0,0
2020-06-08,10:30,12:00,200,남대문,CJ대한통운 본사 → 롯데백화점 본점,서소문동 등,1,0
2020-06-08,10:00,12:00,200,성동,마장축산물시장 앞,마장동,0,0
2020-06-08,11:00,12:00,300,송파,새마을시장 앞,잠실동,0,0
2020-06-09,17:00,18:00,50,영등포,민주당사 앞,여의도,0,0
2020-06-09,13:00,,500,남대문,웅진코웨이 앞,,0,0
2020-06-09,11:00,15:00,100,성북,,보문동,0,0
2020-06-09,11:00,12:00,300,송파,새마을시장 앞,잠실동,0,0
2020-06-09,18:00,20:00,30,서초,강남역 5出 앞,서초동,0,0
2020-06-10,15:00,17:00,3000,영등포,여의도공원 10∼11문 구간,여의도,0,0
2020-06-10,13:30,14:40,300,영등포,민주당사 앞,여의도,0,0
2020-06-10,14:00,14:40,1000,영등포,한국거래소 앞,여의도,0,0
2020-06-10,14:00,14:50,3000,영등포,여의도공원 10∼11문 구간,여의도,0,0
2020-06-10,12:00,13:30,150,종로,현대사옥 앞,계동,0,0
2020-06-10,12:00,13:00,400,마포,KC코트렐 본사 앞,상암동,0,0
2020-06-10,12:00,,30,종로,서머셋 남측,수송동,0,0
2020-06-10,12:00,,300,종로,舊 일본대사관 건너편,수송동,0,0
2020-06-10,17:00,21:00,560,서초,대검찰청 정문 좌측,서초동,0,0
2020-06-10,11:00,12:00,300,송파,새마을시장 앞,잠실동,0,0
2020-06-10,18:00,20:00,30,서초,강남역 5出 앞,서초동,0,0
2020-06-11,13:00,16:00,100,남대문,기업은행 앞,수하동,0,0
2020-06-11,11:30,12:30,30,영등포,금감원 앞,여의도,0,0
2020-06-11,11:30,12:30,40,영등포,금감원 앞,여의도,0,0
2020-06-11,15:00,,300,종암,"길음1구역 1,2번 게이트 앞",길음동,0,0
2020-06-11,17:00,18:00,100,서초,헌인릉 주차장 앞,내곡동,0,0
2020-06-11,11:00,12:00,300,송파,새마을시장 앞,잠실동,0,0
2020-06-12,11:00,15:00,200,용산,LGU+ 본사 앞,한강로3가동,0,0
2020-06-12,07:00,18:00,50,서초,반포우성재건축 현장 2-1게이트 앞,잠원동,0,0
2020-06-12,08:00,14:00,400,중부,대우건설 본사 앞,을지로4가,0,0
2020-06-12,08:00,16:00,90,마포,리버뷰나루하우스 공사현장 앞,마포동,0,0
2020-06-12,19:00,20:00,30,마포,경의선 숲길 공원,연남동,0,0
2020-06-12,10:00,12:00,40,영등포,에이스 하이테크시티 앞,문래동,0,0
2020-06-12,11:00,12:00,300,송파,새마을시장 앞,잠실동,0,0
2020-06-12,18:00,20:00,30,서초,강남역 5出 앞,서초동,0,0
2020-06-13,16:00,17:00,100,영등포,민주당사 앞,여의도,0,0
2020-06-13,12:00,19:00,1000,서초,서초대가 앞,서초동,0,0
2020-06-13,14:00,17:30,500,서초,대법원 정문 → 삼성생명 서초타워 앞,서초동 등,1,0
2020-06-13,14:00,17:00,1000,서초,중앙지검 서문 → 남부터미널,서초동,1,0
2020-06-13,14:00,16:00,50,서초,대법원 동문 앞,서초동,0,0
2020-06-13,15:00,18:30,300,영등포|동작|방배,여의도 금감원 → 대검찰청 정문,여의도동,1,0
2020-06-13,16:00,17:30,300,남대문|서초,예금보험공사 앞,다동,0,0
2020-06-13,18:00,20:00,30,서초,강남역 5出 앞,서초동,0,0
2020-06-13,11:00,13:00,100,동작,총신대학교 앞,사당동,0,0
2020-06-14,10:00,13:00,50,영등포,순복음교회 2교육관 앞 / 건너편 인도,여의도,0,0
2020-06-14,09:30,11:30,30,서부,응암교회 후문 앞,응암동,0,0
2020-06-14,10:00,12:00,70,양천,목동반석교회 앞,신정동,0,0
2020-06-14,10:00,12:00,50,양천,목동반석교회 앞,신정동,0,0
2020-06-14,09:00,12:00,50,강서,성석교회 앞,화곡동,0,0
2020-06-15,10:00,15:00,300,영등포,한국노총 앞,여의도,0,0
2020-06-15,14:00,18:00,50,동작,노량진역 일대,노량진1동,0,0
2020-06-15,08:00,16:00,100,종로,대림건설 앞,수송동,0,0
2020-06-15,08:00,18:00,300,송파,잠실역 2出 앞,신천동,0,0
2020-06-15,09:30,11:00,200,성동,마장축산물시장 앞,마장동,0,0
2020-06-15,08:00,16:00,90,마포,리버뷰나루하우스 공사현장 앞,마포동,0,0
2020-06-15,07:00,09:00,100,노원,서라벌고등학교 앞,중계동,0,0
2020-06-15,11:00,12:00,300,송파,새마을시장 앞,잠실동,0,0
2020-06-16,14:00,15:00,200,용산,LG유플러스 앞,한강로3가동,0,0
2020-06-16,17:00,19:00,50,종로|혜화,종로3가역 8出 앞,묘동,0,0
2020-06-16,17:00,20:00,40,남대문,한국경제신문사 앞,중림동,0,0
2020-06-16,10:00,12:00,50,마포,고용노동부 서부지청 앞,도화동,0,0
2020-06-16,07:00,08:00,100,노원,서라벌고등학교 앞,중계동,0,0
2020-06-16,11:00,12:00,300,송파,새마을시장 앞,잠실동,0,0
2020-06-16,09:30,17:00,15,혜화,한국교회100주년 기념관 앞,연지동,0,0
2020-06-16,11:00,18:00,30,서초,반포래미안아이파크 정문 북측 인도,반포동,0,0
2020-06-17,11:00,12:00,20,남대문,하나금융지주사 앞,명동,0,0
2020-06-17,07:00,08:00,100,노원,서라벌고등학교 앞,중계동,0,0
2020-06-17,00:00,23:59,50,서초,삼성생명빌딩 앞,서초동,0,0
2020-06-17,12:00,,30,종로,서머셋 남측,수송동,0,0
2020-06-17,12:00,,300,종로,舊 일본대사관 건너편,수송동,0,0
2020-06-17,08:00,09:00,30,서초,반포래미안아이파크 정문 북측 인도,반포동,0,0
2020-06-17,11:00,12:00,300,송파,새마을시장 앞,잠실동,0,0
2020-06-18,11:00,13:00,60,성동,라성사우나 앞,성수동,0,0
2020-06-18,15:00,17:00,50,성동,성수역 2出 앞,성수동,0,0
2020-06-18,17:00,19:00,200,성동,신도리코 본사 앞,성수동,0,0
2020-06-18,15:30,17:00,100,영등포,LG트윈타워 앞,여의도,0,0
2020-06-18,15:00,16:00,100,영등포,민주당사 앞,여의도,0,0
2020-06-18,15:30,18:00,100,동작,보라매병원 앞,신대방동,0,0
2020-06-18,12:30,13:30,100,마포,좋은사람들 본사 앞,동교동,0,0
2020-06-18,13:00,17:00,100,광진,동서울터미널 앞,구의동,0,0
2020-06-18,10:00,11:00,50,영등포,LG트윈타워 앞,여의도,0,0
2020-06-18,11:30,12:30,30,영등포,금융감독원 앞,여의도,0,0
2020-06-18,07:00,09:00,100,노원,서라벌고등학교 앞,중계동,0,0
2020-06-18,07:00,18:00,50,서초,반포우성 공사현장 2-1게이트 앞,잠원동,0,0
2020-06-18,17:00,20:00,560,서초,대검찰청 정문 좌측,서초동,0,0
2020-06-18,08:00,09:00,30,서초,반포래미안아이파크 정문 북측 인도,반포동,0,0
2020-06-18,11:00,12:00,300,송파,새마을시장 앞,잠실동,0,0
2020-06-18,18:00,20:00,30,서초,강남역 5出 앞,서초동,0,0
2020-06-19,15:30,16:30,70,송파,송파우체국 앞,오금동,0,0
2020-06-19,18:00,21:00,50,남대문,롯데시네마 앞,소공동,0,0
2020-06-19,07:00,08:00,100,노원,서라벌고등학교 앞,중계동,0,0
2020-06-19,06:00,11:00,200,강동,벽산빌라 공사현장 앞,상일동,0,0
2020-06-19,16:00,18:00,30,마포,북앤빌딩 앞,서교동,0,0
2020-06-19,17:00,19:00,60,용산,시티파크1단지 앞,한강로3가,0,0
2020-06-19,10:00,12:00,40,영등포,에이스하이테크시티 앞,문래동,0,0
2020-06-19,11:00,12:00,300,송파,새마을시장 앞,잠실동,0,0
2020-06-19,14:00,17:00,30,성북,동소문로 47 앞,동소문동,0,0
2020-06-19,16:00,17:30,40,양천,양천구청 정문,신정동,0,0
2020-06-19,18:00,20:00,30,서초,강남역 5出 앞,서초동,0,0
2020-06-20,13:00,20:00,300,종로|중부|혜화|성동,쿠팡본사 → 아시아나 종로사옥,신천동 등,1,0
2020-06-20,06:00,11:00,200,송파|광진|강동,벽산빌라 공사현장 앞,상일동,0,0
2020-06-20,13:00,17:00,100,광진,동서울터미널 앞,구의동,0,0
2020-06-20,14:00,18:00,3000,서초,대법원 정문 건너편→삼성생명 서초타워 앞,서초동 등,1,0
2020-06-20,14:00,16:00,30,종로,소녀상 좌측 인도,율곡로,0,0
2020-06-20,16:00,19:00,1000,서초,중앙지검 서문 ⇄ 예술의전당,서초동,0,0
2020-06-20,14:00,18:00,50,서초,대법원 동문 앞,서초동,0,0
2020-06-20,08:00,19:00,100,관악|동작|금천,석수역 → 여의도 금감원,영등포동 등,1,0
2020-06-20,18:00,20:00,30,영등포|서초,강남역 5出 앞,서초동,0,0
2020-06-20,17:00,18:30,50,은평|서부,자원순환센터,녹번동,0,0
2020-06-21,10:00,13:00,70,영등포,순복음교회 제2교육관 앞 및 건너편 인도,여의도,0,0
2020-06-21,06:00,11:00,200,강동,벽산빌라 공사현장 앞,상일동,0,0
2020-06-21,13:00,17:00,100,광진,동서울터미널 앞,구의동,0,0
2020-06-21,09:30,11:30,30,서부,응암교회 후문 앞,응암동,0,0
2020-06-22,05:30,,500,동대문,청량4구역 롯데건설 공사현장 앞,전농동,0,0
2020-06-22,12:00,13:00,100,동작,보라매병원 앞,신대방동,0,0
2020-06-22,16:30,17:30,30,동작,내외빌딩 앞,을지로2가,0,0
2020-06-22,15:00,17:00,100,노원,서라벌고등학교 앞,중계동,0,0
2020-06-22,06:00,11:00,200,강동,벽산빌라 공사현장 앞,상일동,0,0
2020-06-22,13:00,17:00,100,광진,동서울터미널 앞,구의동,0,0
2020-06-22,11:30,12:30,60,종로,서울시교육청 앞,신문로1가,0,0
2020-06-22,11:00,12:00,0,,,잠실동,0,0
2020-06-23,06:00,,200,강동,벽산빌라 재건축 공사현장 앞,상일동,0,0
2020-06-23,05:30,,200,강동,천호이안오피스텔 공사현장 앞,천호동,0,0
2020-06-23,05:30,16:00,500,중랑,SK지식산업센터 공사현장 앞,신내동,0,0
2020-06-23,18:00,21:00,500,노원,노원구청 앞,상계동,0,0
2020-06-23,13:30,18:00,400,동작,전문건설회관 앞,신대방동,0,0
2020-06-23,08:00,19:00,30,영등포,"영등포역, 당산역, 영등포구청역 일대",영등포동 등,0,0
2020-06-23,15:00,17:00,100,노원,서라벌고등학교 앞,,0,0
2020-06-23,07:30,09:30,150,마포,KB손해사정 앞,합정동,0,0
2020-06-23,15:00,18:00,70,송파,송파우체국 앞,오금동,0,0
2020-06-23,11:00,13:00,40,남대문,한국경제신문사 앞,중림동,0,0
2020-06-23,11:30,12:30,60,종로,서울시교육청 앞,신문로1가,0,0
2020-06-23,14:00,17:00,150,동작,동작구청 우측 인도,노량진2동,0,0
2020-06-23,11:00,12:00,300,송파,새마을시장 앞,잠실동,0,0
2020-06-23,18:00,20:00,30,서초,강남역 5出 앞,서초동,0,0
2020-06-23,19:30,22:00,200,남대문,한빛광장,수하동,0,0
2020-06-24,14:00,16:30,1000,서초,삼성생명 → 정곡빌딩 남관,서초동,1,0
2020-06-24,11:00,14:00,200,수서,포스코센터 동문 앞,대치동,0,0
2020-06-24,16:30,18:00,300,영등포,민주당사 앞,여의도,0,0
2020-06-24,10:00,15:00,500,노원,노원구청 ⇆ 노원구서비스공단,상계동 등,1,0
2020-06-24,15:00,17:00,100,노원,서라벌고등학교 앞,중계동,0,0
2020-06-24,15:00,18:00,70,송파,송파우체국 앞,오금동,0,0
2020-06-24,12:00,13:00,80,종로,소녀상 좌측,율곡로,0,0
2020-06-24,12:00,13:00,300,종로,연합뉴스 앞,율곡로,0,0
2020-06-24,16:00,20:00,30,서초,중앙지검 서문 좌측,서초동,0,0
2020-06-24,11:30,12:30,60,종로,서울시교육청 앞,신문로1가,0,0
2020-06-24,11:00,12:00,300,송파,새마을시장 앞,잠실동,0,0
2020-06-24,11:00,12:00,50,서초,삼성생명 본사 앞,서초동,0,0
2020-06-24,14:00,17:00,150,동작,동작구청 앞,노량진2동,0,0
2020-06-24,18:00,20:00,30,서초,강남역 5出 앞,서초동,0,0
2020-06-25,11:00,12:00,50,영등포,민주당사 앞,여의도,0,0
2020-06-25,10:30,12:00,100,노원,서라벌고등학교 앞,,0,0
2020-06-25,15:30,17:00,0,,,중계동,0,0
2020-06-25,17:00,20:00,200,금천,,가산동,0,0
2020-06-25,15:00,18:00,70,송파,송파우체국 앞,오금동,0,0
2020-06-25,12:00,13:00,150,강서,김포공항 국내선 앞,공항동,0,0
2020-06-25,09:00,10:00,10,남대문,농협중앙회 앞,충정로1가,0,0
2020-06-25,12:00,18:00,100,동작,보라매병원 앞,신대방동,0,0
2020-06-25,17:00,18:00,50,용산,한남더힐 앞,한남동,0,0
2020-06-25,11:30,13:30,100,서초,현대차 본사 앞,양재동,0,0
2020-06-25,17:00,18:00,100,서초,헌인릉 주차장 앞,내곡동,0,0
2020-06-25,15:00,17:30,1000,남대문,중앙우체국 ⇄ 명동 밀리오레,명동 등,0,0
2020-06-25,11:00,13:00,30,양천,한국방송회관 앞,목동,0,0
2020-06-25,16:00,18:00,2500,서초,서초대가 앞,서초동,0,0
2020-06-25,16:00,20:00,30,서초,중앙지검 서문 좌측,서초동,0,0
2020-06-25,17:00,20:00,560,서초,대검찰청 정문 좌측,서초동,0,0
2020-06-25,09:00,18:00,60,종로,서울시교육청 앞,신문로1가,0,0
2020-06-25,11:00,12:00,300,송파,새마을시장 앞,잠실동,0,0
2020-06-25,18:00,20:00,30,서초,강남역 5出 앞,서초동,0,0
2020-06-26,11:00,12:00,50,영등포,민주당사 앞,여의도,0,0
2020-06-26,12:00,18:00,100,동작,보라매병원 앞,신대방동,0,0
2020-06-26,11:30,18:00,30,서초,서초경찰서 정문 우측 인도,서초동,0,0
2020-06-26,13:00,18:00,100,광진,동서울터미널 앞,구의동,0,0
2020-06-26,08:30,12:00,200,강서,방화동 534-9 양서빌딩 앞,방화동,0,0
2020-06-26,09:00,15:00,500,노원,노원구청 앞,상계동,0,0
2020-06-26,05:00,18:00,200,노원,서라벌고등학교 앞,중계동,0,0
2020-06-26,16:00,20:00,30,서초,중앙지검 서문 좌측,서초동,0,0
2020-06-26,19:00,20:30,500,서초,중앙지검 서문 우측,서초동,0,0
2020-06-26,11:30,12:30,60,종로,서울시교육청 앞,신문로1가,0,0
2020-06-26,11:00,12:00,300,송파,새마을시장 앞,잠실동,0,0
2020-06-26,18:00,20:00,30,서초,강남역 5出 앞,서초동,0,0
2020-06-27,11:00,12:00,50,영등포,민주당사 앞,여의도,0,0
2020-06-27,13:00,15:10,3000,영등포,여의도공원 10∼11문 3개차로,여의대로,0,1
2020-06-27,15:10,16:00,3000,영등포,여의도공원 10문 → 더민주당사,여의대로,1,0
2020-06-27,14:00,15:00,300,영등포,민주당사 앞,여의도,0,0
2020-06-27,13:00,18:00,100,광진,동서울터미널 앞,구의동,0,0
2020-06-27,15:00,19:00,3000,서초,서리풀공원 → 삼성생명 서초타워 앞,서초동,1,0
2020-06-27,13:00,14:00,50,용산,국립중앙박물관 → 美8군 13GATE / 4GATE,,1,0
2020-06-27,14:30,17:30,0,,,용산동 등,0,0
2020-06-27,14:00,17:00,50,서초,,서초동,0,0
2020-06-27,15:00,19:00,1000,서초,중앙지검 서문 ⇄ 서초3동R,서초동,0,0
2020-06-27,15:00,18:00,150,서초,금감원 → 대검찰청 정문 앞,여의도동 등,1,0
2020-06-27,18:00,20:00,30,서초,강남역 5出 앞,서초동,0,0
2020-06-27,18:00,21:00,300,남대문,서부역 앞,봉래동,0,0
2020-06-28,13:00,14:00,1500,남대문,광통교 → 을지로입구R,을지로,1,0
2020-06-28,13:00,14:00,1000,남대문,CJ대한통운 → 시청역 8出,을지로,1,0
2020-06-28,14:10,15:10,3000,남대문,개풍R∼을지로 입구R 5개차로,을지로,0,1
2020-06-28,15:10,16:00,3000,남대문,개풍R→ 한진택배 본사,을지로,1,0
2020-06-28,10:00,13:00,50,영등포,순복음교회 제2교육관 앞,여의도,0,0
2020-06-28,14:00,17:00,1000,남대문,한빛광장,수하동,0,0
2020-06-28,17:00,20:00,30,마포,홍대입구역 9出 앞,동교동,0,0
2020-06-28,09:30,11:30,30,서부,응암교회 후문 앞,응암동,0,0
2020-06-29,11:00,11:30,100,영등포,금감원 앞,여의도,0,0
2020-06-29,10:00,17:00,100,수서,강남우체국 앞 인도,개포동,0,0
2020-06-29,15:00,17:00,100,노원,서라벌고등학교 앞,중계동,0,0
2020-06-29,11:00,12:00,30,양천,서울남부지검 앞 인도,신정동,0,0
2020-06-29,08:30,,300,송파,덕준건설 본사 앞,문정동,0,0
2020-06-29,12:00,18:00,100,동작,보라매병원 앞,신대방동,0,0
2020-06-29,18:30,20:00,70,동작,노들약국 앞,노량진동,0,0
2020-06-29,16:00,20:00,30,서초,대검찰청 정문 우측,서초동,0,0
2020-06-29,11:30,12:30,60,종로,서울시교육청 앞,신문로1가,0,0
2020-06-29,09:00,18:00,50,강북,인수봉로 64길 63,수유동,0,0
2020-06-29,11:00,12:00,300,송파,새마을시장 앞,잠실동,0,0
2020-06-29,18:00,20:00,30,서초,강남역 5出 앞,서초동,0,0
2020-06-30,05:30,16:00,500,중랑,SK지식산업센터 공사현장 앞,신내동,0,0
2020-06-30,13:00,18:00,100,광진,동서울터미널 앞,구의동,0,0
2020-06-30,11:00,12:00,50,마포,고용노동부 서부지청 앞,도화동,0,0
2020-06-30,16:00,20:00,30,마포,"홍대입구역, 신촌역 등",동교동,0,0
2020-06-30,15:30,17:30,100,노원,서라벌고등학교 앞,중계동,0,0
2020-06-30,12:00,18:00,100,동작,보라매병원 앞,신대방동,0,0
2020-06-30,16:00,20:00,30,서초,대검찰청 정문 우측,서초동,0,0
2020-06-30,11:30,12:30,60,종로,서울시교육청 앞,신문로1가,0,0
2020-06-30,10:30,14:00,90,강동,강동구청 앞,성내동,0,0
2020-06-30,09:00,16:30,50,강북,인수봉로 64길 63,수유동,0,0
2020-06-30,11:00,12:00,300,송파,새마을시장 앞,잠실동,0,0
2020-06-30,11:00,12:00,50,서초,삼성생명 본사 앞,서초동,0,0
2020-06-30,18:00,20:00,30,서초,강남역 5出 앞,서초동,0,0
2020-07-01,05:30,,500,동대문,청량4구역 롯데건설 공사현장 2·5번게이트 앞,전농동,0,0
2020-07-01,06:00,08:00,3000,동대문,청량4구역 롯데건설 공사현장 5번게이트 앞,전농동,0,0
2020-07-01,06:00,,200,강동,천호이안오피스텔 공사현장 앞,천호동,0,0
2020-07-01,09:00,17:00,100,강남,대한건설협회 앞,논현동,0,0
2020-07-01,11:00,14:00,100,남대문,서울시청 서소문2청사 앞,서소문동,0,0
2020-07-01,19:00,21:00,500,노원,노원구청 앞,상계동,0,0
2020-07-01,05:30,16:00,500,중랑,SK지식산업센터 공사현장 앞,신내동,0,0
2020-07-01,13:00,18:00,100,광진,동서울터미널 앞,구의동,0,0
2020-07-01,11:00,12:00,50,마포,고용노동부 서부지청 앞,도화동,0,0
2020-07-01,16:00,20:00,30,마포,"홍대입구역, 신촌역 등",동교동,0,0
2020-07-01,15:30,17:30,100,노원,서라벌고등학교 앞,중계동,0,0
2020-07-01,12:00,18:00,100,동작,보라매병원 앞,신대방동,0,0
2020-07-01,08:30,17:00,100,영등포,한국노총 후문 앞,여의도,0,0
2020-07-01,12:00,13:00,80,종로,소녀상 좌측,,0,0
2020-07-01,18:00,23:59,0,,,수송동,0,0
2020-07-01,12:00,13:00,300,종로,,수송동,0,0
2020-07-01,16:00,20:00,30,서초,중앙지검 서문 좌측,서초동,0,0
2020-07-01,11:30,12:30,60,종로,서울시교육청 앞,신문로1가,0,0
2020-07-01,14:00,22:00,500,용산|서초|방배,서울조달청 앞,방배동,0,0
2020-07-01,11:00,12:30,300,영등포|마포,KBS 신관 앞,여의도,0,0
2020-07-01,11:00,12:00,300,송파,새마을시장 앞,잠실동,0,0
2020-07-01,18:00,20:00,30,서초,강남역 5出 앞,서초동,0,0
2020-07-02,11:00,14:00,100,남대문,서울시청 서소문2청사 앞,서소문동,0,0
2020-07-02,08:30,17:00,100,영등포,한국노총 후문 앞,여의도,0,0
2020-07-02,19:00,21:00,500,노원,노원구청 앞,상계동,0,0
2020-07-02,05:30,16:00,500,중랑,SK지식산업센터 공사현장 앞,신내동,0,0
2020-07-02,14:00,18:00,100,광진,동서울터미널 앞,구의동,0,0
2020-07-02,11:00,13:00,40,남대문,한국경제신문사 앞,중림동,0,0
2020-07-02,11:00,12:00,50,마포,고용노동부 서부지청 앞,도화동,0,0
2020-07-02,16:00,20:00,30,마포,"홍대입구역, 신촌역 등",동교동,0,0
2020-07-02,12:00,18:00,100,동작,보라매병원 앞,신대방동,0,0
2020-07-02,16:00,20:00,30,서초,중앙지검 서문 좌측,서초동,0,0
2020-07-02,18:00,20:00,560,서초,대검찰청 정문 좌측,서초동,0,0
2020-07-02,11:30,12:30,60,종로,서울시교육청 앞,신문로1가,0,0
2020-07-02,07:00,12:00,500,영등포|마포,기재부장관 家 앞,대흥동,0,0
2020-07-02,10:00,13:00,200,성북,성북구청 바람마당 앞,삼선동,0,0
2020-07-02,11:00,13:00,30,강동,강동구청 앞,성내동,0,0
2020-07-02,11:00,17:00,100,서초,삼성생명 빌딩 앞,서초동,0,0
2020-07-02,10:30,11:30,30,성동,이마트 본사 앞,성수동2가,0,0
2020-07-02,11:00,12:00,300,송파,새마을시장 앞,잠실동,0,0
2020-07-02,18:00,20:00,30,서초,강남역 5出 앞,서초동,0,0
2020-07-03,11:00,14:00,100,남대문,서울시청 서소문2청사 앞,서소문동,0,0
2020-07-03,05:30,,500,동대문,청량4구역 롯데건설 공사현장 5번게이트 우측,전농동,0,0
2020-07-03,06:00,07:00,3000,동대문,청량4구역 롯데건설 공사현장 5번게이트 좌측,전농동,0,0
2020-07-03,15:30,16:30,100,영등포,민주당사 앞,여의도,0,0
2020-07-03,12:00,16:00,100,남대문,서울시청 서소문2청사 앞,서소문동,0,0
2020-07-03,08:30,17:00,100,영등포,한국노총 후문 앞,여의도,0,0
2020-07-03,19:00,21:00,500,노원,노원구청 앞,상계동,0,0
2020-07-03,05:30,16:00,500,중랑,SK지식산업센터 공사현장 앞,신내동,0,0
2020-07-03,14:00,18:00,100,광진,동서울터미널 앞,구의동,0,0
2020-07-03,11:00,12:00,50,마포,고용노동부 서부지청 앞,도화동,0,0
2020-07-03,16:00,20:00,30,마포,"홍대입구역, 신촌역 등",동교동,0,0
2020-07-03,15:30,17:30,100,노원,서라벌고등학교 앞,중계동,0,0
2020-07-03,12:00,18:00,100,동작,보라매병원 앞,신대방동,0,0
2020-07-03,15:00,18:00,30,서초,서초역 1∼2出 사이 인도,서초동,0,0
2020-07-03,16:00,20:00,30,서초,중앙지검 서문 좌측,서초동,0,0
2020-07-03,11:30,12:30,60,종로,서울시교육청 앞,신문로1가,0,0
2020-07-03,16:30,18:00,100,영등포,민주당사 앞,여의도,0,0
2020-07-03,11:00,12:00,300,송파,새마을시장 앞,잠실동,0,0
2020-07-03,18:00,20:00,30,서초,강남역 5出 앞,서초동,0,0
2020-07-04,13:30,15:00,400,서초,평화빌딩 앞,서초동,0,0
2020-07-04,15:30,17:00,400,서초,하나로마트 후문 앞,양재동,0,0
2020-07-04,14:00,16:00,100,영등포,민주당사 앞,여의도,0,0
2020-07-04,13:00,14:30,300,종로,청진공원 앞 인도,청진동,0,0
2020-07-04,10:00,12:00,50,서초,해청빌라 앞,서초동,0,0
2020-07-04,14:00,16:00,500,노원,노원구청 앞,상계동,0,0
2020-07-04,05:30,16:00,500,중랑,SK지식산업센터 공사현장 앞,신내동,0,0
2020-07-04,14:00,18:00,100,광진,동서울터미널 앞,구의동,0,0
2020-07-04,16:00,20:00,30,마포,"홍대입구역, 신촌역 등",동교동,0,0
2020-07-04,15:00,19:00,3000,서초,서리풀공원 → 삼성생명 서초타워 앞,서초동,1,0
2020-07-04,14:00,17:00,50,서초,서초역 8出 앞,서초동,0,0
2020-07-04,15:00,21:00,30,서초,강남역 9出 앞,서초동,0,0
2020-07-04,16:00,19:00,2000,서초,중앙지검 서문 → 삼성생명,서초동,1,0
2020-07-04,18:00,20:00,30,서초,강남역 5出 앞,서초동,0,0
2020-07-04,11:00,16:00,100,구로,신도림역 1出 앞,신도림동,0,0
2020-07-04,17:00,19:00,50,구로,항동1·2단지 앞 공원,항동,0,0
2020-07-05,14:00,18:00,100,광진,동서울터미널 앞,구의동,0,0
2020-07-05,10:00,13:00,50,영등포,순복음교회 제2교육관 앞,여의도,0,0
2020-07-05,17:00,20:00,30,마포,홍대입구역 9出 앞,동교동,0,0
2020-07-05,09:30,11:30,30,서부,응암교회 후문 앞,응암동,0,0
2020-07-06,06:00,18:00,500,동작,KCC 공사현장,,0,0
2020-07-06,09:00,12:00,500,송파,,문정동,0,0
2020-07-06,07:30,16:00,100,서초,성모병원 정문 우측 인도,반포동,0,0
2020-07-06,05:30,,500,동대문,청량4구역 롯데건설 공사현장 5번게이트 우측,전농동,0,0
2020-07-06,06:00,07:00,3000,동대문,청량4구역 롯데건설 공사현장 5번게이트 좌측,전농동,0,0
2020-07-06,11:00,16:00,100,남대문,서울시청 서소문2청사 앞,서소문동,0,0
2020-07-06,08:30,16:30,100,영등포,한국노총 후문 앞,여의도,0,0
2020-07-06,19:00,21:00,500,노원,노원구청 앞,상계동,0,0
2020-07-06,05:30,16:00,500,중랑,SK지식산업센터 공사현장 앞,신내동,0,0
2020-07-06,14:00,18:00,100,광진,동서울터미널 앞,구의동,0,0
2020-07-06,11:00,12:00,50,마포,고용노동부 서부지청 앞,도화동,0,0
2020-07-06,16:00,20:00,30,마포,"홍대입구역, 신촌역 등",동교동,0,0
2020-07-06,15:30,17:30,100,노원,서라벌고등학교 앞,중계동,0,0
2020-07-06,12:00,18:00,100,동작,보라매병원 앞,신대방동,0,0
2020-07-06,10:00,13:00,30,남대문,하나금융지주사 앞,명동,0,0
2020-07-06,16:00,20:00,30,서초,중앙지검 서문 좌측,서초동,0,0
2020-07-06,11:30,12:30,60,종로,서울시교육청 앞,신문로1가,0,0
2020-07-06,10:00,18:00,300,성북,고대안암병원,안암동,0,0
2020-07-06,11:00,12:00,300,송파,새마을시장 앞,잠실동,0,0
2020-07-06,18:00,20:00,30,서초,강남역 5出 앞,서초동,0,0
2020-07-07,11:00,12:30,100,마포,좋은사람들 본사 앞,동교동,0,0
2020-07-07,13:00,16:00,500,구로,G밸리플라자 앞 인도,구로동,0,0
2020-07-07,13:30,18:00,250,동작,전문건설협회 앞,신대방동,0,0
2020-07-07,06:00,18:00,500,동작,KCC 공사현장 앞 인도,동작동,0,0
2020-07-07,06:00,07:00,3000,동대문,청량4구역 롯데건설 공사현장 5번게이트 좌측,전농동,0,0
2020-07-07,05:30,,500,동대문,청량4구역 롯데건설 공사현장 5번게이트 우측,전농동,0,0
2020-07-07,11:00,16:00,100,남대문,서울시청 서소문2청사 앞,서소문동,0,0
2020-07-07,13:00,15:00,100,남대문,농업박물관 앞,충정로1가,0,0
2020-07-07,08:30,16:30,100,영등포,한국노총 후문 앞,여의도,0,0
2020-07-07,19:00,21:00,500,노원,노원구청 앞,상계동,0,0
2020-07-07,05:30,16:00,500,중랑,SK지식산업센터 공사현장 앞,신내동,0,0
2020-07-07,14:00,18:00,100,광진,동서울터미널 앞,구의동,0,0
2020-07-07,16:00,20:00,30,마포,"홍대입구역, 신촌역 등",동교동,0,0
2020-07-07,15:30,17:30,100,노원,서라벌고등학교 앞,중계동,0,0
2020-07-07,12:00,18:00,100,동작,보라매병원 앞,신대방동,0,0
2020-07-07,11:00,12:00,200,성동,신도리코 앞,성수동2가,0,0
2020-07-07,16:00,20:00,30,서초,중앙지검 서문 좌측,서초동,0,0
2020-07-07,11:30,12:30,60,종로,서울시교육청 앞,신문로1가,0,0
2020-07-07,13:00,14:00,150,영등포,민주당사 앞,여의도,0,0
2020-07-07,13:00,15:00,60,종로,서울시교육청 앞,신문로2가,0,0
2020-07-07,11:00,12:00,300,송파,새마을시장 앞,잠실동,0,0
2020-07-07,18:00,20:00,30,서초,강남역 5出 앞,서초동,0,0
2020-07-08,08:00,20:00,100,영등포,서울지방노동위원회 앞,문래동,0,0
2020-07-08,15:30,17:00,300,마포,애경그룹 본사 앞,동교동,0,0
2020-07-08,13:00,16:00,500,구로,G밸리플라자 앞,구로동,0,0
2020-07-08,08:30,16:30,100,영등포,한국노총 후문 앞,여의도,0,0
2020-07-08,19:00,21:00,500,노원,노원구청 앞,상계동,0,0
2020-07-08,05:30,16:00,500,중랑,SK지식산업센터 공사현장 앞,신내동,0,0
2020-07-08,11:30,12:30,50,마포,고용노동부 서부지청 앞,도화동,0,0
2020-07-08,14:00,18:00,100,광진,동서울터미널 앞,구의동,0,0
2020-07-08,16:00,20:00,30,마포,"홍대입구역, 신촌역 등",동교동,0,0
2020-07-08,15:30,17:30,100,노원,서라벌고등학교 앞,중계동,0,0
2020-07-08,12:00,18:00,100,동작,보라매병원 앞,신대방동,0,0
2020-07-08,16:00,20:00,30,서초,중앙지검 서문 좌측,서초동,0,0
2020-07-08,11:30,12:30,60,종로,서울시교육청 앞,신문로1가,0,0
2020-07-08,11:00,12:00,300,송파,새마을시장 앞,잠실동,0,0
2020-07-08,18:00,20:00,30,서초,강남역 5出 앞,서초동,0,0
2020-07-09,13:00,16:00,500,구로,G밸리플라자 앞 인도,구로동,0,0
2020-07-09,08:30,16:30,100,영등포,한국노총 후문 앞,여의도,0,0
2020-07-09,19:00,21:00,500,노원,노원구청 앞,상계동,0,0
2020-07-09,05:30,16:00,500,중랑,SK지식산업센터 공사현장 앞,신내동,0,0
2020-07-09,14:00,18:00,100,광진,동서울터미널 앞,구의동,0,0
2020-07-09,16:00,20:00,30,마포,"홍대입구역, 신촌역 등",동교동,0,0
2020-07-09,12:00,18:00,100,동작,보라매병원 앞,신대방동,0,0
2020-07-09,11:00,12:00,50,마포,고용노동부 서부지청 앞,도화동,0,0
2020-07-09,13:00,14:00,30,강남|수서,기업은행 강남WM센터 앞,도곡동,0,0
2020-07-09,16:00,20:00,30,서초,중앙지검 서문 좌측,서초동,0,0
2020-07-09,18:00,20:00,560,서초,대검찰청 정문 좌측,서초동,0,0
2020-07-09,11:30,12:30,60,종로,서울시교육청 앞,신문로1가,0,0
2020-07-09,12:00,14:00,90,강동,둔촌주공@ 공사현장 앞,둔촌동,0,0
2020-07-09,10:00,16:00,40,용산,용산구청 앞,이태원동,0,0
2020-07-09,10:00,12:00,50,영등포|남부,서울 남부 교육지원청 앞,문래동,0,0
2020-07-09,11:00,12:00,300,송파,새마을시장 앞,잠실동,0,0
2020-07-09,18:00,20:00,30,서초,강남역 5出 앞,서초동,0,0
2020-07-10,13:00,16:00,500,구로,넷마블 본사 앞,구로동,0,0
2020-07-10,13:00,18:00,200,영등포,한국거래소 앞,여의도,0,0
2020-07-10,08:30,16:30,100,영등포,한국노총 후문 앞,여의도,0,0
2020-07-10,19:00,21:00,500,노원,노원구청 앞,상계동,0,0
2020-07-10,14:00,18:00,100,광진,동서울터미널 앞,구의동,0,0
2020-07-10,09:00,12:00,500,노원,대현에스엠 본사 앞,상계동,0,0
2020-07-10,16:00,20:00,30,마포,"홍대입구역, 신촌역 등",동교동,0,0
2020-07-10,12:00,18:00,100,동작,보라매병원 앞,신대방동,0,0
2020-07-10,11:00,12:00,50,마포,고용노동부 서부지청 앞,도화동,0,0
2020-07-10,14:00,17:30,1000,서초,서초대가⇆강남역,서초동 등,1,0
2020-07-10,16:00,20:00,30,서초,중앙지검 서문 좌측,서초동,0,0
2020-07-10,11:30,12:30,60,종로,서울시교육청 앞,신문로1가,0,0
2020-07-10,10:00,18:00,300,성북,고대 안암병원 앞,안암동,0,0
2020-07-10,18:00,21:00,100,서초,서초역 8出 앞,서초동,0,0
2020-07-10,19:00,21:00,100,남대문,고용노동청 앞,장교동,0,0
2020-07-10,10:00,16:00,49,마포,효성본사 앞,공덕동,0,0
2020-07-10,11:00,12:00,300,송파,새마을시장 앞,잠실동,0,0
2020-07-10,13:00,16:00,50,용산,한남동 524-1 앞,한남동,0,0
2020-07-10,18:00,20:00,30,서초,강남역 5出 앞,서초동,0,0
2020-07-11,13:00,18:00,100,광진,동서울터미널 앞,구의동,0,0
2020-07-11,16:00,20:00,30,마포,"홍대입구역, 신촌역 등",동교동,0,0
2020-07-11,16:00,17:00,100,용산,美8군 4GATE 앞,용산동,0,0
2020-07-11,08:00,13:30,60,구로,구로디지털단지역 → 신촌역 7出 구로 등,구로동 등,1,0
2020-07-11,08:00,13:30,60,노원,석계역→신당역 노원 등,월계동 등,1,0
2020-07-11,14:00,16:00,10,서초,대검찰청 정문 우측 / 중앙지검 서문 좌측,서초동,0,0
2020-07-11,15:00,19:00,3000,서초,서리풀공원 → 삼성생명 서초타워 앞,서초동,1,0
2020-07-11,14:00,17:00,50,서초,대법원 동문 앞,서초동,0,0
2020-07-11,15:00,18:00,100,서초,대검찰청 → 임진각,서초동,1,0
2020-07-11,16:00,19:00,2000,서초,중앙지검 서문 → 삼성생명,서초동,1,0
2020-07-11,11:00,12:00,50,남대문,TV조선 앞,정동,0,0
2020-07-11,18:00,20:00,30,서초,강남역 5出 앞,서초동,0,0
2020-07-11,15:00,22:00,30,광진,롯대백화점 건대스타시티점 앞,자양동,0,0
2020-07-12,10:00,13:00,50,영등포,순복음교회 제2교육관 앞,여의도,0,0
2020-07-12,13:00,18:00,100,광진,동서울터미널 앞,구의동,0,0
2020-07-12,16:30,21:00,500,서초,정곡빌딩 남관 앞,서초동,0,0
2020-07-12,10:00,12:00,200,양천,반석교회 앞,목동,0,0
2020-07-13,13:00,16:00,500,구로,넷마블 본사 앞,구로동,0,0
2020-07-13,11:00,12:00,200,남대문,서울고용노동청 앞,장교동,0,0
2020-07-13,19:00,20:30,200,남대문,서울고용노동청 앞,장교동,0,0
2020-07-13,08:30,16:30,100,영등포,한국노총 후문 앞,여의도,0,0
2020-07-13,19:00,21:00,500,노원,노원구청 앞,상계동,0,0
2020-07-13,13:00,18:00,100,광진,동서울터미널 앞,구의동,0,0
2020-07-13,16:00,20:00,30,마포,"홍대입구역, 신촌역 등",동교동,0,0
2020-07-13,15:30,17:30,200,노원,서라벌고등학교 앞,중계동,0,0
2020-07-13,16:00,20:00,30,서초,중앙지검 서문 좌측,서초동,0,0
2020-07-13,11:30,12:30,60,종로,서울시교육청 앞,신문로1가,0,0
2020-07-13,10:00,16:00,49,마포,효성본사 앞,공덕동,0,0
2020-07-13,11:00,11:30,300,종로,새마을시장 앞,잠실동,0,0
2020-07-13,11:00,13:00,30,강동,강동구청 앞,성내동,0,0
2020-07-13,18:00,20:00,30,서초,강남역 5出 앞,서초동,0,0
2020-07-14,11:00,12:00,200,남대문,서울고용노동청 앞,장교동,0,0
2020-07-14,12:00,13:00,300,강서,한국공항공사 앞,과해동,0,0
2020-07-14,08:30,16:30,100,영등포,한국노총 후문 앞,여의도,0,0
2020-07-14,19:00,21:00,500,노원,노원구청 앞,상계동,0,0
2020-07-14,14:00,18:00,100,광진,동서울터미널 앞,구의동,0,0
2020-07-14,11:00,12:00,50,마포,고용노동부 서부지청 앞,도화동,0,0
2020-07-14,16:00,20:00,30,마포,"홍대입구역, 신촌역 등",동교동,0,0
2020-07-14,15:30,17:30,200,노원,서라벌고등학교 앞,중계동,0,0
2020-07-14,16:00,20:00,30,서초,중앙지검 서문 좌측,서초동,0,0
2020-07-14,10:00,12:00,80,종로,서울시교육청 앞,신문로1가,0,0
2020-07-14,12:00,13:00,30,종로,서울시교육청 앞,신문로1가,0,0
2020-07-14,13:00,15:00,50,용산,한남동 524-1 앞,한남동,0,0
2020-07-14,18:00,20:00,30,서초,강남역 5出 앞,서초동,0,0
2020-07-15,13:00,16:00,500,구로,넷마블 본사 앞,구로동,0,0
2020-07-15,19:30,21:00,400,남대문,SK남산빌딩 앞,남대문로5가,0,0
2020-07-15,08:30,16:30,100,영등포,한국노총 후문 앞,여의도,0,0
2020-07-15,19:00,21:00,500,노원,노원구청 앞,상계동,0,0
2020-07-15,14:00,18:00,100,광진,동서울터미널 앞,구의동,0,0
2020-07-15,11:00,12:00,50,마포,고용노동부 서부지청 앞,도화동,0,0
2020-07-15,16:00,20:00,30,마포,"홍대입구역, 신촌역 등",동교동,0,0
2020-07-15,15:30,17:30,200,노원,서라벌고등학교 앞,중계동,0,0
2020-07-15,07:00,16:00,100,마포,서울신용보증재단 앞,공덕동,0,0
2020-07-15,16:00,20:00,30,서초,중앙지검 서문 좌측,서초동,0,0
2020-07-15,11:00,15:00,50,강남,LH서울지역본부 앞,논현동,0,0
2020-07-15,10:00,13:00,30,영등포,에이스 하이테크시티 앞,문래동,0,0
2020-07-15,13:00,15:00,30,용산,한남동 524-1 앞,한남동,0,0
2020-07-15,18:00,20:00,30,서초,강남역 5出 앞,서초동,0,0
2020-07-16,13:00,21:00,100,영등포,서울지방 노동위원회 앞,문래동,0,0
2020-07-16,11:30,12:30,300,종로,청진공원 앞,청진동,0,0
2020-07-16,15:30,17:00,100,영등포,LG트윈타워 앞,여의도,0,0
2020-07-16,13:00,16:00,500,구로,넷마블 본사 앞,구로동,0,0
2020-07-16,19:00,20:30,200,남대문,서울고용노동청 앞,장교동,0,0
2020-07-16,12:00,13:00,100,강서,대한항공 본사 앞,외발산동,0,0
2020-07-16,08:30,16:30,100,영등포,한국노총 후문 앞,여의도,0,0
2020-07-16,19:00,21:00,500,노원,노원구청 앞,상계동,0,0
2020-07-16,14:00,18:00,100,광진,동서울터미널 앞,구의동,0,0
2020-07-16,11:00,15:00,100,종암,월곡역 1出 앞,하월곡동,0,0
2020-07-16,16:00,20:00,30,마포,"홍대입구역, 신촌역 등",동교동,0,0
2020-07-16,17:30,18:30,30,종로,시교육청 정문 좌측 인도,신문로2가,0,0
2020-07-16,15:30,17:30,200,노원,서라벌고등학교 앞,중계동,0,0
2020-07-16,10:00,12:00,200,방배,방배동 938-7 앞,방배동,0,0
2020-07-16,16:00,20:00,30,서초,중앙지검 서문 좌측,서초동,0,0
2020-07-16,18:00,20:00,260,서초,대검찰청 정문 좌측,서초동,0,0
2020-07-16,12:00,13:00,30,종로,서울시교육청 앞,신문로1가,0,0
2020-07-16,10:00,,120,서초,서초역 8出 앞,서초동,0,0
2020-07-16,14:30,16:00,60,마포,상암월드컵경기장,상암동,0,0
2020-07-16,13:00,15:00,50,용산,한남동 524-1 앞,한남동,0,0
2020-07-17,13:00,16:00,500,구로,넷마블 본사 앞,구로동,0,0
2020-07-17,08:30,16:30,100,영등포,한국노총 후문 앞,여의도,0,0
2020-07-17,19:00,21:00,500,노원,노원구청 앞,상계동,0,0
2020-07-17,14:00,18:00,100,광진,동서울터미널 앞,구의동,0,0
2020-07-17,13:00,14:00,30,영등포,BK투자증권 앞,여의도,0,0
2020-07-17,16:00,20:00,30,마포,"홍대입구역, 신촌역 등",동교동,0,0
2020-07-17,15:30,17:30,200,노원,서라벌고등학교 앞,중계동,0,0
2020-07-17,06:00,07:00,150,강서,LG아트센터 공사현장 앞,마곡동,0,0
2020-07-17,16:00,19:00,5000,서초,교대역 10出 앞,서초동,0,0
2020-07-17,11:30,12:00,30,종로,서울시교육청 앞,신문로1가,0,0
2020-07-17,18:00,20:00,30,서초,강남역 5出 앞,서초동,0,0
2020-07-18,14:00,18:00,100,광진,동서울터미널 앞,구의동,0,0
2020-07-18,16:00,20:00,30,마포,"홍대입구역, 신촌역 등",동교동,0,0
2020-07-18,15:00,19:00,3000,서초,서리풀공원 → 삼성생명 서초타워 앞,서초동,1,0
2020-07-18,14:00,17:00,50,서초,서초역 8出 앞,서초동,0,0
2020-07-18,16:00,19:00,100,서초,홍대입구역 7出 앞,서교동,0,0
2020-07-18,11:00,11:40,50,남대문,조선일보 미술관 건너편,정동,0,0
2020-07-18,18:00,20:00,100,영등포,대산빌딩 앞,여의도,0,0
2020-07-18,20:30,22:00,30,영등포,KBS삼거리,여의도,0,0
2020-07-18,18:00,20:00,30,서초,강남역 5出 앞,서초동,0,0
2020-07-18,15:00,17:00,90,남대문,예금보험공사 앞,다동,0,0
2020-07-18,15:00,22:00,30,광진,롯대백화점 건대스타시티점 앞,자양동,0,0
2020-07-19,14:00,18:00,100,광진,동서울터미널 앞,구의동,0,0
2020-07-19,16:00,20:00,30,마포,"홍대입구역, 신촌역 등",동교동,0,0
2020-07-19,10:00,13:00,50,영등포,순복음교회 제2교육관 앞,여의도,0,0
2020-07-19,16:00,18:00,150,서초,강남역 9出 앞,서초동,0,0
2020-07-19,13:00,16:00,500,남대문,한빛광장,장교동,0,0
2020-07-19,13:00,17:00,250,서부,새절역사거리⇄ 봉산터널,신사동,0,0
2020-07-19,10:00,12:00,200,양천,반석교회 앞,목동,0,0
2020-07-19,09:40,12:10,30,서부,응암교회 후문 앞,응암동,0,0
2020-07-20,13:00,16:00,500,구로,넷마블 본사 앞,구로동,0,0
2020-07-20,09:00,12:00,40,서초,영동프라자 상가 앞 인도,서초동,0,0
2020-07-20,08:00,17:00,100,강동,SK전기충전소 공사현장 앞,길동,0,0
2020-07-20,08:30,16:30,80,영등포,한국노총 후문 앞,여의도,0,0
2020-07-20,19:00,21:00,500,노원,노원구청 앞,상계동,0,0
2020-07-20,14:00,18:00,100,광진,동서울터미널 앞,구의동,0,0
2020-07-20,11:00,11:40,30,영등포,NH증권 앞,여의도,0,0
2020-07-20,11:50,12:50,30,영등포,금융감독원 앞,여의도,0,0
2020-07-20,15:00,16:00,400,영등포,농협중앙회 앞 인도,충정로1가,0,0
2020-07-20,16:00,20:00,30,마포,"홍대입구역, 신촌역 등",동교동,0,0
2020-07-20,15:30,17:30,200,노원,서라벌고등학교 앞,중계동,0,0
2020-07-20,08:00,15:00,49,용산,효성본사 앞,공덕동,0,0
2020-07-20,11:00,13:00,30,강동,강동구청 앞,성내동,0,0
2020-07-20,18:00,20:00,30,서초,강남역 5出 앞,서초동,0,0
2020-07-22,13:00,16:00,500,구로,넷마블 본사 앞,구로동,0,0
2020-07-22,08:00,15:00,100,성동,이마트 에브리데이 앞,성수동1가,0,0
2020-07-22,17:30,18:30,30,종로,시교육청 정문 좌측 인도,신문로2가,0,0
2020-07-22,19:30,20:30,10,종로,광화문KT 신관 서측 인도,청진동,0,0
2020-07-22,16:00,18:30,30,성동,KT성수지사 앞,성수동2가,0,0
2020-07-22,05:30,09:00,300,강서,등촌동 633-12 앞,등촌동,0,0
2020-07-22,08:30,16:30,80,영등포,한국노총 후문 앞,여의도,0,0
2020-07-22,19:00,21:00,10000,노원,노원구청 앞,상계동,0,0
2020-07-22,14:00,18:00,100,광진,동서울터미널 앞,구의동,0,0
2020-07-22,16:00,20:00,30,마포,"홍대입구역, 신촌역 등",동교동,0,0
2020-07-22,16:00,20:00,30,서초,중앙지검 서문 좌측,서초동,0,0
2020-07-22,15:30,18:00,30,용산,한남동 524-1 앞,한남동,0,0
2020-07-22,18:00,20:00,30,서초,강남역 5出 앞,서초동,0,0
2020-07-23,07:30,08:30,500,남대문,서울고용노동청 앞,장교동,0,0
2020-07-23,13:00,16:00,500,구로,넷마블 본사 앞,구로동,0,0
2020-07-23,06:00,07:00,300,강서,대양종합건설 공사현장 앞,등촌동,0,0
2020-07-23,06:00,06:30,300,강서,LG아트센터 공사현장 앞,마곡동,0,0
2020-07-23,09:00,18:00,100,강동,삼성물산 본사 앞,상일동,0,0
2020-07-23,19:00,21:00,10000,노원,노원구청 앞,상계동,0,0
2020-07-23,08:30,16:30,80,영등포,한국노총 후문 앞,여의도,0,0
2020-07-23,14:00,18:00,100,광진,동서울터미널 앞,구의동,0,0
2020-07-23,09:30,10:30,30,영등포,NH증권 앞,여의도,0,0
2020-07-23,16:00,20:00,30,마포,"홍대입구역, 신촌역 등",동교동,0,0
2020-07-23,16:00,20:00,30,서초,대검찰청 정문 우측,서초동,0,0
2020-07-23,18:00,20:00,260,서초,대법원 정문 좌측,서초동,0,0
2020-07-23,09:00,12:00,50,영등포,남부교육지원청 앞,문래동,0,0
2020-07-23,10:30,17:00,50,성동,이엔에이치 앞,성수동2가,0,0
2020-07-23,11:00,14:00,100,영등포,금감원 앞,여의도,0,0
2020-07-23,08:00,15:00,49,용산,용산구청 앞,이태원동,0,0
2020-07-23,11:00,13:00,35,강동,강동구청 앞,성내동,0,0
2020-07-23,15:30,18:00,30,용산,한남동 524-1 앞,한남동,0,0
2020-07-23,18:00,20:00,30,서초,강남역 5出 앞,서초동,0,0
2020-07-24,14:00,15:00,100,동대문,정우금속 건너편,신설동,0,0
2020-07-24,14:00,15:00,100,마포,임오파트너스 앞,서교동,0,0
2020-07-24,16:00,17:30,500,서초,삼성생명 앞,서초동,0,0
2020-07-24,11:30,13:00,200,남대문,삼화타워 앞,,0,0
2020-07-24,17:00,17:30,0,,,수하동,0,0
2020-07-24,13:00,16:00,500,강서,,구로동,0,0
2020-07-24,06:00,06:30,300,남대문,LG아트센터 공사현장 앞,마곡동,0,0
2020-07-24,19:00,21:00,10000,노원,노원구청 앞,상계동,0,0
2020-07-24,08:30,16:30,80,영등포,한국노총 후문 앞,여의도,0,0
2020-07-24,14:00,18:00,100,광진,동서울터미널 앞,구의동,0,0
2020-07-24,08:00,16:00,300,강동,둔촌오륜역 앞,둔촌동,0,0
2020-07-24,16:00,20:00,30,마포,"홍대입구역, 신촌역 등",동교동,0,0
2020-07-24,16:00,20:00,30,서초,대검찰청 정문 우측,서초동,0,0
2020-07-24,10:00,13:00,500,강동,강동구청 1청사 앞,성내동,0,0
2020-07-24,10:30,11:30,200,영등포,한국신용평가정보 앞,여의도,0,0
2020-07-24,11:00,14:00,30,용산,한남동 524-1 앞,한남동,0,0
2020-07-24,15:00,16:00,90,서초,국제전자센터 앞,서초동,0,0
2020-07-24,18:00,20:00,30,서초,강남역 5出 앞,서초동,0,0
2020-07-25,14:00,18:00,100,광진,동서울터미널 앞,구의동,0,0
2020-07-25,16:00,20:00,30,마포,"홍대입구역, 신촌역 등",동교동,0,0
2020-07-25,16:00,19:30,3000,서초,"대검찰청 정문 좌, 우측 인도",서초동,0,0
2020-07-25,09:30,11:30,200,용산,전쟁기념관 앞,용산동,0,0
2020-07-25,13:30,17:30,3000,남대문|중부,신한은행 광교점 → 남대문시장2문,삼각동 등,1,0
2020-07-25,18:00,19:00,500,종로|송파|성북|강동,대성집 ⇄ 통의R 등 6개 코스,통의동 등,0,0
2020-07-25,19:30,,500,서초|마포|동작|수서|종암,미디어타임리치 ⇄ 세곡동R,세곡동,0,0
2020-07-25,18:00,20:00,20,종로,청운효자동주민센터 앞,효자동,0,0
2020-07-25,14:00,18:00,500,종로|남대문,청계북로 푸른저축은행 ⇄ 을지로2R,서린동 등,0,0
2020-07-25,14:00,17:00,50,중부|서초,서초역 8出 앞,서초동,0,0
2020-07-25,16:00,19:00,1000,남대문|중부,예금보험공사 ⇄ 을지로3R,다동 등,0,0
2020-07-25,15:00,19:00,3000,서초,서리풀공원 → 삼성생명 서초타워,서초동,1,0
2020-07-25,15:20,15:40,400,종로,경복궁역∼청운효자동주민센터,세종로 등,0,0
2020-07-25,16:00,19:00,100,마포,홍대입구역 7出 앞,서교동,0,0
2020-07-25,17:00,19:00,500,서초,중앙지검 서문 좌측,서초동,0,0
2020-07-25,11:00,,50,남대문,조선일보 미술관 앞,정동,0,0
2020-07-25,13:00,14:00,40,서대문,신촌 유플렉스 ⇄ 신촌 아웃백,창천동,0,0
2020-07-25,19:00,21:00,5000,남대문|중부,예금보험공사 앞,다동,0,0
2020-07-25,15:30,18:00,100,서대문,신촌 유플렉스 앞,창천동,0,0
2020-07-25,18:00,20:00,30,서초,강남역 5出 앞,서초동,0,0
2020-07-25,10:00,11:00,50,중랑,삼부그린 건설현장 3번 게이트 앞,인동,0,0
2020-07-25,15:00,22:00,30,광진,롯대백화점 건대스타시티점 앞,자양동,0,0
2020-07-26,10:00,13:00,50,영등포,순복음교회 제2교육관 앞,여의도,0,0
2020-07-26,14:00,18:00,100,광진,동서울터미널 앞,구의동,0,0
2020-07-26,16:00,20:00,30,마포,"홍대입구역, 신촌역 등",동교동,0,0
2020-07-26,10:00,12:00,200,양천,반석교회 앞,목동,0,0
2020-07-27,06:00,07:00,300,강서,대양종합건설 공사현장 앞,등촌동,0,0
2020-07-27,06:00,06:30,300,강서,LG아트센터 공사현장 앞,마곡동,0,0
2020-07-27,13:00,16:00,500,구로,넷마블 본사 앞,구로동,0,0
2020-07-27,07:30,,50,강남,샘터근린공원 앞,삼성동,0,0
2020-07-27,19:00,21:00,10000,노원,노원구청 앞,상계동,0,0
2020-07-27,08:30,16:30,80,영등포,한국노총 후문 앞,여의도,0,0
2020-07-27,14:00,18:00,100,광진,동서울터미널 앞,구의동,0,0
2020-07-27,09:00,16:00,300,강동,둔촌오륜역 앞,둔촌동,0,0
2020-07-27,16:00,20:00,30,마포,"홍대입구역, 신촌역 등",동교동,0,0
2020-07-27,16:00,20:00,30,서초,대검찰청 정문 우측,서초동,0,0
2020-07-27,09:00,12:00,150,남대문|중부,중앙우체국 앞,명동,0,0
2020-07-27,10:30,,100,방배,새마을시장 앞,잠실동,0,0
2020-07-27,08:00,15:00,49,용산,용산구청 앞,이태원동,0,0
2020-07-27,18:00,20:00,30,,강남역 5出 앞,서초동,0,0
2020-07-28,06:00,07:00,300,강서,대양종합건설 공사현장 앞,등촌동,0,0
2020-07-28,06:00,06:30,300,강서,LG아트센터 공사현장 앞,마곡동,0,0
2020-07-28,13:00,16:00,500,구로,넷마블 본사 앞,구로동,0,0
2020-07-28,13:00,13:30,200,남대문,삼화타워 앞,수하동,0,0
2020-07-28,07:30,08:30,1000,강동,강동성심병원 앞,길동,0,0
2020-07-28,10:30,12:00,120,남대문,기업은행 본점 앞,수하동,0,0
2020-07-28,11:00,11:40,50,영등포,NH증권 앞,여의도,0,0
2020-07-28,11:50,13:00,50,영등포,금융감독원 앞,여의도,0,0
2020-07-28,14:30,15:30,30,남대문,농협중앙회 앞,충정로,0,0
2020-07-28,07:00,17:00,100,동작,보라매병원,신대방동,0,0
2020-07-28,15:30,17:30,200,노원,서라벌고등학교 앞,중계동,0,0
2020-07-28,19:00,21:00,10000,노원,노원구청 앞,상계동,0,0
2020-07-28,08:30,16:30,80,영등포,한국노총 후문 앞,여의도,0,0
2020-07-28,14:00,18:00,100,광진,동서울터미널 앞,구의동,0,0
2020-07-28,08:30,12:00,30,남대문,하나은행 본점 앞,을지로,0,0
2020-07-28,16:00,20:00,30,서초,대검찰청 정문 우측,서초동,1,0
2020-07-28,13:00,17:00,40,관악,서울대입구역 2出,대학동,0,0
2020-07-28,10:30,18:30,40,종로,현대건설 앞,계동,0,0
2020-07-28,10:00,15:00,99,마포,마포구청 앞,성산동,0,0
2020-07-28,08:00,18:00,30,수서,SH공사 앞 인도,개포동,0,0
2020-07-28,14:00,18:00,30,용산,한남동 524-1 앞,한남동,0,0
2020-07-28,11:00,17:00,50,성동,이엔에이치 앞,성수동,0,0
2020-07-28,18:00,20:00,30,서초,강남역 5出 앞,서초동,0,0
2020-07-29,05:30,09:00,300,금천,금천소방서 신축 공사현장 앞,독산동,0,0
2020-07-29,06:00,06:30,300,강서,LG아트센터 공사현장 앞,마곡동,0,0
2020-07-29,08:00,,100,강동,힐데스하임 공사현장 앞,천호동,0,0
2020-07-29,07:30,,500,강동,둔촌주공아파트,둔촌동,0,0
2020-07-29,14:00,16:00,100,서초,대자동차 본사 앞,양재동,0,0
2020-07-29,13:00,14:30,30,남대문,농협중앙회 앞,,0,0
2020-07-29,19:00,20:30,200,남대문,서울고용노동청 앞,장교동,0,0
2020-07-29,15:30,17:30,200,노원,서라벌고등학교 앞,중계동,0,0
2020-07-29,09:30,10:00,30,종로,교육청 정문 좌측 인도,,0,0
2020-07-29,19:00,21:00,10000,노원,,상계동,0,0
2020-07-29,08:30,16:30,80,영등포,한국노총 후문 앞,여의도,0,0
2020-07-29,14:00,18:00,100,광진,동서울터미널 앞,구의동,0,0
2020-07-29,16:00,20:00,30,서초,대검찰청 정문 우측,서초동,0,0
2020-07-29,10:00,12:00,40,영등포,복음교회 제2교육관 앞,여의도,0,0
2020-07-29,18:00,20:00,30,서초,강남역 5出 앞,서초동,0,0
2020-07-30,05:30,09:00,300,금천,금천소방서 신축 공사현장 앞,독산동,0,0
2020-07-30,11:00,12:00,300,강서,대양종합건설 공사현장 앞,등촌동,0,0
2020-07-30,06:00,06:30,300,강서,LG아트센터 공사현장 앞,마곡동,0,0
2020-07-30,07:30,,500,강동,둔촌주공아파트 재건축 공사현장 앞,둔촌동,0,0
2020-07-30,18:00,19:00,200,영등포,KB금융지주 앞,여의도,0,0
2020-07-30,12:00,13:00,150,강서,한국공항공사 앞,과해동,0,0
2020-07-30,07:00,17:00,100,동작,보라매병원 앞,신대방동,0,0
2020-07-30,19:00,21:00,10000,노원,노원구청 앞,상계동,0,0
2020-07-30,08:30,16:30,80,영등포,한국노총 후문 앞,여의도,0,0
2020-07-30,11:00,11:40,50,영등포,NH증권 앞,여의도,0,0
2020-07-30,11:50,13:00,50,영등포,금융감독원 앞,여의도,0,0
2020-07-30,15:30,17:30,200,노원,서라벌고등학교 앞,중계동,0,0
2020-07-30,14:30,16:00,100,서초,하나로마트 후문 앞,양재동,0,0
2020-07-30,17:00,20:00,260,서초,대검찰청 정문 좌측,서초동,0,0
2020-07-30,10:00,12:00,50,영등포,남부교육지원청 앞,문래동,0,0
2020-07-30,10:30,12:30,300,영등포,한국신용평가정보 앞,여의도,0,0
2020-07-30,10:30,13:00,500,강동,강동구청 앞,성내동,0,0
2020-07-30,10:00,13:00,30,서초,재일화재빌딩 앞,서초동,0,0
2020-07-31,05:30,09:00,300,금천,금천소방서 신축 공사현장 앞,독산동,0,0
2020-07-31,11:00,12:00,300,강서,대양종합건설 공사현장 앞,등촌동,0,0
2020-07-31,06:00,06:30,300,강서,LG아트센터 공사현장 앞,마곡동,0,0
2020-07-31,06:00,,100,강동,힐데스하임 공사현장 앞,천호동,0,0
2020-07-31,07:00,17:00,100,동작,보라매병원 앞,신대방동,0,0
2020-07-31,19:00,21:00,10000,노원,노원구청 앞,상계동,0,0
2020-07-31,08:30,16:30,80,영등포,한국노총 후문 앞,여의도,0,0
2020-07-31,15:30,17:30,200,노원,서라벌고등학교 앞,중계동,0,0
2020-07-31,16:00,20:00,30,서초,대검찰청 정문 우측,서초동,0,0
2020-07-31,10:00,12:00,50,영등포,남부교육지원청 앞,문래동,0,0
2020-07-31,10:00,13:00,30,서초,재일화재빌딩 앞,서초동,0,0
2020-07-31,18:00,20:00,30,서초,강남역 5出 앞,서초동,0,0
2020-08-01,05:30,09:00,300,금천,금천소방서 신축 공사현장 앞,독산동,0,0
2020-08-01,19:00,20:30,2000,종로|남대문,청계남·북로(모전교∼광통교),서린동 등,0,0
2020-08-01,16:00,17:00,100,용산,美8군 4GATE 앞,용산동,0,0
2020-08-01,15:00,19:00,3000,서초,서리풀공원 → 삼성생명 서초타워,서초동,1,0
2020-08-01,14:00,17:00,10,남대문,을지로입구역 7∼8出 앞,을지로1가,0,0
2020-08-01,14:00,18:00,500,종로|남대문,청계북로 푸른저축은행 ⇄ 을지로2R,서린동 등,0,0
2020-08-01,16:00,19:00,1000,남대문|중부,을지로입구역 ⇄ 충무로역,소공동,0,0
2020-08-01,17:00,20:00,100,마포,홍대입구역 7出 앞,서교동,0,0
2020-08-01,16:00,19:00,3000,영등포,여의대로 10문 앞,여의도,0,0
2020-08-01,18:00,21:00,100,영등포,대산빌딩 앞,여의도,0,0
2020-08-01,18:00,20:00,30,서초,강남역 5出 앞,서초동,0,0
2020-08-01,15:00,22:00,30,광진,롯대백화점 건대스타시티점 앞,자양동,0,0
2020-08-01,17:00,19:00,100,노원,롯데백화점 노원점 앞,상계동,0,0
2020-08-02,10:00,13:00,50,영등포,순복음교회 제2교육관 앞,여의도,0,0
2020-08-02,10:00,12:00,200,양천,반석교회 앞,목동,0,0
2020-08-03,07:00,17:00,100,동작,보라매병원 앞,신대방동,0,0
2020-08-03,19:00,21:00,10000,노원,노원구청 앞,상계동,0,0
2020-08-03,07:00,08:00,500,노원,청암3단지 아파트 앞,중계동,0,0
2020-08-03,08:30,18:00,500,노원,노원수학문화관 앞,중계동,0,0
2020-08-03,08:30,16:30,80,영등포,한국노총 후문 앞,여의도,0,0
2020-08-03,08:30,15:00,100,성동,이마트 에브리데이 앞,성수동1가동,0,0
2020-08-03,15:30,17:30,200,노원,서라벌고등학교 앞,중계동,0,0
2020-08-03,16:00,20:00,30,서초,대검찰청 정문 우측,서초동,0,0
2020-08-03,10:00,12:00,50,영등포,남부교육지원청 앞,문래동,0,0
2020-08-03,10:00,13:00,30,서초,재일화재빌딩 앞,서초동,0,0
2020-08-03,18:00,20:00,30,서초,강남역 5出 앞,서초동,0,0
2020-08-04,07:30,08:30,1000,강동,강동성심병원 앞,길동,0,0
2020-08-04,07:00,17:00,100,동작,보라매병원 앞,신대방동,0,0
2020-08-04,13:00,17:00,100,남대문,삼화타워 앞,수하동,0,0
2020-08-04,15:30,17:30,200,노원,서라벌고등학교 앞,중계동,0,0
2020-08-04,16:00,20:00,30,서초,대검찰청 정문 우측,서초동,0,0
2020-08-04,10:00,12:00,50,영등포,남부교육지원청 앞,문래동,0,0
2020-08-04,10:00,13:00,30,서초,제일화재빌딩 앞,서초동,0,0
2020-08-04,15:00,17:00,70,노원,경남롯데상아@단지내,중계동,0,0
2020-08-04,18:00,20:00,30,서초,강남역 5出 앞,서초동,0,0
2020-08-05,07:30,08:30,100,강동,강동경희대병원 앞,상일동,0,0
2020-08-05,10:00,12:00,500,동작,동작구청 정문 우측 인도,노량진동,0,0
2020-08-05,14:00,16:00,200,영등포,금융감독원 앞,여의도,0,0
2020-08-05,07:00,17:00,100,동작,보라매병원 앞,신대방동,0,0
2020-08-05,15:30,17:30,200,노원,서라벌고등학교 앞,중계동,0,0
2020-08-05,16:00,20:00,30,서초,대검찰청 정문 우측,서초동,0,0
2020-08-05,10:00,12:00,50,영등포,남부교육지원청 앞,문래동,0,0
2020-08-05,10:00,13:00,30,서초,제일화재빌딩 앞,서초동,0,0
2020-08-05,15:00,17:00,70,노원,경남롯데상아@단지내,중계동,0,0
2020-08-05,19:00,20:00,100,방배,반포동812,반포,0,0
2020-08-05,18:00,20:00,30,서초,강남역 5出 앞,서초동,0,0
2020-08-06,13:00,16:00,500,영등포,한국거래소 앞,여의도,0,0
2020-08-06,07:00,17:00,100,동작,보라매병원 앞,신대방동,0,0
2020-08-06,08:30,16:30,80,영등포,한국노총 후문 앞,여의도,0,0
2020-08-06,15:30,17:30,200,노원,서라벌고등학교 앞,중계동,0,0
2020-08-06,18:00,20:00,260,서초,더바인웨딩홀 앞,서초동,0,0
2020-08-06,16:00,20:00,30,서초,대검찰청 정문 우측,서초동,0,0
2020-08-06,10:00,12:00,50,영등포,남부교육지원청 앞,문래동,0,0
2020-08-06,11:00,13:00,42,강동,강동구청 앞,성내동,0,0
2020-08-06,15:00,17:00,70,노원,경남롯데상아@단지내,중계동,0,0
2020-08-06,18:00,20:00,30,강남,강남역 5出 앞,서초동,0,0
2020-08-07,10:00,11:00,150,남대문,CJ본사 앞,남대문로5가,0,0
2020-08-07,07:00,17:00,100,동작,보라매병원 앞,신대방동,0,0
2020-08-07,08:30,16:30,80,영등포,한국노총 후문 앞,여의도,0,0
2020-08-07,15:30,17:30,200,노원,서라벌고등학교 앞,중계동,0,0
2020-08-07,16:00,20:00,30,서초,대검찰청 정문 우측,서초동,0,0
2020-08-07,10:00,11:00,50,영등포,남부교육지원청 앞,문래동,0,0
2020-08-07,14:00,17:00,3000,영등포,여의대로 10~11문,여의도,0,0
2020-08-07,11:00,12:30,300,마포,H&M홍대점 앞,동교동,0,0
2020-08-07,15:00,17:00,70,노원,경남롯데상아@단지내,중계동,0,0
2020-08-07,15:00,17:00,15,중랑,중랑구청 앞,신내동,0,0
2020-08-07,18:00,20:00,30,서초,강남역 9出 앞,서초동,0,0
2020-08-08,12:00,18:00,1000,종로,경복궁역 7出⇄신교R,내자동 등,0,0
2020-08-08,13:00,16:00,50,영등포|마포,아현中 → 국방부,아현동 등,1,0
2020-08-08,15:00,19:00,3000,용산|서초,서리풀공원 → 삼성생명 서초타워,서초동,1,0
2020-08-08,13:00,15:00,1000,남대문,롯데호텔 건너편,을지로1가,0,0
2020-08-08,16:00,19:00,1000,남대문|중부,롯데호텔 건너편 ⇄ 충무로역,을지로1가 등,0,0
2020-08-08,16:00,18:00,500,용산,국방부→전쟁기념관,용산동 등,1,0
2020-08-08,17:00,19:30,500,서초,중앙지검 서문 → 아크로비스타APT,서초동 등,1,0
2020-08-08,11:00,11:40,100,남대문,조선일보 미술관 건너편,정동,0,0
2020-08-08,14:00,16:00,80,송파,서울동부구치소 앞,문정동,0,0
2020-08-08,16:00,18:00,30,종로,청운효자주민센터 → 경복궁역 2出,효자동 등,1,0
2020-08-08,18:00,21:00,3000,영등포,여의대로 10문 앞,여의도동,0,0
2020-08-08,18:00,21:00,500,영등포,대산빌딩 앞,여의도동,0,0
2020-08-08,16:00,19:00,90,서초,교대역 10出 앞,서초동,0,0
2020-08-08,18:00,20:00,30,서초,강남역 5出 앞,서초동,0,0
2020-08-10,05:30,09:00,300,금천,금천소방서 신축 공사현장 앞,독산동,0,0
2020-08-10,11:00,14:00,300,강서,대양종합건설 공사현장 앞,등촌동,0,0
2020-08-10,06:00,07:00,300,강서,LG아트센터 공사현장 앞,마곡동,0,0
2020-08-10,10:00,12:00,100,용산,코레일네트웍스 앞,한강로2가동,0,0
2020-08-10,08:30,16:30,80,영등포,한국노총 후문 앞,여의도,0,0
2020-08-10,10:00,12:00,50,노원,그린코아상가 앞,중계동,0,0
2020-08-10,09:00,15:00,100,성동,이마트 에브리데이 앞,성수동1가,0,0
2020-08-10,15:30,17:30,200,노원,서라벌고등학교 앞,중계동,0,0
2020-08-10,16:00,20:00,30,서초,대검찰청 정문 우측,서초동,0,0
2020-08-10,10:30,12:00,50,종로,서울시교육청 앞,신문로,0,0
2020-08-10,15:00,19:00,200,용산,국방부→미8군 4게이트,용산동 등,1,0
2020-08-10,18:00,20:00,30,서초,강남역 5出 앞,서초동,0,0
2020-08-11,05:30,09:00,300,금천,금천소방서 신축 공사현장 앞,독산동,0,0
2020-08-11,11:00,12:00,300,강서,대양종합건설 공사현장 앞,등촌동,0,0
2020-08-11,06:00,07:30,300,강서,한독 R&D센터 공사현장 앞,마곡동,0,0
2020-08-11,15:00,16:30,40,중부,"국립중앙의료원 앞, 동대문역사문화공원",을지로6가,0,0
2020-08-11,14:30,16:30,30,영등포,여의도성모병원→ 샛강역 3出,여의도,1,0
2020-08-11,15:00,16:00,39,성북,고대안암병원 앞,안암동,0,0
2020-08-11,13:00,13:30,30,동작,중앙대병원 앞,흑석동,0,0
2020-08-11,12:00,13:00,200,강서,이대서울병원 앞,마곡동,0,0
2020-08-11,15:00,15:30,40,서초,서울성모병원 앞,반포동,0,0
2020-08-11,10:00,12:00,100,용산,코레일네트웍스 앞,한강로2가동,0,0
2020-08-11,08:30,16:30,80,영등포,한국노총 후문 앞,여의도,0,0
2020-08-11,15:30,17:30,200,노원,서라벌고등학교 앞,중계동,0,0
2020-08-11,16:00,20:00,50,서초,대검찰청 정문 우측,서초동,0,0
2020-08-11,19:00,20:00,100,종로,경복궁역 3出 → 신교R,신문로,1,0
2020-08-11,16:00,18:00,100,서초,중앙지검 서문 좌측,서초동,0,0
2020-08-11,14:00,15:00,90,영등포,더불어민주당사 앞,여의도동,0,0
2020-08-11,14:00,16:00,700,중부,효봉빌딩 앞,입정동,0,0
2020-08-11,18:00,20:00,30,서초,강남역 5出 앞,서초동,0,0
2020-08-12,11:00,12:00,300,강서,대양종합건설 공사현장 앞,등촌동,0,0
2020-08-12,06:00,07:30,300,강서,한독 R&D센터 공사현장 앞,마곡동,0,0
2020-08-12,12:00,13:00,100,강서,대한항공 본사 건너편,등촌동,0,0
2020-08-12,16:00,16:30,150,용산,용산역 광장 앞,한강로3가동,0,0
2020-08-12,14:00,16:00,1200,서초,삼성생명 앞 인도 및 2개 차로,서초동,0,1
2020-08-12,08:30,16:30,80,영등포,한국노총 후문 앞,여의도,0,0
2020-08-12,06:00,12:00,500,노원,청년주택 현장 앞,공릉동,0,0
2020-08-12,15:30,17:30,200,노원,서라벌고등학교 앞,중계동,0,0
2020-08-12,08:00,15:00,100,마포,공덕동 서울신용보증재단 앞 인도,공덕동,0,0
2020-08-12,16:00,20:00,50,서초,대검찰청 정문 우측,서초동,0,0
2020-08-12,11:00,18:00,80,동작,흑석역 3・4出 앞,흑석동,0,0
2020-08-12,14:00,16:00,70,강남,새마을금고 중앙회 앞,삼성동,0,0
2020-08-12,18:00,20:00,30,서초,강남역 5出 앞,서초동,0,0
2020-08-13,05:30,09:00,300,금천,금천소방서 신축 공사현장 앞,독산동,0,0
2020-08-13,10:30,12:00,150,종로,광통교 북단 인도,서린동,0,0
2020-08-13,06:00,12:00,500,노원,청년주택 현장 앞,공릉동,0,0
2020-08-13,08:30,16:30,80,영등포,한국노총 후문 앞,여의도,0,0
2020-08-13,17:00,18:00,100,영등포,LG트윈타워 앞,여의도,0,0
2020-08-13,15:30,17:30,200,노원,서라벌고등학교 앞,중계동,0,0
2020-08-13,18:00,20:00,180,서초,더바인웨딩홀 옆 인도,서초동,0,0
2020-08-13,16:00,20:00,50,서초,대검찰청 정문 우측,서초동,0,0
2020-08-13,11:00,18:00,80,동작,흑석역 3・4出 앞,흑석동,0,0
2020-08-13,19:00,20:00,100,종로,경복궁역 3出 → 신교R,적선동,1,0
2020-08-13,15:00,16:30,70,영등포,미래통합당사 앞,영등포동,0,0
2020-08-13,16:00,20:00,40,성동,왕십리역 5・6出 앞,행당동,0,0
2020-08-13,13:00,15:30,40,영등포,미래통합당사 앞,여의도,0,0
2020-08-13,18:00,20:00,30,서초,강남역 5出 앞,서초동,0,0
2020-08-14,18:00,19:00,200,남대문,서울고용노동청 앞,장교동,0,0
2020-08-14,16:00,17:30,150,마포,경총회관 앞,대흥동,0,0
2020-08-14,10:00,13:00,30,남대문,농협중앙회 앞,충정로,0,0
2020-08-14,13:00,14:00,100,강서,김포공항 화물청사(아시아나에어포트) 앞,마곡동,0,0
2020-08-14,06:00,12:00,500,노원,청년주택 현장 앞,공릉동,0,0
2020-08-14,08:30,16:30,80,영등포,한국노총 후문 앞,여의도,0,0
2020-08-14,15:30,17:30,200,노원,서라벌고등학교 앞,중계동,0,0
2020-08-14,08:20,09:00,90,영등포,이레빌딩 앞,양평동,0,0
2020-08-14,16:00,20:00,50,서초,대검찰청 정문 우측,서초동,0,0
2020-08-14,19:00,20:30,1000,남대문,예금보험공사 앞,다동,0,0
2020-08-14,20:00,22:00,2000,용산,전쟁기념관 앞,용산동,0,0
2020-08-14,10:30,15:00,100,마포|서대문,신촌역 7出 → 홍대 웰빙할인마트 주차장 / 유플렉스 신촌점 앞,노고산동 등,1,0
2020-08-14,11:00,18:00,80,동작,흑석역 3・4出 앞,흑석동,0,0
2020-08-14,15:00,17:30,3000,영등포,여의대로 10~11門,여의도,0,0
2020-08-14,08:00,12:00,10,서초,강남성모병원 앞,반포동,0,0
2020-08-14,18:00,20:00,30,서초,강남역 5出 앞,서초동,0,0
2020-08-14,19:00,,2000,영등포,여의대로 10~11門,여의도,0,0
2020-08-14,12:30,15:30,20,동대문,동대문경찰서 앞,청량리동,0,0
2020-08-15,15:00,,2000,종로,안국역 5出 앞,경운동,0,0
2020-08-15,11:00,12:00,200,용산,국방부 정문 앞,용산동,0,0
2020-08-15,14:00,17:00,500,영등포,대산빌딩 앞,여의도동,0,0
2020-08-15,11:00,12:00,2000,용산,美8군 4GATE 앞,용산동,0,0
2020-08-15,12:00,18:00,2000,종로,광화문의 꿈∼내자R,내자동,0,0
2020-08-15,13:00,17:00,4000,남대문,신한은행 광교 앞 ⇄ 퇴계로 4가,을지로1가,0,0
2020-08-15,18:00,21:00,500,영등포,대산빌딩 앞,여의도동,0,0
2020-08-16,10:00,13:00,50,영등포,순복음교회 제2교육관 앞,여의도,0,0
2020-08-16,14:00,16:00,300,마포,MBC 광장,상암동,0,0
2020-08-16,16:00,18:00,300,용산,용산역광장 건너편,한강로3가동,0,0
2020-08-16,18:00,21:00,500,서초,중앙지검 서문 좌측,서초동,0,0
2020-08-16,14:00,16:00,1000,노원,롯데백화점 노원점 앞,상계동,0,0
2020-08-16,14:00,17:00,30,마포,홍대입구역 9出 앞,동교동,0,0
2020-08-16,10:00,12:00,100,양천,반석교회 앞,목동,0,0
2020-08-17,14:00,15:30,200,영등포,더불어민주당사 앞,여의도,0,0
2020-08-17,14:00,18:00,10000,서초,중앙지검 서문 좌측 인도 및 하위3개차로,서초동,0,1
2020-08-17,18:00,20:00,30,서초,강남역 5出 앞,서초동,0,0
2020-08-18,14:00,17:00,70,서초,SPC본사 앞,양재동,0,0
2020-08-18,10:00,13:00,50,양천,아발론교육 목동 캠퍼스 앞,신정동,0,0
2020-08-18,06:00,12:00,500,노원,청년주택 현장 앞,공릉동,0,0
2020-08-18,08:30,16:30,80,영등포,한국노총 후문 앞,여의도,0,0
2020-08-18,15:30,17:30,200,노원,서라벌고등학교 앞,중계동,0,0
2020-08-18,16:00,20:00,50,서초,대검찰청 정문 우측,서초동,0,0
2020-08-18,14:00,16:00,300,동작,동작구청 앞,노량진2동,0,0
2020-08-18,18:00,20:00,30,서초,강남역 5出 앞,서초동,0,0
2020-08-19,06:00,08:00,300,금천,SK v1 AP타워 공사현장 앞,가산동,0,0
2020-08-19,10:00,12:00,30,남대문,농협중앙회 앞,충정로,0,0
2020-08-19,08:30,16:30,80,영등포,한국노총 후문 앞,여의도,0,0
2020-08-20,17:00,18:00,100,영등포,LG트윈타워 앞,여의도,0,0
2020-08-20,08:30,16:30,80,영등포,한국노총 후문 앞,여의도,0,0
2020-08-20,13:30,14:30,40,용산,국방부 정문 앞,용산동,0,0
2020-10-14,10:00,18:00,30,중랑,서울시체육회 앞,상봉동,0,0
2020-10-15,14:00,15:30,99,영등포,더불어민주당사 앞,여의도,0,0
2020-10-15,15:30,17:00,99,영등포,더불어민주당사 앞,여의도,0,0
2020-10-15,17:30,18:30,99,종로,시교육청 정문 앞,신문로2가,0,0
2020-10-15,13:00,14:00,99,용산,국방부 정문 앞,용산동,0,0
2020-10-15,14:00,17:00,99,남대문,서울역 대합실,봉래동,0,0
2020-10-16,11:30,14:00,30,영등포,더불어민주당사 앞,여의도,0,0
2020-10-16,17:00,20:00,99,서초,더바인웨딩홀 앞 / 대법원 정문 앞,서초동,0,0
2020-10-17,16:00,18:00,99,남대문,을지로입구역 7出 → CJ대한통운,소공동 등,1,0
2020-10-17,10:00,13:00,99,영등포|구로,안양천,신도림동 등,0,0
2020-10-17,14:00,17:00,90,종로|양천,현대적선빌딩 앞 ⇄ 신교R,내자동,0,0
2020-10-17,14:00,18:00,99,서초,중앙지검 서문 → 강남역 삼성생명 앞,서초동,1,0
2020-10-17,14:00,15:00,50,용산,국방부 정문 앞,용산동,0,0
2020-10-17,14:00,16:00,99,용산,美8군 3・4GATE 앞,용산동,0,0
2020-10-17,14:00,17:00,50,서초|송파|동대문|수서|방배,대검찰청 → 동대문 역사문화공원역,서초동 등,1,0
2020-10-17,12:30,14:00,99,중부|영등포|광진|성동,더불어민주당사 앞,여의도,0,0
2020-10-17,14:30,17:00,99,남대문,예금보험공사 앞,다동,0,0
2020-10-17,15:00,16:00,99,노원,노원구청 앞,상계동,0,0
2020-10-17,18:00,20:00,99,영등포,대산빌딩 앞,여의도,0,0
2020-10-18,13:00,16:00,40,용산,나이지리아대사관 25m 상거지점,동빙고동,0,0
2020-10-19,14:00,18:00,99,남대문,SKT 본사 앞,을지로2가,0,0
2020-10-19,14:00,18:00,99,남대문,SK남산빌딩 앞,남대문로5가,0,0
2020-10-19,11:30,14:00,30,영등포,더불어민주당사 앞,여의도,0,0
2020-10-19,11:30,13:00,99,서초,더바인웨딩홀 앞,서초동,0,0
2020-10-20,14:00,17:00,90,영등포,더불어민주당사 앞,여의도,0,0
2020-10-20,06:00,13:00,99,양천,신정2-2 호반건설 공사현장 1번게이트 맞은편,신정동,0,0
2020-10-20,13:00,18:00,90,관악,관악구청 앞,청룡동,0,0
2020-10-20,11:30,13:00,99,서초,더바인웨딩홀 앞,서초동,0,0
2020-10-20,09:00,17:00,99,마포,마포구청 앞,성산동,0,0
2020-10-21,14:00,15:00,99,영등포,더불어민주당사 앞,여의도,0,0
2020-10-21,14:00,15:00,99,남대문,패럼타워 앞,수하동,0,0
2020-10-21,14:30,15:30,99,남대문,LG서울역 빌딩,남대문로5가,0,0
2020-10-21,15:00,16:00,99,성동,서울교통공사 앞,용답동,0,0
2020-10-21,13:00,15:00,99,중부,두산타워 앞 인도,을지로6가,0,0
2020-10-21,12:00,13:00,99,강서,김포공항 국내선 앞,공항동,0,0
2020-10-21,08:30,18:00,99,마포,마포구청 앞 등,성산동,0,0
2020-10-21,10:00,11:00,45,강동,강동구청 앞,,0,0
2020-10-22,05:30,,99,강동,둔촌주공아파트 재건축 공사현장 2개소 앞,둔촌동,0,0
2020-10-22,14:00,15:00,99,남대문,페럼타워 앞,수하동,0,0
2020-10-22,18:00,19:30,99,남대문,서울고용노동청 앞,장교동,0,0
2020-10-22,17:00,18:00,99,종로,서울시교육청 정문 좌측,신문로2가,0,0
2020-10-22,12:30,13:30,50,종로|혜화,종로3가역 8出 앞,묘동,0,0
2020-10-22,07:00,10:00,50,남대문,상림원 앞,정동,0,0
2020-10-22,14:00,17:00,90,영등포,더불어민주당사 앞,여의도,0,0
2020-10-22,08:20,16:00,99,방배,건영E&C본사 앞,방배동,0,0
2020-10-22,18:00,21:00,30,강북,수유역 8出 앞,수유3동,0,0
2020-10-22,11:30,13:00,99,서초,더바인웨딩홀 앞,서초동,0,0
2020-10-22,17:00,19:00,99,서초,더바인웨딩홀 앞,서초동,0,0
2020-10-22,07:00,19:00,90,성북,성북구청 정ㆍ후문,삼선동,0,0
2020-10-22,09:00,18:00,99,마포,마포구청 앞 등,성산동,0,0
2020-10-23,11:30,12:30,99,영등포,현대캐피탈 1관·2관 사이,여의도,0,0
2020-10-23,14:00,15:00,99,남대문,페럼타워 앞,수하동,0,0
2020-10-23,06:00,18:00,99,방배,건영E&C본사 앞,방배동,0,0
2020-10-23,13:00,17:00,99,서초,더바인웨딩홀 앞,서초동,0,0
2020-10-23,14:30,16:00,30,종로,신교R 1차로,궁정동,0,1
2020-10-23,09:00,18:00,99,마포,마포구청 앞 등,성산동,0,0
2020-10-23,14:00,16:00,99,혜화,마로니에 공원 內,동숭동,0,0
2020-10-23,14:00,18:00,90,혜화,흥인지문공원 앞,종로6가,0,0
2020-10-24,14:00,16:00,99,영등포,여의도역5出 → 여의도공원 12문,여의도 등,1,0
2020-10-24,14:00,16:00,99,영등포,영등포역R → 여의도공원 12문,영등포동 등,1,0
2020-10-24,11:00,12:00,99,남대문,한진 본사 앞,소공동,0,0
2020-10-24,14:00,17:00,99,남대문,서울서부역 계단 등,봉래동2가 등,0,0
2020-10-24,14:00,15:00,99,영등포,더불어민주당사 앞,여의도,0,0
2020-10-24,14:00,16:00,99,마포,경총회관 앞,대흥동,0,0
2020-10-24,14:00,16:00,99,영등포|마포,공덕R → 여의도 문화마당 1문,도화동 등,1,0
2020-10-24,13:00,17:00,99,종로|혜화,종로3가역 3·6·8出 등,종로3가 등,0,0
2020-10-24,14:00,15:30,50,중부,"훈련원공원, 국립중앙의료원 등 6개소",을지로5가 등,0,0
2020-10-24,15:30,16:00,50,혜화,전태일다리,종로5가,0,0
2020-10-24,14:00,15:00,99,송파,몽촌토성역 → 종합운동장역,신천동 등,1,0
2020-10-24,14:00,15:00,99,용산|마포,녹사평역 → 상수역,용산동4가 등,1,0
2020-10-24,14:00,15:00,99,강서,개화산역 → 발산역,방화동 등,1,0
2020-10-24,14:00,15:00,99,양천,양천구청 → 신월1동 주민센터,신정동 등,1,0
2020-10-24,14:00,16:00,99,마포,구룡R ⇆ 월드컵경기장R,성산동 등,1,0
2020-10-24,14:00,16:00,99,남대문,한은R 분수대 앞,남대문로2가,0,0
2020-10-24,14:00,17:00,90,종로,적선빌딩 ⇄ 신교R,내자동 등,0,0
2020-10-24,14:00,18:00,99,서초,중앙지검 서문 앞,서초동,0,0
2020-10-24,13:00,16:00,50,중부|광진|성동,구의공원 → 명동역,구의동 등,1,0
2020-10-24,14:00,15:30,99,남대문,한진빌딩 → CJ대한통운 본사,소공동,1,0
2020-10-24,08:00,18:00,70,남대문,페럼타워 앞,수하동,0,0
2020-10-24,18:00,20:00,99,종로,현대적선빌딩 앞,적선동,0,0
2020-10-24,16:00,18:00,60,영등포,더불어민주당사 앞,여의도,0,0
2020-10-24,15:00,16:00,99,노원,노원구청 앞,상계동,0,0
2020-10-24,14:00,17:00,99,서초,정곡빌딩 남관 앞,서초동,0,0
2020-10-24,18:00,20:00,99,영등포,대산빌딩 앞,여의도,0,0
2020-10-24,14:00,18:00,50,양천,동방아파트 앞,신월동,0,0
2020-10-25,07:00,10:00,50,남대문,상림원 앞,정동,0,0
2020-10-25,15:00,18:00,99,중부,DDP 서측광장,을지로7가,0,0
2020-10-25,13:00,17:00,70,용산,나이지리아대사관 25m 상거지점,동빙고동,0,0
2020-10-25,13:00,16:00,50,남대문,중앙우체국 앞,명동,0,0
2020-10-26,14:00,15:00,99,남대문,페럼타워 앞,수하동,0,0
2020-10-26,13:00,15:00,99,영등포,LG트윈타워 앞,여의도,0,0
2020-10-26,06:00,18:00,99,방배,건영E&C본사 앞,방배동,0,0
2020-10-26,09:00,18:00,99,마포,마포구청 앞 등,성산동,0,0
2020-10-27,14:00,15:00,99,남대문,페럼타워 앞,수하동,0,0
2020-10-27,19:00,19:40,99,남대문,예금보험공사 앞,다동,0,0
2020-10-27,09:00,18:00,99,마포,마포구청 앞 등,성산동,0,0
2020-10-27,08:00,16:00,99,강북,삼양역 1出 / 강북구청 앞,수유동,0,0
2020-10-27,09:00,17:00,49,서초,대순진리회 우면회관 앞,우면동,0,0
2020-10-28,14:00,15:00,99,남대문,페럼타워 앞,수하동,0,0
2020-10-28,05:30,08:00,99,도봉,창업문화산업단지 공사현장 앞,창4동,0,0
2020-10-28,07:30,08:20,99,강동,강동경희대병원 앞,상일동,0,0
2020-10-28,14:00,16:00,99,영등포,LG트윈타워 앞,여의도,0,0
2020-10-28,16:00,17:30,99,영등포,LG트윈타워 앞,여의도,0,0
2020-10-28,12:00,13:00,99,영등포,한국거래소 앞,여의도,0,0
2020-10-28,14:00,17:00,99,영등포,여의도공원10門 앞,여의도,0,0
2020-10-28,09:00,18:00,99,마포,마포구청 앞 등,성산동,0,0
2020-10-29,14:00,15:00,99,남대문,페럼타워 앞,수하동,0,0
2020-10-29,06:30,,99,동대문,청량4구역 롯데건설 공사현장 2번게이트 앞,전농동,0,0
2020-10-29,05:30,,99,동대문,청량4구역 롯데건설 공사현장 1번게이트 앞,전농동,0,0
2020-10-29,05:30,,99,동대문,청량4구역 롯데건설 공사현장 2번게이트 앞,전농동,0,0
2020-10-29,05:30,,99,동대문,청량4구역 롯데건설 공사현장 5번게이트 앞,전농동,0,0
2020-10-29,06:00,07:00,99,도봉,창업문화산업단지 공사현장 앞,창4동,0,0
2020-10-29,15:00,17:00,99,남대문,LG서울역빌딩 앞,남대문로5가,0,0
2020-10-29,14:00,15:00,50,영등포,국민은행 본점 앞,여의도,0,0
2020-10-29,15:00,18:00,50,영등포,국민은행 본점 앞,여의도,0,0
2020-10-29,12:00,13:00,99,영등포,한국거래소 앞,여의도,0,0
2020-10-29,07:00,16:00,99,방배,건영E&C본사 앞,방배동,0,0
2020-10-29,17:00,19:00,99,서초,대검찰청 앞,서초동,0,0
2020-10-29,09:00,17:00,99,마포,마포구청 앞 등,성산동,0,0
2020-10-29,14:00,16:00,70,노원,월계센트럴아이파크@ 106동 앞,월계동,0,0
2020-10-29,09:00,12:00,30,수서,더푸른빌 앞,개포동,0,0
2020-10-30,14:00,15:00,99,남대문,페럼타워 앞,수하동,0,0
2020-10-30,06:00,07:30,99,도봉,창업문화산업단지 공사현장 앞,창4동,0,0
2020-10-30,12:00,13:00,99,영등포,한국거래소 앞,여의도,0,0
2020-10-30,07:00,16:00,99,방배,건영E&C본사 앞,방배동,0,0
2020-10-30,15:00,16:00,99,광진,현대프라임@ 건너편,구의동,0,0
2020-10-30,18:00,20:00,50,송파,동부지검 후문 앞,문정동,0,0
2020-10-30,11:30,12:30,99,영등포,나이스2 사옥 앞,여의도,0,0
2020-10-31,06:00,07:30,99,도봉,창업문화산업단지 공사현장 앞,창4동,0,0
2020-10-31,14:00,17:00,90,종로,적선빌딩 ⇄ 신교R,적선동 등,0,0
2020-10-31,14:00,16:00,99,서초,중앙지검 서문 앞,서초동,0,0
2020-10-31,13:00,17:00,50,중부|광진|성동,광진 구의공원 → 을지로입구역,구의동 등,1,0
2020-10-31,14:00,16:00,99,남대문,을지로입구역 3・4出 앞,을지로 1가,0,0
2020-10-31,14:00,19:00,99,서초,더바인웨딩홀 → 우리은행 강남역점,서초동,1,0
2020-10-31,17:00,19:00,99,용산,이태원광장 → 美8군 6GATE,용산동,1,0
2020-10-31,13:30,15:00,30,용산,용산역광장 강제징용노동자像 앞,한강로 3가동,0,0
2020-10-31,14:00,16:00,99,서대문,신촌 유플렉스 ⇄ 신촌 기차역,창천동,0,0
2020-10-31,17:00,19:00,99,용산,전쟁기념관 → 韓美연합사,용산동,1,0
2020-10-31,13:00,15:00,60,영등포,더불어민주당사 앞,여의도,0,0
2020-10-31,11:00,17:00,30,강서,"발산역 3,4 出 앞",등촌동,0,0
2020-10-31,18:00,20:00,99,영등포,대산빌딩 앞,여의도,0,0
2020-11-02,06:00,07:30,99,도봉,창업문화산업단지 공사현장 앞,창4동,0,0
2020-11-02,14:00,15:00,99,남대문,페럼타워 앞,수하동,0,0
2020-11-02,12:00,13:00,99,영등포,한국거래소 앞,여의도,0,0
2020-11-02,06:00,16:00,99,방배,건영E&C본사 앞,방배동,0,0
2020-11-02,06:00,,99,강서,승윤건설 현장 앞,방화동,0,0
2020-11-02,09:00,18:00,99,마포,마포구청 앞 등,성산동,0,0
2020-11-03,06:00,07:30,99,도봉,창업문화산업단지 공사현장 앞,창4동,0,0
2020-11-03,12:00,13:00,99,영등포,한국거래소 앞,여의도,0,0
2020-11-03,06:00,16:00,99,방배,건영E&C본사 앞,방배동,0,0
2020-11-03,06:00,08:00,99,강서,방화동 센트레빌 공사현장 앞,방화동,0,0
2020-11-03,13:30,16:00,99,양천,한국방송회관 정문 좌·우측 인도,목동,0,0
2020-11-03,20:00,22:00,99,구로,"항동 1,2단지 앞 공원",항동,0,0
2020-11-03,10:00,18:00,49,서초,호반건설 본사 앞,우면동,0,0
2020-11-03,09:00,18:00,99,마포,마포구청 앞 등,성산동,0,0
2020-11-04,06:00,07:30,99,도봉,창업문화산업단지 공사현장 앞,창4동,0,0
2020-11-04,07:00,16:00,99,강동,둔촌주공아파트 재건축 현대산업개발 공사현장 앞,둔촌동,0,0
2020-11-04,14:00,15:30,99,영등포,더불어민주당사 앞,여의도,0,0
2020-11-04,19:00,20:00,99,영등포,더불어민주당사 앞,여의도,0,0
2020-11-04,12:00,13:00,99,영등포,한국거래소 앞,여의도,0,0
2020-11-04,19:00,20:30,99,영등포,LG트윈타워 앞,여의도,0,0
2020-11-04,06:00,16:00,99,방배,건영E&C본사 앞,방배동,0,0
2020-11-04,06:00,07:30,99,강서,방화동 센트레빌 공사현장 앞,방화동,0,0
2020-11-04,09:00,18:00,99,마포,마포구청 앞 등,성산동,0,0
2020-11-04,10:00,12:00,99,강동,강동구청 앞,성내동,0,0
2020-11-05,06:00,07:30,99,도봉,창업문화산업단지 공사현장 앞,창4동,0,0
2020-11-05,07:00,16:00,99,강동,둔촌주공아파트 재건축 현대산업개발 공사현장,둔촌동,0,0
2020-11-05,06:00,14:00,99,강서,방화동 센트레빌 공사현장 앞,방화동,0,0
2020-11-05,17:30,18:30,99,종로,서울시교육청 정문 좌측,신문로2가,0,0
2020-11-05,12:00,13:00,99,영등포,한국거래소 앞,여의도,0,0
2020-11-05,14:00,17:00,80,광진,동서울터미널 앞,구의동,0,0
2020-11-05,06:00,16:00,99,방배,건영E&C본사 앞,방배동,0,0
2020-11-05,07:00,09:00,50,노원,진양상운 정문 건너편,,0,0
2020-11-05,16:00,18:00,0,영등포|마포,,월계동,0,0
2020-11-05,13:00,16:30,50,서대문,,여의도,0,0
2020-11-05,09:00,18:00,99,종로|남대문|마포,마포구청 앞 등,성산동,0,0
2020-11-06,08:00,16:00,99,강동,둔촌주공아파트 재건축 공사현장 앞,둔촌동,0,0
2020-11-06,10:00,11:00,99,영등포,더불어민주당사 앞,여의도,0,0
2020-11-06,11:00,13:00,99,종로,서울시교육청 정문 좌측,신문로2가,0,0
2020-11-06,10:30,11:30,70,영등포,금융감독원 앞,여의도,0,0
2020-11-06,19:00,20:30,99,남대문,서울고용노동청 앞,장교동,0,0
2020-11-06,12:00,13:00,99,영등포,한국거래소 앞,여의도,0,0
2020-11-06,17:30,19:00,20,혜화,전태일다리,종로5가,0,0
2020-11-06,06:00,16:00,99,방배,건영E&C본사 앞,방배동,0,0
2020-11-06,09:00,17:00,99,마포,마포구청 앞 등,성산동,0,0
2020-11-06,09:30,14:00,99,마포,마포구청 앞,성산동,0,0
2020-11-07,08:00,16:00,99,강동,둔촌주공아파트 재건축 공사현장 앞,둔촌동,0,0
2020-11-07,14:00,17:00,90,종로,적선빌딩 ⇄ 신교R,적선동 등,0,0
2020-11-07,15:00,17:00,99,남대문,한은R 분수대 등,남대문로 등,0,0
2020-11-07,14:00,18:00,99,서초,중앙지검 서문 → 강남역 9出,서초동 등,1,0
2020-11-07,13:00,15:00,99,서초,강남역 9出 바람의 언덕,서초동,0,0
2020-11-07,14:00,17:00,99,용산|서초|강남|수서,대검찰청 → 을지로입구역,서초동 등,1,0
2020-11-07,14:00,16:00,99,남대문|중부,을지로입구역 3・4出 앞,을지로 1가,0,0
2020-11-07,14:00,17:00,99,서초,서초역 8出 → 신논현역,서초동,1,0
2020-11-07,15:00,16:30,99,용산,전쟁기념관 ⇆ 美8군 4GATE,용산동,1,0
2020-11-07,14:00,16:00,30,영등포,영등포역광장,영등포,0,0
2020-11-07,18:30,21:00,99,종로,적선현대빌딩,적선동,0,0
2020-11-07,15:00,16:00,99,노원,등나무근린공원 내,중계동,0,0
2020-11-07,21:00,23:00,50,마포,홍대 걷고싶은거리 계단광장 앞,서교동,0,0
2020-11-07,11:00,13:00,99,마포,구일역1出 육교건너편,구로동,0,0
2020-11-08,10:00,16:00,50,혜화,전태일다리 위,종로5가,0,0
2020-11-09,08:00,16:00,99,강동,둔촌주공아파트 재건축 공사현장 앞,둔촌동,0,0
2020-11-09,06:00,14:00,99,성동,서울숲에이원 지식산업센터 공사현장 앞,성수동1가,0,0
2020-11-09,09:00,18:00,99,용산,용산 푸르지오써밋 앞,한강로2가,0,0
2020-11-09,10:30,11:30,99,영등포,금융감독원 앞,여의도,0,0
2020-11-09,12:00,13:00,99,영등포,한국거래소 앞,여의도,0,0
2020-11-09,06:00,18:00,99,방배,건영E&C본사 앞,방배동,0,0
2020-11-09,08:00,18:00,99,강남,현대타워 앞,삼성동,0,0
2020-11-09,13:30,16:00,99,양천,한국방송회관 앞,목동,0,0
2020-11-09,11:30,13:00,50,서초,삼성생명 앞,서초동,0,0
2020-11-09,09:00,18:00,99,마포,마포구청 앞 등,성산동,0,0
2020-11-10,08:00,16:00,99,강동,둔촌주공아파트 재건축 공사현장 앞,둔촌동,0,0
2020-11-10,14:00,15:00,99,영등포,더불어민주당사 앞,여의도,0,0
2020-11-10,14:00,15:00,99,영등포,국민의힘 당사 앞,여의도,0,0
2020-11-10,12:00,13:00,99,영등포,한국거래소 앞,여의도,0,0
2020-11-10,12:00,14:00,90,강서,홈플러스 본사 앞,등촌동,0,0
2020-11-10,06:00,18:00,99,방배,건영E&C본사 앞,방배동,0,0
2020-11-10,10:00,15:00,50,중부,한양립스 공사현장 앞,황학동,0,0
2020-11-10,19:50,20:10,50,노원,舊 롯데슈퍼 앞,상계동,0,0
2020-11-10,20:00,22:00,99,구로,"항동1,2단지 사거리 공원",항동,0,0
2020-11-10,09:00,18:00,99,마포,마포구청 앞 등,성산동,0,0
2020-11-11,08:00,16:00,99,강동,둔촌주공아파트 재건축 공사현장 앞,둔촌동,0,0
2020-11-11,06:00,13:00,99,성동,서울숲에이원 지식산업센터 공사현장 앞,성수동1가,0,0
2020-11-11,15:00,17:30,99,영등포,한국거래소 등,여의도,0,0
2020-11-11,17:30,18:30,99,종로,서울시교육청 정문 좌측,신문로2가,0,0
2020-11-11,19:00,20:00,99,영등포,더불어민주당사 앞,여의도,0,0
2020-11-11,12:00,13:00,99,영등포,한국거래소 앞,여의도,0,0
2020-11-11,06:00,18:00,99,방배,건영E&C본사 앞,방배동,0,0
2020-11-11,09:00,18:00,99,마포,마포구청 앞 등,성산동,0,0
2020-11-11,19:50,20:10,99,노원,(구)롯데슈퍼 앞,상계동,0,0
2020-11-12,08:00,16:00,99,강동,둔촌주공아파트 재건축 공사현장 앞,둔촌동,0,0
2020-11-12,06:00,13:00,99,성동,서울숲에이원 지식산업센터 공사현장 앞,성수동1가,0,0
2020-11-12,14:00,16:30,99,남대문,서울고용노동청 → 세종호텔,장교동 등,1,0
2020-11-12,14:00,15:00,99,용산,코레일네트웍스 앞,한강로2가,0,0
2020-11-12,14:00,17:00,99,남대문,서울서부역 → 서울고용노동청,봉래동2가 등,1,0
2020-11-12,13:00,16:00,90,영등포,한국거래소 앞,여의도,0,0
2020-11-12,15:00,21:00,99,강동,강동경희대병원 앞,상일동,0,0
2020-11-12,19:00,20:00,99,영등포,더불어민주당사 앞,여의도,0,0
2020-11-12,12:00,14:00,50,마포,MBC 거인동상 앞,상암동,0,0
2020-11-12,06:00,18:00,99,방배,건영E&C본사 앞,방배동,0,0
2020-11-12,17:00,19:00,99,서초,대검찰청 앞,서초동,0,0
2020-11-12,13:00,14:00,30,종로,서울시 교육청 앞,신문로2가,0,0
2020-11-12,09:00,17:00,99,마포,마포구청 앞 등,성산동,0,0
2020-11-12,09:00,14:00,99,마포,합정역 9出,성산동,0,0
2020-11-12,17:00,18:00,99,영등포,더불어민주당사 앞,여의도,0,0
2020-11-12,19:30,21:00,70,노원,노원구청동 앞,상계동,0,0
2020-11-12,19:50,20:10,50,노원,(구)롯데슈퍼 앞,상계동,0,0
2020-11-13,08:00,16:00,99,강동,둔촌주공아파트 재건축 공사현장 앞,둔촌동,0,0
2020-11-13,14:00,17:00,99,종로|혜화,"전태일다리 → 모전교, 포시즌스호텔 → 신교R",종로5가 등,1,0
2020-11-13,14:00,16:00,99,동작,전문건설협회 앞,신대방동,0,0
2020-11-13,05:00,,99,강북,미아동 3-111 한신공영 공사현장 4번게이트 앞,미아동,0,0
2020-11-13,06:00,18:00,99,방배,건영E&C본사 앞,방배동,0,0
2020-11-13,19:50,20:10,99,노원,(구)롯데슈퍼 앞,상계동,0,0
2020-11-13,10:30,13:30,30,양천,CBS 정문 앞,목동,0,0
2020-11-14,14:00,15:30,99,영등포,여의도공원 1∼12문,여의도,0,0
2020-11-14,15:30,16:30,99,영등포,여의도공원 12문 → 민주당사 앞,여의도,1,0
2020-11-14,14:00,16:00,99,영등포,전경련 → 국민의힘 당사 앞,여의도,1,0
2020-11-14,14:00,15:30,99,영등포,남부고용지청 → KBS 3R,양평동 등,1,0
2020-11-14,14:00,15:30,99,영등포,대방역 → 여의도KT,신길동 등,1,0
2020-11-14,14:00,15:00,99,영등포,민주당사 앞,여의도,0,0
2020-11-14,14:00,15:00,99,영등포,LG트윈타워 → 국회대로72길,여의도,1,0
2020-11-14,14:00,15:30,99,영등포,영등포역 → 국회대로66길,영등포동 등,1,0
2020-11-14,14:00,15:30,99,영등포|마포,마포역 → 민주당사,도화동 등,1,0
2020-11-14,14:00,15:30,99,,경총회관 → 나이스빌딩,대흥동 등,1,0
2020-11-14,14:30,15:30,99,영등포|마포,경총회관 → LG트윈타워,대흥동 등,1,0
2020-11-14,14:00,15:30,99,영등포|마포,공덕역 → 여의나루역,공덕동 등,1,0
2020-11-14,14:00,15:30,99,영등포|마포,광흥창역 → 서강대교 남단,창전동 등,1,0
2020-11-14,14:00,15:30,99,영등포|마포,합정역 → 당산 강변래미안@,서교동 등,1,0
2020-11-14,14:00,15:30,99,영등포|동작,대방역(현대차남부서비스센터) → 콘래드서울호텔,노량진동 등,1,0
2020-11-14,14:00,15:30,99,영등포,영등포시장역 → 여의도역,영등포동 등,1,0
2020-11-14,14:00,15:00,99,영등포,태영빌딩 앞,여의도,0,0
2020-11-14,14:00,15:00,50,영등포,당산역 앞,당산동,0,0
2020-11-14,11:30,12:30,99,남대문,SKT 본사 앞,수하동,0,0
2020-11-14,14:00,15:30,99,남대문,고용노동청 앞,장교동,0,0
2020-11-14,14:00,16:00,99,남대문,한진본사 앞,소공동,0,0
2020-11-14,13:00,14:30,99,남대문,신세계백화점 앞,남창동,0,0
2020-11-14,13:30,14:30,99,남대문,코웨이 본사 앞,서소문동,0,0
2020-11-14,14:00,15:30,99,종로,청진공원 앞,청진동,0,0
2020-11-14,14:00,16:00,99,용산,신선설농탕 이태원점 앞,한남동,0,0
2020-11-14,14:00,16:00,30,용산|마포,국방부 정문 → 여의도공원 2문,용산동 등,1,0
2020-11-14,14:00,17:00,90,종로|영등포,적선빌딩 ⇄ 신교R,적선동 등,0,0
2020-11-14,14:00,17:00,99,서초,- 2 - 서초역 8出 → 신논현역,서초동,1,0
2020-11-14,14:00,18:00,99,서초,중앙지검 → 강남역,서초동,1,0
2020-11-14,14:30,17:00,99,남대문|중부,신한은행 광교지점 → 남대문시장,남대문로1가,1,0
2020-11-14,13:00,15:00,99,서초,강남역 9出 앞,서초동,0,0
2020-11-14,14:00,,90,영등포,국민의 힘 당사 → 금감원,여의도동,1,0
2020-11-14,14:00,16:00,99,남대문,을지로입구역 3・4出 앞,을지로 1가,0,0
2020-11-14,14:30,16:00,50,용산,국방부 → 美8군 4G,용산동,1,0
2020-11-14,13:00,16:00,99,남대문|용산|마포,예금보험공사 앞,다동,0,0
2020-11-14,14:00,16:00,99,영등포,LG 트윈타워 측면,여의도,0,0
2020-11-14,18:30,21:00,99,종로,적선현대빌딩,적선동,0,0
2020-11-14,15:30,,99,종로,젊음의 거리 인도,관철동,0,0
2020-11-14,12:00,20:00,99,마포,홍대입구역 1出 앞,동교동,0,0
2020-11-14,17:00,19:00,99,중랑,백악관 나이트 앞,묵동,0,0
2020-11-14,18:00,20:00,99,영등포,대산빌딩 앞,여의도,0,0
2020-11-15,14:00,19:00,40,중랑,백악관 나이트 앞 일대,묵동,0,0
2020-11-15,15:00,17:00,99,서대문,신촌 유플렉스 앞,창천동,0,0
2020-11-15,15:00,17:00,99,서대문,신촌 유플렉스 앞,창천동,0,0
2020-11-15,19:50,20:10,99,노원,(구)롯데슈퍼 앞,상계동,0,0
2020-11-16,06:30,,99,강북,미아동 3-111 한신공영 공사현장 4번게이트 앞,미아동,0,0
2020-11-16,08:00,16:00,99,강동,둔촌주공아파트 재건축 공사현장 (대우건설) 앞,둔촌동,0,0
2020-11-16,10:30,13:00,70,성동,서울시설공단 앞,마장동,0,0
2020-11-16,16:00,18:00,50,광진,우체국물류센터 앞,구의동,0,0
2020-11-16,11:30,13:30,30,남대문,우리은행 본점 앞,회현동,0,0
2020-11-16,06:00,18:00,99,방배,건영E&C본사 앞,방배동,0,0
2020-11-16,10:00,11:30,80,영등포,더불어민주당사 앞,여의도,0,0
2020-11-16,10:00,13:00,99,남대문,부영건설 본사 앞,서소문동,0,0
2020-11-16,19:50,20:10,99,노원,(구)롯데슈퍼 앞,상계동,0,0
2020-11-17,06:30,,99,강북,미아동 3-111 한신공영 공사현장 4번게이트 앞,미아동,0,0
2020-11-17,06:00,18:00,99,방배,건영E&C본사 앞,방배동,0,0
2020-11-17,17:30,18:30,99,강서,서울도시가스 본사 앞,염창동,0,0
2020-11-17,12:30,13:00,99,용산,LS용산타워 정·후문 앞 인도 상,한강로2가,0,0
2020-11-17,06:30,09:00,99,동대문,"용두동 753-9, 용두6구역 공사현장 앞",용두동,0,0
2020-11-17,17:00,18:30,99,영등포,더불어민주당사 앞,여의도,0,0
2020-11-17,20:00,22:00,99,구로,"항동1,2단지 사거리 공원",항동,0,0
2020-11-17,07:30,18:00,50,금천,금천구청 앞 광장,시흥동,0,0
2020-11-17,09:00,18:00,99,마포,마포구청 앞 등,성산동,0,0
2020-11-18,06:30,,99,강북,미아동 3-111 한신공영 공사현장 4번게이트 앞,미아동,0,0
2020-11-18,06:00,18:00,99,방배,건영E&C본사 앞,방배동,0,0
2020-11-18,18:00,19:00,99,남대문,서울서부역 앞,봉래동,0,0
2020-11-18,11:30,12:30,99,용산,LS용산타워 정·후문 앞,한강로2가,0,0
2020-11-18,13:00,16:00,99,마포,에스디그룹 앞,서교동,0,0
2020-11-18,19:00,20:00,99,영등포,더불어민주당사 앞,여의도,0,0
2020-11-18,11:00,13:00,99,송파,농산식품관리공사 측면,가락동,0,0
2020-11-18,17:30,18:30,99,강서,서울도시가스 본사 앞,염창동,0,0
2020-11-18,15:00,16:00,50,종로,경복궁역 6出 앞,내자동,0,0
2020-11-18,07:30,18:00,50,금천,금천구청 앞 광장,시흥동,0,0
2020-11-18,09:00,18:00,99,마포,마포구청 앞 등,성산동,0,0
2020-11-19,06:30,,99,강북,미아동 3-111 한신공영 공사현장 4번게이트 앞,미아동,0,0
2020-11-19,06:00,08:00,99,방배,건영E&C본사 앞,방배동,0,0
2020-11-19,10:00,11:30,99,종로,서울시교육청 앞,신문로2가,0,0
2020-11-19,10:00,11:30,99,영등포|남부,남부 교육지원청 앞,문래동,0,0
2020-11-19,10:00,11:30,99,성동,성동광진 교육지원청 측면,행당동,0,0
2020-11-19,10:00,11:30,99,동대문,동부 교육지원청 앞,전농동,0,0
2020-11-19,10:00,11:30,99,동작,동작관악 교육지원청 앞,상도동,0,0
2020-11-19,10:00,11:30,99,강북,성북강북 교육지원청 앞,번동,0,0
2020-11-19,10:00,11:30,99,강남,강남서초 교육지원청 앞,삼성동,0,0
2020-11-19,10:00,11:30,99,양천,강서양천 교육지원청 앞,신월동,0,0
2020-11-19,10:00,11:30,99,송파,잠실새내역 7·8出 앞,잠실동,0,0
2020-11-19,10:00,11:30,99,도봉,북부 교육지원청 앞,창5동,0,0
2020-11-19,11:00,13:00,99,서초,현대차 본사 앞,양재동,0,0
2020-11-19,11:00,13:00,99,서초,코트라 앞,염곡동,0,0
2020-11-19,11:00,13:00,99,서초,원주추어탕 앞,양재동,0,0
2020-11-19,11:00,13:00,99,서초,AT센터 앞,양재동,0,0
2020-11-19,18:00,19:00,99,영등포,더불어민주당사 앞,여의도,0,0
2020-11-19,13:00,15:30,99,영등포,한국거래소 앞,여의도,0,0
2020-11-19,16:00,17:00,99,영등포,LG트윈타워 앞,여의도,0,0
2020-11-19,19:00,20:30,99,영등포,LG트윈타워 앞,여의도,0,0
2020-11-19,11:30,12:30,99,용산,LS용산타워 정·후문 앞,한강로2가,0,0
2020-11-19,18:00,19:00,99,남대문,서울서부역 앞,봉래동,0,0
2020-11-19,15:30,18:30,99,노원,서라벌고 앞,중계동,0,0
2020-11-19,17:30,,99,강서,서울도시가스 본사 앞 18:3,염창동,0,0
2020-11-19,16:00,18:00,50,노원,진양상운 정문 좌·우측 및 건너편,월계동,0,0
2020-11-19,11:00,13:00,99,서초,서초역 8出 앞,서초동,0,0
2020-11-19,16:30,19:00,99,서초,대검찰청 정문 앞,서초동,0,0
2020-11-19,14:00,16:00,99,영등포,더불어민주당사 앞 / 나이스빌딩 앞,태평로1가,0,0
2020-11-19,14:00,16:00,60,남대문,농협중앙회 앞,충정로1가,0,0
2020-11-19,07:30,18:00,50,금천,금천구청 앞 광장,시흥동,0,0
2020-11-20,09:00,12:00,99,종로,서울시교육청 → 독립문공원,신문로2가 등,1,0
2020-11-20,09:30,09:50,99,종로,서울시교육청 앞,신문로2가,0,0
2020-11-20,11:00,12:00,50,종로,서울시교육청 앞,신문로2가,0,0
2020-11-20,18:00,19:00,99,영등포,더불어민주당사 앞,여의도,0,0
2020-11-20,19:00,20:30,99,남대문,서울고용노동청 앞,장교동,0,0
2020-11-20,18:00,19:00,99,남대문,서울서부역 앞,봉래동,0,0
2020-11-20,09:00,16:00,99,성동,학천빌딩 앞,용답동,0,0
2020-11-20,07:30,11:00,70,혜화,연지공원 앞,연지동,0,0
2020-11-20,06:30,15:00,99,강북,미아동 3-111 한신공영 공사현장 4번게이트 앞,미아동,0,0
2020-11-20,17:30,18:30,99,강서,서울도시가스 본사 앞,염창동,0,0
2020-11-20,06:00,18:00,99,방배,건영E&C본사 앞,방배동,0,0
2020-11-20,19:00,20:00,99,남대문,SKT 본사 앞,수하동,0,0
2020-11-20,07:30,18:00,50,금천,금천구청 앞 광장,시흥동,0,0
2020-11-20,09:00,18:00,99,마포,마포구청 앞 등,성산동,0,0
2020-11-21,14:00,17:00,90,종로,적선빌딩 ⇄ 신교R,적선동 등,0,0
2020-11-21,14:00,17:00,99,서초,서초역 8出 → 신논현역,서초동,1,0
2020-11-21,14:00,17:00,99,강남,강남스퀘어 앞,역삼동,0,0
2020-11-21,14:00,18:00,99,서초,중앙지검 → 강남역,서초동,1,0
2020-11-21,14:00,16:00,50,남대문|중부,예금보험공사 → 남대문시장,다동 등,1,0
2020-11-21,14:00,16:00,99,남대문,을지로입구역 4出 앞,수하동,0,0
2020-11-21,16:00,19:00,30,남대문,예금보험공사 앞,다동,0,0
2020-11-21,17:00,18:00,99,영등포,여의도공원 1∼2문 사이,여의도동,0,0
2020-11-21,11:00,13:00,99,서대문,독립문 앞,현저동,0,0
2020-11-21,14:00,17:00,99,서대문,신촌 유플렉스 앞,창천동,0,0
2020-11-21,14:00,15:30,99,성북,한성대입구역 앞,삼선동,0,0
2020-11-21,13:30,15:00,30,도봉,창동역 1出 앞,창동,0,0
2020-11-21,18:00,20:00,99,영등포,대산빌딩 앞,여의도,0,0
2020-11-22,15:00,16:30,50,마포|서대문,신촌역 → 합정역,서교동 등,1,0
2020-11-23,06:30,15:00,99,강북,미아동 3-111 한신공영 공사현장 4번게이트 앞,미아동,0,0
2020-11-23,08:30,10:30,99,구로,구로구청 앞,구로동,0,0
2020-11-23,17:30,18:30,99,강서,서울도시가스 본사 앞,염창동,0,0
2020-11-23,13:00,14:00,50,종로,서울시 교육청 앞,신문로1가,0,0
2020-11-23,09:30,17:00,99,마포,마포구청 앞 등,성산동,0,0
2020-11-23,09:30,14:00,99,마포,합정역 9出,성산동,0,0
2020-11-23,07:30,18:00,50,금천,금천구청 앞 광장,시흥동,0,0
2020-11-24,18:00,19:00,99,남대문,서부역 계단,봉래동,0,0
2020-12-26,14:00,16:00,0,종로|남대문|중부|서대문,전경련 → BH,여의도 등,1,0
2021-10-16,14:00,16:00,30,서초,강남역 10出 우리은행 앞,서초동,0,0
2021-10-20,13:00,14:00,30,종로,시민열린마당,세종로,0,0
2021-10-23,14:00,16:00,30,서초,우리은행 강남점 앞,서초동,0,0
2021-10-23,15:30,17:30,30,종로,시민열린마당,세종로,0,0
2021-10-25,08:30,09:20,50,서초,대검찰청 정문 앞,서초동,0,0
2021-10-26,14:00,16:00,50,서초,대검찰청 정문 앞,서초동,0,0
2021-10-27,14:00,16:00,30,서초,대검찰청 정문 앞,서초동,0,0
2021-10-27,17:00,18:30,30,서초,더바인웨딩홀 앞,서초동,0,0
2021-10-29,08:00,09:00,49,영등포,산업은행 정·후문 앞,여의도,0,0
2021-10-29,10:00,12:00,49,영등포,산업은행 정·후문 앞,여의도,0,0
2021-10-29,14:00,16:00,50,서초,대검찰청 정문 앞,서초동,0,0
2021-10-30,16:00,18:00,49,종로,교보문고 앞,세종대로,0,0
2021-10-30,16:00,18:00,49,종로,보신각 앞,관철동,0,0
2021-10-30,16:00,18:00,49,종로,동화면세점 앞,세종대로,0,0
2021-10-30,16:00,18:00,49,남대문,파이낸스빌딩 앞,태평로 1가,0,0
2021-10-30,14:00,15:00,49,종로,소녀상 앞,수송동,0,0
2021-10-30,16:00,18:00,49,종로,동화면세점 앞,세종대로,0,0
2021-10-30,14:00,17:00,500,종로,교보빌딩 앞,세종대로,0,0
2021-10-30,14:00,16:00,30,서초,우리은행 강남점 앞,서초동,0,0
2021-10-31,14:00,17:00,500,종로,교보빌딩 앞,세종대로,0,0
2021-11-01,11:30,12:30,99,영등포,63빌딩 앞,여의도,0,0
2021-11-01,10:00,12:00,49,영등포,산업은행 앞,여의도,0,0
2021-11-01,08:00,10:00,150,남대문,배재정동 빌딩 정문 앞,정동,0,0
2021-11-01,08:00,10:00,100,남대문,우리은행 서소문점 앞,서소문동,0,0
2021-11-01,11:00,14:00,99,종로,일본대사관 앞,중학동,0,0
2021-11-01,08:00,,99,종로,GS건설 본사 앞,청진동,0,0
2021-11-01,08:30,18:00,99,종로,금호아시아나 본사 앞,공평동,0,0
2021-11-01,14:00,15:30,50,용산,SPC빌딩 앞,한남동,0,0
2021-11-01,00:00,23:59,0,마포,아현동157-2 건설현장 등 7개소 各499,아현동 등,0,0
2021-11-01,00:00,23:59,99,마포,서울신용보증 재단 빌딩 앞 등 4개소,공덕동 등,0,0
2021-11-01,00:00,23:59,99,마포,KT 스카이 라이프 앞,상암동,0,0
2021-11-01,11:00,13:00,99,종로,채널A 앞,세종로,0,0
2021-11-01,14:00,16:00,50,서초,대검찰청 정문 앞,서초동,0,0
2021-11-01,11:00,15:00,90,영등포,국민은행 앞,여의도동,0,0
2021-11-02,14:30,15:30,50,종로,씨티은행 ⇆ 정부서울청사 앞,신문로2가등,1,0
2021-11-02,11:00,13:00,50,영등포,더불어민주당사 앞,여의도,0,0
2021-11-02,11:00,15:00,99,강남,삼성동 무역센터 앞,삼성동,0,0
2021-11-02,08:00,,99,종로,GS건설 본사 앞 인도,청진동,0,0
2021-11-02,08:30,18:00,99,종로,금호아시아나 본사 앞,공평동,0,0
2021-11-02,08:00,10:00,150,남대문,배재정동 빌딩 정문 앞,정동,0,0
2021-11-02,11:00,14:00,49,종로,일본대사관 앞,중학동,0,0
2021-11-02,19:00,20:00,49,영등포,국민은행 앞,여의도,0,0
2021-11-02,05:30,18:00,99,금천,모비우스 타워 신축현장 앞,가산동,0,0
2021-11-02,06:00,08:00,99,강서,이랜드 R&D센터 공사현장 앞,마곡동,0,0
2021-11-02,05:00,17:00,99,강동,현대힐스테이트 리슈빌,,0,0
2021-11-02,12:00,15:00,99,종로,,세종로,0,0
2021-11-02,14:00,16:00,499,서초,중앙지검 서문 좌측,서초동,0,0
2021-11-02,16:30,18:00,99,금천,금천구청 앞,시흥동,0,0
2021-11-03,13:00,15:00,99,종로|남대문|서대문,마포역 → BH 사랑채,도화동 등,1,0
2021-11-03,13:00,14:30,99,영등포|마포,더불어민주당사 앞,여의도,0,0
2021-11-03,08:30,18:00,99,종로,금호아시아나 본사 앞,공평동,0,0
2021-11-03,11:00,14:00,44,종로,일본대사관 앞,중학동,0,0
2021-11-03,11:00,14:00,300,남대문,부영건설 앞,서소문동,0,0
2021-11-03,19:00,20:00,49,영등포,국민은행 앞,여의도,0,0
2021-11-03,08:30,09:30,99,영등포,국민은행 신관 앞,여의도,0,0
2021-11-03,08:00,22:00,99,용산,LS용산타워 앞,한강로2가,0,0
2021-11-03,05:30,17:00,99,동대문,힐스테이트 청량리 신축현장 앞,전농동,0,0
2021-11-03,05:00,,99,동작,상도11구역 대우건설 현장 앞,상도동,0,0
2021-11-03,16:00,18:00,99,광진,동서울터미널,구의동,0,0
2021-11-03,08:00,18:00,99,구로,태평양 물산 앞,구로동,0,0
2021-11-03,06:00,08:00,99,강서,이랜드 R&D센터 공사현장 앞,마곡동,0,0
2021-11-03,12:00,13:00,99,강서,김포공항 국내선 앞,공항동,0,0
2021-11-03,05:00,17:00,99,강동,현대힐스테이트 리슈빌,고덕동,0,0
2021-11-03,08:00,18:00,99,수서,KT&G 타워 앞,대치동,0,0
2021-11-03,12:00,15:00,99,종로,광화문KT 앞,세종로,0,0
2021-11-03,12:00,13:00,49,종로,연합뉴스 앞,수송동,0,0
2021-11-03,11:30,13:00,49,종로,소녀상 좌측,수송동,0,0
2021-11-03,13:00,15:00,490,영등포,대산빌딩 앞,여의도동,0,0
2021-11-03,14:00,16:00,499,서초,중앙지검 서문 좌측,서초동,0,0
2021-11-03,12:00,13:30,49,종로,소녀상 앞,수송동,0,0
2021-11-03,09:00,13:00,49,남대문,시청 서소문별관 앞,서소문동,0,0
2021-11-03,14:00,17:30,50,서초,국제전자센터 앞,서초동,0,0
2021-11-03,13:30,16:00,99,,신평화상가 앞 중 구,신당동,0,0
2021-11-03,06:00,20:00,99,마포,상암동 1588 공사현장 앞 등,상암동,0,0
2021-11-03,16:30,18:00,99,금천,금천구청 앞,시흥동,0,0
2021-11-04,13:00,15:00,99,종로|남대문|서대문,마포역 → BH 사랑채,도화동 등,1,0
2021-11-04,13:00,15:00,99,영등포|마포,더불어민주당사 앞→ 국민의힘 앞,여의도,1,0
2021-11-04,05:00,,99,동작,상도11구역 대우건설 현장 앞,상도동,0,0
2021-11-04,14:00,15:30,99,구로,다큐브시티 앞,신도림동,0,0
2021-11-04,13:00,19:00,99,종로,광화문 KT 앞,세종로,0,0
2021-11-04,14:00,16:00,499,서초,중앙지검 서문 좌측,서초동,0,0
2021-11-04,15:00,16:00,50,종로,효자치안센터 앞,효자동,0,0
2021-11-04,09:00,18:00,50,남대문,서울시청 동편 인도,태평로1가,0,0
2021-11-05,13:00,17:00,150,마포,평화의공원 광장 좌우,상암동,0,0
2021-11-05,11:00,13:00,400,남대문,배재정동 빌딩 앞,정동,0,0
2021-11-05,13:00,15:00,99,종로|남대문|서대문,마포역 → BH 사랑채,도화동 등,1,0
2021-11-05,11:00,14:00,49,종로|마포,일본대사관 앞,중학동,0,0
2021-11-05,11:00,13:00,400,남대문,배재정동 빌딩 앞,정동,0,0
2021-11-05,05:00,,99,동작,상도11구역 대우건설 현장 앞,상도동,0,0
2021-11-05,09:00,18:00,99,용산,백범기념관 정ㆍ후문 인도,효창동,0,0
2021-11-05,14:00,16:00,499,서초,중앙지검 서문 좌측,서초동,0,0
2021-11-05,14:00,15:00,99,용산,국방부 민원실 앞,용산동,0,0
2021-11-05,10:00,12:00,99,서초,양재역 12出 앞,양재동,0,0
2021-11-06,15:00,17:00,99,종로,사랑채 동측 인도,효자동,0,0
2021-11-06,05:00,,99,동작,상도11구역 대우건설 현장 앞,상도동,0,0
2021-11-06,05:00,17:00,99,강동,현대힐스테이트,,0,0
2021-11-06,16:00,18:00,499,영등포,,여의도동,0,0
2021-11-06,12:30,16:00,499,종로|남대문,시청역 7出 → 효자치안센터,태평로 등,1,0
2021-11-06,13:00,15:00,99,종로,동화면세점 앞,세종로,0,0
2021-11-06,14:00,17:30,499,종로|남대문,대한문 ⇄ 효자치안센터,정동 등,0,0
2021-11-06,14:00,18:00,99,종로,시민열린마당 북서측 ⇄ 신교R,세종로 등,0,0
2021-11-06,15:00,16:00,99,종로,광화문KT 앞,세종로,0,0
2021-11-06,17:00,19:00,99,종로,교보빌딩→126맨션,세종로 등,1,0
2021-11-06,14:00,18:00,99,서초|강남,강남CGV 앞 → 대륙아주로펌 건너편,서초동,1,0
2021-11-06,17:30,19:00,50,남대문,시청광장 서편,태평로,0,0
2021-11-06,17:00,19:30,99,서초,고속터미널 8-2出 → 반포수상택시 승강장,서초동 등,1,0
2021-11-06,12:00,16:00,99,남대문,파이낸스빌딩 앞,태평로1가,0,0
2021-11-06,14:00,17:00,499,종로,교보빌딩 앞,세종대로,0,0
2021-11-06,11:00,13:00,99,마포,상상마당 앞,서교동,0,0
2021-11-06,14:00,16:00,499,혜화,서울대병원 앞,연건동,0,0
2021-11-06,14:00,15:00,70,은평,대조동 213-6 앞,대조동,0,0
2021-11-07,14:00,15:30,499,종로|남대문,시청광장 → 효자치안센터,태평로1가 등,1,0
2021-11-07,13:00,15:00,99,영등포,국민은행 앞,여의도,0,0
2021-11-07,05:00,17:00,99,강동,현대힐스테이트 리슈빌,,0,0
2021-11-07,14:00,16:00,99,혜화,,종로6가,0,0
2021-11-07,11:00,14:00,99,성동,리버젠상가 앞,옥수동,0,0
2021-11-07,13:00,17:00,50,은평,북한산성 입구 교차로 앞 인도,진관동,0,1
2021-11-08,09:00,18:00,50,남대문,시청동편 인도,태평로1가,0,0
2021-11-08,11:00,12:00,99,종로,정부서울청사 정문 앞 우측,세종대로,0,0
2021-11-08,13:00,15:00,99,종로|남대문|서대문,마포역 → BH 사랑채,도화동 등,1,0
2021-11-08,11:00,12:00,50,마포|구로,구로구청 앞,구로동,0,0
2021-11-08,05:00,17:00,99,강동,현대힐스테이트,,0,0
2021-11-08,14:00,15:00,99,용산,,용산동,0,0
2021-11-09,11:00,11:30,99,남대문,대한항공 서소문 빌딩 앞,서소문동,0,0
2021-11-09,12:00,13:00,99,남대문,파이낸스 빌딩 앞,태평로1가,0,0
2021-11-09,11:00,14:00,49,종로,일대사관 앞,중학동,0,0
2021-11-09,11:00,12:00,99,종로,정부서울청사 정문 앞 우측,세종대로,0,0
2021-11-09,13:00,15:00,99,종로|남대문|서대문,마포역 → BH 사랑채,도화동 등,1,0
2021-11-09,11:00,13:00,20,종로|마포,사랑채 측면 하위 1개차로,효자동,0,1
2021-11-09,09:00,16:00,50,금천,안산IC 사거리 → 광명역 → 금천구청역 1出,금천   시흥동,1,0
2021-11-09,11:00,12:00,49,남대문,시청 동편,태평로1가,0,0
2021-11-10,14:00,18:00,99,종로|남대문|마포|서대문,진명초소R → 국회100m 앞,여의도 등,1,0
2021-11-10,10:30,13:00,300,영등포|혜화,서울대병원 ⇆ 혜화R,연건동 등,1,0
2021-11-10,13:30,14:30,300,영등포,국민은행 서관 앞,여의도,0,0
2021-11-10,11:30,13:00,499,남대문,배재빌딩 앞,정동,0,0
2021-11-10,11:00,14:00,49,종로,일대사관 앞,중학동,0,0
2021-11-10,14:00,16:00,99,남대문,기업은행 앞,수하동,0,0
2021-11-10,13:00,15:00,99,종로|남대문|서대문,마포역 → BH 사랑채,도화동 등,1,0
2021-11-10,17:00,19:00,99,마포|서대문,신촌 유플렉스 앞,창천동,0,0
2021-11-10,05:00,,99,동작,상도11구역 대우건설 건설 현장 앞,상도동,0,0
2021-11-10,05:00,17:00,99,강동,현대힐스테이트 리슈빌,고덕동,0,0
2021-11-10,12:00,13:00,49,종로,연합뉴스 앞 인도⋅1개차로,수송동,0,1
2021-11-10,11:30,13:00,49,종로,소녀상 좌⋅우인도,수송동,0,0
2021-11-10,15:00,18:00,99,수서,강남파이낸스센터 앞,역삼동,0,0
2021-11-10,09:00,16:00,99,금천,시흥대교 남단,시흥동,0,0
2021-11-10,16:00,17:00,200,남대문,시청 후문 앞,태평로1가,0,0
2021-11-11,12:30,15:00,499,종로|남대문,사랑채 동측 → 대한문,효자동,1,0
2021-11-11,16:00,18:00,499,종로|남대문,파이낸스 → 사랑채,태평로1가,1,0
2021-11-11,13:00,15:00,99,종로|남대문|서대문,마포역 → BH 사랑채,도화동 등,1,0
2021-11-11,19:00,20:00,99,남대문|마포,세종호텔 앞,명동,0,0
2021-11-11,14:00,16:00,499,영등포,산업은행 정문 앞,여의도,0,0
2021-11-11,17:00,19:00,99,서대문,신촌 유플렉스 앞,창천동,0,0
2021-11-11,05:30,07:00,99,동작,상도11구역 대우건설 현장 앞,상도동,0,0
2021-11-11,11:00,14:00,49,종로,트윈트리 A동 앞,중학동,0,0
2021-11-11,11:00,12:30,99,종로,D타워 앞 인도,청진동,0,0
2021-11-11,19:00,20:00,49,영등포,국민은행 앞,여의도,0,0
2021-11-11,11:00,11:30,99,구로,다큐브시티 앞,신도림동,0,0
2021-11-11,05:00,,99,동작,상도11구역 대우건설 현장 앞,상도도,0,0
2021-11-11,13:30,14:30,20,영등포,더불어민주당사 / 국민의힘 앞,여의도동,0,0
2021-11-12,18:00,,400,종로|혜화,전태일다리→청계5가R→종로5가→종각역R→광 교R→청계북로→청계광장,종로6가,1,0
2021-11-12,13:00,15:00,99,종로|남대문|서대문,마포역 → BH 사랑채,도화동 등,1,0
2021-11-12,14:00,16:00,499,종로|마포,市교육청 정문 좌측인도,신문로2가,0,0
2021-11-12,11:30,13:00,499,남대문,배재빌딩 앞,정동,0,0
2021-11-12,11:00,14:00,49,종로,트윈트리A동 앞 인도,중학동,0,0
2021-11-12,19:00,20:00,99,남대문,세종호텔 앞,명동,0,0
2021-11-12,05:30,07:00,99,동작,상도11구역 대우건설 현장 앞,상도동,0,0
2021-11-12,05:00,,99,동작,상도11구역 대우건설 현장 앞,상도동,0,0
2021-11-12,12:00,15:00,200,남대문,서울시의회 앞,정동,0,0
2021-11-12,14:00,19:30,499,영등포,이룸센터→민주당사→정의당사→국힘당사→이 룸센터,여의도,1,0
2021-11-13,09:00,14:00,100,혜화,삼일교 베를린 광장,청계6가,0,0
2021-11-13,11:30,12:30,499,구로,디큐브시티 앞,신도림동,0,0
2021-11-13,11:00,,99,송파,쿠팡본사 앞 〜12:30,신천동,0,0
2021-11-13,12:00,13:00,499,강동,화곡로398 홈플러스 앞,등촌동,0,0
2021-11-13,11:00,13:00,499,강남,SPC 빌딩 앞,한남동,0,0
2021-11-13,11:00,13:00,100,혜화,베를린광장→전태일다리,청계6가,1,0
2021-11-13,11:00,13:00,499,용산,서울서부역 광장,서계동,0,0
2021-11-13,05:30,07:00,99,동작,상도11구역 대우건설 현장 앞,상도동,0,0
2021-11-13,16:00,18:00,499,서초,중앙지검 서문 앞,서초동,0,0
2021-11-13,16:00,19:00,499,영등포,민주당사 앞 및 삼보호정빌딩 앞,여의도동,0,0
2021-11-13,14:00,17:00,499,서초|강남,올리브영 강남점 → 양재역 1∼2出,서초동 등,1,0
2021-11-13,12:30,16:00,499,종로|수서,흥국생명빌딩 → 종로3R,종로 등,1,0
2021-11-13,13:00,15:00,99,종로,동화면세점 앞,세종로,0,0
2021-11-13,14:00,17:30,99,남대문,대한문 ⇄ 한국은행R,정동 등,0,0
2021-11-13,14:00,17:00,200,혜화|동대문,세운스퀘어 ⇄동대문R,종로4R 등,0,0
2021-11-13,17:00,19:30,99,서초,고속터미널 8-2出 → 반포수상택시 승강장,서초동 등,1,0
2021-11-13,11:00,13:00,99,혜화,마로니에공원 앞,동숭동,0,0
2021-11-13,10:00,13:00,499,영등포,이룸센터 앞,여의도동,0,0
2021-11-13,14:00,17:00,499,종로,교보빌딩 앞,세종대로,0,0
2021-11-13,14:00,16:00,99,,신촌역 2ㆍ3出 앞 신 촌,창천동,0,0
2021-11-13,15:00,16:00,499,용산,KDB생명타워 앞,동자동,0,0
2021-11-14,12:00,14:30,499,종로|남대문,세종R→광화문R 역방 1개차로) : 한빛광장 → 광교R → 을입구R → 서울광장 → 세종R → 광화,삼각동 등,1,1
2021-11-14,11:00,14:00,99,종로,연합뉴스 앞,수송동,0,0
2021-11-14,13:30,16:00,350,종로|남대문,세종R→광화문R 역방 1개차로) : 한빛광장 → 광교R → 을입구R → 서울광장 → 세종R → 광화,삼각동 등,1,1
2021-11-14,15:00,17:30,300,종로|남대문,한빛광장 →광교R → 을입구R → 서울광장 → 세 종R → 광화문R → 내자R → 효자치안센터,삼각동 등,1,0
2021-11-14,11:00,14:00,99,성동,리버젠상가 앞,옥수동,0,0
2021-11-14,14:00,17:00,499,종로,교보빌딩 앞,세종대로,0,0
2021-11-14,15:00,17:00,200,송파,위례동사무소 옆 → 스타벅스 송파위례점,위례동,1,0
2021-11-15,11:30,13:00,499,남대문,배재빌딩 앞,정동,0,0
2021-11-15,11:00,14:00,49,종로,트윈트리A동 앞 인도,중학동,0,0
2021-11-15,13:00,15:00,499,종로|남대문|서대문,마포역～BH사랑채,마포 등,0,0
2021-11-15,13:30,15:00,400,종로|마포,정부서울청사 정문 앞 우측 인도,세종대로,0,0
2021-11-15,05:30,07:00,99,동작,상도11구역 대우건설 현장 앞,상도동,0,0
2021-11-16,14:00,16:00,90,용산,"국군복지단, 국방부민원실 앞",용산동,0,0
2021-11-16,05:00,07:00,99,동작,상도11구역 대우건설 현장 앞,상도동,0,0
2021-11-16,05:00,,99,동작,상도11구역 대우건설 현장 앞,상도동,0,0
2021-11-16,05:00,09:00,99,금천,모비우스타워 현장 앞,가산동,0,0
2021-11-16,11:00,13:30,99,종로|남대문|중부,영락교회 앞→ 퇴계2가R→ 명동역→신세계백 화점R→ 종각역(우회)→종로2가R→ 영락교회,저동,1,0
2021-11-16,10:00,12:00,99,중랑,망우역 1出 → 상봉역 → 한샘교회 → 상봉역 → 망우역 1出,신내동,1,0
2021-11-16,10:00,15:00,49,남대문,시청 동편 인도,태평로1가,0,0
2021-11-16,13:00,15:00,499,남대문,시의회 본관 앞,정동,0,0
2021-11-16,14:00,16:00,99,영등포,이룸센터 앞,여의도동,0,0
2021-11-16,10:00,12:00,200,송파,리센츠아파트 앞,잠실동,0,0
2021-11-17,13:00,15:00,99,종로|남대문|서대문,마포역 → BH 사랑채,도화동 등,1,0
2021-11-17,14:00,16:00,499,종로|마포,사랑채 동측 2개차로,효자동,0,1
2021-11-17,14:00,18:00,499,영등포,대하빌딩⇄여의도역,여의도,0,0
2021-11-17,11:30,13:00,49,종로,소녀상 좌우측 인도,수송동,0,0
2021-11-17,12:00,13:00,49,종로,연합뉴스 앞 인도⋅1개차로,수송동,0,1
2021-11-17,13:00,16:00,499,영등포,산업은행 측면,여의도동,0,0
2021-11-17,16:00,17:00,499,영등포,산업은행 측면(좌회) → 여의공원로 → 수출입은 행 (좌회) → 은행로 → 익스콘벤처타워(우회) →,여의도동,1,0
2021-11-17,14:00,16:00,499,영등포,이룸센터 앞,여의도동,0,0
2021-11-17,10:00,12:00,50,광진,어린이대공원 → 건대R → 자양R → 구의역R → 어린이대공원,능동,1,0
2021-11-17,15:00,17:00,99,강남,삼성역 5出 앞,삼성동,0,0
2021-11-18,13:00,18:00,99,종로|남대문|서대문,마포역 → BH 사랑채,도화동 등,1,0
2021-11-18,08:30,21:00,99,남대문|마포,SK남산빌딩 앞,남대문로5가,0,0
2021-11-18,19:00,20:00,99,남대문,세종호텔 앞,명동,0,0
2021-11-18,14:00,16:00,50,영등포,국민의 힘 당사 앞,여의도,0,0
2021-11-18,13:30,15:00,40,남대문|중부,국가인권위 앞 → 프란치스코회관,저동,1,0
2021-11-19,09:00,14:00,150,서대문,경찰청 정문 앞,미근동,0,0
2021-11-19,14:30,18:00,99,영등포|마포|서대문,경찰기념공원→서대문역R→서부지검→마포대교 →여의서로→은행로→여의대로→국민은행 서관,여의도 등,1,0
2021-11-19,13:00,14:00,499,종로,서울시 교육청 좌측 인도,신문로2가,0,0
2021-11-19,11:00,12:00,499,종로,서울시 교육청 좌측 인도,신문로2가,0,0
2021-11-19,16:00,18:30,499,종로,서울시 교육청 좌측 인도,신문로2가,0,0
2021-11-19,13:00,18:00,99,종로|남대문|서대문,마포역 → BH 사랑채,도화동 등,1,0
2021-11-19,08:30,11:00,99,남대문|마포,상동교회 정후문 앞,남창동,0,0
2021-11-19,18:30,20:00,99,종로,금호아시아나 본사 앞,공평동,0,0
2021-11-19,12:00,16:00,499,용산,국군복지단 국방부민원실 앞,용산동,0,0
2021-11-19,17:00,18:30,99,종로,동화면세점 앞,세종로,0,0
2021-11-19,10:00,11:00,99,종로,서울시 교육청 정문 우측,신문로1가,0,0
2021-11-19,14:00,16:00,499,혜화,마로니에공원 앞,동숭동,0,0
2021-11-19,13:00,14:00,99,용산,국방부 정문 앞,용산동,0,0
2021-11-20,14:00,16:00,499,영등포,더불어민주당사 →여의도 국민은행 앞,여의도,1,0
2021-11-20,15:00,17:00,200,영등포,LG트윈타워 앞,여의도,0,0
2021-11-20,10:00,,200,종로|서대문,BH 사랑채 → 마포역,효자동 등,1,0
2021-11-20,14:00,17:00,70,종로|마포,세종문화회관 중앙계단 앞,세종대로,0,0
2021-11-20,13:00,16:00,99,서초,신세계 센트럴시티 호남선 입구 앞,반포동,0,0
2021-11-20,16:00,18:00,99,서초,신세계 센트럴시티 호남선 ⇆ 강남성모병원R,반포동 등,1,0
2021-11-20,00:00,23:59,99,남대문,시청동편 인도,태평로1가,0,0
2021-11-20,16:00,18:00,499,서초,중앙지검 서문 앞,서초동,0,0
2021-11-20,16:00,19:00,499,영등포,민주당사 앞,여의도동,0,0
2021-11-20,14:00,17:00,499,서초,올리브영 강남점 → 양재역 1∼2出,서초동 등,1,0
2021-11-20,13:00,17:00,499,종로,소라탑 앞 인도,세종로,0,0
2021-11-20,14:00,17:30,2000,남대문,대한문 ⇄ 한은R,정동 등,0,0
2021-11-20,14:00,15:00,99,종로,광화문KT 앞,세종로,0,0
2021-11-20,14:00,17:00,99,종로,광화문역 5出 앞,세종로,0,0
2021-11-20,14:00,17:00,300,종로,동화면세점 → 126맨션 앞,세종로 등,1,0
2021-11-20,14:00,17:00,30,종로|남대문,파이낸스빌딩 ⇄ 효자치안센터,태평로 등,0,0
2021-11-20,17:00,19:00,499,종로,교보빌딩 → 효자치안센터,세종로 등,1,0
2021-11-20,13:00,16:30,499,종로,예금보험공사 ⇄ 정부서울청사 앞,다동 등,0,0
2021-11-20,14:00,17:00,499,종로,교보빌딩 앞,세종대로,0,0
2021-11-20,13:00,15:00,99,남대문,명동역 6出 앞,명동,0,0
2021-11-20,14:00,18:00,99,마포,홍대입구역 2出 앞,동교동,0,0
2021-11-20,13:00,15:00,50,혜화,마로니에 공원 앞,동숭동,0,0
2021-11-20,16:30,19:00,99,용산,이태원광장,이태원동,0,0
2021-11-20,15:00,17:00,200,구로,항동사거리 공원 내,항동,0,0
2021-11-20,13:00,15:00,99,송파,오금역 앞,오금동,0,0
2021-11-21,00:00,23:59,99,남대문,시청동편 인도,태평로1가,0,0
2021-11-21,14:00,17:00,499,종로,교보빌딩 앞,세종대로,0,0
2021-11-22,13:00,17:00,99,종로|남대문|서대문,마포역 → BH 사랑채,도화동 등,1,0
2021-11-23,17:30,18:30,99,종로,서울시 교육청 좌측 인도,신문로2가,0,0
2021-11-23,11:00,13:00,499,종로,서울시 교육청 좌측 인도,신문로2가,0,0
2021-11-23,14:00,16:00,499,종로,서 울시 교육청 좌측 인도,신문로2가,0,0
2021-11-23,18:00,19:00,99,종로,BH 사랑채 동측 1개 차로,효자동,0,1
2021-11-23,12:00,14:00,499,수서,카이트타워 앞,역삼동,0,0
2021-11-23,14:00,17:00,499,영등포,산업은행 측면,여의도동,0,0
2021-11-24,06:00,,499,강동,현대힐스테이트 안전통로 우측,강일동,0,0
2021-11-24,06:00,,99,강동,현대힐스테이트 공사현장 앞,강일동,0,0
2021-11-24,13:00,15:00,300,광진,건국대병원 앞,화양동,0,0
2021-11-24,15:00,17:00,499,영등포,국민은행 서관,여의도,0,0
2021-11-24,11:00,12:00,499,서초,삼성화재 본사 앞,서초동,0,0
2021-11-24,12:00,13:00,499,서초,삼성화재 인근 순회 행진,강남대로,1,0
2021-11-24,13:00,15:00,200,남대문,연세빌딩 앞,남대문로5가,0,0
2021-11-24,12:00,14:00,499,용산,국군복지단 앞,용산동2가,0,0
2021-11-24,14:00,15:00,499,용산,국군복지단 → 국방부 민원실,용산동2가등,1,0
2021-11-24,11:00,12:00,99,광진,세종대 정문 앞,능동,0,0
2021-11-24,16:00,17:30,499,서대문,연세암병원 앞 시계탑광장,신촌동,0,0
2021-11-24,09:00,10:00,99,남대문,SK남산빌딩,남대문로5가,0,0
2021-11-24,17:30,18:00,499,종로,서울시 교육청 좌측 인도,신문로2가,0,0
2021-11-24,11:30,13:00,49,종로,소녀상 좌우측 인도,수송동,0,0
2021-11-24,09:00,10:00,30,서초,삼성생명 본사 앞,서초동,0,0
2021-11-24,12:00,17:00,99,영등포,전경련 → 민주당사 앞,여의도,1,0
2021-11-24,12:00,13:00,99,종로,연합뉴스 앞 인도⋅1개차로,수송동,0,1
2021-11-24,12:00,13:00,49,종로,소녀상 앞,수송동,0,0
2021-11-24,11:30,12:30,120,중랑,신내 11단지 국민은행 앞,신내동,0,0
2021-11-25,05:30,18:00,499,강동,현대힐스테이트 안전통로 우측,강일동,0,0
2021-11-25,04:00,23:59,99,마포,성신양회 앞,상암동,0,0
2021-11-25,19:00,20:00,99,남대문,세종호텔 앞,명동,0,0
2021-11-25,17:30,18:00,499,종로,서울시 교육청 좌측 인도,신문로2가,0,0
2021-11-25,11:00,11:30,70,영등포,국회 앞,여의도동,0,0
2021-11-25,11:30,13:00,70,영등포,국회대로 양측 인도 등,여의도동,0,0
2021-11-25,14:00,17:30,499,영등포,이룸센터 앞,여의도동,0,0
2021-11-25,11:00,15:00,200,수서,포스코센터 앞,대치동,0,0
2021-11-25,16:00,18:00,99,중부,남산스퀘어 앞,충무로3가,0,0
2021-11-26,13:00,14:00,499,송파,올림픽공원 K아트홀 앞 → 올림픽공원 3出,오륜동 등,1,0
2021-11-26,09:00,18:00,99,수서,신풍제약 건너편→구역삼세무서교차로→도곡1 동주민센터 →뱅뱅사거리→ 신풍제약건너편,역삼동,1,1
2021-11-26,16:00,18:00,499,영등포,이룸센터 앞,여의도동,0,0
2021-11-27,12:00,13:00,499,종로,서울시 교육청 정문 1개차로,신문로2가,0,1
2021-11-27,13:10,14:00,300,용산,국방부 민원실 앞,용산동,0,0
2021-11-27,16:00,18:00,499,서초,중앙지검 서문 앞,서초동,0,0
2021-11-27,16:00,19:00,499,영등포,민주당사 앞,여의도동,0,0
2021-11-27,14:00,17:00,499,서초|강남,올리브영 강남점 → 양재역 1∼2出,서초동 등,1,0
2021-11-27,13:00,15:00,49,종로|수서,보신각 앞 인도,관철동,0,0
2021-11-27,13:00,18:00,499,종로|남대문|중부,舊 삼성본관→ DDP 앞,태평로 등,1,0
2021-11-27,14:00,17:00,300,종로|혜화,동화면세점 → 126맨션 앞,세종로 등,1,0
2021-11-27,14:00,17:00,49,종로,광화문역 5出 앞,세종로,0,0
2021-11-27,14:00,17:30,2000,남대문,대한문 ⇄ 한은R,정동 등,0,0
2021-11-27,15:30,17:30,99,종로,시민열린마당 ⇄ 진명초소 건너편,세종로 등,0,0
2021-11-27,17:00,19:00,499,종로,교보빌딩→ 효자치안센터,세종로 등,1,0
2021-11-27,14:00,17:00,499,용산,전쟁기념관 → 美8군 7게이트,용산동,1,0
2021-11-27,15:30,18:00,99,서대문,신촌역 2出 앞,창천동,0,0
2021-11-27,16:00,17:30,99,영등포,국민의 힘 당사 ⇄ 프린스텔빌딩,여의도,0,0
2021-11-27,14:00,17:00,499,종로,교보빌딩 앞,세종대로,0,0
2021-11-27,16:00,17:30,150,서대문,독립문공원 앞,현저동,0,0
2021-11-27,17:30,18:30,99,서대문,독립문공원 앞,현저동,0,0
2021-11-27,11:00,15:00,99,종로,세종문화회관 앞,세종대로,0,0
2021-11-27,13:00,15:00,99,영등포,영등포역 광장,영등포동,0,0
2021-11-27,13:00,14:30,50,영등포,한화손해보험 앞,여의도동,0,0
2021-11-27,13:00,15:00,99,남대문,명동역 6出 앞,명동,0,0
2021-11-27,15:00,17:00,99,마포,신논현역 5出 앞,동교동,0,0
2021-11-27,13:00,14:00,50,용산,삼각지역 13出,용산동,0,0
2021-11-27,16:00,17:00,200,구로,항동사거리 공원 내,항동,0,0
2021-11-28,13:30,15:00,499,종로|남대문,서울광장 서편 → 효자PB,태평로1가등,1,0
2021-11-28,13:30,15:00,100,종로|남대문|서대문,효자PB → 민주당사,태평로1가등,1,0
2021-11-28,14:00,17:00,499,종로|영등포|마포,교보빌딩 앞,세종대로,0,0
2021-11-28,13:00,16:00,99,종로,광화문KT 앞,세종대로,0,0
2021-11-28,14:00,15:30,50,종로,보신각 앞,세종대로,0,0
2021-11-29,05:30,17:00,99,중부,더 쏠라고 오피스텔 앞,충무로4가,0,0
2021-11-30,13:30,15:30,499,영등포,산업은행 측면,여의도,0,0
2021-11-30,05:30,17:00,99,중부,더 쏠라고 오피스텔 앞,충무로4가,0,0
2021-11-30,14:00,15:00,99,영등포,더불어민주당 앞,여의도동,0,0
2021-11-30,11:00,12:00,80,송파,송파구청 앞,신천동,0,0
2021-11-30,18:00,20:00,49,수서,포스코센터 앞,대치동,0,0
2021-12-01,10:30,13:00,30,종로|마포|서대문,이마빌딩 → 용산빌딩,수송동 등,1,0
2021-12-01,05:30,17:00,99,중부|영등포,더 쏠라고 오피스텔 앞,충무로4가,0,0
2021-12-01,12:00,13:00,99,종로,소녀상 좌측 인도,수송동,0,0
2021-12-01,12:00,13:00,99,종로,연합뉴스 앞,수송동,0,0
2021-12-01,13:00,15:00,90,종로,현대건설 앞,계동,0,0
2021-12-01,11:00,11:40,50,영등포,국회 앞,여의도동,0,0
2021-12-01,11:00,12:30,60,영등포,현대캐피탈 앞/ 금산빌딩 앞,여의도동,0,0
2021-12-01,11:00,12:00,99,남대문,명동성당 앞,명동,0,0
2021-12-02,19:00,20:00,99,남대문,세종호텔 앞 인도,명동,0,0
2021-12-02,13:30,16:00,499,종로,삼일빌딩 앞,관철동,0,0
2021-12-02,10:00,11:30,99,종로,서울시 교육청 정문 좌측 인도,신문로2가,0,0
2021-12-02,10:00,11:00,50,영등포,금감원 앞,여의도,0,0
2021-12-02,15:30,16:30,499,서대문,연세암 병원 앞,신촌,0,0
2021-12-02,11:00,15:00,99,마포,상암동 MBC 앞 등 3개소,상암동,0,0
2021-12-02,08:00,14:00,200,용산,국방부 및 전쟁 기념관 앞 인도,용산동,0,0
2021-12-02,16:00,17:30,99,종로,사랑채 측면 인도,효자동,0,0
2021-12-02,14:00,16:00,99,영등포,국민의 힘 당사,여의도동,0,0
2021-12-02,13:00,16:00,499,영등포,이룸센터 앞,여의도동,0,0
2021-12-02,16:00,19:00,499,영등포,이룸센터 → 여의도문화공원 6문 → 공원 1문 → 금감원 측면 → 여의도역 1出 → 광장@사,여의도동,1,0
2021-12-02,20:00,21:00,499,영등포,이룸센터 앞,여의도동,0,0
2021-12-02,12:30,15:00,499,남대문,시청 동편 앞 서울광장(1차로) → 시청 서편 → 청계남로 → 모전교 남단 → 서울시청 동편,태평로1가,1,1
2021-12-03,06:00,16:00,99,중부,더 쏠라고 오피스텔 앞,충무로4가,0,0
2021-12-03,06:00,16:00,499,중부,더 쏠라고 오피스텔 앞,충무로4가,0,0
2021-12-03,10:00,11:30,99,남대문,서울시의회 본관 앞,태평로1가,0,0
2021-12-03,19:00,20:00,99,남대문,세종호텔 앞 인도,명동,0,0
2021-12-03,10:00,10:30,499,마포,신공덕래미안1차 아파트 앞,공덕동,0,0
2021-12-03,11:30,12:30,499,영등포,이룸센터 앞,여의도동,0,0
2021-12-04,05:00,09:00,499,마포,서교동 460-25,서교동,0,0
2021-12-04,11:00,15:00,99,마포,상암동 MBC 앞 등 3개소,상암동,0,0
2021-12-04,13:00,19:00,499,영등포,민주당사 앞,여의도동,0,0
2021-12-04,16:00,18:00,499,서초,중앙지검 서문 앞,서초동,0,0
2021-12-04,14:00,18:00,499,서초|강남,리브영 강남점 → 양재역 1∼2出,서초동 등,1,0
2021-12-04,13:00,18:00,499,종로|남대문|중부,수  시청역 6出→ DDP 앞,태평로 등,1,0
2021-12-04,14:00,17:00,300,종로|혜화,동화면세점 → 126맨션 앞,세종로 등,1,0
2021-12-04,14:00,17:00,99,종로,광화문역 5出 앞,세종로,0,0
2021-12-04,14:00,17:30,2000,남대문,대한문 ⇄ 한은R,정동 등,0,0
2021-12-04,14:00,17:00,99,종로|남대문,광통교 ⇄ 안국동사거리,서린동 등,0,0
2021-12-04,14:00,16:30,499,종로|남대문,서울역 4出 → 사랑채 측면,태평로 등,1,0
2021-12-04,15:30,17:30,99,종로,시민열린마당 ⇄ 진명초소 건너편,세종로 등,0,0
2021-12-04,17:00,19:00,499,종로,교보빌딩→ 효자치안센터,세종로 등,1,0
2021-12-04,14:00,17:00,499,종로,교보빌딩 앞,세종대로,0,0
2021-12-04,12:00,13:00,99,영등포,현대캐피탈 앞,여의도동,0,0
2021-12-04,13:00,18:00,499,영등포,국민은행 앞,여의도동,0,0
2021-12-04,15:00,19:00,99,서대문,독립문공원 앞,현저동,0,0
2021-12-04,14:00,16:00,50,종로|남대문|서대문|서부,구파발역→통일로→불광역→독립문역→서대문역 →서소문역사공원앞R→시청역→시청삼거리→세종,진관동,1,0
2021-12-04,15:00,18:00,99,서초|강남|은평,신논현역 6出 앞,역삼동,0,0
2021-12-04,16:00,17:00,200,구로,항동사거리 공원 내,항동,0,0
2021-12-05,14:00,17:00,499,종로,교보빌딩 앞,세종대로,0,0
2021-12-05,10:00,12:00,50,방배,반포교회 앞,방배동,0,0
2021-12-07,10:30,12:30,499,용산,전쟁기념관 및 국방부 앞,용산동,0,0
2021-12-07,18:30,20:00,499,서대문,서대문구청 앞,연희동,0,0
2021-12-07,15:00,17:00,55,강서,LG사이언스파크 W4∼W6동 앞,마곡동,0,0
2021-12-07,05:00,09:00,499,마포,서교동 460-25 현장 앞,서교동,0,0
2021-12-08,14:00,16:00,499,,국민은행 서관 앞,여의도,0,0
2021-12-08,12:00,12:30,99,,국회 앞,여의도,0,0
2021-12-08,09:00,15:00,499,,정부서울청사 정문·후문 앞,세종대로,0,0
2021-12-08,05:00,09:00,499,,서교동 460-25 현장 앞,서교동,0,0
2021-12-08,18:30,19:30,99,,마포구청 앞,성산동,0,0
2021-12-08,12:00,13:00,99,,소녀상 좌측 인도,수송동,0,0
2021-12-08,12:00,13:00,99,,연합뉴스 앞,수송동,0,0
2021-12-08,13:00,17:30,100,,시의회 본관 관 → 대한문→ 시의회 별관,정동,1,0
2021-12-08,11:00,11:50,280,,국회 앞 등 6개소,여의도동,0,0
2021-12-08,13:30,15:00,99,,국회 앞,여의도동,0,0
2021-12-08,10:30,11:30,99,,대현동 40-22 앞→ 농협은행→ 신촌박스퀘어 → 농협은행 신촌지점 → 대현동 40-22,대현동,1,0
2021-12-09,10:30,11:30,99,양천,해성운수 앞 인도 上,신월3동,0,0
2021-12-09,13:30,15:30,99,마포,서울신용보증 재단 앞,공덕동,0,0
2021-12-09,16:00,17:00,99,서대문,세브란스 암병동 앞,신촌,0,0
2021-12-09,19:00,20:00,99,남대문,세종호텔 앞,명동,0,0
2021-12-09,11:30,14:30,499,영등포,63빌딩 앞 등 10개소,여의도,0,0
2021-12-09,11:30,14:30,499,영등포,63빌딩 앞 → 63빌딩,여의도,1,0
2021-12-09,05:00,09:00,499,마포,서교동 460-25 현장 앞,서교동,0,0
2021-12-09,18:00,19:00,99,남대문,T타워→SK 남산그린빌딩,남대문로5가,1,0
2021-12-09,19:30,21:00,99,남대문,SK남산그린 빌딩 앞,남대문로5가,0,0
2021-12-09,13:00,15:00,499,영등포,대산빌딩 앞,여의도동,0,0
2021-12-09,14:00,15:30,499,영등포,국민의 힘 당사 → 국민의 당,여의도동,1,0
2021-12-10,19:00,19:30,499,남대문,고용노동청 앞,장교동,0,0
2021-12-10,19:30,20:00,499,남대문,고용노동청→ 파이낸스센터,장교동 등,1,0
2021-12-10,20:00,22:00,499,종로,파이낸스빌딩 앞,세종대로,0,0
2021-12-10,08:00,10:00,99,광진,보림토건 앞,광장동,0,0
2021-12-10,10:00,12:00,100,남대문,서울시의회 앞,태평로1가,0,0
2021-12-10,13:00,15:00,99,강남,삼성역 5‧6出 앞,삼성동,0,0
2021-12-11,13:00,14:00,499,종로,D타워 앞 1개차로,청진동,0,1
2021-12-11,12:00,13:00,499,남대문,시청동편 인도,태평로1가,0,0
2021-12-11,16:00,19:00,499,영등포,민주당사 앞,여의도동,0,0
2021-12-11,14:00,17:00,499,서초|강남,올리브영 강남점 → 양재역 1∼2出,서초동 등,1,0
2021-12-11,12:30,17:30,499,종로|남대문|중부|수서,시청역 8出 건너편 → DDP 앞,태평로 등,1,0
2021-12-11,13:00,14:00,99,종로|혜화,콘코디언빌딩 앞,신문로2가,0,0
2021-12-11,14:00,17:00,300,종로|남대문,서울시의회 → 126맨션 앞,세종로 등,1,0
2021-12-11,14:00,17:00,99,종로,광화문역 5出 앞,세종로,0,0
2021-12-11,14:00,17:30,2000,남대문,대한문 ⇄ 한은R,정동 등,0,0
2021-12-11,14:00,17:00,99,종로|남대문,광통교 ⇄ 효자치안센터,서린동 등,0,0
2021-12-11,14:00,17:00,499,종로|남대문,서울시청 동편 → 효자치안센터,태평로 등,1,0
2021-12-11,14:00,16:00,99,종로,시민열린마당 ⇄ 진명초소 건너편,세종로 등,0,0
2021-12-11,15:00,16:00,99,종로,광화문KT 앞,세종대로,0,0
2021-12-11,17:00,20:00,99,서대문,신촌 유플렉스 앞,창천동,0,0
2021-12-11,13:00,14:00,50,서초,BH 사랑채 동측,궁정동,0,0
2021-12-11,14:00,17:00,99,종로,신논현역 6出 앞,서초동,0,0
2021-12-11,14:00,17:00,499,종로,교보빌딩 앞,세종대로,0,0
2021-12-11,14:00,15:00,50,영등포,국회 앞,여의도동,0,0
2021-12-11,15:00,17:30,150,서대문,독립문공원 앞,현저동,0,0
2021-12-11,17:30,19:00,99,종로|서대문,독립문공원 → 사직터널 → 내자R → 신교R → 효자PB,현저동,1,0
2021-12-11,15:00,18:00,99,서초|강남,신논현역 6出 ⇄ 강남역11出 ⇄ 강남 자라점,서초동,0,0
2021-12-11,14:00,16:30,499,서초|강남|수서,삼성 서초사옥 앞 → 강남역 → 역삼역→ 선릉역 → 포스코센터,서초동,1,0
2021-12-11,13:00,18:00,99,서초,중앙지검 정문 앞,서초동,0,0
2021-12-11,13:00,14:30,99,중부,DDP 남측광장,을지로7가,0,0
2021-12-11,16:00,17:00,200,구로,항동사거리 공원 내,항동,0,0
2021-12-12,14:00,17:00,99,종로,동화면세점 앞,세종대로,0,0
2021-12-12,12:00,13:30,60,서대문,궁말어린이공원→ 전 前대통령 사저 앞,연희동,1,0
2021-12-12,14:00,17:00,499,종로,교보빌딩 앞,세종대로,0,0
2021-12-12,11:00,13:00,50,영등포,국민의힘 앞 더불어민주당 앞,여의도동,0,0
2021-12-12,11:00,13:00,200,영등포,맨하탄21 앞 / 해운빌딩 앞,여의도동,0,0
2021-12-13,13:00,15:00,499,종로|남대문,종각역 5出(보신각 건너편) → 을지로입구→ 개풍R → 무교로→모전교→광화문우체국,관철동 등,1,0
2021-12-13,05:00,09:00,499,마포,서교동 460-25 현장 앞,서교동,0,0
2021-12-13,13:30,15:00,400,종로,효자P/B 앞,효자동,0,0
2021-12-14,14:00,15:00,450,영등포,산업은행 측면 인도 및 2개차로,여의도,0,1
2021-12-14,16:30,18:00,499,남대문,시청 동편,태평로1가,0,0
2021-12-14,10:30,12:00,200,구로,고척현대아이파크 1출→구로구청 후문,고척동 등,1,0
2021-12-14,05:30,,499,강동,길동 신동아아파트 4번게이트 앞,길동,0,0
2021-12-14,09:00,18:00,99,서초,호반건설 앞,우면동,0,0
2021-12-15,05:00,,0,,∼ 07:00,상도동,0,0
2021-12-15,18:30,,499,동작,∼ 19:30,장교동,0,0
2021-12-15,13:00,,499,남대문,∼ 15:00,효창동,0,0
2021-12-15,18:30,,99,용산,∼ 20:30,서초동,0,0
2021-12-15,12:00,,50,서초,∼ 13:00,수송동,0,0
2021-12-15,12:00,,99,종로,∼ 13:00,수송동,0,0
2021-12-15,18:00,,99,종로,∼ 19:00,관철동,0,0
2021-12-15,11:00,,300,종로,∼ 12:30,여의도동,0,0
2021-12-16,14:00,16:00,49,영등포,한국노총 앞,여의도,0,0
2021-12-16,05:00,07:00,499,동작,상도11구역 대우건설 건설 현장 앞,상도동,0,0
2021-12-16,15:30,16:30,499,서대문,연세암병원 앞,신촌,0,0
2021-12-16,19:00,20:00,99,남대문,세종호텔 앞,명동,0,0
2021-12-16,05:30,,99,강동,길동 신동아 아파트 4G 게이트 앞,길동,0,0
2021-12-16,14:00,15:30,499,영등포,국민의 힘 당사 → 국민의 당,여의도동,1,0
2021-12-16,09:00,15:00,50,용산,국군복지단 앞,용산동,0,0
2021-12-17,05:00,07:00,499,동작,상도11구역 대우건설 건설 현장 앞,상도동,0,0
2021-12-17,10:00,11:30,499,종로,市교육청 정문 좌측인도,신문로2가,0,0
2021-12-17,05:30,,99,강동,길동 신동아 아파트 4G 게이트 앞,길동,0,0
2021-12-17,17:00,18:00,499,남대문,고용노동청 앞,장교동,0,0
2021-12-17,08:30,09:30,99,영등포,국민은행 신관 앞,여의도,0,0
2021-12-17,08:30,17:00,49,영등포,국회 / 與野당사,여의도,0,0
2021-12-17,11:00,11:30,300,영등포,더불어민주당 앞,여의도동,0,0
2021-12-17,11:30,,100,영등포,민주당사 → 국회대로 → M호텔 → 대산빌딩 → 호정빌딩 → 민주당사,여의도동,1,0
2021-12-17,13:00,14:30,99,남대문,한국전력 경인건설본부 앞,남산동,0,0
2021-12-17,09:00,18:00,99,서초,호반건설 앞,우면동,0,0
2021-12-18,13:00,14:30,299,종로|남대문,프레스센터 → 사랑채측면,세종대로 등,1,0
2021-12-18,05:30,,49,강동,길동 신동아 아파트 4G 게이트 앞,길동,0,0
2021-12-18,16:00,19:00,499,영등포,민주당사 앞,여의도동,0,0
2021-12-18,14:00,18:00,499,서초|강남,올리브영 강남점∼ 자라 강남점 앞,서초동 등,0,0
2021-12-18,15:30,16:00,499,강남|수서,강남역 10出 ⇄ 신논현역 5出,서초동 등,0,0
2021-12-18,14:00,17:00,300,종로|남대문,동화면세점 → 126맨션 앞,세종로 등,1,0
2021-12-18,14:00,16:30,99,종로,일민미술관 앞,세종로,0,0
2021-12-18,14:00,17:30,2000,남대문,대한문 ⇄ 한은R,정동 등,0,0
2021-12-18,14:30,17:30,400,종로|남대문,프리미어플레이스 → 효자치안센터,무교동 등,1,0
2021-12-18,14:00,18:00,99,서초,신논현역 교보빌딩 ⇄ 강남역 10出,서초동,0,0
2021-12-18,14:00,17:00,499,종로,교보빌딩 앞,세종대로,0,0
2021-12-18,15:00,17:00,99,서대문,독립문공원 앞,현저동,0,0
2021-12-18,17:00,19:00,99,종로|서대문,독립문공원 앞→효자PB,현저동,1,0
2021-12-18,15:00,16:30,99,서초|강남,신논현역 6出 ⇄ 강남역11出 ⇄ 강남 자라점,서초동,0,0
2021-12-18,19:00,21:00,70,영등포,국민은행 앞 인도 및 보조도로,여의도,0,0
2021-12-18,14:00,17:00,49,용산,한강진역 2出앞,한남동,0,0
2021-12-18,14:00,15:00,200,구로,항동사거리 공원,항동,0,0
2021-12-18,16:00,18:00,30,서대문,신촌역 2出,창천동,0,0
2021-12-19,14:00,16:00,100,종로,보신각→ 효자치안센터,관철동,1,0
2021-12-19,14:00,17:00,499,종로,교보빌딩 앞,세종대로,0,0
2021-12-19,14:00,15:00,50,종로,효자치안센터 앞 1개차로,효자동,0,1
2021-12-20,15:00,16:30,150,남대문,CJ대한통운 본사 앞,서소문동,0,0
2021-12-20,05:30,,49,강동,길동 신동아 아파트 4G 게이트 앞,길동,0,0
2021-12-20,10:30,11:30,49,남대문,시청광장 동편,태평로1가,0,0
2021-12-20,10:00,12:00,100,마포,신공덕삼성 래미안 1차 입구,신공덕동,0,0
2021-12-21,05:30,,299,방배,신반포 15차 아파트 앞 우측 인도,반포동,0,0
2021-12-21,10:00,11:00,49,영등포,여의도 국회 앞,여의도,0,0
2021-12-21,05:00,07:00,99,동작,상도11구역 대우건설 건설현장 앞,상도동,0,0
2021-12-21,05:30,,99,강동,길동 신동아 아파트 4G 게이트 앞,길동,0,0
2021-12-22,15:00,17:00,299,종로,광화문 시민열린마당,세종대로,0,0
2021-12-22,11:00,12:00,299,영등포,더불어 민주당사 앞,여의도,0,0
2021-12-22,12:00,13:00,299,영등포,더불어민주당→ 여의도역 3出,여의도,1,0
2021-12-22,13:00,14:30,299,영등포,CCMM빌딩 앞,여의도,0,0
2021-12-22,14:00,14:30,299,영등포,CCMM 앞 → 더불어민주당,여의도,1,0
2021-12-22,05:30,,299,방배,신반포 15차 아파트 앞 우측 인도,반포동,0,0
2021-12-22,13:00,15:00,299,구로,지타워 앞,구로동,0,0
2021-12-22,05:30,,99,강동,길동 신동아 아파트 4G 게이트 앞,길동,0,0
2021-12-22,12:00,13:00,99,종로,연합뉴스 우측,수송동,0,0
2021-12-22,16:00,18:00,299,종로,동화면세점 앞,세종로,0,0
2021-12-22,12:00,13:00,49,종로,소녀상 앞,수송동,0,0
2021-12-22,14:00,15:00,30,종로,광화문KT 앞,세종로,0,0
2021-12-22,11:00,13:00,280,영등포,국회 앞 등 5개소,여의도동,0,0
2021-12-23,15:00,17:00,299,송파,평화의 광장 →교통공원 앞,방이동 등,1,0
2021-12-23,18:00,20:00,299,남대문,고용노동청 앞,장교동,0,0
2021-12-23,10:00,11:30,99,영등포,더불어 민주당사 앞,여의도,0,0
2021-12-23,08:00,18:30,299,종로,서울울 교육청 정문 좌측 인도,신문로2가,0,0
2021-12-23,13:00,14:30,299,영등포,CCMM빌딩 앞,여의도,0,0
2021-12-23,14:00,14:30,299,영등포,CCMM 빌딩→중앙보훈회관→수출입은행→기계 회관→은행로→국회대로68길→더불어민주당사,여의도,1,0
2021-12-23,05:30,,99,강동,길동 신동아 아파트 4G 게이트 앞,길동,0,0
2021-12-23,14:00,15:30,499,영등포,국민의 힘 당사 → 국민의 당,여의도동,1,0
2021-12-23,11:00,16:00,299,종로,시민열린마당북측→안국R→재동R→안국역4出,세종로,1,0
2021-12-24,10:00,12:00,49,영등포,더불어 민주당사 앞,여의도,0,0
2021-12-24,13:00,14:30,299,영등포,CCMM빌딩 앞,여의도,0,0
2021-12-24,14:00,14:30,299,영등포,CCMM 앞 → 더불어민주당,여의도,1,0
2021-12-24,05:30,,99,강동,길동 신동아 아파트 4G 게이트 앞,길동,0,0
2021-12-24,17:30,,299,종로|수서,삼성서울병원 / 보신각 앞 / 19:00,일원동 등,0,0
2021-12-24,13:00,15:00,299,종로,효자치안센터 앞,효자동,0,0
2021-12-24,13:00,16:00,100,남대문,명동성당 앞,명동,0,0
2021-12-25,16:00,19:00,499,영등포,민주당사 앞,여의도동,0,0
2021-12-25,14:00,16:00,499,강남|수서,올리브영 강남점 → 양재역 1∼2出,서초동 등,1,0
2021-12-25,12:30,18:00,499,종로|남대문,시청역 7出 → 중앙우체국,태평로 등,1,0
2021-12-25,14:00,17:00,99,종로,동화면세점 앞,세종로,0,0
2021-12-25,14:00,15:30,99,용산,전쟁기념관 →이태원광장,용산동 등,1,0
2021-12-25,14:00,16:30,99,종로,일민미술관 앞,세종로,0,0
2021-12-25,14:00,17:30,299,남대문,대한문 ⇄ 한은R,정동 등,0,0
2021-12-25,18:00,19:00,99,종로,시민열린마당 앞,세종대로,0,0
2021-12-25,14:00,15:00,99,종로,BH사랑채 동측,궁정동,0,0
2021-12-25,16:00,18:00,299,종로,교보빌딩 → 효자치안센터,세종대로 등,1,0
2021-12-25,14:00,18:00,499,종로,교보빌딩 앞,세종대로,0,0
2021-12-25,15:00,18:00,99,종로,정부서울청사 →광화문누각 →적선R → 내자R → 효자P/B,세종대로,1,0
2021-12-25,13:00,19:00,0,종로|중부|용산|서초|강남|혜화,신논현역6出 → 논현역 → 신사역 → 한남대교 남 단교차로 → 한남오거리 → 북한산사거리 → 국립 각 49,,1,1
2021-12-25,16:00,18:00,299,강남,,서초동,0,0
2021-12-25,15:00,17:00,200,구로,항동사거리→항동중→현대홈타운→항동1단지→ 항동초→항동4단지→수목원입구→항동사거리,항동,1,0
2021-12-26,14:00,16:00,49,,국립중앙박물관 → 전쟁기념관,용산,1,0
2021-12-26,14:00,17:00,499,,교보빌딩 앞,세종대로,0,0
2021-12-27,13:00,14:00,299,영등포,CCMM빌딩 앞,여의도,0,0
2021-12-27,14:00,14:30,299,영등포,CCMM 앞 → 더불어민주당,여의도,1,0
2021-12-27,05:30,,99,강동,길동 신동아 아파트 4G 게이트 앞,길동,0,0
2021-12-28,14:00,15:30,299,종로,정부청사 우측 인도 ] ＜세종대로＞ 사랑채 동측 1개차로,효자동,0,1
2021-12-28,05:30,,99,강동,길동 신동아 아파트 4G 게이트 앞,길동,0,0
2021-12-28,12:30,13:20,299,영등포,더불어민주당,여의도,0,0
2021-12-28,13:20,13:40,299,영등포,더불어민주당→ 국민의힘,여의도,1,0
2021-12-28,13:40,14:00,299,영등포,국민의힘,여의도,0,0
2021-12-28,13:00,18:00,50,강남,배민라이더스 앞,역삼동,0,0
2021-12-28,13:00,15:00,49,영등포,국회 앞 → 국민의 힘,여의도동,1,0
2021-12-29,15:00,17:30,299,남대문,CJ본사 앞 → 대한통운,남대문로 5가,1,0
2021-12-29,18:00,19:00,99,남대문,세종호텔 앞,명동,0,0
2021-12-29,14:00,16:00,99,용산,KY 빌딩 앞,한강로3가,0,0
2021-12-29,12:00,13:00,99,종로,연합뉴스 우측,수송동,0,0
2021-12-30,10:30,16:00,0,종로|남대문,더불어민주당→ BH사랑채,영등포등,1,0
2021-12-30,18:30,20:00,30,종로|영등포|마포,금호아시아나 본사 앞,공평동,0,0
2021-12-30,15:00,16:00,299,남대문,CJ지주사 앞,남대문로5가,0,0
2021-12-30,16:00,17:30,299,남대문,CJ지주사 앞 → CJ대한통운,남대문로5가,1,0
2021-12-30,15:00,15:30,299,영등포,CCMM 앞 → 더불어민주당,여의도,1,0
2021-12-30,15:30,17:00,299,서대문,세브란스병원 암병동 앞,신촌동,0,0
2021-12-30,08:00,18:30,299,종로,서울울 교육청 정문 좌측 인도,신문로2가,0,0
2021-12-30,14:00,15:30,499,영등포,국민의 힘 당사 → 국민의 당,여의도동,1,0
2021-12-30,00:30,,299,수서,2 2 : 0 0 ∼ 익 삼성서울병원 후문,일원동,0,0
2021-12-30,01:00,,0,,,일원동,0,0
2021-12-30,11:00,13:30,49,중부,,저동,0,0
2021-12-31,13:00,15:00,299,남대문,CJ지주사 앞,남대문로5가,0,0
2021-12-31,15:00,16:00,299,남대문,CJ지주사 앞 → CJ대한통운,남대문로5가,1,0
2021-12-31,17:30,19:30,299,종로,교보빌딩 앞,세종로,0,0
2021-12-31,16:00,19:00,499,남대문,파이낸스빌딩 앞,태평로1가,0,0
2021-12-31,14:00,15:00,100,,신공덕 삼성래미안 앞 마 로,공덕동,0,0
2021-12-31,15:00,17:30,100,마포,신공덕 삼성래미안 → 공덕역,공덕동,1,0
2021-12-31,18:00,20:00,499,영등포,여의도역→이룸센터 앞,여의도동,1,0
2021-12-31,19:00,21:00,99,영등포,국회 앞,여의도동,0,0
2022-01-01,16:00,19:00,299,영등포,민주당사 앞,여의도동,0,0
2022-01-01,12:00,16:00,299,수서,대치역 6出 → 서울삼성병원 앞,대치동 등,1,0
2022-01-01,14:00,17:00,299,남대문,대한문 ⇄ 한은R,정동 등,0,0
2022-01-01,14:00,16:30,99,종로,일민미술관 앞,세종로,0,0
2022-01-01,16:00,18:00,49,종로,신논현역 6出 ⇄ 강남역 10出,서초동 등,0,0
2022-01-01,15:00,18:00,49,종로,정부서울청사 앞정부서울청사 → 광화문 누각 → 적선R → 내자R → 효자P/B,세종대로,1,0
2022-01-01,14:00,16:00,49,서초,신논현역 6出→자라→실버타운오피스텔→서초 대로77길→우,서초동,1,0
2022-01-01,17:30,20:00,49,서초|강남,강남역 10出 → 신논현역 6出 → 신논현역 5 出 → 국민은행 → 강남역 11出 → e스퀘어 →,서초동,1,0
2022-01-03,05:30,,299,강동,길동 신동아 아파트 4G 게이트 앞,길동,0,0
2022-01-03,14:00,16:00,100,영등포|마포,신공덕 삼성래미안 → 이룸센터,공덕동,1,0
2022-01-03,16:00,18:00,499,영등포,여의도 이룸센터 앞,여의도동,0,0
2022-01-04,13:00,14:00,299,남대문,CJ지주사 앞,남대문로5가,0,0
2022-01-04,14:00,15:30,299,남대문,CJ지주사 앞 → CJ대한통운,남대문로5가,1,0
2022-01-04,19:00,21:00,100,남대문,연세세브란스 빌딩 앞,남대문로5가,0,0
2022-01-04,12:30,13:00,170,종로,국회 앞,여의도동,0,0
2022-01-05,14:00,15:00,299,종로,사랑채 동측 앞,효자동,0,0
2022-01-05,12:00,13:00,99,종로,연합뉴스 → 외교부,수송동 등,1,0
2022-01-05,12:00,13:00,49,종로,소녀상 앞,수송동,0,0
2022-01-05,14:00,15:00,499,영등포,이룸센터 앞,여의도동,0,0
2022-01-05,11:00,13:00,170,영등포,국회 앞 등 5개소,여의도동,0,0
2022-01-06,13:00,14:00,299,남대문,CJ지주사 앞,남대문로5가,0,0
2022-01-06,14:00,15:00,299,남대문,CJ지주사 앞 → CJ대한통운,남대문로5가,1,0
2022-01-06,13:00,14:00,299,영등포,CCMM빌딩 앞,여의도,0,0
2022-01-06,14:00,14:30,299,영등포,CCMM 앞 → 더불어민주당,여의도,1,0
2022-01-06,15:30,17:30,299,서대문,세브란스병원 암병동 앞,신촌동,0,0
2022-01-06,13:00,15:30,499,영등포,국민의 힘 당사 → 국민의 당,여의도동,1,0
2022-01-07,15:00,16:00,299,종로,시민열린마당 북서측,세종대로,0,0
2022-01-07,13:00,14:00,300,영등포,CCMM 앞,여의도,0,0
2022-01-07,14:00,14:30,300,영등포,CCMM→ 민주당사,여의도,1,0
2022-01-07,18:00,22:00,299,종로,보신각 → 안국R → 광화문R → 세종R → 보신각,관철동,1,0
2022-01-08,06:00,09:00,299,강동,천호역 젠트리스 공사현장 앞,성내동,0,0
2022-01-08,14:00,14:30,50,영등포,국민의 힘 당사 앞,여의도동,0,0
2022-01-08,16:00,19:00,299,영등포,민주당사 앞,여의도동,0,0
2022-01-08,12:30,15:00,299,종로|남대문,파이낸스빌딩 → 종로3가,태평로 등,1,0
2022-01-08,16:00,18:00,299,수서,서울삼성병원 앞,대치동,0,0
2022-01-08,14:00,17:00,299,서초|강남,올리브영 강남점 → 양재역 1∼2出,서초동 등,1,0
2022-01-08,14:00,17:00,299,남대문|수서,대한문 ⇄ 한은R,정동 등,0,0
2022-01-08,14:00,17:00,499,종로,동화면세점 → 126맨션 앞,세종로 등,1,0
2022-01-08,14:30,17:00,99,종로,일민미술관 앞,세종로,0,0
2022-01-08,15:00,16:00,99,종로,광화문 KT 앞,세종로,0,0
2022-01-08,16:00,18:00,299,종로,교보빌딩 → 효자치안센터,세종로 등,1,0
2022-01-08,16:00,17:30,49,서초,아크로비스타∼ 교대역 6出 앞,서초동,0,0
2022-01-08,14:00,16:00,499,종로,교보빌딩 앞,세종대로,0,0
2022-01-09,14:00,17:30,299,종로,보신각 → 사랑채 동측,효자동 등,1,0
2022-01-10,14:00,16:00,299,종로,효자치안센터 앞,궁정동,0,0
2022-01-10,15:00,16:30,299,영등포,기업데이터빌딩→현대캐피털,여의도,1,0
2022-01-10,17:00,19:00,299,영등포,국민의 힘 당사 앞,여의도동,0,0
2022-01-11,13:00,16:00,200,종로|남대문,청운효자주민 센터 → CJ대한 통운 본사 앞,궁정동 등,1,0
2022-01-11,13:00,16:00,200,종로,광화문D타워→ BH사랑채,청진동 등,1,0
2022-01-11,12:30,13:30,299,영등포,더불어민주당사 앞,여의도,0,0
2022-01-11,13:30,14:00,299,영등포,더불어민주당→ 국민의힘,여의도,1,0
2022-01-11,10:00,11:00,99,강북,수유동 182-39 앞,수유동,0,0
2022-01-12,13:00,16:00,299,종로,광화문D타워→ BH사랑채,청진동 등,1,0
2022-01-12,11:00,11:30,99,종로|남대문|서대문,산업은행 ⇆ 광화문R,여의도 등,1,0
2022-01-12,11:30,13:30,100,종로|영등포|마포,보신각 앞,관철동,0,0
2022-01-12,12:00,13:30,99,종로,서머셋 우측 인도,수송동,0,0
2022-01-12,19:30,21:30,50,종로,세종문화회관 중앙계단,세종로,0,0
2022-01-12,14:00,17:00,49,동대문,한국산업인력공단 서울지역본부 정문 우측 인도,휘경동,0,0
2022-01-13,13:00,13:30,299,영등포,여의도역 앞,여의도,0,0
2022-01-13,13:30,16:00,200,남대문|영등포|마포|서대문,여의도역4出 →여의대로 →마포대교 →충정로역 2호선→서소문로→염천교→통일로 →남대문署→,여의도 등,1,0
2022-01-13,13:30,16:00,200,남대문|영등포|마포|서대문,여의도역4出 →여의대로 →여의서로 →여의공원로 →마포대교 교차로(u턴)→여의서로→서강대교 →,여의도 등,1,1
2022-01-13,13:30,16:00,200,남대문|용산|영등포,하나금융투자빌딩→ 의사당대로→샛강역→여의 대방로→ 원효대교→ 청파로→ 원효로→남영삼,여의도 등,1,0
2022-01-13,13:30,16:00,200,남대문|영등포|마포|서대문,여의도역4出→의사당대로→서울교→노들로→ 양화대교 →신촌역 →충정로역2호선→ 염천교,여의도 등,1,0
2022-01-13,13:30,16:00,200,남대문|용산|영등포,하나금융투자빌딩→샛강역→여의교→ 노들로→ 한강대교→신용산역→숙대입구역→서울역→CJ빌딩,여의도 등,1,0
2022-01-13,13:00,15:00,100,영등포|동작,전경련 앞,여의도,0,0
2022-01-13,13:00,16:00,299,종로,광화문D타워→ BH사랑채,청진동 등,1,0
2022-01-13,14:00,15:30,299,서초,삼성화재 앞,서초동,0,0
2022-01-13,15:30,17:30,299,서대문,세브란스병원 암병동 앞,신촌동,0,0
2022-01-13,07:00,15:00,49,관악,봉천동 485-67 공사현장 앞,봉천동,0,0
2022-01-13,12:30,13:00,170,영등포,국회 앞,여의도동,0,0
2022-01-14,13:30,14:30,299,영등포,더불어 민주당사 앞,여의도,0,0
2022-01-14,14:30,18:00,299,영등포,더불어 민주당사 앞,여의도,0,0
2022-01-14,13:00,14:00,60,영등포,국회 앞,여의도,0,0
2022-01-14,11:00,11:30,49,종로,정부서울청사 정문 우측 인도,세종대로,0,0
2022-01-14,13:00,16:00,299,종로,광화문D타워→ BH사랑채,청진동 등,1,0
2022-01-14,18:30,19:30,299,종로,서울시 교육청 좌측 인도,신문로2가,0,0
2022-01-14,10:30,13:00,49,종로,SK본사 앞 인도,서린동,0,0
2022-01-14,10:00,12:00,299,영등포,한양빌딩 앞,여의도동,0,0
2022-01-14,14:00,15:00,49,서초,서초경찰서 정문 앞,서초동,0,0
2022-01-15,16:00,19:00,299,영등포,민주당사 앞,여의도동,0,0
2022-01-15,12:30,15:00,299,강남|수서,삼성역 5出 → 학여울역,삼성동 등,1,0
2022-01-15,16:00,17:00,299,수서,서울삼성병원 앞,대치동,0,0
2022-01-15,14:00,16:00,299,남대문,대한문 앞,정동,0,0
2022-01-15,14:00,17:00,499,종로,동화면세점 → 126맨션 앞,세종로 등,1,0
2022-01-15,14:00,16:30,99,종로,일민미술관 앞,세종로,0,0
2022-01-15,14:00,17:00,299,강남|수서,올리브영 강남점 → 양재역 1∼2出,서초동 등,1,0
2022-01-15,15:00,18:00,299,영등포,국민의 힘 당사 앞,여의도,0,0
2022-01-15,13:00,17:00,0,노원|중랑,먹골역 1出 → 수락산역 各 49,묵동 등,1,0
2022-01-15,14:00,16:00,499,종로,교보빌딩 앞,세종대로,0,0
2022-01-15,14:00,20:00,299,종로,소라탑 뒤편 → 세종R → 광화문R → 내자R → 효자P/B,세종대로,1,0
2022-01-15,13:00,16:00,49,남대문,장충단공원→퇴계로5가R→을지로5가R→을지로 중 주 3가R→을지로입구역,장충동,1,0
2022-01-15,16:00,19:00,299,서초|강남,강남올리브영 앞 및 하위 2차로,서초동,0,1
2022-01-15,14:00,16:00,49,서초,강남역 10出 앞,서초동,0,0
2022-01-15,18:00,22:00,49,서초|강남,강남올리브영앞→ 신논현역 6出→신논현역5出 →봉은사로2길→국민은행→강남역11出→ABC,서초동,1,0
2022-01-15,18:00,21:00,49,서초|강남,카카오프렌즈 → 신논현역 → 강남E스퀘어 → 카 카오프렌즈 → → 강남역 10出,서초동,1,0
2022-01-16,08:00,18:00,299,영등포,더불어,여의도,0,0
2022-01-16,14:00,17:00,499,종로,교보빌딩 앞,세종대로,0,0
2022-01-16,13:00,18:00,150,양천,목동780-1 → 정목어린이공원 → 미성아파트 → 청포도 아파트 → 목4동 현대아파트 → 정,목4동,1,0
2022-01-17,13:00,14:30,299,종로,효자치안센터,궁정동,0,0
2022-01-17,14:30,15:30,299,종로,효자치안센터 →정부서울청사,궁정동 등,1,0
2022-01-17,14:30,16:00,299,종로,효자치안센터,궁정동,0,0
2022-01-17,16:00,17:00,299,종로,효자치안센터 →정부서울청사,궁정동 등,1,0
2022-01-17,08:00,18:00,299,영등포,더불어민주당사 앞,여의도,0,0
2022-01-18,14:00,,299,남대문,CJ대한통운 본사 앞,서소문동,0,0
2022-01-18,10:00,18:00,299,중부,장충동1가 102 앞,장충동1가,0,0
2022-01-18,11:00,18:00,100,영등포,한국거래소 앞,여의도,0,0
2022-01-18,11:00,18:00,99,영등포,한국거래소 앞,여의도,0,0
2022-01-18,10:00,10:30,199,남대문,시청서편 인도,태평로1가,0,0
2022-01-18,13:00,16:00,299,종로,광화문D타워→ BH사랑채,청진동 등,1,0
2022-01-18,07:00,19:00,99,서초,호반건설 정문 앞 등,우면동,0,0
2022-01-19,10:00,18:00,299,중부,장충동1가 102 앞,장충동1가,0,0
2022-01-19,14:00,,299,영등포,더불어민주당사 앞,여의도,0,0
2022-01-19,17:30,18:30,299,종로,서울시 교육청 정문 좌측 인도,신문로2가,0,0
2022-01-19,18:30,19:30,299,종로,서울시 교육청 정문 좌측 인도,신문로2가,0,0
2022-01-19,13:00,16:00,299,종로,광화문D타워→ BH사랑채,청진동 등,1,0
2022-01-19,12:00,13:00,99,종로,서머셋 우측 인도,수송동,0,0
2022-01-19,13:00,16:00,49,종로,탑골공원 앞,종로2가,0,0
2022-01-19,11:00,11:40,299,남대문,프레스센터 앞,중구,0,0
2022-01-19,12:30,13:30,150,남대문,파이낸스빌딩 앞,태평로1가,0,0
2022-01-19,11:00,13:00,210,영등포,국회 앞 등5개 소,여의도동,0,0
2022-01-20,11:00,12:00,299,종로,BH 사랑채 동측 인도 및 2개차로,효자동,0,1
2022-01-20,14:00,16:00,299,남대문,농협중앙회 앞,충정로1가,0,0
2022-01-20,14:00,15:30,299,영등포,산업은행 정문 앞,여의도,0,0
2022-01-20,15:30,17:30,299,서대문,연세세브란스 암병동 앞,신촌동,0,0
2022-01-20,19:00,20:00,99,남대문,세종호텔 앞,명동,0,0
2022-01-20,14:00,16:00,299,종로,조계사 템플스테이 앞,수송동,0,0
2022-01-20,09:00,17:00,299,종로,동화면세점 앞,세종대로,0,0
2022-01-20,14:00,15:00,299,영등포,더불어민주당 → 수협은행 → 맨하탄21 → 은행로 → 익스콘벤처타워 → 국민은행 서관,여의도동,1,0
2022-01-21,13:00,14:00,299,종로,서울시 교육청 정문 좌측 인도,,0,0
2022-01-21,17:30,18:30,0,종로|남대문,,신문로2가,0,0
2022-01-21,14:30,17:00,200,서대문,,종로1가,0,0
2022-01-21,14:00,16:00,299,종로|영등포,광화문D타워→BH사랑채,청진동 등,1,0
2022-01-22,16:00,19:00,299,영등포,민주당사 앞,여의도동,0,0
2022-01-22,14:00,15:00,49,서초,"아크로비스타 서문 좌,우측 인도",서초동,0,0
2022-01-22,11:00,13:00,49,강남|송파,강남역 → 잠실역,역삼동 등,1,0
2022-01-22,11:00,15:00,299,종로,보신각 앞,관철동,0,0
2022-01-22,12:00,17:00,299,종로|남대문,(舊)삼성본관 → 종각역,태평로 등,1,0
2022-01-22,14:00,15:00,49,용산,국방부 앞,용산동,0,0
2022-01-22,14:00,16:30,99,종로,일민미술관 앞,세종로,0,0
2022-01-22,14:00,17:00,299,종로,동화면세점 →효자PB 앞,세종로 등,1,0
2022-01-22,14:00,17:00,299,남대문,대한문 앞,정동,0,0
2022-01-22,14:00,15:30,49,서초,중앙지검 서문 ⇄ 삼호가든R,서초동,0,0
2022-01-22,14:00,17:00,299,서초|강남,올리브영 강남점 → 양재역 1∼2出,서초동 등,1,0
2022-01-22,15:00,18:00,299,영등포|수서,국민의 힘 당사 앞,여의도동,0,0
2022-01-22,14:00,15:00,49,서초,회생법원 정문 좌측,서초동,0,0
2022-01-22,14:00,16:00,299,종로,교보빌딩 앞,세종대로,0,0
2022-01-22,15:00,19:00,299,종로,청계광장 소라탑 뒤,세종대로,0,0
2022-01-22,15:00,18:00,0,종로|남대문|중부,장충단공원→퇴계5가R→을지로5가R→을지로3 가R→을지로입구역→종각역→세종R(역방향 하 각49,장충동,1,1
2022-01-22,16:00,18:30,299,서초|강남,올리브영 강남점 앞 및 하위2차로,서초동,0,1
2022-01-22,16:00,18:00,49,강남,강남역 10出 앞,서초동,0,0
2022-01-22,19:00,22:00,49,서초|강남,강남올리브영앞→ 신논현역 6出→신논현역5出 →봉은사로2길→국민은행→강남역11出→ABC,서초동,1,0
2022-01-22,18:00,22:00,49,강남,강남역 11出,서초동,0,0
2022-01-22,18:00,21:00,49,서초|강남,카카오프렌즈 → 신논현역 → 강남E스퀘어 → 카 카오프렌즈 → → 강남역 10出,서초동,1,0
2022-01-22,14:00,16:00,49,종로,탑골공원 → 종로타워,신문로2가,1,0
2022-01-23,15:00,16:00,299,영등포,국회의사당역 2出 앞,여의도,0,0
2022-01-23,14:00,17:00,299,종로,교보빌딩 앞,세종대로,0,0
2022-01-23,07:00,21:00,49,종로,청계광장소라탑 뒤,세종대로,0,0
2022-01-23,14:00,16:00,99,금천,다산빌딩 앞,시흥동,0,0
2022-01-24,11:00,15:00,100,관악,중앙선관위 관악청사 앞,남현동,0,0
2022-01-25,15:00,16:30,299,중부,장충동1가 102 앞,장충동,0,0
2022-01-25,14:00,16:00,299,영등포,여의도 국민은행 앞,여의도,0,0
2022-01-26,13:00,,299,중부,장충동1가 102 앞,장충동,0,0
2022-01-26,18:30,19:30,299,남대문,시청서편 인도,태평로1가,0,0
2022-01-26,12:30,14:00,299,영등포,더불어민주당→ 국민의힘,여의도,1,0
2022-01-26,18:30,19:30,299,종로,서울시 교육청 좌측 인도,신문로2가,0,0
2022-01-26,07:00,09:00,200,서초,현대차 본사 앞,양재동,0,0
2022-01-26,11:00,14:00,299,양천,SBS방송국 앞,목동,0,0
2022-01-26,14:00,16:00,100,영등포,국민의힘 당사 ⇄ 안원빌딩,여의도동,0,0
2022-01-26,12:00,13:00,49,종로,소녀상 앞,수송동,0,0
2022-01-26,15:00,16:30,49,종로|남대문,프레스센터 → 효자PB,태평로1가,1,0
2022-01-26,14:00,17:00,299,종로,교보빌딩 앞,,0,0
2022-01-26,11:00,13:00,210,영등포,,여의도동,0,0
2022-01-27,10:00,11:00,299,영등포,더불어 민주당사 앞,여의도,0,0
2022-01-27,10:00,11:00,299,남대문,한전 서울본부 앞,남대문로2가,0,0
2022-01-27,13:00,17:00,299,중부,장충동1가 102 앞,장충동,0,0
2022-01-27,19:00,20:00,100,남대문,연세빌딩 앞,남대문로5가,0,0
2022-01-27,12:00,14:00,49,광진,KTSC 앞,능동,0,0
2022-01-27,11:00,14:00,299,수서,오토 웨이타워 앞,대치동,0,0
2022-01-27,14:00,16:00,100,영등포,국민의힘 앞 → 은행로 → 국민의힘,여의도,1,0
2022-01-27,11:30,13:00,80,영등포,국회 앞 → 이룸센터 → KBS 앞,여의도,1,0
2022-01-27,13:00,14:30,200,영등포,KBS 앞 → 이룸센터 → 국민은행 서관 → 국 가혁명당사,여의도,1,0
2022-01-28,08:00,11:00,49,수서,포스코센터 정문 앞,대치동,0,0
2022-01-28,09:30,12:30,288,종로,광화문역 등 11개소,세종대로 등,0,0
2022-01-28,07:00,09:00,200,서초,현대차 본사 앞,양재동,0,0
2022-01-28,14:00,16:00,100,영등포,국민의힘 앞 → 은행로 → 국민의힘,여의도,1,0
2022-01-28,11:00,14:00,299,마포,MBC거인동상∼ YTN 앞,상암동,0,0
2022-01-28,13:00,17:00,40,남대문,서울역 광장,봉래동,0,0
2022-01-28,14:00,15:00,49,남대문,서울역 광장,봉래동,0,0
2022-01-29,16:00,19:00,299,영등포,민주당사 앞,여의도동,0,0
2022-01-29,14:00,16:30,299,남대문,대한문 앞,정동,0,0
2022-01-29,14:00,16:30,99,종로,일민미술관 앞,세종로,0,0
2022-01-29,14:00,17:00,299,종로,동화면세점 → 효자PB 앞,세종로 등,1,0
2022-01-29,14:00,17:00,299,서초|강남,올리브영 강남점 → 양재역 1∼2出,서초동 등,1,0
2022-01-29,14:00,18:00,49,남대문|수서,회현역7出 건너편 → 서울역광장,남창동 등,1,0
2022-01-29,14:00,18:00,299,종로,교보빌딩 앞→광화문R→적선R→사랑채 동측,세종대로,1,0
2022-01-29,14:00,19:00,49,종로,광화문 KT 앞,세종대로,0,0
2022-01-29,15:00,19:00,299,종로,청계광장 소라탑 뒤 → 세종R → 광화문R → 내자R → 효자P/B,세종대로,1,0
2022-01-29,16:00,19:00,299,서초|강남,올리브영 강남점 앞 및 하위2차로,서초동,0,1
2022-01-29,16:00,21:00,49,강남,강남역 10出 앞,서초동,0,0
2022-01-29,19:00,22:00,49,서초|강남,올리브영 강남점 앞→ 신논현역 6出→신논현역 5出→봉은사로2길→국민은행→강남역11出→,서초동,1,0
2022-01-29,18:00,22:00,49,강남,강남역 11出,서초동,0,0
2022-01-29,18:00,21:00,299,서초|강남,카카오프렌즈 강남점 앞 → 신논현역 → 강남E스 퀘어 → 카카오프렌즈 → → 강남역 10出,서초동,1,0
2022-01-29,18:00,21:00,49,서초,올리브영 강남점 앞→신논현역6出→강남역10出 →강남역9出→우리은행→올리브영,서초동,1,0
2022-02-01,11:00,14:00,100,성동,리버젠상가 앞,옥수동,0,0
2022-02-02,14:00,16:00,299,수서,삼성서울병원 정문 앞,일원동,0,0
2022-02-02,14:00,16:00,299,수서,삼성서울병원 후문 앞,일원동,0,0
2022-02-02,12:00,13:00,99,종로,서머셋 우측 인도,수송동,0,0
2022-02-03,13:00,19:00,100,관악,중앙선관위 관악청사 앞,남현동,0,0
2022-02-04,13:00,,0,,∼ 19:00,남현동,0,0
2022-02-05,12:00,17:00,299,종로|남대문,(舊)삼성본관 ⇄ 종각역,태평로 등,0,0
2022-02-05,14:00,17:00,299,종로|남대문,도시건축전시관 → 효자PB,태평로 등,1,0
2022-02-05,14:00,15:00,299,서초,아크로비스타 서문 좌ㆍ우측,서초동,0,0
2022-02-05,14:00,17:00,299,남대문,대한문 ⇄ 한은R,정동 등,0,0
2022-02-05,14:00,17:00,299,서초|강남,올리브영 강남점 → 양재역 1∼2出,서초동 등,1,0
2022-02-05,14:00,18:00,299,종로|수서,교보빌딩 앞,세종대로,0,0
2022-02-05,15:00,19:00,299,종로,청계광장 소라탑 뒤,세종대로,0,0
2022-02-05,16:00,21:00,299,서초|강남,올리브영 강남점 앞 및 하위2차로,서초동,0,1
2022-02-05,16:00,21:00,49,서초,강남역 10出 앞,서초동,0,0
2022-02-05,19:00,22:00,49,서초|강남,올리브영 강남점 앞,서초동,0,0
2022-02-05,18:00,22:00,49,강남,강남역 11出,서초동,0,0
2022-02-06,14:00,18:00,299,종로,교보빌딩 앞,세종대로,0,0
2022-02-07,12:00,,299,영등포,국민의힘 앞,여의도동,0,0
2022-02-08,11:00,13:00,290,영등포,국회 앞 등 5개소,여의도동,0,0
2022-02-08,12:00,,299,영등포,국민의당 앞,여의도동,0,0
2022-02-08,15:00,19:00,49,중부,충무아트홀 앞,신당동,0,0
2022-02-09,12:00,13:00,99,종로,소녀상 좌측 인도,수송동,0,0
2022-02-09,12:00,13:00,99,종로,서머셋 우측 인도,수송동,0,0
2022-02-09,17:00,19:00,299,종로,동화면세점 앞,세종로,0,0
2022-02-09,12:30,15:00,299,남대문,시의회 본관 앞,정동,0,0
2022-02-09,11:00,13:00,290,영등포,국회 앞 등 5개소,여의도동,0,0
2022-02-10,10:30,20:00,299,중부,CJ미래원 앞,장충동,0,0
2022-02-10,19:00,20:00,100,남대문,세브란스빌딩 앞,남대문로5가,0,0
2022-02-10,18:30,19:30,99,남대문,세종호텔 앞,명동,0,0
2022-02-10,11:00,13:00,200,종로,연합뉴스 앞,중학동,0,0
2022-02-10,14:00,16:00,49,종로,세종문화회관 앞 등(세종문화회관→효자치안센터),세종대로,1,0
2022-02-11,08:00,,299,남대문,CJ대한통운 앞,서소문동,0,0
2022-02-11,14:00,16:00,299,송파,수협중앙회 앞,신천동,0,0
2022-02-11,11:00,16:00,299,양천,SBS 앞,목동,0,0
2022-02-11,20:00,22:00,299,중부,매경미디어센터 앞,필동,0,0
2022-02-11,20:00,22:00,49,중부,매경미디어센터 앞,필동,0,0
2022-02-11,20:00,22:00,150,중부,매경미디어센터 앞,필동,0,0
2022-02-12,12:00,15:00,299,종로|남대문,(舊)삼성본관 → 종로3가역 15出,태평로 등,1,0
2022-02-12,14:00,16:00,299,종로,도시건축전시관 → 효자PB,태평로 등,1,0
2022-02-12,16:00,17:30,299,수서,삼성서울병원 정문 좌측 인도,일원동,0,0
2022-02-12,14:00,15:30,299,서초,아크로비스타 서문 우측,서초동,0,0
2022-02-12,14:00,17:00,299,남대문,대한문 ⇄ 한은R,정동 등,0,0
2022-02-12,14:00,17:00,299,서초|강남,올리브영 강남점 → 양재역 1∼2出,서초동 등,1,0
2022-02-12,12:00,16:00,299,종로|남대문|수서,도시건축전시관 → 효자PB,정동 등,1,0
2022-02-12,14:00,16:30,49,강서,염창역 1出 → 곰달래어르신복지센터 앞,염창동,1,0
2022-02-12,14:00,15:30,200,서초,회생법원 앞 인도,서초동,0,0
2022-02-12,14:00,18:00,299,종로,교보빌딩 앞,세종대로,0,0
2022-02-12,13:00,17:00,299,종로,청계광장 소라탑 뒤,세종대로,0,0
2022-02-12,14:00,16:00,299,종로,보신각 앞,관철동,0,0
2022-02-12,14:00,16:00,299,종로|남대문,보신각 앞,관철동,0,0
2022-02-12,16:00,21:00,299,서초|강남,올리브영 강남점 앞 및 하위2차로,서초동,0,1
2022-02-12,16:00,18:00,49,서초,강남역 10出 앞,서초동,0,0
2022-02-12,16:00,18:00,49,서초|강남,강남역 9出 앞,서초동,0,0
2022-02-12,19:00,22:00,49,서초|강남,올리브영 강남점 앞,서초동,0,0
2022-02-12,16:00,18:00,299,서초|강남,강남역 9出 앞,서초동,0,0
2022-02-12,18:00,22:00,49,강남,강남역 11出,서초동,0,0
2022-02-12,13:00,18:00,49,강서|양천,곰달래 어르신복시센터 앞,화곡동,0,0
2022-02-12,14:00,16:00,200,구로,"항동1,2단지 사거리",항동,0,0
2022-02-13,14:00,15:00,299,영등포,의사당역 2出 앞,여의도,0,0
2022-02-13,14:00,18:00,299,종로,교보빌딩 앞,세종대로,0,0
2022-02-14,15:00,16:30,49,남대문,농협중앙회 앞,충정로 1가,0,0
2022-02-14,13:00,18:00,200,양천,서울남부지검 앞(목동780-1⇄정목초),신정동,0,0
2022-02-15,14:00,,299,남대문,대한통운 앞,서소문동,0,0
2022-02-15,14:00,16:00,299,종로,시민열린마당 → 효자치안센터,효자동 등,1,0
2022-02-15,14:00,16:00,299,영등포,더불어민주당 → 국민의힘 당사,여의도,1,0
2022-02-16,10:00,12:00,299,남대문,CJ대한통운 앞,,0,0
2022-02-16,14:00,,0,종로,,서소문동,1,0
2022-02-16,10:00,12:00,299,남대문,,효자동 등,0,0
2022-02-16,10:00,12:00,299,영등포|마포,경총회관 → 국민은행 서관,대흥동 등,1,0
2022-02-16,10:00,12:00,299,중부,CJ미래원 → CJ제일제당,서소문동 등,1,0
2022-02-16,19:00,,299,남대문,CJ대한통운 앞,서소문동,0,0
2022-02-16,14:00,15:40,299,영등포,더불어민주당 앞,여의도,0,0
2022-02-16,13:00,15:40,100,영등포,전경련 앞,여의도,0,0
2022-02-16,09:00,10:00,100,남대문,연세빌딩 앞,남대문로5가,0,0
2022-02-16,12:00,13:00,99,종로,소녀상 앞 1개차로,수송동,0,1
2022-02-16,12:00,13:00,99,종로,서머셋펠리스 앞 1개차로,수송동,0,1
2022-02-16,12:00,15:00,299,영등포,산업은행 측면 인도,여의도동,0,0
2022-02-16,15:00,17:30,299,영등포,여의도 2出 → 이룸센터,여의도동,1,0
2022-02-16,11:00,13:00,290,영등포,국회 앞 등 5개소,여의도동,0,0
2022-02-17,10:00,11:00,299,남대문,CJ대한통운 앞,서소문동,0,0
2022-02-17,10:00,12:00,299,종로|남대문,보신각 → CJ대한통운,효자동 등,1,0
2022-02-17,10:00,12:00,299,마포,경총회관 → 마포역,대흥동 등,1,0
2022-02-17,10:00,12:00,299,중부,CJ미래원 → CJ제일제당,서소문동 등,1,0
2022-02-17,13:00,16:00,299,남대문,CJ본사 → CJ대한통운,남대문로5가,1,0
2022-02-17,19:00,,299,남대문,CJ대한통운 앞,서소문동,0,0
2022-02-17,13:00,15:00,299,영등포,국민은행 서관 ⇆ 국민의 힘,여의도,1,0
2022-02-17,05:30,18:00,299,동작,상도11구역 대우건설 현장 3出 앞,상도4동,0,0
2022-02-17,15:30,17:30,299,서대문,세브란스병원 암병동 앞,신촌동,0,0
2022-02-17,11:30,13:30,150,영등포,"국회 1,2문 사이, 금산빌딩 우측, 현대캐피탈 좌측",여의도,0,0
2022-02-18,10:00,11:00,299,남대문,CJ대한통운 앞,서소문동,0,0
2022-02-18,10:00,12:00,299,종로|남대문,보신각 → CJ대한통운,효자동 등,1,0
2022-02-18,10:00,12:00,299,마포,경총회관 → 마포역,대흥동 등,1,0
2022-02-18,10:00,12:00,299,중부,CJ미래원 → CJ제일제당,서소문동 등,1,0
2022-02-18,19:00,,299,남대문,CJ대한통운 앞,서소문동,0,0
2022-02-18,10:00,16:00,299,용산|서초|강남,SPC본사 → SPC 패션5,양재동,1,0
2022-02-19,18:00,,299,영등포,국민의 힘 앞,여의도,0,0
2022-02-19,12:30,16:30,299,남대문|혜화,마로니에공원 → 서울고용청,혜화동,1,0
2022-02-19,14:00,16:00,49,종로|용산,국방부 → 신용산역,용산동 등,1,0
2022-02-19,14:00,17:00,299,남대문,대한문 ⇄ 한은R,정동 등,0,0
2022-02-19,14:00,17:00,99,남대문,파이낸스빌딩 앞,세종대로,0,0
2022-02-19,14:00,15:30,299,서초,아크로비스타 서문 우측,서초동,0,0
2022-02-19,14:00,17:00,299,강남|수서,올리브영 강남점 → 양재역 1∼2出,서초동 등,1,0
2022-02-19,14:00,15:30,200,서초,회생법원 앞 인도,서초동,0,0
2022-02-19,14:00,18:00,299,종로,교보빌딩 앞,세종대로,0,0
2022-02-19,15:00,19:00,299,종로,청계광장 소라탑 뒤,세종대로,0,0
2022-02-19,16:00,19:00,299,서초|강남,올리브영 강남점 → 강남역10出,서초동,1,0
2022-02-19,16:00,18:00,49,서초,강남역 10出 앞,서초동,0,0
2022-02-19,16:00,18:00,299,서초|강남,강남역 9出 앞,서초동,0,0
2022-02-19,19:00,22:00,49,서초|강남,강남역 11出 앞,서초동,0,0
2022-02-19,16:00,18:00,299,서초|강남,올리브영 → 신논현역5出 → 강남역10出,서초동,1,0
2022-02-19,14:00,16:00,200,구로,항동2단지 → 항동중 → 항동2단지,항동,1,0
2022-02-20,14:00,18:00,299,종로,교보빌딩 앞,세종대로,0,0
2022-02-20,14:00,16:00,200,양천,목4동780-1 ⇄ 목4동 현대아파트,목4동,0,0
2022-02-21,10:00,11:00,299,남대문,CJ대한통운 앞,서소문동,0,0
2022-02-21,10:00,12:00,299,종로|남대문,보신각 → CJ대한통운,효자동 등,1,0
2022-02-21,10:00,12:00,299,마포,경총회관 → 마포역,대흥동 등,1,0
2022-02-21,10:00,12:00,299,중부,CJ미래원 → CJ제일제당,서소문동 등,1,0
2022-02-21,16:00,22:00,299,마포,YTN 앞,상암동,0,0
2022-02-21,14:00,22:00,299,마포,MBC미디어센터 앞,상암동,0,0
2022-02-21,14:00,22:00,49,마포,MBC미디어센터 앞,상암동,0,0
2022-02-21,18:00,22:00,200,마포,SBS 앞,상암동,0,0
2022-02-21,18:00,21:00,49,마포,MBC 2번 게이트 건너편,상암동,0,0
2022-02-22,10:00,11:00,299,남대문,CJ대한통운 앞,서소문동,0,0
2022-02-22,10:00,11:00,299,남대문,CJ대한통운 ⇄ 숭례문 / 대한통운 ⇄ 상공회의소,서소문동 등,0,0
2022-02-22,06:00,12:00,299,금천,모비우스 타워 앞 인도 上,가산동,0,0
2022-02-22,11:00,13:30,100,영등포,국회 앞 등 3개소,여의도,0,0
2022-02-22,10:00,11:00,49,종로,연합뉴스 앞,수송동,0,0
2022-02-22,13:00,14:00,49,종로,소녀상 앞,수송동,0,0
2022-02-22,14:00,17:00,299,영등포,국민은행 앞,여의도,0,0
2022-02-22,14:00,15:40,100,종로,시민열린마당 → 감사원,세종로 등,1,0
2022-02-22,17:30,19:00,100,영등포,국회 앞 → KBS 동문 앞,여의도,1,0
2022-02-23,10:00,,299,남대문,CJ대한통운 앞,서소문동,0,0
2022-02-23,10:00,12:00,299,마포,경총회관 → 마포역,서소문동,1,0
2022-02-23,06:00,12:00,299,금천,모비우스타워 앞 인도 上,가산동,0,0
2022-02-23,14:00,16:00,299,서초,삼성화재 앞 인도 및 하위 2개 차로,서초동,0,1
2022-02-23,12:00,13:00,99,종로,소녀상 앞 인도 및 1개차로,수송동,0,1
2022-02-23,12:00,13:00,99,종로,"테라로사 앞 인도, 1개차로",중학동,0,1
2022-02-23,11:00,13:00,290,영등포,국회 앞 등 5개소,여의도,0,0
2022-02-24,10:00,,299,남대문,CJ대한통운 앞,서소문동,0,0
2022-02-24,10:00,12:00,299,마포,경총회관 → 마포역,서소문동,1,0
2022-02-24,11:00,13:30,100,영등포,국회 앞 등 3개소,여의도,0,0
2022-02-24,08:00,18:00,299,영등포,한국노총 앞,여의도,0,0
2022-02-25,14:00,15:30,299,서초,현대기아차 본사 앞,양재동,0,0
2022-02-25,17:30,,299,마포,SBS 프리즘 타워 앞,상암동,0,0
2022-02-25,13:00,16:00,299,영등포,IFC몰 IBK기업은행 앞,여의도,0,0
2022-02-25,08:00,18:00,299,영등포,한국노총 앞,여의도,0,0
2022-02-25,13:00,16:00,299,영등포,산업은행 앞,여의도동,0,0
2022-02-25,13:00,14:00,199,서초,중앙지검 서문 좌측 인도,서초동,0,0
2022-02-26,14:00,15:00,299,종로,동화면세점 앞,세종대로,0,0
2022-02-26,14:00,17:00,299,남대문,대한문 ⇄ 한은R,정동 등,0,0
2022-02-26,14:00,16:30,49,종로,일민미술관 앞,세종대로,0,0
2022-02-26,13:30,15:30,299,종로|남대문,독립문 → 파이낸스 빌딩,현저동 등,1,0
2022-02-26,14:00,17:00,49,종로|마포|서대문,새문안교회 → 국민의힘 당사,신문로 등,1,0
2022-02-26,13:00,17:00,299,영등포|마포,공덕역 1出 → 여의도 KB국민은행,공덕동,1,0
2022-02-26,13:00,16:00,299,영등포|구로,신도림역 6出 → 여의도 KB국민은행,신도림동,1,0
2022-02-26,14:00,18:00,299,종로,교보빌딩 앞 → 사랑채 동측,세종대로,1,0
2022-02-26,15:00,19:00,299,종로,청계광장 소라탑 뒤 → 효자치안센터,세종대로,1,0
2022-02-26,13:30,15:00,299,영등포,국민은행 앞 → 국민의힘 당사,여의도동,1,0
2022-02-26,16:00,19:00,299,서초|강남,올리브영 강남점 앞 ⇄ 신논현역5出,서초동,0,0
2022-02-26,16:00,18:00,49,서초,강남역 10出 앞,서초동,0,0
2022-02-26,19:30,21:00,299,서초|강남,강남역 9出 ⇄ 신논현역5出,서초동,0,0
2022-02-26,18:30,22:00,49,서초|강남,강남역 11出 → 강남스퀘어,서초동,1,0
2022-02-27,14:00,18:00,299,종로,교보빌딩 앞,세종대로,0,0
2022-02-27,14:00,16:30,299,종로|남대문,파이낸스 앞 → BH분수대,태평로 1가,1,0
2022-02-27,12:00,17:00,299,서대문,신촌 유플렉스 앞,창천동,0,0
2022-02-27,14:00,16:00,200,양천,목4동 780-1 앞 ⇄ 목4동 현대아파트,목4동,0,0
2022-02-28,08:00,23:59,299,남대문,고용노동청 앞 인도上(베를린광장),장교동,0,0
2022-03-01,11:00,18:00,299,종로,연합뉴스 앞,수송동,0,0
2022-03-01,14:00,16:00,299,서초,서울중앙지검 서문 좌측,서초동,0,0
2022-03-01,18:00,19:00,99,중부,DDP 앞 인도,을지로7가,0,0
2022-03-01,13:00,18:00,299,종로|남대문,대한문 ⇄ 효자PB,정동,0,0
2022-03-01,11:00,12:30,100,종로,소녀상 우측 및 1개차로,수송동,0,1
2022-03-01,12:00,15:30,100,종로|남대문,탑골공원 → 조선일보,종로2R 등,1,0
2022-03-01,15:10,17:30,200,종로|남대문,시청역4出 ⇄ 을지로입구역,태평로 1가,0,0
2022-03-01,14:00,16:00,299,강남,올리브영 강남점,서초동,0,0
2022-03-01,13:00,14:00,100,종로,소녀상 우측 및 1개차로,수송동,0,1
2022-03-01,15:00,18:00,200,마포,홍대 걷고싶은거리 ⇄ 상상마당,서교동,0,0
2022-03-01,14:00,18:00,299,종로,교보빌딩 앞,세종대로,0,0
2022-03-01,14:00,17:00,200,종로|혜화,마로니에공원 → 보신각 앞,동숭동,1,0
2022-03-01,13:00,16:00,200,혜화,한국기독교회관 → 탑골공원,연지동,1,0
2022-03-01,13:00,16:00,100,혜화,흥인지문공원,종로6가,0,0
2022-03-02,14:00,15:00,299,서초,현대기아차 본사 앞,양재동,0,0
2022-03-02,13:00,15:00,299,영등포,산업은행 측면 → 민주당,여의도 동,1,0
2022-03-02,16:00,22:00,299,영등포,KBS별관 좌측,여의도,0,0
2022-03-02,16:00,22:00,299,영등포,"KBS 본관 인근(아일랜드파크 앞, KBS 삼거리)",여의도,0,0
2022-03-02,12:00,13:00,99,종로,테라로사 앞,중학동,0,0
2022-03-02,10:00,12:00,200,남대문,시립미술관 앞,정동,0,0
2022-03-03,14:00,17:00,299,영등포|마포,경총회관 → 민주당 당사,대흥동 등,1,0
2022-03-03,06:00,14:00,299,영등포,한국노총 앞,여의도,0,0
2022-03-03,06:00,14:00,299,영등포,한국노총 앞,여의도,0,0
2022-03-03,06:00,14:00,99,영등포,한국노총 앞,여의도,0,0
2022-03-03,11:00,13:30,150,영등포,63빌딩 앞,여의도동,0,0
2022-03-03,17:30,19:30,200,종로,서울시교육청 앞,신문로2가,0,0
2022-03-04,17:30,19:30,200,종로,서울시교육청 앞,신문로2가,0,0
2022-03-04,14:00,17:00,299,종로,정부서울청사 정문 앞(선회 행진),세종대로,1,0
2022-03-04,19:00,21:00,299,남대문,정동제일교회 앞,정동,0,0
2022-03-04,15:00,15:30,45,남대문,성공회 성당 앞,정동,0,0
2022-03-05,11:00,15:00,299,종로|남대문,종로타워 → 고용노동청,공평동 등,1,0
2022-03-05,14:00,17:00,299,종로|남대문,동화면세점 → 시청역,세종대로 등,1,0
2022-03-05,14:00,17:00,299,남대문,대한문 ⇄ 한은R,정동 등,0,0
2022-03-05,17:00,19:00,100,종로|남대문,모전교 → 코리아나호텔,무교동 등,1,0
2022-03-05,14:00,18:00,299,종로,교보빌딩 → 사랑채 동측,세종대로,1,0
2022-03-05,14:00,16:00,299,종로,세종문화회관 앞 인도,세종대로,0,0
2022-03-05,10:30,12:00,60,종로,세종문화회관 중앙계단 앞 인도,세종대로,0,0
2022-03-05,16:00,19:00,299,종로,청계광장 소라탑 뒤,세종대로,0,0
2022-03-05,14:00,17:00,299,종로|남대문,보신각 앞,관철동,0,0
2022-03-05,16:00,22:00,49,서초|강남,강남역 11出 앞 → 강남스퀘어,서초동,1,0
2022-03-05,14:00,16:00,299,혜화,마로니에공원,동숭동,0,0
2022-03-06,14:00,16:00,100,종로,종로타워 → 교보문고,공평동 등,1,0
2022-03-06,14:00,17:00,299,종로,교보빌딩 앞,세종대로,0,0
2022-03-06,14:00,16:00,299,종로,보신각 앞 인도,관철동,0,0
2022-03-06,11:00,13:00,299,남대문,시립미술관 → 의주R,정동,1,0
2022-03-06,15:00,18:00,49,용산,페이스갤러리 앞,한남동,0,0
2022-03-07,17:00,18:00,299,남대문,고용노동청 앞,장교동,0,0
2022-03-08,13:00,16:00,299,남대문|혜화,시청역 5出 → 마로니에공원,태평로 1가 등,1,0
2022-03-08,14:00,15:00,299,종로|남대문,대한통운 앞,서소문동,0,0
2022-03-08,11:00,12:20,299,종로|남대문,세종문화회관 / 해치마당 동측 → 시청역 5出,세종대로 등,1,0
2022-03-08,17:00,20:00,50,종로|서대문,광화문 비각 → 서교동 걷고싶은거리 광장무대,세종대로 등,1,0
2022-03-08,19:30,22:00,99,마포|서대문,홍대입구역 9出 → 공덕역 3出,동교동 등,1,0
2022-03-09,17:00,,299,영등포,국민의힘 당사 앞,여의도동,0,0
2022-03-09,12:00,13:00,99,종로,테라로사 앞 인도 및 1개차로,중학동,0,1
2022-03-09,16:00,,299,종로,교보빌딩 앞 인도 및 1개차로,세종대로,0,1
2022-03-10,11:00,12:00,299,영등포,금감원 앞,여의도동,0,0
2022-03-10,13:00,17:30,299,종로|남대문,보신각 → 舊 삼성본관,관철동 등,1,0
2022-03-10,11:00,19:00,299,종로|남대문,안국역 4出 / 안국역 1出 → 대한문,운니동 등,1,0
2022-03-10,07:00,21:00,299,종로,안국역 5出,안국동,0,0
2022-03-11,14:00,17:00,199,강북,선일교통 앞 → 강북구청 앞,수유동,1,0
2022-03-11,19:00,21:00,299,남대문,정동제일교회 앞,정동,0,0
2022-03-12,17:00,18:30,299,종로,동화면세점 앞,세종대로,0,0
2022-03-12,14:00,17:00,299,종로|남대문,대한문 ⇄ 효자치안센터,정동 등,0,0
2022-03-12,12:00,17:00,299,종로,동화면세점 및 교보빌딩 앞,세종대로,0,0
2022-03-12,11:00,14:00,299,남대문,시립미술관 앞 ⇄ 염천교,정동,0,0
2022-03-12,14:00,17:00,49,종로|남대문|중부,서울역5出 앞 → 시민열린마당,남대문로 5가,1,0
2022-03-12,14:00,18:00,299,종로|혜화,교보빌딩 앞 → 사랑채 동측,세종대로,1,0
2022-03-12,14:00,16:00,299,종로,보신각 앞 인도,관철동,0,0
2022-03-12,15:00,19:00,299,종로,청계광장 소라탑 뒤,세종대로,0,0
2022-03-13,14:00,17:00,299,종로,교보빌딩 앞,세종대로,0,0
2022-03-14,10:30,12:00,70,영등포,전경련 앞,여의도동,0,0
2022-03-15,11:00,13:00,99,강북,강북구청 앞,수유3동,0,0
2022-03-16,09:30,16:00,100,남대문|중부|광진,KTCS→세종호텔,중곡동 등,1,0
2022-03-16,12:00,13:00,99,종로|성동,서머셋팰리스 우측 인도 및 1개차로,중학동,0,1
2022-03-17,10:00,15:00,100,남대문|중부|서대문,세종호텔 → 서울지방노동위원회,명동 등,1,0
2022-03-17,18:30,19:30,100,남대문|영등포|마포,세종호텔 앞,명동,0,0
2022-03-18,11:30,12:30,200,남대문,서울고용청 앞,장교동,0,0
2022-03-18,15:00,17:00,299,종로,고궁박물관 남측 인도 上,적선동,0,0
2022-03-18,14:00,16:00,299,영등포,국민의힘 당사 앞,여의도,0,0
2022-03-18,17:00,19:00,299,영등포,더민주당 당사 앞,여의도,0,0
2022-03-18,19:00,20:30,299,남대문,정동제일교회 앞,정동,0,0
2022-03-18,08:00,11:00,40,수서,포스코센터 앞,대치동,0,0
2022-03-19,14:00,16:00,299,종로|혜화,전태일다리 앞→금융연수원,적선동,1,0
2022-03-19,14:00,17:00,299,종로|남대문,대한문 ⇄ 효자치안센터,정동 등,0,0
2022-03-19,14:00,16:00,299,영등포,더민주당 당사 앞,여의도,0,0
2022-03-19,12:00,16:00,299,종로,동화면세점 및 교보빌딩 앞,세종대로,0,0
2022-03-19,15:00,18:00,299,종로|남대문|중부,서울역5出 앞 → 시민열린마당,남대문로 5가,1,0
2022-03-19,14:00,18:00,299,종로|남대문|혜화,파이낸스 빌딩 앞 → 효자치안센터,태평로 1가,1,0
2022-03-19,13:00,16:00,299,종로,청계광장 소라탑 → 고도빌딩 앞 인도,세종대로,1,0
2022-03-19,14:00,16:00,100,서초,크린토피아 양재2동점 ⇄ 동산 어린이공원,양재동,0,0
2022-03-20,14:30,16:30,299,종로,보신각 앞 인도,관철동,0,0
2022-03-20,14:00,17:00,299,종로,교보빌딩 앞,세종대로,0,0
2022-03-20,14:00,17:00,150,종로|남대문,파이낸스 빌딩→ 효자치안센터 앞,태평로 1가,1,0
2022-03-20,12:00,14:00,299,남대문,정동 분수대 앞⇄ 염천교,정동,0,0
2022-03-20,14:00,16:00,200,양천,목4동 780-1 앞⇄청포도아파트,목4동,0,0
2022-03-21,09:00,17:00,100,마포,제일빌딩 앞,서교동,0,0
2022-03-22,10:00,18:30,299,노원|강북,강북구청 → 도봉구청,수유동 등,1,0
2022-03-22,11:00,11:30,200,종로|도봉,고도빌딩 앞,적선동,0,0
2022-03-23,11:00,12:30,299,종로,고궁박물관 남측인도,효자로,0,0
2022-03-23,15:00,16:30,299,영등포,LG트윈타워 앞,여의도동,0,0
2022-03-23,14:00,16:00,299,구로,G-타워 앞,구로동,0,0
2022-03-23,11:00,12:00,299,남대문,하나금융지주사 앞,명동,0,0
2022-03-23,12:00,13:00,99,종로,테라로사 앞 인도 및 1개차로,중학동,0,1
2022-03-23,18:00,20:30,299,영등포,더민주당사 ⇄ 여의도 파라곤,여의도동,0,0
2022-03-24,14:00,16:30,299,종로,청계광장→적선R,태평로1가 등,1,0
2022-03-24,11:00,13:30,299,종로,고궁박물관 남측인도,효자동,0,0
2022-03-24,11:30,13:30,290,서초,현대차본사 앞(강남역 9出 → 서초역 8出),양재동 등,1,0
2022-03-24,18:30,19:30,50,남대문,시청서편 인도 앞,태평로 1가,0,0
2022-03-24,14:00,16:00,299,구로,G-타워 앞,구로동,0,0
2022-03-24,18:00,20:30,299,영등포,더민주당사 ⇄ 여의도 파라곤,여의도동,0,0
2022-03-24,13:00,15:00,299,영등포,이룸센터 앞 ⇄ 민주당사,여의도동,0,0
2022-03-24,15:00,16:00,299,종로,효자치안센터 앞,효자동,0,0
2022-03-24,16:00,18:00,299,종로,효자치안센터 앞,효자동,0,0
2022-03-24,18:30,19:40,50,남대문,정동제일교회 앞,정동,0,0
2022-03-25,11:00,13:30,299,종로,고궁박물관 남측인도,효자동,0,0
2022-03-25,10:00,11:00,299,서초|강남,신논현역6出 → 서울추모공원,논현동 등,1,0
2022-03-25,13:00,14:00,100,강서|수서,마곡동로56 건와빌딩 앞,마곡동,0,0
2022-03-25,12:00,15:00,299,구로,G-타워 앞,구로동,0,0
2022-03-25,17:00,19:30,299,영등포,더민주당사 ⇄ 여의도 파라곤,여의도동,0,0
2022-03-25,19:00,20:30,299,남대문,정동제일교회 앞,정동,0,0
2022-03-25,10:00,11:00,50,종로,고도빌딩 건너편,적선동,0,0
2022-03-25,10:00,11:00,70,종로,시민열린마당 → 고궁박물관 남측,세종대로,1,0
2022-03-26,14:00,17:00,299,남대문,한빛광장→시청 동문,삼각동 동,1,0
2022-03-26,14:00,17:00,299,종로,보신각 앞 / SC제일은행 → 보신각,관철동 등,1,0
2022-03-26,14:00,17:00,299,종로|남대문,대한문 ⇄ 효자치안센터,정동 등,0,0
2022-03-26,16:00,18:00,299,종로,교보빌딩 앞,세종대로,0,0
2022-03-26,14:30,16:30,299,종로|남대문,시청역 5出 → 사랑채 동측,세종대로 등,1,0
2022-03-26,13:00,15:00,299,종로|남대문,예금보험공사 → 남도식당 건너편,다동 등,1,0
2022-03-26,18:00,20:30,100,종로|남대문,파이낸스빌딩 → 고도빌딩,세종대로 등,1,0
2022-03-26,14:00,16:30,299,영등포,더민주당사⇄여의도 파라곤,여의도,0,0
2022-03-26,15:00,19:00,299,종로,동화면세점 및 교보빌딩 앞,세종대로,0,0
2022-03-26,14:00,18:00,299,종로|남대문,파이낸스 빌딩 앞 → 효자치안센터,태평로 1가,1,0
2022-03-26,13:00,16:00,299,종로,청계광장 소라탑 → 효자치안센터,세종대로,1,0
2022-03-27,12:00,14:00,299,종로,보신각 앞 인도,관철동,0,0
2022-03-27,14:00,17:00,299,종로,교보빌딩 앞,세종대로,0,0
2022-03-27,12:00,14:00,299,남대문,제일교회 앞,정동,0,0
2022-03-27,12:00,14:00,299,남대문,정동 분수대 앞 ⇄ 의주R,정동,0,0
2022-03-28,11:00,13:30,299,종로,고궁박물관 남측인도,효자동,0,0
2022-03-28,13:00,15:00,299,종로,고도빌딩 앞 → 효자치안센터,효자동 등,1,0
2022-03-28,14:00,17:00,299,남대문,SK남산그린빌딩 앞,남대문로 5가,0,0
2022-03-28,08:00,11:00,299,남대문,은행연합회관 앞,명동,0,0
2022-03-28,12:00,15:00,299,구로,G-타워 앞,구로동,0,0
2022-03-29,13:30,15:00,200,종로,광화문 시민열린마당 앞 인도,세종로,0,0
2022-03-29,12:00,15:00,299,구로,G-타워 앞,구로동,0,0
2022-03-30,15:00,16:00,50,종로,고도빌딩 → 고궁박물관 남측,태평로1가 등,1,0
2022-03-30,09:00,17:30,99,구로|금천,낙원공원 → 국회 정문,신길동 등,1,0
2022-03-30,14:00,16:00,299,영등포|서초|수서,SPC 본사 앞 인도,양재동,0,0
2022-03-30,12:00,15:00,299,구로,G-타워 앞,구로동,0,0
2022-03-30,18:30,19:30,299,남대문,고용노동청 앞,장교동,0,0
2022-03-30,12:00,13:00,99,종로,테라로사 앞 인도 및 1개차로,중학동,0,1
2022-03-30,10:30,12:00,50,영등포,민주당사 앞,여의도동,0,0
2022-03-31,09:00,15:30,99,종로|남대문|영등포,국회 → 청운동사무소,여의도동 등,1,0
2022-03-31,12:00,15:00,299,마포|구로,G-타워 앞,구로동,0,0
2022-03-31,12:00,13:00,50,동작,보라매로 5길 23 KT알파 본사 앞,신대방동,0,0
2022-03-31,14:00,16:00,299,영등포,이룸센터 앞 ⇄ 더민주당사 앞,여의도동,0,0
2022-04-01,12:00,15:00,299,구로,G-타워 앞,구로동,0,0
2022-04-01,18:00,21:00,299,서초,중앙지검 서문 → 교대역,서초동,1,0
2022-04-01,18:00,20:00,299,영등포,더민주당사 → 여의도 파라곤,여의도동,1,0
2022-04-01,14:00,15:00,50,강서,강서경찰서 앞,화곡동,0,0
2022-04-01,18:00,21:00,299,서초,대검찰청 정문 ⇄ 성모병원R,서초동,0,0
2022-04-02,15:30,18:00,299,종로,보신각 → 청운동사무소,관철동 등,1,0
2022-04-02,14:00,16:00,299,종로|혜화,전태일 다리 → 고궁박물관,종로5가 등,1,0
2022-04-02,14:00,16:30,299,남대문,시의회 앞 ⇄ 한은R,태평로1가 등,0,0
2022-04-02,14:00,17:00,299,종로|남대문,대한문 ⇄ 내자R,정동 등,0,0
2022-04-02,16:00,18:00,299,종로,교보빌딩 앞,세종대로,0,0
2022-04-02,17:00,20:00,299,종로|남대문,눈스퀘어 → 숭례문 → 고도빌딩,명동 등,1,0
2022-04-02,18:00,20:00,299,종로|남대문,눈스퀘어 → 을지로입구 → 고도빌딩,명동 등,1,0
2022-04-02,14:00,16:30,299,영등포,더민주당사 앞,여의도,0,0
2022-04-02,12:00,15:00,100,종로,광화문KT → 남도식당 건너편,세종대로 등,1,0
2022-04-02,15:00,19:00,299,종로,동화면세점 및 교보빌딩 앞,세종대로,0,0
2022-04-02,14:00,17:00,299,종로|남대문,파이낸스 빌딩 앞→ 효자P/B,태평로 1가,1,0
2022-04-02,13:00,16:00,299,종로,청계광장 소라탑 → 효자P/B,세종대로,1,0
2022-04-03,14:00,17:00,299,종로,교보빌딩 앞 인도 및 1개차로,세종대로,0,1
2022-04-03,14:00,16:00,299,남대문,시립미술관 ⇄ 의주R,정동,0,0
2022-04-03,10:30,13:30,299,영등포,여의도 공원 9 / 10문,여의도동,0,0
2022-04-04,14:00,16:00,299,종로|혜화,전태일 다리 → 고궁박물관,종로5가 등,1,0
2022-04-04,14:00,15:39,299,남대문,SK남산그린빌딩앞,남대문로 5가,0,0
2022-04-04,12:00,15:00,299,종로,G-타워 앞,구로동,0,0
2022-04-04,14:00,16:30,299,영등포,산업은행 정문 → 의사당역 3出,여의도동,1,0
2022-04-05,12:00,15:00,299,구로,G-타워 앞,구로동,0,0
2022-04-05,14:00,16:00,299,종로|남대문,시교육청 정문 → 대한문,교남동,1,0
2022-04-05,11:00,13:00,60,종로,북인사마당 인도,안국동,0,0
2022-04-06,10:30,14:30,100,성북,정릉사회복지관 → 성북구청,정릉동 등,1,0
2022-04-06,12:00,15:00,100,구로,G-타워 앞,구로동,0,0
2022-04-06,12:00,13:00,99,종로,써머셋 앞 인도 및 1개차로,중학동,0,1
2022-04-07,15:00,16:00,299,종로,고도빌딩 앞 인도,적선동,0,0
2022-04-07,14:00,17:00,200,서초|수서,던킨 라이브강남점 → SPC 본사 앞,서초동 등,1,0
2022-04-07,15:00,18:00,100,영등포,국민의힘 앞,여의도동,0,0
2022-04-07,12:00,15:00,299,구로,G-타워 앞,구로동,0,0
2022-04-07,14:00,16:00,299,종로,"고궁박물관 앞 인도, 자전거도로",적선동,0,0
2022-04-07,09:00,11:00,100,영등포,국회 앞,여의도동,0,0
2022-04-08,13:00,,100,성북,성북구청 앞 인도,삼선동,0,0
2022-04-08,18:00,19:30,299,강남,역삼동 648-11 KB손해보험 본사 앞 인도,역삼동,0,0
2022-04-08,12:00,15:00,299,구로,G-타워 앞,구로동,0,0
2022-04-08,18:00,20:00,299,영등포,민주당사 ⇄ 여의도 파라곤,여의도동,0,0
2022-04-09,14:00,16:00,299,종로|혜화,전태일다리→BH사랑채 동측,종로5가 등,1,0
2022-04-09,15:00,16:30,0,종로|남대문|중부|영등포|마포|서대문|혜화,①시청역 5出 → 청와대사랑채 ②서대문역 3出 → 경복궁역 3出 ③동대문역 10出 → 르메이에르 빌딩 ④애오개역 3出 → 새문안교회 건너편 ①공덕역 1出 / ②마포역 3出 / ③홍대입구역 1出 / ④신촌 유플렉스 / ⑤혜화역 2出 인도 각 299 등,태평로1가 등,1,1
2022-04-09,14:00,15:30,0,종로|남대문|혜화,①동대문성곽공원 → 청계광장 남측 ②푸르메센터 → 서울시의회 각 299 등,효자동 등,1,0
2022-04-09,12:00,13:30,299,종로,동화면세점 앞,세종로,0,0
2022-04-09,13:00,17:00,299,종로|남대문,대한문 ⇄ 적선R,정동 등,0,0
2022-04-09,13:00,15:00,299,영등포,더민주당사 ⇄ 여의도 파라곤,여의도,0,0
2022-04-09,16:00,18:00,299,종로,교보빌딩 앞 인도,세종로,0,0
2022-04-09,14:00,17:00,100,중부,DDP 서측 인도,신당동,0,0
2022-04-09,15:00,19:00,299,종로,"동화면세점 앞, 교보빌딩 앞",세종대로,0,0
2022-04-09,10:30,13:00,299,종로|혜화,시민열린마당 앞,세종로,0,0
2022-04-09,14:00,18:00,299,종로|남대문,파이낸스빌딩 앞,세종대로,0,0
2022-04-09,13:00,16:00,299,서초,청계광장 소라탑 뒤,세종대로,0,0
2022-04-09,18:00,21:00,299,서초,대검찰청 정문,서초동,0,0
2022-04-09,10:00,12:00,60,종로,사직동 주민센터 → 수성동계곡,사직동,1,0
2022-04-10,16:00,19:00,299,용산,용산우체국 → 전쟁기념관,용산동,1,0
2022-04-10,14:00,17:00,150,종로,보신각 앞 ⇄ 동화면세점,세종대로,0,0
2022-04-10,14:00,16:00,299,남대문,정동분수대 앞 ⇄ 숭례문,정동,0,0
2022-04-10,14:00,17:00,299,종로,교보빌딩 앞,세종대로,0,0
2022-04-11,12:00,13:00,50,동작,삼성보라매옴니타워(KT알파 본사) 앞,신대방동,0,0
2022-04-11,12:00,15:00,299,구로,G-타워 앞,구로동,0,0
2022-04-11,14:00,16:00,299,영등포,국민의힘 앞,여의도동,0,0
2022-04-11,18:00,20:00,299,영등포,국민은행 서관 ⇄ 국민의힘,여의도동,0,0
2022-04-11,16:30,19:00,299,영등포,국민의힘 당사 앞,여의도,0,0
2022-04-11,10:00,13:00,100,남대문,시청 동편 인도,태평로1가,0,0
2022-04-11,14:00,15:00,99,영등포,국회 앞,여의도동,0,0
2022-04-12,12:00,15:00,299,구로,G-타워 앞,구로동,0,0
2022-04-12,10:30,15:00,50,종로|남대문,조계사 → 정동제일교회,수송동,1,0
2022-04-13,12:30,,100,종로,서울시교육청 정문앞 좌․우측 인도 上,신문로2가,0,0
2022-04-13,13:30,16:30,200,서초|수서,강남역 던킨라이브 → SPC본사 앞,서초동 등,1,0
2022-04-13,12:00,16:00,299,구로,G-타워 앞,구로동,0,0
2022-04-13,10:30,12:00,50,종로,정부서울청사 → 고도빌딩,적선동,1,0
2022-04-13,14:00,16:00,299,영등포,산업은행 앞,여의도동,0,0
2022-04-14,15:00,16:30,299,종로,청계광장內,청계로,0,0
2022-04-14,18:00,20:30,299,영등포,국민은행 서관 앞 ⇄ 순복음사거리,여의도,0,0
2022-04-14,14:00,16:00,299,영등포,이룸센터 앞 ⇄ 국민의힘,여의도동,0,0
2022-04-14,10:00,12:00,299,종로,고궁박물관 남측 → 세종문화회관,적선동,1,0
2022-04-15,15:30,,299,강서,공항대로 607 도시가스 본사 앞,염창동,0,0
2022-04-15,18:00,20:30,299,영등포,더민주당사 ⇄ 여의도 파라곤,여의도,0,0
2022-04-15,14:00,18:00,299,영등포,이룸센터 앞,여의도동,0,0
2022-04-16,14:00,16:00,299,종로|혜화,다시세운광장 → 고궁박물관,장사동 등,1,0
2022-04-16,14:00,17:00,299,남대문,도시건축전시관 ⇄ 한은R,태평로1가 등,0,0
2022-04-16,13:00,16:30,299,종로|남대문,대한문 ⇄ 적선R,정동 등,0,0
2022-04-16,13:00,15:00,299,종로|남대문,정동제일교회 ⇄ 시청,정동 등,0,0
2022-04-16,18:00,19:00,100,종로,광화문 KT 앞,세종대로,0,0
2022-04-16,14:00,16:30,299,영등포,국민은행 서관 ⇄ 더민주당사,여의도,0,0
2022-04-16,17:00,21:00,299,서초,"대검찰청 정문 우측 인도, 1개차로",서초동,0,1
2022-04-16,13:00,17:00,299,종로,동화면세점 앞,세종대로,0,0
2022-04-16,13:00,16:00,299,종로,청계광장 소라탑 → 효자P/B,세종대로,1,0
2022-04-16,13:00,17:00,299,영등포,글래드호텔 앞,여의도동,0,0
2022-04-16,17:00,19:30,99,영등포,국회 앞 → 서강대교남단,여의도동,1,0
2022-04-16,13:00,16:30,299,혜화,마로니에공원 앞,동승동,0,0
2022-04-16,18:00,21:00,299,서초,대검찰청 정문 좌측 ⇄ 교대역9出,서초동,0,0
2022-04-17,12:30,16:00,100,강북,강북구청 평화의 소녀상 → 시립강북청소년센터,수유동 등,1,0
2022-04-17,15:00,17:00,100,종로|남대문,프리미어플레이스 ⇄ 고도빌딩,다동 등,0,0
2022-04-17,12:00,15:00,299,남대문,서울역 왈우동상 앞,봉래동,0,0
2022-04-17,13:00,15:00,299,남대문,정동분수대 ⇄ 시청,정동,0,0
2022-04-17,15:00,16:00,299,혜화,마로니에공원 앞,동승동,0,0
2022-04-18,14:00,16:00,299,종로|혜화,전태일다리 → 고궁박물관,종로5가 등,1,0
2022-04-18,18:00,21:00,299,영등포,국민은행 서관 ⇄ 더민주당,여의도,0,0
2022-04-18,13:00,15:00,300,영등포,국민의힘 당사 앞,여의도,0,0
2022-04-18,12:00,18:00,200,서부,응암역 3出 응암소공원 ⇄ 본서부병원 앞,역촌동,0,0
2022-04-19,16:00,19:00,100,서대문,신촌 유플렉스 앞,창천동,0,0
2022-04-19,18:30,21:00,299,영등포,민주당사 ⇄ 여의도 파라곤,여의도,0,0
2022-04-19,13:00,19:00,1000,종로,효자PB → 고궁박물관,효자동,1,0
2022-04-20,13:00,15:00,1000,영등포,국민은행 동·서관 앞,여의도,0,0
2022-04-20,15:00,17:00,1000,영등포,국민은행 → 더불어민주당,여의도,1,0
2022-04-20,14:00,15:00,1000,종로,보신각 앞,관철동,0,0
2022-04-20,15:00,16:00,1000,종로,보신각 → 고궁박물관,관철동 등,1,0
2022-04-20,12:00,13:00,500,종로,연합뉴스 앞 2개차로,수송동,0,1
2022-04-20,10:00,12:00,299,종로,고도빌딩 앞,효자동,0,0
2022-04-20,13:00,18:00,1500,영등포,여의도 이룸센터 ⇄ 문화마당1門,여의도동,0,0
2022-04-21,11:00,12:00,50,종로,정부서울청사 후문 → 고도빌딩 앞,적선동 등,1,0
2022-04-21,15:30,17:30,1500,송파,교통회관 앞,신천동,0,0
2022-04-21,15:30,17:30,299,서대문,세브란스 암병동 ⇄ 세브란스 본관,신촌동,0,0
2022-04-21,17:00,18:30,150,강북,선일교통 앞,수유3동,0,0
2022-04-21,18:00,20:00,100,영등포,"국회, 현대캐피탈 1관, 금산빌딩 앞 등 3개소",여의도,0,0
2022-04-21,10:00,11:00,299,종로,고궁박물관 남측,효자동,0,0
2022-04-21,10:00,11:30,100,중부,국가인권위원회 앞,저동,0,0
2022-04-21,11:00,13:00,500,영등포,태흥빌딩 앞,여의도동,0,0
2022-04-22,14:00,16:00,250,남대문,농업박물관 앞,충정로1가,0,0
2022-04-22,07:00,13:00,299,강동,돈춘주공@ 재건축 대우건설 D1-2G 앞,둔촌동,0,0
2022-04-22,18:00,21:00,299,영등포,민주당사 앞,여의도,0,0
2022-04-22,11:00,12:00,299,종로,고도빌딩 앞,적선동,0,0
2022-04-22,11:00,13:00,150,영등포,여의나루역 한강시민공원 ⇄ ①문화마당11문 ②신송빌딩,여의도동,0,0
2022-04-22,12:00,13:00,60,종로,우정총국 시민공원,수송동,0,0
2022-04-23,14:00,16:00,400,종로|혜화,전태일다리 → 고궁박물관 남측,종로5가 등,1,0
2022-04-23,18:00,21:00,99,중부,을지OB베어 앞,충무로 2가,0,0
2022-04-23,16:00,19:00,2000,종로|혜화,마로니에공원 → 고궁박물관 남측,동숭동 등,1,0
2022-04-23,14:00,17:00,299,혜화,혜화역 2出 앞 인도 1개차로,동숭동,0,1
2022-04-23,14:00,17:00,299,남대문,서울시의회 ⇄ 한은R,태평로1가 등,0,0
2022-04-23,14:00,15:00,299,남대문,대한문 앞,세종대로,0,0
2022-04-23,15:00,17:00,200,종로|남대문,금세기빌딩 → 효자치안센터,을지로1가 등,1,0
2022-04-23,19:00,21:00,1000,영등포,국민은행 앞,여의도,0,0
2022-04-23,13:00,17:00,3000,영등포,글래드호텔 앞 3개차로,여의도동,0,1
2022-04-23,13:00,17:00,299,종로,동화면세점 앞,세종대로,0,0
2022-04-23,13:00,16:00,299,종로,청계광장 소라탑 → 효자P/B,세종대로,1,0
2022-04-23,15:00,17:00,500,영등포,국민은행 동·서관 인도 및 보조도로,여의도동,0,0
2022-04-24,18:00,21:00,99,중부,을지OB베어 앞,충무로 2가,0,0
2022-04-24,13:00,17:00,299,노원,포레나노원아파트 앞,상계동,0,0
2022-04-24,14:00,18:00,120,동대문,"장00 의원 사무실 앞, 전농동 사거리",전농동,0,0
2022-04-24,15:00,17:00,299,종로,교보빌딩 앞 인도 및 1개차로,세종대로,0,1
2022-04-24,12:00,14:00,299,남대문,정동분수대 ⇄ 숭례문R,정동,0,0
2022-04-25,11:00,17:00,299,용산,이태원로 55길 12-8 앞,한남동,0,0
2022-04-25,10:30,15:00,299,종암,화랑로76 월곡역 1번出 앞,하월곡동,0,0
2022-04-25,11:00,12:00,50,영등포,국민의힘 당사 앞,여의도,0,0
2022-04-25,11:00,12:00,299,종로,고도빌딩 앞,적선동,0,0
2022-04-25,08:00,13:00,100,영등포,금강원 앞,여의도동,0,0
2022-04-25,15:00,18:00,701,중부,두산타원 ⇄ DDP패션몰,을지로6가,0,0
2022-04-25,15:00,17:00,300,영등포,국민은행 서관 → 국민의힘,여의도동,1,0
2022-04-26,18:00,21:00,99,중부,을지OB베어 ⇄ 만선호프,충무로2가,0,0
2022-04-26,18:30,20:00,150,남대문,시청 동편 인도,태평로 1가,0,0
2022-04-26,19:00,20:00,60,강북,삼양사거리 입구 분수대 앞,삼양동,0,0
2022-04-26,11:30,13:00,60,마포,서울경찰청 반부패공공범죄수사대 앞,마포동,0,0
2022-04-26,15:30,17:30,299,영등포,여의나루역 2出 앞 → 이룸센터,여의도동,1,0
2022-04-26,11:00,11:30,299,종로,고도빌딩 앞,적선동,0,0
2022-04-27,13:00,17:00,3000,구로,G타워 → 대룡포스트 2차 → G타워,구로동 등,1,0
2022-04-27,18:00,21:00,99,중부,을지OB베어 ⇄ 경원도기타일,충무로2가,0,0
2022-04-27,11:30,13:00,90,중부,명보사거리,초동,0,0
2022-04-27,14:00,16:30,299,송파,쿠팡 본사 → 배달의 민족 본사,신천동,1,0
2022-04-27,19:00,21:00,299,서초|수서,SPC 본사 앞,양재동,0,0
2022-04-27,06:00,09:00,299,금천,현대퍼블릭 현장 앞 인도,가산동,0,0
2022-04-27,11:00,16:00,50,종로,고궁박물관 남측 인도,적선동,0,0
2022-04-27,13:30,17:30,350,종로,고궁박물관 남측 인도,적선동,0,0
2022-04-27,17:00,18:30,90,종로|남대문,종로3가역 7․8出 앞 인도,묘동,0,0
2022-04-27,12:00,13:00,99,종로,경복궁주유소 우측 인도,중학동,0,0
2022-04-27,18:00,21:00,3000,영등포,국회의사당역 3出 ⇄ 민주당사,여의도,0,0
2022-04-27,11:30,13:00,260,영등포,국민의힘 당사 앞,여의도,0,0
2022-04-27,15:30,17:30,299,영등포,여의나루역 2出 → 이룸센터,여의도동,1,0
2022-04-27,11:00,12:00,299,종로,고도빌딩 앞,적선동,0,0
2022-04-27,14:00,16:30,50,용산,이태원 광장 → 캠프킴,이태원동,1,0
2022-04-28,18:00,22:00,99,중부,을지OB베어 주차장 앞,충무로2가,0,0
2022-04-28,14:00,16:00,1000,종로|남대문,서울고용청 → 고도빌딩,장교동 등,1,0
2022-04-28,12:00,13:00,700,영등포,국민은행 동․서관,여의도동,0,0
2022-04-28,06:00,08:00,500,수서,잠원동 60-3 공사현장 1-3G 앞,잠원동,0,0
2022-04-28,11:00,12:00,290,남대문,서울시청 동편 인도,태평로 1가,0,0
2022-04-28,10:00,11:00,100,영등포,국민의힘 당사 앞,여의도,0,0
2022-04-28,15:00,16:00,300,영등포,국민의힘 당사 앞,여의도,0,0
2022-04-28,18:00,21:00,3000,영등포,국회의사당역 3出 ⇄ 더민주당사,여의도,0,0
2022-04-28,18:00,21:00,299,영등포,국회의사당역 5出 앞,여의도,0,0
2022-04-28,15:30,17:30,299,영등포,여의나루역 2出 앞 → 이룸센터,여의도동,1,0
2022-04-28,11:00,12:00,299,종로,고도빌딩 앞,적선동,0,0
2022-04-28,10:00,12:00,70,영등포,국회 앞,여의도동,0,0
2022-04-29,18:00,22:00,99,중부,을지OB베어 주차장 앞 ⇄ 경원도기타일,충무로2가,0,0
2022-04-29,15:00,22:00,500,종로|혜화,전태일다리 → 고궁박물관 앞,적선동 등,1,0
2022-04-29,11:00,19:00,100,영등포,국회 앞,여의도 동,0,0
2022-04-29,18:00,21:00,3000,영등포,국회의사당역 3出 앞 ⇄ 더민주당사,여의도,0,0
2022-04-29,14:00,15:00,200,종로,고도빌딩 앞,적선동,0,0
2022-04-29,14:00,15:00,1000,혜화,마로니에공원 ⇄ 혜화R,동숭동,0,0
2022-04-29,14:00,15:00,200,종로,적선동 고도빌딩,적선동,0,0
2022-04-29,11:00,11:30,299,종로,고도빌딩 앞,적선동,0,0
2022-04-29,12:00,14:00,100,서초|강남,포스코센터 앞 → 삼성전자 서초사옥,대치동,1,0
2022-04-30,14:00,16:00,200,종로|혜화,전태일다리 → 고궁박물관 앞,적선동 등,1,0
2022-04-30,18:00,22:00,99,중부,을지OB베어 주차장 앞 ⇄ 경원도기타일,충무로2가,0,0
2022-04-30,14:00,15:00,50,남대문,롯데손해보험빌딩 → 서울광장,남창동,1,0
2022-04-30,13:00,17:00,299,종로|남대문,대한문 ⇄ 적선R,세종대로 등,0,0
2022-04-30,14:00,17:00,299,남대문,서울시의회 ⇄ 한은R,태평로1가 등,0,0
2022-04-30,17:00,20:00,3000,영등포,국회의사당역 3出 앞 ⇄ 더민주당사,여의도,0,0
2022-04-30,17:00,18:30,1000,종로,SK본사 앞,서린동,0,0
2022-04-30,13:00,17:30,3000,종로,"동화면세점, 교보빌딩 → 효자P/B",세종대로 등,1,0
2022-04-30,13:00,16:00,299,종로,청계광장 소라탑 → 효자P/B,세종대로,1,0
2022-04-30,13:00,16:30,1000,종로|남대문,용산전쟁기념관 → SK서린빌딩,용산동,1,0
2022-04-30,16:00,17:00,100,용산|영등포,국회 앞,여의도동,0,0
2022-05-01,12:30,13:30,2000,종로|남대문,보신각→시청동편,태평로 1가 등,1,0
2022-05-01,12:30,13:30,10000,남대문,남대문R∼태평R,태평로1가,0,0
2022-05-01,12:30,13:30,500,남대문,한빛광장→숭례문,다동,1,0
2022-05-01,12:30,13:30,1500,남대문,예금보험공사→플라자호텔,수하동,1,0
2022-05-01,12:30,13:30,100,남대문,고용노동청→시청동편,장교동 등,1,0
2022-05-01,14:00,15:30,13000,종로,①태평R→을지로2R→적선R ②태평R→세종R→각2→적선R,태평로1가 등,1,0
2022-05-01,18:00,22:00,99,중부,을지OB베어 주차장 앞 ⇄ 경원도기타일,충무로2가,0,0
2022-05-01,14:00,16:00,300,용산,SPC 패션5 앞,한남동,0,0
2022-05-01,13:30,15:30,299,종로|남대문,대한문 ⇄ 적선R,세종대로 등,0,0
2022-05-01,13:30,16:00,500,종로,동화면세점⇄적선R,세종대로 등,0,0
2022-05-01,13:00,17:00,1000,혜화,마로니에공원內⇄혜화R,동숭동,0,0
2022-05-01,12:00,14:00,299,종로|남대문,정동분수대 ⇄ 세종R,정동,0,0
2022-05-02,18:00,22:00,99,중부,을지OB베어 주차장 앞 ⇄ 경원도기타일,충무로2가,0,0
2022-05-02,14:30,16:30,300,송파,평화의 문 광장 → 교통공원 앞,방이동 등,1,0
2022-05-02,19:00,20:00,300,영등포,국민은행 본점,여의도동,0,0
2022-05-02,12:00,18:00,100,용산,국방부 정문 앞,용산동,0,0
2022-05-02,11:00,11:30,299,종로,고도빌딩 앞,적선동,0,0
2022-05-02,12:10,13:30,300,영등포,국민은행 서관 → 정의당사,여의도동,1,0
2022-05-03,18:00,22:00,99,중부,을지OB베어 주차장 ⇄ 경원도기타일,충무로2가,0,0
2022-05-03,13:00,16:00,1000,영등포,국민은행 동․서관 → 與․野당사,여의도,1,0
2022-05-03,18:00,21:00,3000,영등포,국회의사당역 3出 ⇄ 민주당사,여의도,0,0
2022-05-03,15:00,21:00,2000,영등포,삼희익스콘벤처타워 앞,여의도,0,0
2022-05-03,11:00,11:30,299,종로,고도빌딩 앞,적선동,0,0
2022-05-04,18:00,23:00,99,중부,을지OB베어 주차장 ⇄ 경원도기타일,충무로2가,0,0
2022-05-04,14:00,15:30,300,종로,고궁박물관 → 효자PB,적선동 등,1,0
2022-05-04,12:00,13:00,99,종로,연합뉴스 앞 2개차로,수송동,0,1
2022-05-04,08:30,09:30,300,송파,송파구청 앞,신천동,0,0
2022-05-04,11:00,13:00,1000,종로,고궁박물관 남측인도· 2개차로,적선동,0,1
2022-05-05,18:00,23:00,99,중부,을지OB베어 주차장 ⇄ 경원도기타일,충무로2가,0,0
2022-05-05,14:00,17:00,50,서대문,신촌 유플렉스 앞,창천동,0,0
2022-05-06,18:00,23:00,99,중부,을지OB베어 주차장 ⇄ 경원도기타일,충무로2가,0,0
2022-05-06,11:00,12:00,299,남대문,IBK파이낸스 빌딩앞,명동,0,0
2022-05-06,17:00,18:00,300,수서,래미안 도곡카운티 앞,도곡동,0,0
2022-05-06,13:00,15:00,299,종로,고도빌딩 → 효자치안센터,적선동,1,0
2022-05-07,13:00,14:30,2500,영등포,더 샾 아일랜드 → 국민의힘,여의도동,1,0
2022-05-07,12:30,14:30,299,종로,보신각 → 고궁박물관,관철동 등,1,0
2022-05-07,13:00,14:30,299,종로|혜화,종묘공원 → 고궁박물관,훈정동 등,1,0
2022-05-07,14:30,16:00,2000,종로,고궁박물관∼동십자각 인도,적선동 등,0,0
2022-05-07,15:00,18:30,1000,용산|서초,이촌역 2出 → OSB저축은행서초본점,용산동 등,1,0
2022-05-07,13:00,17:00,299,종로|남대문,대한문 ⇄ 적선R,세종대로 등,0,0
2022-05-07,14:00,17:00,299,남대문,서울시의회 ⇄ 한은R,태평로1가 등,0,0
2022-05-07,17:00,19:00,1000,영등포,국민은행 서관 인도 및 보조도로,여의도,0,0
2022-05-07,13:30,16:30,600,종로|남대문,예금보험공사 → 적선R → 시청광장,다동 등,1,0
2022-05-07,12:00,16:30,3000,종로,"동화면세점, 교보빌딩 → 효자P/B",세종대로 등,1,0
2022-05-07,13:00,16:00,299,종로,고도빌딩 앞,적선동,0,0
2022-05-08,15:00,17:00,500,혜화,교보빌딩 앞,세종대로,0,0
2022-05-08,14:00,16:00,299,남대문,정동분수대 앞 ⇄ 숭례문R,정동,0,0
2022-05-08,11:00,13:00,100,남대문,페럼타워 앞,수하동,0,0
2022-05-09,16:00,18:00,300,성동,서울시설공단 정문 앞,마장동,0,0
2022-05-10,18:30,20:00,50,종로,광화문 KT빌딩 신관,청진동,0,0
2022-05-10,16:00,18:00,60,영등포,더민주당사 앞,여의도,0,0
2022-05-10,11:00,12:00,99,남대문,서울역 舊역사 앞,봉래동,0,0
2022-05-10,12:00,13:00,500,남대문,서울역 남측 계단 앞,봉래동,0,0
2022-05-10,09:00,12:00,500,영등포,여의도역 3出 → 여의도공원 1문,세종대로,1,0
2022-05-10,15:00,17:00,1000,영등포,국민은행 서관 → 국민의 힘,여의도동,1,0
2022-05-10,10:30,12:00,100,용산,삼각지 파출소 앞,한강로1가,0,0
2022-05-10,19:00,21:00,200,강북,강북구청 앞 소녀상,수유3동,0,0
2022-05-10,15:00,17:00,100,중랑,중랑구청內 중랑광장 → 망우역 광장,신내동,1,0
2022-05-11,14:00,16:00,2500,서초|수서,SPC본사 → 강남역 던킨라이브,양재동,1,0
2022-05-11,11:30,13:30,100,영등포,국회 1∼2문 사이 / 현대캐피탈 → 민주당사,여의도동,1,0
2022-05-11,06:00,11:00,99,송파,문정동 136번지 재건축공사현장 앞,문정동,0,0
2022-05-11,12:00,13:00,99,종로,연합뉴스 앞 2개차로,수송동,0,1
2022-05-11,13:00,16:00,100,용산,삼각지역 13出 앞,한강로1가,0,0
2022-05-12,14:00,16:00,299,강서,대한항공 본사 → 김포공항 4G,외발산동 등,1,0
2022-05-12,17:00,18:00,400,종로,시교육청 정문 우측인도 및 1개차로,신문로 2가,0,1
2022-05-12,08:00,12:00,50,남대문,연세빌딩 앞,남대문로 5가,0,0
2022-05-12,18:30,19:30,100,남대문,세종호텔 앞,명동,0,0
2022-05-12,15:30,17:30,299,서대문,세브란스병원 본관 앞,신촌동,0,0
2022-05-12,14:00,17:10,3000,종로|남대문,보신각 → 문화역서울284,관철동,1,0
2022-05-13,13:00,14:00,1000,남대문,서울시청 동편,태평로1가,0,0
2022-05-13,14:00,16:00,1000,종로|남대문,서울시청 동편 → 현대건설 본사,태평로1가 등,1,0
2022-05-13,05:30,,1000,광진,자양1재정비촉진 구역 1·2·3G 앞,자양동,0,0
2022-05-13,16:30,19:00,400,영등포,산업은행 ⇆ 국민의힘,여의도,1,0
2022-05-13,18:00,23:00,99,중부,을지OB베어 주차장 앞 ⇄ 경원도기타일,충무로2가,0,0
2022-05-13,15:00,17:00,400,남대문,서울시의회 앞 포켓차로 및 하위 1개차로,정동,0,1
2022-05-13,12:00,14:00,1000,종로|남대문,서울광장 ⇄ 안국R,태평로1가,0,0
2022-05-14,09:30,17:00,80,서대문,연세대 백주년 기념관 앞,신촌동,0,0
2022-05-14,18:00,23:00,99,중부,을지OB베어 주차장 ⇄ 경원도기타일,충무로2가,0,0
2022-05-14,13:00,17:30,500,남대문|용산,대한문 → 삼각지역 11出,세종대로 등,1,0
2022-05-14,14:00,17:00,299,남대문,서울시의회 ⇄ 한은R,태평로1가 등,0,0
2022-05-14,13:00,16:30,3000,종로,"동화면세점, 교보빌딩 등 3개소",세종대로 등,0,0
2022-05-14,15:00,18:00,500,용산,용산역 광장 → 이태원 광장,한강로3가,1,0
2022-05-14,15:00,17:00,50,남대문,여의도 파크원 → 여의공원 1문,여의도동,1,0
2022-05-14,14:00,17:00,1000,영등포,국민은행 서관 → 국민의힘,여의도동,1,0
2022-05-14,19:00,22:00,700,서초,대법원 정문 앞 ⇄ 교대역,서초동,0,0
2022-05-15,18:00,23:00,99,중부,을지OB베어 주차장 ⇄ 경원도기타일,충무로2가,0,0
2022-05-15,16:00,18:00,200,영등포,서울시 의사회관 → 금산빌딩,당산동,1,0
2022-05-15,15:30,17:30,8000,영등포,국민·산업은행 앞 → 의사당대로,여의도동,1,0
2022-05-16,11:00,15:00,800,영등포,한국노총 회관 앞,여의도,0,0
2022-05-16,10:00,14:00,300,혜화|성북,성북구청 ⇆ 한국기독교장로회총회,정릉동 등,1,0
2022-05-16,18:00,23:00,99,중부,을지OB베어 주차장 ⇄ 경원도기타일,충무로2가,0,0
2022-05-16,09:30,15:00,50,영등포|마포|구로,인천시청 → 서울광장,태평로1가 등,1,0
2022-05-16,14:00,16:00,120,종로|남대문|서대문|혜화,종묘공원 → 종로구청,훈정동,1,0
2022-05-17,19:00,20:30,50,강남,강남스퀘어 앞,역삼동,0,0
2022-05-17,18:00,23:00,99,중부,을지OB베어 주차장 앞 ⇄ 경원도기타일,충무로2가,0,0
2022-05-18,14:00,17:00,300,서초|강남,현대차 본사 → 오토웨이타워,양재동 등,1,0
2022-05-18,19:00,20:00,1000,영등포|수서,여의도 KB국민은행 신관 앞,여의도동,0,0
2022-05-18,14:00,16:00,200,중부,남산스퀘어빌딩 앞,충무로 3가,0,0
2022-05-18,11:50,16:00,499,금천,하이앤드 6차 공사현장 앞,가산동,0,0
2022-05-18,19:00,21:00,200,남대문,서울광장,태평로2가,0,0
2022-05-18,12:00,13:00,99,종로,연합뉴스 앞 2개차로,수송동,0,1
2022-05-19,07:30,08:30,50,용산,신용산역 4出 → 삼각지역,한강로3가,1,0
2022-05-19,15:00,18:00,500,강남|수서,래미안 도곡 카운티 정문 좌측인도 ⇄ 선릉역,도곡동,0,0
2022-05-20,05:30,12:00,1000,송파,문정동 136번지 르피에르 오피스텔 공사현장 앞,문정동,0,0
2022-05-20,18:00,23:00,99,중부,을지OB베어 주차장 ⇄ 수표교 호프,충무로2가,0,0
2022-05-20,17:00,20:00,500,영등포,민주당사 앞,여의도,0,0
2022-05-20,19:00,20:00,500,남대문,파이낸스빌딩 앞,태평로1가,0,0
2022-05-20,07:00,08:00,100,영등포,민주당사 앞,여의도동,0,0
2022-05-21,13:00,14:00,400,종로,SK서린빌딩 → 보신각,서린동 등,1,0
2022-05-21,14:00,16:00,1500,종로,보신각 → SKT 타워,관철동 등,1,0
2022-05-21,05:30,12:00,499,강남,논현동 89-10 공사현장 앞,논현동,0,0
2022-05-21,18:00,23:00,99,중부,을지OB베어 주차장 앞 ⇄ 수표교호프,충무로2가,0,0
2022-05-21,06:00,08:00,1000,송파,르피에드 오피스텔 현장 앞,문정동,0,0
2022-05-21,13:00,17:00,200,용산,녹사평역 ⇄ 전쟁기념관 앞,용산동 등,0,0
2022-05-21,18:00,20:00,200,용산,국립중앙박물관 앞,용산동,0,0
2022-05-21,13:00,14:00,2000,용산,삼각지역12出 또는 전쟁기념관 앞,용산동,0,0
2022-05-21,14:00,16:30,299,남대문|용산,대한문 → 삼각지역 10出,세종대로 등,1,0
2022-05-21,14:00,16:00,70,종로,교보빌딩 앞,세종대로,0,0
2022-05-21,14:00,17:00,299,남대문,서울시의회 ⇄ 한은R,태평로1가 등,0,0
2022-05-21,17:00,18:30,100,종로,광화문KT 앞,세종대로,0,0
2022-05-21,08:00,17:00,1400,동작,국립서울현충원 정문 및 주차공원 앞,동작동,0,0
2022-05-21,15:00,17:00,300,종로|혜화,마로니에공원 → 르메이에르빌딩,동숭동 등,1,0
2022-05-21,14:00,20:00,200,마포|서대문,연세대 정문 앞 → 홍대입구역 2出,신촌동,1,0
2022-05-21,12:00,16:30,3000,종로,동화면세점 / 교보빌딩 앞,세종대로,0,0
2022-05-21,13:00,17:00,1000,종로,고궁박물관 남측,적선동,0,0
2022-05-21,12:00,14:00,150,중부,DDP 서측 인도 → 두산타워 앞,을지로7가,1,0
2022-05-22,18:00,23:00,99,중부,을지OB베어 주차장 ⇄ 수표교호프,충무로2가,0,0
2022-05-22,15:30,18:00,100,남대문,파이낸스 빌딩 앞,태평로 1가,0,0
2022-05-22,14:30,16:30,30000,영등포,여의도공원10∼11문 6개차로 → 국민은행 서관,여의대로,1,1
2022-05-22,11:00,14:00,1000,남대문,서울역광장,봉래동,0,0
2022-05-22,14:00,16:00,300,남대문,정동분수대 ⇄ 숭례문,정동,0,0
2022-05-22,12:00,14:00,200,용산,용산역광장,한강로3가,0,0
2022-05-22,15:00,18:00,500,종로,교보빌딩 앞 및 1개차로,세종대로,0,1
2022-05-22,14:00,17:00,120,혜화,혜화역 4出 앞,동숭동,0,0
2022-05-23,18:00,23:00,99,중부,을지OB베어 주차장 ⇄ 수표교호프,충무로2가,0,0
2022-05-23,06:00,08:00,1000,송파,르피에드 오피스텔 현장 앞,문정동,0,0
2022-05-23,14:00,17:00,500,서초,더바인웨딩홀 앞 → 교대역 9出,서초동,1,0
2022-05-23,13:00,16:00,50,용산,서울지방보훈청 앞,용산동,0,0
2022-05-23,14:00,15:00,100,영등포,CCMM빌딩 앞,여의도동,0,0
2022-05-24,10:30,12:00,800,남대문,서울시청 동편 인도 및 하위2개차로 앞,태평로 5가,0,1
2022-05-24,14:00,15:30,300,남대문,서울시청 서소문 별관 동편 인도,서소문동,0,0
2022-05-24,05:30,08:00,1000,광진,자양동 680-63 공사현장 1G 우측 인도,자양동,0,0
2022-05-24,06:00,07:00,1000,송파,르피에드 오피스텔 공사현장 앞 인도,문정동,0,0
2022-05-24,19:30,21:00,100,종로,보신각 인도,관철동,0,0
2022-05-24,10:30,13:00,99,강북,강북구청 앞,수유3동,0,0
2022-05-25,15:00,17:00,100,송파,교통회관 앞,신천동,0,0
2022-05-25,05:30,08:00,1000,광진,자양동 680-63 공사현장 1G 좌측 인도,자양동,0,0
2022-05-25,11:00,12:00,100,중부,국가인권위 앞 인도,저동,0,0
2022-05-25,06:00,07:00,1000,송파,르피에드 오피스텔 공사현장 앞 인도,문정동,0,0
2022-05-25,05:30,08:00,1000,광진,자양동 680-63 공사현장 1G 우측 인도,자양동,0,0
2022-05-25,12:00,13:00,300,종로,테라로사 앞 1개차로,중학동,0,1
2022-05-25,15:00,17:00,300,종로,KT신관 후문 앞 인도 및 1개차로,청진동,0,1
2022-05-25,13:00,16:00,100,강동,강동구청 → 강동역 4出,성내동,1,0
2022-05-26,10:30,12:00,300,영등포,한국전력 남서울지역본부 앞 인도⇄여의대로6길,여의도동,0,0
2022-05-26,05:30,08:00,1000,광진,자양동 680-63 공사현장 1G 좌측 인도,자양동,0,0
2022-05-26,08:00,18:00,690,혜화,율곡로 194 현대그룹 빌딩 정문 앞 인도,연지동,0,0
2022-05-26,18:30,19:30,100,남대문,세종호텔 앞,명동,0,0
2022-05-26,06:00,07:00,1000,송파,르피에드 오피스텔 공사현장 앞 인도,문정동,0,0
2022-05-26,15:00,17:00,300,종로,광화문KT 신관 후문 앞 인도 및 1개차로,청진동,0,1
2022-05-26,12:00,15:00,200,영등포,국회 앞,여의도,0,0
2022-05-26,15:00,20:00,500,강남|수서,도곡래니안카운티 앞 좌측⇄ 르네상스호텔R,도곡동,0,0
2022-05-27,14:00,17:00,500,용산,전쟁기념관 앞 → 푸르지오써밋,한강로 1가,1,0
2022-05-27,10:00,13:30,300,남대문,한전 서울본부 앞,명동,0,0
2022-05-27,06:00,08:00,1000,광진,자양동 680-63 공사현장 1G 좌측 인도,자양동,0,0
2022-05-27,06:00,07:00,1000,송파,르피에드 오피스텔 공사현장 앞 인도,문정동,0,0
2022-05-27,10:30,13:00,500,남대문,시청 동편 인도,태평로1가,0,0
2022-05-27,19:00,21:00,200,남대문,정동제일교회 앞,정동,0,0
2022-05-28,13:00,16:30,3000,용산,서울역12出 → 삼각지역 10出(또는 전쟁기념관 앞),한강로 1가 등,1,0
2022-05-28,15:00,18:00,1000,용산,신용산역 4出 → 삼각지역 4出,한강로 1가 등,1,0
2022-05-28,14:00,18:00,15000,종로|남대문,숭례문R∼태평로R → 고궁박물관,태평로 1가 등,1,0
2022-05-28,14:00,15:40,3000,중부|혜화,DDP 서편 → 종묘공원,을지로 7가 등,1,0
2022-05-28,13:00,17:00,299,종로|남대문,대한문 ⇄ 숭례문,세종대로 등,0,0
2022-05-28,13:00,17:00,299,종로|남대문,서울시의회 ⇄ 숭례문,태평로1가 등,0,0
2022-05-28,14:00,15:30,100,서초,회생법원 좌측 ⇄ 교대역 10出,서초동,0,0
2022-05-28,16:30,19:00,500,용산,이태원광장 → 용산역광장,한강로3가 등,1,0
2022-05-28,12:00,16:00,3000,종로,동화면세점 / 교보빌딩 앞,세종대로,0,0
2022-05-28,11:00,12:00,100,남대문,시청광장 동측인도 상,태평로1가,0,0
2022-05-29,11:00,20:00,300,마포|서대문,신촌역 3出 ⇄ 대흥역사거리,창전동,0,0
2022-05-29,16:00,18:00,300,남대문,정동분수대 ⇄ 숭례문R,정동,0,0
2022-05-29,15:00,18:00,500,종로,교보빌딩 앞 인도,세종대로,0,0
2022-05-29,14:00,17:00,100,혜화,혜화역 4出 앞,동숭동,0,0
2022-05-30,06:00,08:00,1000,광진,자양동 680-63 공사현장 1G 좌측 인도,자양동,0,0
2022-05-30,12:00,16:00,500,종로,보신각 → 경향신문사 앞,관철동,1,0
2022-05-30,06:00,07:00,1000,송파,르피에드 오피스텔 공사현장 앞 인도,문정동,0,0
2022-05-30,06:30,09:00,99,강남,논현동 6-2 건설현장 앞 인도,논현동,0,0
2022-05-30,14:00,17:30,200,서초,양재역 12出 인도,서초동,0,0
2022-05-31,18:30,19:00,499,남대문,IBK파이낸스타워 앞 및 하위 1개차로,명동,0,1
2022-05-31,14:00,15:30,200,영등포,하나금융투자센터 앞 인도,여의도동,0,0
2022-05-31,06:00,08:00,1000,광진,자양동 680-63 공사현장 1G 좌측 인도,자양동,0,0
2022-05-31,06:00,07:00,1000,송파,르피에드 오피스텔 공사현장 앞 인도,문정동,0,0
2022-05-31,07:30,16:00,100,강동,고덕아이파크 공사현장 1G 좌측 인도 앞,암사동,0,0
2022-05-31,10:30,13:00,99,강북,강북구청 앞,수유3동,0,0
2022-05-31,08:00,13:00,70,종로|남대문|혜화,종로성당 → 삼각지역 6出,인의동,1,0
2022-06-01,18:00,23:00,99,중부,을지OB베어 주차장 ⇄ 만선호프,충무로2가,0,0
2022-06-01,12:00,13:00,300,종로,테라로사 앞 1개차로,중학동,0,1
2022-06-02,14:00,15:30,1000,서초,현대차 본사 앞 인도 및 하위 2개차로,양재동,0,1
2022-06-02,06:00,08:00,1000,광진,자양동 680-63 공사현장 1G 좌측 인도,자양동,0,0
2022-06-02,15:30,17:30,299,서대문,세브란스 병원 암병동 앞,신촌동,0,0
2022-06-02,14:00,15:00,100,광진,세종대학교 앞,군자동,0,0
2022-06-02,14:00,18:00,500,강남|수서,래미안 도곡카운티 ⇄ 르네상스호텔R,도곡동,0,0
2022-06-03,06:00,08:00,1000,광진,자양동 680-63 공사현장 1G 좌측 인도,자양동,0,0
2022-06-03,06:00,07:00,1000,송파,르피에드 오피스텔 공사현장 앞 인도,문정동,0,0
2022-06-04,06:00,07:00,1000,송파,르피에드 오피스텔 공사현장 앞 인도,문정동,0,0
2022-06-04,06:00,08:00,1000,광진,자양동 680-63 공사현장 1G 좌측 인도,자양동,0,0
2022-06-04,14:00,17:00,700,영등포,해운빌딩 앞,여의도,0,0
2022-06-04,14:00,17:00,499,종로|남대문,대한문 ⇄ 숭례문,세종대로 등,0,0
2022-06-04,14:00,17:00,499,종로|남대문,서울시의회 / 대한문 ⇄ 숭례문,태평로1가 등,0,0
2022-06-04,18:00,20:00,1000,영등포,더민주당사 또는 해운빌딩 앞,여의도,0,0
2022-06-04,12:00,16:30,3000,종로,동화면세점 / 교보빌딩 앞,세종대로,0,0
2022-06-04,13:00,16:00,200,용산,삼각지P/B 앞 인도 및 하위 1개차로,한강로1가,0,1
2022-06-05,13:00,,200,영등포,여의도 더현대 서울백화점 앞 인도 미정,중학동,0,0
2022-06-05,15:00,16:30,49,종로,광화문KT 앞,세종대로,0,0
2022-06-05,19:00,,10000,종로,동화면세점 등 6개소 6.6 05:00,세종대로,0,0
2022-06-05,14:00,16:00,300,수서,역삼빌딩 앞 인도 상,역삼동,0,0
2022-06-05,15:00,17:00,60,서초,서초역 8出 앞,서초동,0,0
2022-06-06,18:00,23:00,99,중부,을지OB베어 주차장 앞 ⇄ 수표교호프,충무로2가,0,0
2022-06-07,06:00,07:00,1000,송파,르피에드 오피스텔 공사현장 앞 인도,문정동,0,0
2022-06-07,06:00,08:00,1000,광진,자양동 680-63 공사현장 1G 좌측 인도,자양동,0,0
2022-06-07,10:30,13:00,99,강북,강북구청 앞,수유3동,0,0
2022-06-08,06:00,07:00,1000,송파,르피에드 오피스텔 공사현장 앞 인도,문정동,0,0
2022-06-08,06:00,08:00,1000,광진,자양동 680-63 공사현장 1G 좌측 인도,자양동,0,0
2022-06-08,06:00,09:00,1000,금천,가산동 459-14 현대테라타워 앞,사산동,0,0
2022-06-08,12:00,13:00,300,종로,테라로사 앞 1개차로,중학동,0,1
2022-06-08,14:00,15:30,300,영등포,국민은행 서관 앞 인도 및 보조도로,여의도동,0,0
2022-06-08,14:00,16:00,300,용산,삼각지파출소 앞,한강로1가,0,0
2022-06-08,14:00,17:00,1000,남대문|용산,대한상공회의소 → 삼각지역 10出,남대문로 4가 등,1,0
2022-06-08,19:00,21:00,1000,서초|수서,SPC 본사 앞 인도,양재동,0,0
2022-06-09,06:00,07:00,1000,송파,르피에드 오피스텔 공사현장 앞 인도,문정동,0,0
2022-06-09,11:00,16:00,300,수서,KGC 인삼공사 본사 앞,대치동,0,0
2022-06-09,14:00,17:00,500,종로,서울노인복지센터 앞 인도 및 1개차로,경문동,0,1
2022-06-09,14:00,18:00,500,강남|수서,래미안도곡카운티⇄선릉역,도곡동,0,0
2022-06-10,10:00,11:00,499,영등포,한국노총빌딩 앞 인도,여의도동,0,0
2022-06-10,11:00,13:00,200,관악,대교타워 정문 앞 인도,보라매동,0,0
2022-06-10,19:00,20:30,300,영등포,국민은행 서관 앞,여의도,0,0
2022-06-10,17:00,19:00,1000,영등포,더민주당사 앞,여의도,0,0
2022-06-10,11:00,16:00,1000,수서,KGC인삼공사 앞 좌우측 인도,대치동,0,0
2022-06-10,12:00,13:30,50,종로,종로타워 앞 인도,공평동,0,0
2022-06-10,12:00,13:30,50,영등포,수출입은행 앞,여의도동,0,0
2022-06-10,10:00,12:00,100,동대문,동대문구청 앞 좌측 인도,용두동,0,0
2022-06-11,15:00,17:00,10000,남대문,숭례문R∼태평로R 진행방향 차로,세종대로,0,1
2022-06-11,13:00,17:00,499,종로|남대문,대한문 / 서울시의회 ⇄ 한은R,태평로1가 등,0,0
2022-06-11,13:00,17:00,499,종로|남대문,서울시의회 ⇄ 한은R,태평로1가 등,0,0
2022-06-11,18:00,20:00,1000,영등포,더민주당사 앞,여의도,0,0
2022-06-11,15:00,16:00,200,남대문,파이낸스빌딩 앞,세종대로,0,0
2022-06-11,13:00,17:00,3000,종로,동화면세점 / 교보빌딩 앞,세종대로,0,0
2022-06-12,15:00,18:00,800,종로,교보빌딩 정문 앞 인도,세종대로,0,0
2022-06-12,14:00,16:00,300,남대문,정동 분수대 ⇄ 시청역 4出,정동,0,0
2022-06-13,11:00,14:00,3000,종로|남대문,동화면세점 앞 → 광화문우체국,세종로 등,1,0
2022-06-13,13:00,15:00,200,남대문,고용노동청 앞,장교동,0,0
2022-06-13,10:00,10:30,499,중부,중구청 앞 인도,예장동,0,0
2022-06-13,13:00,15:10,3000,영등포,한국평가데이터 빌딩∼산업은행 서측 → 현대캐피탈 제1관,여의도동,1,0
2022-06-13,09:00,11:00,99,마포,그랜드프라자 앞,노고산동,0,0
2022-06-13,09:00,11:00,170,송파,가락농수산식품공사 앞,가락동,0,0
2022-06-13,10:00,13:00,100,남대문,서울시의회 본관 앞,정동,0,0
2022-06-13,10:00,13:00,100,영등포,금강원 앞,여의도동,0,0
2022-06-13,15:00,17:00,100,용산,전쟁기념관 앞,용산동,0,0
2022-06-13,10:00,12:00,50,영등포,전경련 앞 인도,여의도동,0,0
2022-06-14,18:00,20:00,500,용산,전쟁기념관 앞,용산동,0,0
2022-06-14,13:00,14:30,200,남대문,고용노동청 앞,장교동,0,0
2022-06-14,18:00,23:00,99,중부,을지OB베어 주차장 ⇄ 수표교호프,충무로2가,0,0
2022-06-14,15:00,16:00,50,중부,두산타워 앞 인도,을지로 6가,0,0
2022-06-14,14:00,,500,서초,회생법원 정문 좌측 인도,서초동,0,0
2022-06-14,10:00,13:00,100,남대문,시의회 본관 ⇄ 대한문,정동,0,0
2022-06-15,17:00,19:20,200,종로,종로타워 → 교보문고,공평동 등,1,0
2022-06-15,13:00,15:00,200,남대문,고용노동청 앞,장교동,0,0
2022-06-15,14:00,16:00,300,영등포,국민의힘 당사 앞,여의도,0,0
2022-06-15,12:00,13:00,300,종로,테라로사 앞 1개차로,중학동,0,1
2022-06-15,11:00,12:30,100,남대문,시의회 본관 ⇄ 대한문,정동,0,0
2022-06-16,10:00,11:00,1000,동작,전문건설협회 앞 인도,신대방동,0,0
2022-06-16,13:30,16:00,7000,용산,서울역 12出 → 삼각지PB,동자동 등,1,0
2022-06-16,13:00,15:00,50,종로|용산|영등포,여의도공원 1門 ⇆ 광화문역R,여의도동 등,1,0
2022-06-16,13:00,15:00,200,남대문|마포,고용노동청 앞,장교동,0,0
2022-06-16,15:30,17:30,299,서대문,세브란스병원 시계탑 광장 앞,신촌동,0,0
2022-06-16,19:00,21:00,1000,영등포,더민주당사 앞,여의도,0,0
2022-06-16,11:00,12:30,100,남대문,시의회 본관 ⇄ 대한문,정동,0,0
2022-06-16,11:00,16:00,1000,수서,KT&G 빌딩 앞,대치동,0,0
2022-06-17,11:00,15:00,200,방배,이수화학 본사 앞,반포동,0,0
2022-06-17,13:00,15:00,200,남대문,고용노동청 앞,장교동,0,0
2022-06-17,11:00,12:30,100,남대문,시의회 본관 ⇄ 대한문,정동,0,0
2022-06-17,14:00,17:00,600,종로|남대문,서울지방고용노동청 → 마로니에공원,장교동,1,0
2022-06-17,15:30,17:30,100,용산|혜화,지구촌기독외국인학교 앞(인도대사관 100m 內),한남동,0,0
2022-06-17,19:00,21:00,100,종로|남대문,파이낸스 빌딩 ⇄ 세종R,태평로1가,0,0
2022-06-18,15:00,16:30,50,용산,예안빌딩 → 전쟁기념관 앞 인도,용산동,1,0
2022-06-18,18:00,21:00,1000,영등포,더민주당사 앞,여의도,0,0
2022-06-18,14:00,17:00,2000,종로|남대문,대한문 / 서울시의회 ⇄ 한은R,태평로1가 등,0,0
2022-06-18,14:00,17:00,300,종로|남대문,서울시의회 ⇄ 한은R,태평로1가 등,0,0
2022-06-18,10:00,,500,서초,회생법원 정문 좌측 인도,서초동,0,0
2022-06-18,13:00,17:00,3000,종로,동화면세점 앞 인도 및 3개차로,세종대로,0,1
2022-06-18,10:00,18:00,300,중부,우리은행∼효봉빌딩 앞 상위 1개차로 상,을지로3가,0,1
2022-06-19,18:00,21:00,1000,영등포,더민주당사 앞,여의도,0,0
2022-06-19,13:00,14:30,50,영등포|마포|서대문,국회의사당역 5出 → 시청광장 서편,여의도 등,1,0
2022-06-19,14:00,17:00,400,남대문|용산,전쟁기념관 앞,용산동1가,0,0
2022-06-19,15:00,18:00,800,종로,교보빌딩 정문 앞 인도,세종대로,0,0
2022-06-19,08:00,18:00,100,서초,한신교회 ⇄ 고속터미널 8-2出,잠원동,0,0
2022-06-20,10:00,15:00,150,용산,LGU+ 본사 정문 앞 인도,한강로 3가,0,0
2022-06-20,19:00,21:00,1000,영등포,더민주당사 앞,여의도,0,0
2022-06-20,09:30,11:00,200,남대문,회현역EV → 서울시의회 앞,회현동,1,0
2022-06-20,15:00,17:00,100,남대문,브라운스톤 빌딩 앞,중림동,0,0
2022-06-21,17:00,18:00,299,남대문,신한금융지주 앞 인도 및 하위1개차로,서소문동,0,1
2022-06-21,11:00,14:00,499,마포,S-OIL 본사 앞,공덕동,0,0
2022-06-21,14:00,,200,남대문,서울시의회 ⇄ 시청 서편 횡단보도,태평로 1가,0,0
2022-06-21,11:00,,500,남대문,도시건축전시관 앞,태평로 1가,0,0
2022-06-21,11:00,15:00,50,강서,SM그룹 앞,마곡동,0,0
2022-06-22,14:00,16:00,5000,용산,서울역12出→삼각지역 10出,용산동 등,1,0
2022-06-22,15:00,17:00,150,용산,전쟁기념관 앞 인도,용산동,0,0
2022-06-22,07:00,18:00,100,강서,건와빌딩 앞,마곡동,0,0
2022-06-22,12:00,13:00,300,종로,테라로사 앞 1개차로,중학동,0,1
2022-06-22,17:00,21:00,300,영등포,국민의힘 당사 앞,여의도,0,0
2022-06-23,14:00,15:00,1000,용산,삼각지역 10出 앞 3개차로,한강로 1가,0,1
2022-06-23,14:00,16:00,750,남대문,농협중앙회 앞인도 및 하위 2개차로,충정로1가,0,1
2022-06-23,12:30,13:00,250,동대문,경희의료원 → 회기역4R,회기동,1,0
2022-06-23,18:30,19:30,100,남대문,세종호텔 앞,명동,0,0
2022-06-24,14:00,15:00,150,용산,용산우체국 → 전쟁기념관 앞 인도,용산동 등,1,0
2022-06-24,18:00,19:00,50,용산,용산역광장 → 전쟁기념관 앞,용산동,1,0
2022-06-24,18:00,22:30,250,용산,용산역 광장 內,한강로3가,0,0
2022-06-24,09:00,16:00,40,종로|혜화,새문안교회 → 한국교회100주년기념관,신문로1가,1,0
2022-06-25,18:00,21:00,1000,영등포,더민주당사 ⇄ 대산빌딩,여의도,0,0
2022-06-25,10:00,12:00,200,용산,미8군 1GATE → 국립중앙박물관,용산동 등,1,0
2022-06-25,13:00,17:00,3000,종로|남대문,舊삼성본관 ⇄ 을입구R,태평로2가 등,0,0
2022-06-25,14:00,17:00,500,종로|남대문,서울시의회 ⇄ 을입구R,태평로1가 등,0,0
2022-06-25,14:00,15:00,2000,종로,대한문 앞,세종대로,0,0
2022-06-25,14:00,17:00,70,남대문,서울역광장,봉래동,0,0
2022-06-25,12:00,,500,서초,회생법원 정문 좌측인도(북문),서초동,0,0
2022-06-25,14:30,16:00,50,용산,미8군 1GATE → 전쟁기념관,용산동,1,0
2022-06-25,13:00,16:00,3000,종로,동화면세점 앞,세종대로,0,0
2022-06-25,08:00,10:00,150,서초,사랑의교회 ⇄ 교대역,서초동,0,0
2022-06-26,12:00,,500,서초,회생법원 정문 좌측인도(북문),서초동,0,0
2022-06-26,15:00,18:00,800,종로,교보빌딩 앞,세종대로,0,0
2022-06-26,16:00,18:00,300,남대문,정동분수대 ⇄ 시청역4出,정동,0,0
2022-06-27,10:00,14:00,70,용산,전쟁기념관 앞,용산동,0,0
2022-06-28,14:00,16:00,4000,용산,서울역12出 → 삼각지PB,한강로1가,1,0
2022-06-28,14:00,16:00,200,용산,전쟁기념관 앞 인도,용산동,0,0
2022-06-28,09:10,10:00,150,영등포,영등포구청 정문 앞,당산동,0,0
2022-06-28,11:00,13:00,100,영등포,금융감독원 앞,여의도동,0,0
2022-06-28,10:00,13:00,70,은평,선일초등학교 정문 건너편,갈현동,0,0
2022-06-28,08:00,18:00,100,서초,한신교회 앞 ⇄ 고속터미널R,잠원동,0,0
2022-06-29,15:00,16:30,300,영등포,LG트윈타워 앞 인도,여의도동,0,0
2022-06-29,13:00,15:30,500,영등포,IFC몰 앞 인도 및 하위1개차로,여의도동,0,1
2022-06-29,12:00,13:00,300,종로,연합뉴스 앞 인도,수송동,0,0
2022-06-29,19:00,21:30,100,용산,용산역광장 ⇄ 용중R,한강로1가,0,0
2022-06-29,08:00,18:00,100,서초,한신교회 앞 ⇄ 고속터미널R,잠원동,0,0
2022-06-30,07:20,08:20,200,강동,강동경희대병원 앞 인도,상일동,0,0
2022-06-30,11:00,16:00,100,중부|광진|성동,세종대학교 → 세종호텔,능동로,1,0
2022-06-30,15:00,22:00,2000,남대문|서초|강남|수서,래미안도곡카운티 앞 인도·하위 2개차로 → 잠수교 남단,도곡동,1,1
2022-07-01,09:00,12:00,7000,종로|남대문,동화면세점 → 서울역광장,세종대로 등,1,0
2022-07-01,08:00,09:00,700,남대문,신한금융지주 앞 인도 및 2개차로,태평로 2가,0,1
2022-07-01,11:00,14:30,100,남대문|용산,서울지방고용청 → 전쟁기념관,용산동 등,1,0
2022-07-01,13:00,14:00,100,마포,마포구청 앞,성산동,0,0
2022-07-01,11:30,13:00,100,종로,시교육청 정문 앞 인도,신문로2가,0,0
2022-07-01,11:00,12:30,500,용산,4호선 삼각지역 9出 → 전쟁기념관,한강로1가,1,0
2022-07-01,15:00,16:00,100,혜화,종로구민회관 앞,창신동,0,0
2022-07-02,12:00,13:00,500,종로,일민미술관 앞 인도,세종대로,0,0
2022-07-02,13:50,14:40,1000,종로,교보빌딩 앞 인도·1개차로/경복궁역~동십자R 인도,세종대로 등,0,1
2022-07-02,13:00,14:00,700,종로,한빛광장→삼일빌딩→시청동편,,1,0
2022-07-02,13:00,14:30,500,종로|남대문,센트로폴리스 →서울광장 동편 인도 및 하위2개차로,공평동 등,1,1
2022-07-02,15:00,16:00,65000,남대문,숭례문→파이낸스 진방 전차로 및 역방 2개차로,태평로1가 등,1,1
2022-07-02,13:00,14:50,8000,남대문,대한문∼동아일보사 진방 전차로,정동,0,1
2022-07-02,13:30,14:30,20000,남대문,숭례문∼시청역7出 진방 전차로 및 역방 2개차로,정동,0,1
2022-07-02,13:00,14:30,8000,남대문,광교∼을입구 구간 진방차로,을지로1가,0,1
2022-07-02,13:00,14:30,5000,남대문,을입구∼개풍R 진방 전차로,을지로1가,0,1
2022-07-02,13:00,14:40,5500,남대문,한은R∼조선호텔 전차로,소공동,0,1
2022-07-02,13:00,14:30,2000,남대문,시청동편∼모전교 전차로,태평로1가,0,1
2022-07-02,13:00,14:30,800,남대문,SSG본사→서울광장,우정국로,1,0
2022-07-02,13:00,14:30,200,남대문,예금보험공사→서울광장,다동,1,0
2022-07-02,16:00,19:00,30000,용산,삼각지파출소,한강로1가,0,0
2022-07-02,17:00,18:00,300,서초,하나로마트 앞 인도 및 하위1개차로,양재동,0,1
2022-07-02,09:00,11:00,49,종로|남대문,광화문KT → 도시건축전시관,세종대로 등,1,0
2022-07-02,13:00,16:00,49,종로|남대문,도시건축전시관 → 광화문KT,세종대로 등,1,0
2022-07-02,14:00,15:00,500,종로,보신각 → 광화문 누각,관철동 등,1,0
2022-07-02,13:00,17:00,499,종로|남대문,대한문 ⇄ 한은R,세종대로 등,0,0
2022-07-02,13:00,16:00,150,종로,원표공원 앞,세종대로,0,0
2022-07-02,18:00,20:00,299,남대문,파이낸스빌딩 앞,태평로1가,0,0
2022-07-02,18:00,21:00,1000,영등포,더민주당사 ⇄ LG에클라트,여의도,0,0
2022-07-02,11:00,,500,서초,회생법원 정문 좌측 인도(북문),서초동,0,0
2022-07-02,13:00,16:00,3000,종로,동화면세점 앞,세종대로,0,0
2022-07-02,13:00,14:30,300,용산,이태원광장 내,이태원동,0,0
2022-07-03,18:00,23:00,99,중부,을지OB베어 주차장 앞 ⇄ 수표교호프,충무로2가,0,0
2022-07-03,14:00,16:30,99,중부,충무아트센터 앞,흥인동,0,0
2022-07-03,12:00,,500,서초,회생법원 정문 좌측 인도(북문),서초동,0,0
2022-07-03,10:00,12:00,70,용산,전쟁기념관 앞,용산동,0,0
2022-07-03,14:00,15:00,100,용산,전쟁기념관 앞,용산동,0,0
2022-07-03,15:00,18:00,800,종로,교보빌딩 앞,세종대로,0,0
2022-07-03,10:00,15:00,55,영등포,대림역 10出 ⇄ 두암어린이공원,대림동,0,0
2022-07-04,18:00,23:00,99,중부,을지OB베어 주차장 앞 ⇄ 수표교호프,충무로2가,0,0
2022-07-04,14:00,16:30,99,중부,충무아트센터 앞,흥인동,0,0
2022-07-04,09:10,10:00,150,영등포,영등포구청 정문 앞,당산동,0,0
2022-07-04,08:30,13:00,50,강남,두산건설 앞,논현동,0,0
2022-07-05,11:00,12:00,200,영등포,더민주당사 앞,여의도,0,0
2022-07-05,12:00,16:00,200,영등포,더민주당사 앞,여의도,0,0
2022-07-05,11:00,12:00,50,용산,전쟁기념관 앞 인도,용산동,0,0
2022-07-06,15:50,17:00,1000,영등포,여의도 KB국민은행 신관 앞 인도,여의도동,0,0
2022-07-06,12:00,13:00,300,종로,테라로사 앞 1개차로,중학동,0,1
2022-07-06,13:30,16:00,70,영등포,근로복지공단 서울남부지사 앞,영등포동2가,0,0
2022-07-07,14:00,17:00,150,송파,한국광고문화회관 ⇄ 잠실역,신천동,0,0
2022-07-07,18:00,19:00,299,서초,SPC 본사 앞,양재동,0,0
2022-07-07,18:00,20:30,300,영등포,국민의힘 당사 앞,여의도,0,0
2022-07-07,08:30,10:00,500,송파,송파구청 앞,신천동,0,0
2022-07-08,14:00,16:00,299,마포,DHL 본사 앞 인도,염리동,0,0
2022-07-08,13:00,15:00,100,강남,강남세무서 → 헬리코리아 서울사무소 앞,역삼동 등,1,0
2022-07-08,18:00,22:00,200,동작,9-78(컵오브커브 매장) 앞,흑석동,0,0
2022-07-09,13:00,17:00,300,종로|남대문,대한문 / 시의회→대한문,세종대로 등,1,0
2022-07-09,13:00,17:00,300,종로|남대문,서울시의회 ⇄ 숭례문R,세종대로 등,0,0
2022-07-09,18:00,21:00,1000,영등포,더민주당사 ⇄ 대산빌딩,여의도,0,0
2022-07-09,12:00,,500,서초,회생법원 정문 좌측 인도(북문),서초동,0,0
2022-07-09,13:00,16:00,3000,종로,동화면세점 앞,세종대로,0,0
2022-07-09,17:00,20:00,800,종로,교보빌딩 앞 ⇄ 종로2가R,세종대로,0,0
2022-07-09,16:00,18:00,100,용산,전쟁기념관 앞,용산동,0,0
2022-07-09,11:00,13:00,150,용산,이태원광장 내,이태원동,0,0
2022-07-09,11:30,13:00,150,남대문,예술극장 앞,명동,0,0
2022-07-10,15:00,16:00,60,남대문,정동제일교회 앞,정동,0,0
2022-07-10,16:00,18:00,100,남대문,정동분수대 앞 ⇄ 숭례문R,정동,0,0
2022-07-10,15:00,18:00,800,종로,교보빌딩 앞,세종대로,0,0
2022-07-11,13:00,15:00,50,용산,전쟁기념관 앞 인도,용산동,0,0
2022-07-11,09:00,10:00,150,영등포,영등포 구청 후문 앞 인도,당산동,0,0
2022-07-11,14:00,15:30,50,종로,정부서울청사 후문 앞 인도 및 1개차로,세종대로,0,1
2022-07-11,11:00,12:00,100,중부,서울소방재난본부 앞,예장동,0,0
2022-07-11,15:00,16:00,100,남대문,시의회 앞,정동,0,0
2022-07-11,10:30,12:00,80,용산,전쟁기념관 앞,용산동,0,0
2022-07-12,14:00,15:00,100,용산,전쟁기념관 → 삼각지파출소,용산동,1,0
2022-07-12,18:00,,50,수서,翌日 오토웨이 타워 앞,,0,0
2022-07-12,09:00,,0,,,대치동,0,0
2022-07-12,18:30,20:00,299,종로,,공평동,0,0
2022-07-12,14:00,16:00,50,강남,전국택시운송사업조합 연합회 앞 인도,역삼동,0,0
2022-07-12,11:00,12:30,100,용산,4호선 삼각지역 → 전쟁기념관,용산동,1,0
2022-07-12,14:00,16:00,1000,영등포,여의도 이룸센터 앞 인도 및 보조도로,여의도동,0,0
2022-07-12,14:00,16:30,5000,용산,동자동 트윈시티 → 삼각지파출소,동자동,1,0
2022-07-12,13:00,14:00,50,종로,흥국생명 앞 인도,신문로1가,0,0
2022-07-13,14:00,14:30,500,영등포,산업은행 정문 앞,여의도동,0,0
2022-07-13,15:00,17:00,500,용산,전쟁기념관 앞 인도,용산동,0,0
2022-07-13,12:00,13:00,300,종로,테라로사 앞 1개차로,중학동,0,1
2022-07-13,12:00,14:00,100,용산,전쟁기념관 앞 인도,용산동,0,0
2022-07-13,16:00,18:00,100,영등포,금감원 앞 인도,여의도동,0,0
2022-07-14,16:00,17:00,500,방배,서초구 사평대로64 이수화학BD 앞,반포동,0,0
2022-07-14,19:00,21:00,2000,서초|수서,SPC 본사 앞,양재동,0,0
2022-07-14,11:00,14:00,50,서초,강남역 홍우빌딩,서초동,0,0
2022-07-14,14:00,16:00,500,송파,쿠팡 본사 ⇄ 국민연금송파,신천동,0,0
2022-07-14,18:30,19:30,500,송파,쿠팡본사 앞,신천동,0,0
2022-07-14,18:00,23:00,99,중부,을지OB베어 및 대신택배 앞 ⇄ 수표교호프,충무로2가,0,0
2022-07-14,19:00,20:00,99,남대문,세종호텔 앞,명동,0,0
2022-07-14,15:00,16:00,300,종로,서울시교육청,신문로2가,0,0
2022-07-14,12:30,13:00,100,강북,이준열 묘지 입구 → 근현대사기념관,우이동,1,0
2022-07-15,14:00,,400,종로,정부서울청사 후문·정문·서편·동편 앞,세종대로,0,0
2022-07-15,17:30,18:30,100,광진,한국사회보장정보원 앞,중곡동,0,0
2022-07-15,12:00,,500,서초,회생법원 정문 좌측 인도(북문)⇄CU교대역점,서초동,0,0
2022-07-15,16:00,18:00,50,종로,감사원 정문 건너편 인도 및 1개차로,삼청동,0,1
2022-07-15,20:00,22:00,500,동작,9-78(컵오브커브 매장 앞),흑석동,0,0
2022-07-15,13:00,15:00,150,서초,대검찰청 정문 좌측 인도,서초동,0,0
2022-07-16,06:00,11:00,500,동대문,이문1구역 재개발 현장 1G 우측인도,이문동,0,0
2022-07-16,17:00,19:00,50,영등포,국민의힘 당사 앞,여의도,0,0
2022-07-16,15:00,17:00,3000,용산,트윈시티남산 → 삼각지파출소,동자동 등,1,0
2022-07-16,13:00,14:30,2000,남대문,대한문 앞,세종대로,0,0
2022-07-16,10:00,19:00,300,남대문,대한문 앞,세종대로,0,0
2022-07-16,18:00,21:00,1000,영등포,더민주당사 ⇄ 대산빌딩,여의도,0,0
2022-07-16,12:00,,500,서초,회생법원 정문 좌측인도(북문)⇄CU교대역점,서초동,0,0
2022-07-16,14:30,19:00,50000,종로|중부,서울광장 ⇄ 퇴계로2R,태평로2가 등,0,0
2022-07-16,16:30,20:00,20000,종로|남대문,① 시의회 ⇄ 서울역R ② 시의회 ⇄ 광화문R,서소문동 등,0,0
2022-07-16,10:00,19:00,100,남대문,대한문 앞 인도 및 하위 2개차로,정동,0,1
2022-07-16,13:00,16:00,3000,종로,동화면세점 앞,세종대로,0,0
2022-07-16,13:00,16:00,500,용산,용산역 광장 → 전쟁기념관,한강로3가,1,0
2022-07-16,09:00,18:00,50,남대문,환구단 앞 인도,소공동,0,0
2022-07-16,10:00,18:00,300,남대문,시청 서편 앞 인도,태평로1가,0,0
2022-07-16,10:00,20:30,300,종로,동아일보 ⇄ 공안과,서린동,0,0
2022-07-17,14:00,15:00,70,영등포,더민주당사 앞,여의도,0,0
2022-07-17,15:00,18:00,800,종로,교보빌딩 앞,세종대로,0,0
2022-07-18,14:00,15:00,100,종로,현대사옥 앞,계동,0,0
2022-07-18,18:30,20:00,299,남대문,기업은행 본점 앞,수하동,0,0
2022-07-18,12:00,,500,서초,회생법원 정문 좌측인도(북문)⇄CU교대역점,서초동,0,0
2022-07-18,11:00,13:00,100,중부,중구청 앞,예관동,0,0
2022-07-19,13:00,14:00,150,용산,전쟁기념관 앞 인도,용산동,0,0
2022-07-19,06:00,11:00,500,동대문,이문1구역 재개발현장 1G 우측인도,이문동,0,0
2022-07-19,11:00,13:00,150,강남,공무원연금공단 서울지부 앞 인도,역삼동,0,0
2022-07-19,12:00,,500,서초,중앙지법 제1별관 앞 ⇄ CU교대역점,서초동,0,0
2022-07-20,14:30,17:00,3000,용산,트윈시티 → 삼각지파출소,한강대로,1,0
2022-07-20,11:00,12:00,300,용산,전쟁기념관 앞 인도,용산동,0,0
2022-07-20,11:30,12:30,100,서초,현대자동차 본사 앞,서초동,0,0
2022-07-20,12:30,13:30,400,성동,도이치모터스 본사 앞,성수동,0,0
2022-07-20,11:00,15:00,400,남대문,페럼타워 앞,수하동,0,0
2022-07-20,08:00,09:00,1000,영등포,한국노총 앞,여의도동,0,0
2022-07-20,19:00,20:30,500,영등포,산업은행 앞 인도,여의도동,0,0
2022-07-20,19:00,20:30,100,영등포,KBS 본관 앞,여의도동,0,0
2022-07-20,14:00,,500,서초,중앙지법 제1별관 앞 ⇄ CU교대역점,서초동,0,0
2022-07-20,14:00,16:00,100,마포,서울경찰청 반부패공공범죄수사대 앞,마포동,0,0
2022-07-20,11:30,14:00,1000,종로|남대문,서울광장 ⇄ 안국R,서초동,0,0
2022-07-21,13:00,13:30,1000,남대문,CJ대한통운 본사 정문 앞 인도,서소문동,0,0
2022-07-21,15:00,17:00,500,서초,대검찰청 정문 좌측 인도,서초동,0,0
2022-07-21,18:30,19:30,300,영등포,민주당 중앙당사 앞 인도,여의도동,0,0
2022-07-21,12:00,14:00,100,강남,현대모비스 본사 앞 인도,역삼동,0,0
2022-07-21,19:00,20:00,99,남대문,세종호텔 앞,명동,0,0
2022-07-21,18:00,19:00,300,혜화,창경궁로 131 온지빌딩 앞 인도,인의동,0,0
2022-07-21,14:00,,500,서초,서울중앙지법 제1별관 ⇄ CU교대역점,서초동,0,0
2022-07-22,13:30,16:30,499,용산|마포,가든호텔 → 전쟁기념관,도화동 등,1,0
2022-07-22,18:30,19:30,300,영등포,더불어민주당 중앙당사 앞 인도,여의도,0,0
2022-07-22,18:30,20:00,1000,영등포,산업은행 측면 전차로,여의도,0,1
2022-07-22,19:00,20:30,500,영등포,산업은행 정문 좌측 인도,여의도,0,0
2022-07-22,14:00,,500,서초,서울중앙지법 제1별관 ⇄ CU교대역,서초동,0,0
2022-07-22,15:00,19:30,5000,서초,서초역 8出 ⇄ 교대역,서초동,0,0
2022-07-22,09:00,18:00,100,서초|수서,세곡사거리 → 염곡사거리,세곡동 등,1,0
2022-07-22,15:00,18:00,60,영등포,국회 앞,여의도,0,0
2022-07-22,11:00,15:00,50,용산,용산역 광장 內,용산동,0,0
2022-07-22,11:00,16:00,50,용산,서울역 14出 → 전쟁기념관,동자동 등,1,0
2022-07-23,13:00,15:30,450,용산,전쟁기념관 →아모레퍼시픽 본사,용산동,1,0
2022-07-23,10:00,11:00,500,용산,전쟁기념관 앞,용산동,0,0
2022-07-23,17:00,18:30,300,남대문,코리아나호텔 앞,세종대로,0,0
2022-07-23,19:00,20:00,500,종로,舊 일본대사관 앞,수송동,0,0
2022-07-23,14:00,18:00,300,종로,조계사 앞 → 광홤누 KT,수송동 등,1,0
2022-07-23,14:00,16:00,2000,용산,신용산역 3出 → 삼각지파출소,한강로2가 등,1,0
2022-07-23,19:00,21:00,300,종로|남대문,파이낸스빌딩 → 정부서울청사 후문,세종대로 등,1,0
2022-07-23,14:00,17:00,2000,종로|남대문,서울시의회 ⇄숭례문 R,세종대로 등,0,0
2022-07-23,19:00,21:00,1000,영등포,더민주당사 ⇄ 대산빌딩,여의도동,0,0
2022-07-23,18:00,21:00,1000,영등포,국민은행 서관 앞,여의도동,0,0
2022-07-23,14:00,,500,서초,서울중앙지법 제1별관 ⇄ CU교대역점,서초동,0,0
2022-07-23,13:00,16:00,3000,종로,동화면세점 앞,세종대로,0,0
2022-07-24,12:00,13:00,100,영등포,IFC 2몰 앞 인도,여의도동,0,0
2022-07-24,14:00,,500,서초,회생법원 정문 좌측 인도,서초동,0,0
2022-07-24,14:00,16:00,300,남대문,정동분수대 앞,정동,0,0
2022-07-24,15:00,18:00,800,종로,교보빌딩 앞,세종대로,0,0
2022-07-25,12:00,14:00,400,남대문,한빛광장 → 소공동 롯데백화점,삼각동 등,1,0
2022-07-25,15:00,17:00,200,남대문,광화문 D타워 → 남산스퀘어빌딩,청진동 등,1,0
2022-07-25,18:30,19:30,300,영등포,민주당 중앙당사 앞 인도,여의도동,0,0
2022-07-25,14:00,17:00,1000,영등포,더민주당사 → 국민은행 서관,여의도동,1,0
2022-07-25,09:00,15:00,100,용산|서초,잠수교 남단,반포동,0,0
2022-07-25,15:00,16:00,100,용산,전쟁기념관 앞,용산동,0,0
2022-07-25,11:00,14:00,100,서초,삼성생명 앞,서초동,0,0
2022-07-26,18:30,19:30,300,영등포,더불어민주당 중앙당사 앞 인도,여의도동,0,0
2022-07-26,11:00,12:30,1400,용산,LGU+ 본사 앞 인도,한강로 3가,0,0
2022-07-26,12:00,18:00,80,양천,법안정사 앞 인도,목동,0,0
2022-07-27,09:00,11:30,380,서대문,경향신문사 앞,정동,0,0
2022-07-27,10:50,11:00,380,서대문,경찰청 앞,미근동,0,0
2022-07-27,12:00,14:00,380,용산,전쟁기념관 앞 인도,용산동,0,0
2022-07-27,10:00,12:00,200,서초,고속터미널역 1出 ↔ 삼호가든 R,반포동,1,0
2022-07-27,18:30,19:30,300,영등포,민주당 중앙당사 앞 인도,여의도동,0,0
2022-07-27,11:30,13:00,500,영등포,63빌딩 앞 인도,여의도동,0,0
2022-07-27,12:00,13:00,300,종로,테라로사 앞 1개차로,중학동,0,1
2022-07-27,18:00,19:30,100,종로,광화문 KT 앞,세종대로,0,0
2022-07-28,19:00,20:00,300,서초,SPC본사 앞 인도,양재동,0,0
2022-07-28,13:00,,200,수서,포스코센터 앞 인도 未定,대치동,0,0
2022-07-28,15:30,17:30,299,서대문,신촌 세브란스 암병동 앞,신촌동,0,0
2022-07-28,18:30,19:30,300,영등포,민주당 중앙당사 앞 인도,여의도동,0,0
2022-07-28,13:30,18:30,300,서초,더바인웨딩홀 앞,서초동,0,0
2022-07-29,06:00,09:00,500,금천,현대가산퍼블리 공사현장 4G 좌측인도,가산동,0,0
2022-07-29,13:00,16:00,140,강남|수서,KB손해보험 앞 ⇄ 역삼역R,역삼동,0,0
2022-07-29,13:00,15:00,200,관악,트윈타워 앞,신사동,0,0
2022-07-29,18:30,19:30,300,영등포,더불어민주당 앞,여의도동,0,0
2022-07-29,18:00,21:00,300,서대문,경찰청 ⇄ 독립문R,미근동 등,0,0
2022-07-30,06:00,16:00,500,금천,현대가산퍼블릭 공사현장 4G 좌측인도,가산동,0,0
2022-07-30,13:00,17:00,2000,종로|남대문,대한문 앞 / 서울시의회 ⇄ 숭례문R,세종대로 등,0,0
2022-07-30,13:00,17:00,300,종로|남대문,서울시의회 ⇄ 숭례문R,세종대로 등,0,0
2022-07-30,17:00,20:30,300,남대문|용산,프리미어플레이스 → 삼각지파출소,무교동 등,1,0
2022-07-30,19:00,21:00,1000,영등포,더민주당사 ⇄ 대산빌딩,여의도,0,0
2022-07-30,14:00,,500,서초,서울중앙지법 제1별관 ⇄ CU교대역점,서초동,0,0
2022-07-30,13:00,17:00,11000,종로|남대문,동화면세점 앞 / 코리아나호텔∼서울역 3出 인도 / 파이낸스∼서울역 4出 인도,세종대로/봉래동,0,0
2022-07-30,16:00,19:00,300,종로|남대문|중부,동화면세점 → 래미안 옥수리 버전@,세종대로,1,0
2022-07-31,14:00,,500,서초,서울중앙지법 제1별관 ⇄ CU교대역점,서초동,0,0
2022-07-31,15:00,18:00,800,종로,교보빌딩 앞,세종대로,0,0
2022-08-01,06:00,16:00,500,금천,현대가산퍼블릭 공사현장 4G 좌측 인도,가산동,0,0
2022-08-01,18:30,19:30,300,영등포,민주당 중앙당사 앞 인도,여의도동,0,0
2022-08-02,15:00,16:00,400,용산,전쟁기념관 앞 인도,용산동,0,0
2022-08-02,18:30,19:30,300,영등포,민주당 중앙당사 앞 인도,여의도동,0,0
2022-08-02,16:00,19:00,60,용산,전쟁기념관 앞,용산동,0,0
2022-08-02,11:00,12:00,150,영등포,국민의힘 앞,여의도동,0,0
2022-08-03,15:00,16:00,400,용산,전쟁기념관 앞 인도,용산동,0,0
2022-08-03,18:30,19:30,300,영등포,민주당 중앙당사 앞 인도,여의도동,0,0
2022-08-03,08:00,13:00,100,마포,온페이스게임즈 본사 앞 인도,서교동,0,0
2022-08-03,12:00,13:00,300,종로,테라로사 앞 1개차로,중학동,0,1
2022-08-03,08:00,,100,강서,백석초 앞 공사 부지,등촌동,0,0
2022-08-03,14:00,15:00,80,강동,국민연금강동하남지사 앝,성내동,0,0
2022-08-04,15:00,16:00,400,용산,전쟁기념관 앞 인도,용산동,0,0
2022-08-04,15:30,17:30,299,서대문,신촌 세브란스 암병동 앞,신촌동,0,0
2022-08-04,19:30,21:00,99,중부,중구청 앞,예관동,0,0
2022-08-04,11:00,14:00,60,수서,DB그룹 본사 앞,대치동,0,0
2022-08-05,14:00,16:00,400,용산,전쟁기념관 앞 인도,용산동,0,0
2022-08-05,14:00,16:00,500,용산,삼각지PB 앞,한강로1가,0,0
2022-08-05,18:00,21:00,500,종로,정부서울청사 후문 ⇄ 정문,세종대로 등,0,0
2022-08-05,15:00,17:00,60,남대문|중부,UN난민기구서울지부 → 국가인권위,다동,1,0
2022-08-06,15:00,16:30,450,용산,전쟁기념관 앞 인도,용산동,0,0
2022-08-06,16:30,20:00,300,종로|남대문,파이낸스빌딩 소공원 → 보신각,세종대로 등,1,0
2022-08-06,14:00,17:00,2000,종로|남대문,대한문 앞 / 서울시의회 ⇄ 숭례문R,세종대로 등,0,0
2022-08-06,14:00,17:00,300,종로|남대문,서울시의회 ⇄ 숭례문R,세종대로 등,0,0
2022-08-06,14:00,,500,서초,서울중앙지법 제1별관 ⇄ CU교대역점,서초동,0,0
2022-08-06,13:00,16:00,3000,종로,동화면세점 앞 인도,세종대로,0,0
2022-08-06,17:00,20:00,800,종로|남대문,파이낸스빌딩 ⇄ 을지로1R,저동,0,0
2022-08-06,11:00,17:00,200,용산,이태원 광장,이태원동,0,0
2022-08-07,10:00,12:00,500,용산,SPC 빌딩 앞 인도,한남동,0,0
2022-08-07,15:00,18:00,800,종로,교보빌딩 앞,세종대로,0,0
2022-08-07,16:00,18:00,300,남대문,정동분수대 ⇄ 숭례문R,정동,0,0
2022-08-07,15:00,16:30,150,영등포,국회 정문 / 현대캐피탈 앞,여의도동,0,0
2022-08-08,08:30,09:00,50,용산,삼각지역 1出 → 삼각지P/B,용산동,1,0
2022-08-08,10:00,11:00,300,용산,전쟁기념관 앞 인도,용산동,0,0
2022-08-08,12:00,13:00,300,수서,포스코센터 좌측 인도,대치동,0,0
2022-08-08,14:00,15:00,290,서초,서울중앙지검 서문 앞,서초동,0,0
2022-08-08,11:00,13:00,400,용산,전쟁기념관 앞 인도,용산동,0,0
2022-08-08,10:00,13:00,50,양천,서울출입국외국인청 앞,선정동,0,0
2022-08-09,18:00,19:00,400,용산,전쟁기념관 앞 인도,용산동,0,0
2022-08-09,17:00,19:00,100,마포,파리바게트 합정역사거리점,합정동,0,0
2022-08-09,11:00,12:00,1000,영등포,이룸센터 앞,여의도동,0,0
2022-08-09,12:00,14:00,1000,방배,유가공협회 앞,방배동,0,0
2022-08-10,14:00,15:30,4000,용산,삼각지PB 앞 3개차로 上,용산동,0,1
2022-08-10,18:00,19:00,300,용산,전쟁기념관 앞 인도 上,용산동,0,0
2022-08-10,10:50,13:00,500,종로|남대문,파이낸스빌딩 → 중학동 테라로사,세종대로 등,1,0
2022-08-10,11:00,13:00,100,용산,전쟁기념관 앞 인도,용산동,0,0
2022-08-10,15:00,16:30,100,영등포,금강원 앞,여의도동,0,0
2022-08-10,13:00,15:00,499,중랑,서울우유 주차장,상봉동,0,0
2022-08-10,09:00,11:00,100,양천,양천구청 앞 인도,신정동,0,0
2022-08-11,18:30,19:30,100,남대문,세종호텔 앞,명동,0,0
2022-08-11,16:30,19:00,100,마포|서대문,홍대입구역 9出 → 신촌 유플렉스,창전동 등,1,0
2022-08-11,11:00,13:30,50,종로,외교부 앞 → 연합뉴스 앞,도렴동 등,1,0
2022-08-11,14:00,16:00,50,혜화,마로니에공원 앞 → 우리은행 혜화동지점,동숭동 등,1,0
2022-08-11,12:30,14:00,50,종로,테라로사 앞,중학동,0,0
2022-08-11,13:30,16:00,6000,용산,트윈시티 → 삼각지 PB,동자동,1,0
2022-08-11,13:00,15:00,499,중랑,서울우유 주차장,상봉동,0,0
2022-08-12,14:30,15:30,100,용산,전쟁기념관 앞 인도,용산동,0,0
2022-08-12,16:00,17:00,300,용산,용산역 광장 앞,한강로3가,0,0
2022-08-12,10:00,,100,종로,광화문KT → 란 사진관,세종대로 등,1,0
2022-08-12,19:00,20:00,250,용산,전쟁기념관 앞,용산동,0,0
2022-08-12,13:00,15:00,499,중랑,서울우유 주차장,상봉동,0,0
2022-08-13,10:30,12:00,350,종로|남대문,서울시청 서편 → 광화문KT,태평로 1가,1,0
2022-08-13,14:00,14:30,10000,남대문,서울역4出∼숭례문,남대문로 5가,0,0
2022-08-13,09:30,10:10,300,용산,미군기지 3G 앞,용산동,0,0
2022-08-13,06:00,09:00,499,동대문,우남SL타워 오피스텔 공사현장 앞 인도,전농동,0,0
2022-08-13,13:30,14:30,500,남대문,시청역 8出 → 舊 YTN,세종대로,1,0
2022-08-13,14:30,16:30,10000,남대문|용산,숭례문∼서울역 상행 전차로 → 삼각지파출소,세종대로 등,1,1
2022-08-13,10:30,12:00,300,종로|남대문,서울시청 서편 → 광화문KT,태평로1가 등,1,0
2022-08-13,13:00,14:30,300,종로|남대문,광화문KT → 숭례문,세종대로 등,1,0
2022-08-13,13:30,14:30,500,남대문,대한상공회의소 앞,세종대로,0,0
2022-08-13,13:00,17:00,500,종로|남대문,대한문 ⇄ 숭례문R,세종대로 등,0,0
2022-08-13,18:00,21:00,1000,종로|남대문,프리미어플레이스 ⇄ 안국R,세종대로 등,0,0
2022-08-13,17:00,20:00,100,종로,소녀상 → 정부서울청사,수송동 등,1,0
2022-08-13,13:00,16:00,10000,종로,동화면세점 앞 인도,세종대로,0,0
2022-08-13,16:00,19:00,100,종로,청계광장 남측 광장,세종대로,0,0
2022-08-14,17:00,20:00,300,남대문,예금보험공사 앞,다동,0,0
2022-08-14,15:00,17:00,800,종로,교보빌딩 앞,세종대로,0,0
2022-08-14,13:00,17:00,50,서부,증산로11길 7 옆 분토골어린이공원 앞 인도 / 증상로 9길 32-8 앞,증산동,0,0
2022-08-15,14:20,15:30,2000,종로|남대문,시의회 ⇄ 숭례문,세종대로 등,0,0
2022-08-15,12:00,17:30,3000,종로|남대문,舊삼성본관 앞 ⇄ 숭례문,세종대로 등,0,0
2022-08-15,14:00,18:00,2000,남대문,대한문 앞,세종대로,0,0
2022-08-15,14:00,18:00,40000,종로|남대문,동화면세점 / 교보빌딩 / 오피시아빌딩 / 서울시의회 앞 4차로,세종대로,0,1
2022-08-16,08:30,09:00,50,용산,삼각지역 1出 → 삼각지P/B,용산동,1,0
2022-08-16,13:00,14:00,500,남대문,서울도시건축전시관 앞,세종대로,0,0
2022-08-16,11:00,14:00,200,영등포,민주당사 앞,여의도동,0,0
2022-08-16,13:00,17:00,200,마포,상암동 방송국 일대,상암동,0,0
2022-08-17,14:30,16:00,300,용산,전쟁기념관 앞 인도,용산동,0,0
2022-08-17,09:30,11:00,100,영등포,산업은행 정문 앞 인도,여의도동,0,0
2022-08-17,05:30,09:00,100,동대문,우남SL타워 오피스텔 공사현장 앞 인도,전농동,0,0
2022-08-17,19:00,20:30,300,남대문,SKT타워 앞 인도,수하동,0,0
2022-08-17,12:00,13:00,500,종로,경복궁주유소 앞,중학동,0,0
2022-08-17,14:00,17:00,299,남대문|중부,서울고용노동청 → 마로니에공원,동숭동 등,1,0
2022-08-17,11:00,12:00,100,종로|혜화,보신각 앞 인도,관철동,0,0
2022-08-18,14:00,15:30,1000,강남,논현동 건설회관 앞 인도 및 2개차로,논현동,0,1
2022-08-18,14:00,16:00,1000,강남,하이트진로 본사 앞 3개차로,청담동,0,1
2022-08-18,15:30,18:30,1500,동대문,이문1구역 재개발 공사현장 3․4․5G 앞 → 청량리역 3出,이문동,1,0
2022-08-18,17:30,18:30,500,종로,市교육청 정문 앞 좌측 및 건너편 인도,신문로2가,0,0
2022-08-18,14:00,18:00,200,서초|수서,제일빌딩 앞 인도 및 하위 1개차로,양재동,0,1
2022-08-18,13:30,16:30,15000,영등포,KBS 본관 앞 → 여의도공원 6문,여의도동,1,0
2022-08-18,14:00,15:00,4300,종로,고궁박물관 → 동화면세점,세종로,1,0
2022-08-19,00:00,23:59,1000,강남,하이트진로 본사 내외,청담동,0,0
2022-08-19,10:30,11:30,150,남대문,서울시청 서소문 별관 앞 인도,서소문동,0,0
2022-08-19,19:00,21:00,1000,영등포,더민주당사 ⇄ 대산빌딩,여의도,0,0
2022-08-19,19:00,20:30,500,남대문,서울 시의회 앞,세종대로,0,0
2022-08-20,18:30,19:30,1000,강남,하이트진로 본사 내외,청담동,0,0
2022-08-20,13:00,17:00,2000,종로|남대문,대한문 ⇄ 숭례문R,세종대로 등,0,0
2022-08-20,13:00,17:00,300,종로|남대문,서울시의회 ⇄ 숭례문R,세종대로 등,0,0
2022-08-20,18:00,20:30,1000,종로|남대문,프리미어플레이스 ⇄ 안국R,무교동 등,0,0
2022-08-20,13:00,16:00,10000,종로,동화면세점 앞 인도,세종대로,0,0
2022-08-20,16:00,18:00,100,종로,청계광장 남측광장,세종대로,0,0
2022-08-20,17:00,20:00,800,종로,교보빌딩 ⇄ 안국R,세종대로,0,0
2022-08-21,14:00,16:30,499,남대문|용산,서울역13出 → 전쟁기념관,용산동,1,0
2022-08-21,18:30,19:30,1000,강남,하이트진로 본사 내외,청담동,0,0
2022-08-21,15:00,18:00,800,종로,교보빌딩 앞 1개차로,세종대로,0,1
2022-08-21,15:30,18:30,150,종로|중부,보신각 → 국가인권위원회,관철동,1,0
2022-08-21,11:00,12:00,300,중부,훈련원공원 광장,을지로5가,0,0
2022-08-21,10:00,12:30,300,강남,봉은사 정문 우측인도,삼성동,0,0
2022-08-22,12:20,13:00,150,용산,전쟁기념관 앞 인도,용산동,0,0
2022-08-22,18:30,19:30,1000,강남,하이트진로 본사 내외,청담동,0,0
2022-08-22,16:00,18:00,3000,강동,둔촌오륜역 / 길동사거리 → 한전강동지사,둔촌동 등,1,0
2022-08-22,12:00,14:00,100,수서,한국 시세이도 본사 앞 인도,대치동,0,0
2022-08-22,08:00,09:00,50,용산,4호선 삼각지역 1出 → 삼각지P/B,한강로1가,1,0
2022-08-22,11:00,12:00,500,용산,전쟁기념관 앞 인도,,0,0
2022-08-23,12:00,13:00,200,용산,전쟁기념관 앞 인도,용산동,0,0
2022-08-23,19:00,20:30,10000,남대문,시청광장,태평로1가,0,0
2022-08-23,18:30,19:30,1000,강남,하이트진로 본사 내외,청담동,0,0
2022-08-23,14:00,15:00,100,남대문,하나은행 본점 앞,을지로 1가,0,0
2022-08-23,17:00,19:00,100,마포,파리바게트 합정역사거리 앞 인도,합정동,0,0
2022-08-23,11:00,12:10,100,영등포,국회 앞,여의도동,0,0
2022-08-24,14:00,15:30,500,서초,현대기아차 본사 좌측 인도 및 하위 2개차로,양재동,0,1
2022-08-24,18:30,19:30,1000,강남,하이트진로 본사 내외,청담동,0,0
2022-08-24,16:00,18:00,200,강남,강남스퀘어 → 논현역 / 하이트진로 본사 앞,청담동 등,1,0
2022-08-24,17:30,20:30,300,동대문,경희대 → 회기역R,회기동,1,0
2022-08-24,13:00,,500,서초,서울중앙지법 제1별관 ⇄ 서초역 8出,서초동,0,0
2022-08-24,12:00,13:00,500,종로,경복궁주유소 앞,중학동,0,0
2022-08-25,18:30,19:30,1000,강남,하이트진로 본사 내외,청담동,0,0
2022-08-25,07:40,08:10,1000,강동,강동성심병원 앞 인도,길동,0,0
2022-08-25,16:00,17:00,99,서대문,세브란스병원 본관 앞,신촌동,0,0
2022-08-25,07:00,09:00,99,수서,포스코센터 앞 좌측 인도,대치동,0,0
2022-08-26,18:30,19:30,1000,강남,하이트진로 본사 내외,청담동,0,0
2022-08-26,12:00,13:00,300,영등포,산업은행 측면 인도,여의도동,0,0
2022-08-26,07:00,13:30,100,서초|강동,삼성엔지니어링 / 삼성생명서초타워 앞 인도,상일동 등,0,0
2022-08-26,13:00,15:00,500,용산,용산역 광장 앞,한강로2가,0,0
2022-08-27,18:30,19:30,1000,강남,하이트진로 본사 내외,청담동,0,0
2022-08-27,13:00,17:00,2000,종로|남대문,대한문 ⇄ 숭례문R,세종대로 등,0,0
2022-08-27,13:00,17:00,300,종로|남대문,서울시의회 ⇄ 숭례문R,세종대로 등,0,0
2022-08-27,15:00,17:30,400,용산|동작,노들역 3出 → 전쟁기념관,본동 등,1,0
2022-08-27,18:00,20:30,1000,종로|남대문,프리미어플레이스 ⇄ 안국R,무교동 등,0,0
2022-08-27,13:00,16:00,3000,종로,동화면세점 앞 인도,세종대로,0,0
2022-08-27,13:00,16:00,100,용산,이태원광장 ⇄ 한강진역,이태원동,0,0
2022-08-27,15:00,16:00,500,노원,서울여대 앞,공릉동,0,0
2022-08-28,18:30,19:30,1000,강남,하이트진로 본사 내외,청담동,0,0
2022-08-28,15:00,18:00,800,종로,교보빌딩 앞 1개차로,세종대로,0,1
2022-08-28,11:00,14:00,700,영등포|구로,구로리공원 → 다사랑공원,증산동,1,0
2022-08-28,10:00,12:30,300,강남,봉은사 정문 우측 인도,삼성동,0,0
2022-08-28,10:30,12:30,500,노원,서울여대 앞,공릉동,0,0
2022-08-29,18:30,19:30,1000,강남,하이트진로 본사 내외,청담동,0,0
2022-08-29,13:00,15:00,100,남대문,한진택배 본사 앞 인도 및 하위1개차로,소공동,0,1
2022-08-29,11:00,14:00,100,영등포,국제금융로8길 32 앞 인도,여의도동,0,0
2022-08-29,14:00,16:00,6000,용산,남산트윈시티 앞 → 삼각지PB,동자동,1,0
2022-08-30,14:00,15:30,3000,용산,삼각지PB 앞,한강로1가,0,0
2022-08-30,18:00,20:00,100,송파,송파구청 앞,신천동,0,0
2022-08-30,00:00,23:59,1000,강남,하이트진로 본사 앞,청담동,0,0
2022-08-30,11:30,13:00,100,용산,이태원로55길 154 앞,한남동,0,0
2022-08-30,06:00,14:00,500,송파,힐스테이트 앞,문정동,0,0
2022-08-30,18:00,20:00,100,송파,송파구청 앞,신천동,0,0
2022-08-30,10:00,11:00,100,남대문,서울시청 앞,태평로1가,0,0
2022-08-30,09:00,13:00,50,영등포,국회 앞,여의도동,0,0
2022-08-30,11:00,12:00,1000,영등포,이룸센터 앞,여의도동,0,0
2022-08-30,14:00,15:00,300,영등포,포스트빌딩 앞,여의도동,0,0
2022-08-31,12:30,14:30,160,용산,전쟁기념관 앞 인도 上,용산동,0,0
2022-08-31,10:00,18:00,3000,용산,남산트윈시티 → 삼각지PB앞,용산동,1,0
2022-08-31,14:00,17:00,150,용산|서대문,경찰청 → 전쟁기념관 앞,미근동 등,1,0
2022-08-31,14:00,16:00,200,용산,전쟁기념관 앞 인도,용산동,0,0
2022-08-31,14:00,15:30,1500,강남,하이트진로 본사 앞,청담동,0,0
2022-08-31,00:00,23:59,1000,강남,하이트진로 본사 앞,청담동,0,0
2022-08-31,14:00,15:30,300,남대문,SKT본사 앞,수하동,0,0
2022-08-31,12:30,15:00,200,영등포,영신로162 앞,영등포동,0,0
2022-08-31,19:00,21:00,300,서초,SPC본사 앞 인도,양재동,0,0
2022-08-31,07:00,18:00,200,수서,포스코센터 앞 좌측인도,대치동,0,0
2022-08-31,06:00,14:00,500,송파,힐스테이트 앞,문정동,0,0
2022-08-31,12:00,13:00,500,종로,경복궁주유소 앞,중학동,0,0
2022-08-31,14:30,16:30,500,종로|남대문,남대문경찰서 앞 → BH 영빈문 앞,태평로1가,1,0
2022-08-31,11:30,13:00,300,영등포,영등포구청 앞 → 영등포시장 북문,용산동,1,0
2022-08-31,15:00,16:00,200,수서,포스코센터 앞,대치동,0,0
2022-08-31,14:00,17:25,5000,마포,MBC 거인동상 앞 ⇄ 성암로,상암동,0,0
2022-08-31,11:30,13:30,100,남대문,명동성당 앞 → 카톨릭회관 앞,명동,1,0
2022-09-01,15:00,17:00,3000,남대문|중부,고용노동청 앞,장교동,0,0
2022-09-01,17:00,19:00,200,남대문,시청동편 인도,태평로1가,0,0
2022-09-01,15:00,16:30,200,남대문,T타워 앞 인도,남대문로 5가,0,0
2022-09-01,15:00,17:00,500,종로,SKT본사 앞 인도,서린동,0,0
2022-09-01,09:30,11:30,100,영등포,교직원공제회 앞 인도,여의도동,0,0
2022-09-01,07:40,08:10,100,강동,강동성심병원 앞 인도,길동,0,0
2022-09-01,06:00,14:00,500,송파,힐스테이트 앞 인도,문정동,0,0
2022-09-01,17:00,19:00,50,마포,MBC 거인동상 앞,상암동,0,0
2022-09-01,15:00,16:30,50,영등포,국민의힘 당사 앞,여의도,0,0
2022-09-01,19:00,20:30,150,종로,대한민국역사박물관 북측,세종대로,0,0
2022-09-01,14:00,16:00,299,남대문|중부,서울고용노동청 → 마로니에공원,장교동,1,0
2022-09-01,10:00,12:00,50,남대문|혜화,시청 서편 인도,태평로1가,0,0
2022-09-01,09:00,12:00,150,송파,쌍용건설 앞,신천동,0,0
2022-09-01,16:00,17:30,100,남대문,명동성당 앞 ⇄ 우리은행명동점,명동,0,0
2022-09-02,17:00,20:00,2500,영등포,63빌딩 ∼ 라이프오피스텔 2개차로,여의도동,0,1
2022-09-02,00:00,23:59,1000,강남,하이트진로 본사 앞,청담동,0,0
2022-09-02,07:40,08:10,100,강동,강동성심병원 앞 인도,길동,0,0
2022-09-02,11:00,15:00,300,중부,한국자유총연맹본부 앞,장충동,0,0
2022-09-02,18:30,20:30,100,용산,용산역광장,한강로3가,0,0
2022-09-02,13:00,15:00,500,남대문,시청 앞,태평로1가,0,0
2022-09-02,09:30,13:00,200,영등포,더불어민주당 앞,여의도동,0,0
2022-09-03,00:00,23:59,1000,강남,하이트진로 본사 앞,청담동,0,0
2022-09-03,14:00,16:30,1000,영등포,더샵아일랜드 측면 3개차로,여의도동,0,1
2022-09-03,13:00,17:00,2000,종로|남대문,대한문 ⇄ 숭례문R,세종대로 등,0,0
2022-09-03,13:00,17:00,300,종로|남대문,서울시의회 ⇄ 숭례문R,세종대로 등,0,0
2022-09-03,17:00,20:00,1000,종로|남대문,프리미어플레이스 ⇄ 안국R,무교동 등,0,0
2022-09-03,17:00,20:00,1000,서초,서울중앙지검 서문 ⇄ 교대역,서초동,0,0
2022-09-03,14:00,16:00,500,용산,서울역 12出 → 삼각지파출소,동자동 등,1,0
2022-09-03,13:00,16:00,3000,종로,동화면세점 앞 인도 및 3개차로,세종대로,0,1
2022-09-03,15:00,19:00,800,종로,교보빌딩 앞 ⇄ 우정국로,세종대로,0,0
2022-09-03,13:00,15:00,100,종로,청계광장 남측,세종대로,0,0
2022-09-03,13:00,16:00,100,서초,양재동 341-1 → 샛별어린이공원,양재동,1,0
2022-09-04,00:00,23:59,1000,강남,하이트진로 본사 앞,청담동,0,0
2022-09-04,16:00,18:00,300,남대문,정동분수대 앞 ⇄ 숭례문R,정동,0,0
2022-09-04,15:00,18:00,800,종로,교보빌딩 앞,세종대로,0,0
2022-09-05,00:00,23:59,1000,강남,하이트진로 본사 앞,청담동,0,0
2022-09-05,14:00,16:30,1000,영등포,더샵아일랜드 측면 3개차로,여의도동,0,1
2022-09-05,13:00,15:00,500,영등포,국회 앞 / 국민은행 동관 앞 인도,여의도동,0,0
2022-09-05,12:00,14:00,100,영등포,서여의도 국민은행 앞 인도,여의도동,0,0
2022-09-05,13:00,18:00,500,영등포,국민의힘 당사 앞,여의도,0,0
2022-09-05,09:00,11:00,150,송파,쌍용건설 앞,신천동,0,0
2022-09-06,00:00,23:59,1000,강남,하이트진로 본사 앞,청담동,0,0
2022-09-06,14:00,18:00,200,종로,교보빌딩 앞 인도 및 2개차로,세종대로,0,1
2022-09-07,00:00,23:59,1000,강남,하이트진로 본사 앞,청담동,0,0
2022-09-07,19:00,20:00,100,영등포,국회 정입출 사이 인도,여의도동,0,0
2022-09-07,18:00,19:30,200,수서,오토웨이타워 앞 좌우 인도,대치동,0,0
2022-09-07,12:00,13:00,300,종로,경복궁주유소 앞,중학동,0,0
2022-09-07,13:00,15:00,100,용산,전쟁기념관 앞,용산동,0,0
2022-09-08,00:00,23:59,1000,강남,하이트진로 본사 앞,청담동,0,0
2022-09-08,10:00,12:00,100,남대문|용산,서울역 및 용산역,한강로3가,0,0
2022-09-08,14:00,17:00,200,남대문,시청 동편 ⇄ 시청 서편,태평로1가,0,0
2022-09-09,00:00,23:59,1000,강남,하이트진로 본사 앞,청담동,0,0
2022-09-09,16:00,20:00,100,남대문,서울역광장,봉래동,0,0
2022-09-10,00:00,23:59,1000,강남,하이트진로 본사 앞,청담동,0,0
2022-09-10,11:00,12:00,100,남대문,세종호텔 앞,명동,0,0
2022-09-11,00:00,23:59,1000,강남,하이트진로 본사 앞,청담동,0,0
2022-09-11,22:00,00:00,500,마포,마포구 자원회수시설 앞,상암동,0,0
2022-09-11,15:00,18:00,800,종로,교보빌딩 앞,세종대로,0,0
2022-09-12,00:00,23:59,1000,강남,하이트진로 본사 앞,청담동,0,0
2022-09-12,16:00,20:00,100,남대문,서울역광장,봉래동,0,0
2022-09-13,00:00,23:59,1000,강남,하이트진로 본사 앞,청담동,0,0
2022-09-13,11:00,12:30,200,용산,SPC 패션5 / 이태원로55길 154 앞 인도,한남동 등,0,0
2022-09-13,17:00,18:00,200,영등포,국민은행 본점 신관 앞 인도,여의도동,0,0
2022-09-14,15:00,16:00,50,용산,전쟁기념관 앞 인도,용산동,0,0
2022-09-14,11:00,13:00,200,남대문,철도회관 앞,봉래동,0,0
2022-09-14,13:00,15:00,500,영등포,여의도 국민은행 서관 앞 인도,여의도동,0,0
2022-09-14,12:00,13:00,300,종로,경복궁주유소 앞,중학동,0,0
2022-09-14,11:00,12:00,50,용산,전쟁기념관 앞 인도,용산동,0,0
2022-09-14,13:00,17:00,250,남대문,시의회 앞 인도,서소문동,0,0
2022-09-15,11:30,12:30,100,강남,우리금융캐피탈 본사 앞 인도,역삼동,0,0
2022-09-15,12:00,13:00,100,광진,세종대학교 정문 앞 인도,군자동,0,0
2022-09-15,14:00,17:00,299,남대문|중부,고용노동청 앞 → 마로니에공원,장교동,1,0
2022-09-16,10:00,13:00,20000,종로|남대문,코리아나호텔∼대한문 → 삼각지PB,태평로1가 등,1,0
2022-09-16,11:00,12:00,200,용산|영등포,여의도 국민은행 본점 앞 인도,여의도동,0,0
2022-09-16,13:00,15:00,70,용산,전쟁기념관 앞 인도,용산동,0,0
2022-09-16,16:00,17:30,100,남대문,명동성당 앞 ⇄ 우리은행 명동점,명동,0,0
2022-09-17,13:00,17:00,2000,종로|남대문,대한문 ⇄ 숭례문R,세종대로 등,0,0
2022-09-17,13:00,17:00,300,종로|남대문,서울시의회 ⇄ 숭례문R,세종대로 등,0,0
2022-09-17,16:00,18:00,100,남대문,모전교 앞,무교동,0,0
2022-09-17,17:00,20:00,1000,종로|남대문,프리미어플레이스 또는 청계북로 ⇄ 안국R,무교동 등,0,0
2022-09-17,18:00,20:00,100,종로,소녀상 → 정부서울청사,수송동 등,1,0
2022-09-17,13:00,16:00,3000,종로,동화면세점 앞 인도 및 3개차로,세종대로,0,1
2022-09-17,15:00,18:00,800,종로,교보빌딩 앞 ⇄ 우정국로,세종대로,0,0
2022-09-17,16:00,19:00,100,종로|남대문,청계광장 ⇄ 보신각,세종대로,0,0
2022-09-18,16:00,18:00,300,남대문,정동분수대 앞 ⇄ 숭례문R,정동,0,0
2022-09-18,15:00,18:00,800,종로,교보빌딩 앞,세종대로,0,0
2022-09-19,11:00,12:00,250,영등포,민주당 당사 앞 인도,여의도동,0,0
2022-09-19,12:00,,300,강남,한국세큐리티 본사 앞 인도,삼성동,0,0
2022-09-19,08:00,12:00,100,남대문,농협중앙회 본사 앞 인도,새문안로,0,0
2022-09-19,06:00,18:00,499,성동,한양대 기숙사 공사현장 앞 인도,사근동,0,0
2022-09-19,14:00,16:30,150,종로|남대문,서울청 앞 → 시청 앞,내자동,1,0
2022-09-19,13:00,14:00,80,영등포,국회 앞,여의도동,0,0
2022-09-20,09:00,10:00,100,남대문,시의회 서소문별관 앞 인도,정동,0,0
2022-09-20,16:30,17:30,100,영등포,한국교직원공제회 앞 인도,여의도동,0,0
2022-09-20,19:00,20:30,500,남대문,SK남산그린빌딩 앞,남대문로 5가,0,0
2022-09-20,19:00,20:00,50,종로,세종문화회관 앞,세종대로,0,0
2022-09-20,11:00,12:00,1000,영등포,이룸센터 앞,여의도동,0,0
2022-09-21,05:00,08:00,1000,동대문,이문1구역 4G앞 인도 및 하위 1개차로,이문동,0,1
2022-09-21,14:00,16:00,1000,영등포,산업은행 측면 인도 및 하위 2개차로,여의도동,0,1
2022-09-21,14:00,15:00,500,서초,양재역 → 현대차 본사 앞,양재동,1,0
2022-09-21,14:30,16:00,200,영등포,국민은행 서관 → 민주당사 앞,여의도동,1,0
2022-09-21,14:00,16:00,500,남대문,농협중앙회 앞 인도 및 하위 2개차로,충정로 1가,0,1
2022-09-21,19:00,20:30,300,중부,신당역 10出앞 인도 및 하위 2개차로,신당동,0,1
2022-09-21,09:00,11:00,550,종로,현대건설 앞 인도,계동,0,0
2022-09-21,12:00,13:00,300,종로,경복궁주유소 앞,중학동,0,0
2022-09-21,14:00,15:00,70,영등포,국회 앞,여의도동,0,0
2022-09-21,15:00,18:00,300,서초|수서,SPC스퀘어 앞 →포스코빌딩,역삼동,1,0
2022-09-21,19:30,20:30,300,남대문|강남,파이낸스빌딩 소공원 앞,세종대로,0,0
2022-09-22,19:00,22:00,300,종로|남대문,보신각 ⇄ 시청역5出,관철동 등,0,0
2022-09-22,13:00,14:00,100,영등포,국회 정입출 사이 인도,영등포동,0,0
2022-09-22,19:00,20:30,300,중부,신당역10出 앞 인도 및 하위2개차로,신당동,0,1
2022-09-22,09:00,11:00,299,용산,진흥기업 앞 인도 및 하위 1개차로,후암동,0,1
2022-09-22,11:00,14:00,100,혜화,서울보증보험 앞 인도,연지동,0,0
2022-09-22,13:00,15:00,500,영등포,국민의힘 당사 앞,여의도,0,0
2022-09-22,13:00,17:00,1000,남대문|용산,서울광장 → 전쟁기념관,태평로1가,1,0
2022-09-22,15:00,18:30,100,종로|남대문,서울시청 동편 → 청계광장,태평로1가,1,0
2022-09-23,10:30,12:00,200,남대문,시청 동편 인도,태평로1가,0,0
2022-09-23,14:00,16:30,200,남대문|중부,유한철재 → 시청동편,청계천로 등,1,0
2022-09-23,09:00,11:00,299,용산,진흥기업 앞 인도 및 하위 1개차로,후암동,0,1
2022-09-23,16:00,20:00,50,마포,아크로타워 앞,도화동,0,0
2022-09-23,19:00,20:30,300,중부,신당역10出 앞 인도 및 하위2개차로,신당동,0,1
2022-09-23,12:00,13:00,100,수서,포스코 센터 앞 인도,대치동,0,0
2022-09-23,18:00,20:00,1000,영등포,국민은행 서관 ⇄ 국회대로,여의도,0,0
2022-09-23,16:00,20:00,50,마포,개혁국민운동본부 사무실 앞,상암동,0,0
2022-09-23,11:00,13:00,400,용산,용산역광장 일대 → 전쟁기념관,한강로2가,1,0
2022-09-23,13:00,17:00,300,종로|남대문,보신각 앞→을지로1R→시청→보신각 앞,세종대로,1,0
2022-09-23,16:30,20:00,1200,마포,서울가든호텔 앞,도화동,0,0
2022-09-23,11:00,14:00,80,서초,언구비공원 앞 ⇄ 정경주택,양재동,0,0
2022-09-24,13:00,15:00,10000,남대문|용산,삼각지역14出 → 숭례문R,용산동 등,1,0
2022-09-24,14:00,16:00,1000,영등포,더샾 아일랜드 → 국민의힘 당사,여의도동,1,0
2022-09-24,12:00,14:00,200,종로,종로타워 → 교보빌딩,공평동,1,0
2022-09-24,10:00,14:00,2000,남대문,서울광장,태평로1가,0,0
2022-09-24,13:00,17:00,299,종로|남대문,대한문 ⇄ 숭례문R,세종대로 등,0,0
2022-09-24,13:00,17:00,300,종로|남대문,서울시의회 ⇄ 숭례문R,세종대로 등,0,0
2022-09-24,17:00,20:30,300,종로|남대문,프리미어플레이스 ⇄ 안국R,무교동 등,0,0
2022-09-24,15:00,17:00,1000,서초,서울중앙지검 서문 앞 ⇄ 교대역,서초동,0,0
2022-09-24,15:00,19:00,20000,종로|남대문,숭례문R ⇄ 안국R,태평로 등,0,0
2022-09-24,13:30,15:00,400,종로|남대문,서린빌딩 앞 → 숭례문R,서린동,1,0
2022-09-24,13:00,16:00,3000,종로,동화면세점 앞,세종대로,0,0
2022-09-24,14:00,16:30,100,종로|남대문,청계 한빛광장 ⇄ 을지로2R,세종대로,0,0
2022-09-24,16:30,19:00,1000,마포,마포구청 앞 → 상암MBC,성산동,1,0
2022-09-24,13:00,15:00,500,종로|남대문,세종로공원 → 숭례문R,세종대로,1,0
2022-09-25,13:00,17:00,100,용산|성동,래미안리버젠 앞 → 일신빌딩,옥수동,1,0
2022-09-25,14:00,17:00,50,수서,강남역 1出 앞,역삼동,0,0
2022-09-25,15:00,18:00,800,종로,교보빌딩 앞,세종대로,0,0
2022-09-26,14:00,16:30,1000,영등포,더샾 아일랜드 → 국민의힘 당사,여의도동,1,0
2022-09-26,14:00,15:30,300,용산,전쟁기념관 앞 인도,용산동,0,0
2022-09-26,19:00,21:00,300,중부,신당역10出 앞 인도 및 하위2개차로,신당동,0,1
2022-09-26,11:00,13:00,100,마포,KB합정빌딩 → 고용부 서부지청,합정동,1,0
2022-09-26,14:00,16:00,100,중부,중구청 앞,예관동,0,0
2022-09-27,19:00,21:00,300,중부,신당역10出 앞 인도 및 하위2개차로,신당동,0,1
2022-09-27,06:00,10:00,499,성동,한양대 기숙사 신축공사현장 앞 인도,사근동,0,0
2022-09-27,12:30,13:30,200,영등포,국회 앞 등 3개소,여의도동,0,0
2022-09-27,14:30,15:30,200,용산,삼구빌딩 앞,한강로3가,0,0
2022-09-27,16:30,18:00,150,용산,전쟁기념관 앞,용산동,0,0
2022-09-27,11:00,12:00,1000,영등포,이룸센터 앞,여의도동,0,0
2022-09-28,14:00,16:00,4000,서초,현대차 본사 앞,양재동,0,0
2022-09-28,14:00,16:00,500,마포,LG헬로비전 본사 앞,상암동,0,0
2022-09-28,19:00,21:00,300,중부,신당역10出 앞 인도 및 하위2개차로,신당동,0,1
2022-09-28,06:00,10:00,1000,금천,현대테라타워 건설현장 1G앞,가산동,0,0
2022-09-28,17:00,18:00,500,서대문,서대문구청 정문 앞,연희동,0,0
2022-09-28,06:00,09:00,1000,강동,자원순환센터 공사현장 앞,고덕동,0,0
2022-09-28,14:00,16:00,2000,종로|남대문,서울광장 ⇄ 한은R,태평로 1가 등,0,0
2022-09-28,12:00,13:00,300,종로,경복궁주유소 앞,중학동,0,0
2022-09-28,15:00,18:00,500,영등포,이룸센터 → 국민의힘,여의도동,1,0
2022-09-28,14:00,18:00,100,용산,동빙고동 309-2,동빙고동,0,0
2022-09-28,09:00,11:00,100,영등포|마포,국회 앞 → 마포역,여의도동,1,0
2022-09-28,11:00,12:00,100,중부,국가인권위 앞,저동,0,0
2022-09-29,10:30,12:00,2500,남대문,대한문 앞 인도 및 4개차로,정동,0,1
2022-09-29,18:00,19:30,500,송파,쿠팡 본사 앞,신천동,0,0
2022-09-29,06:00,09:00,1000,강동,자원순환센터 공사현장 2G 앞 인도,고덕동,0,0
2022-09-29,06:00,07:00,1000,금천,현대테라타워 건설현장 1G 좌․우측 인도,가산동,0,0
2022-09-29,19:00,21:00,300,중부,신당역10出 앞 인도 및 하위2개차로,신당동,0,1
2022-09-29,15:30,17:20,499,서대문,세브란스 암병동 앞 인도,신촌동,0,0
2022-09-29,08:00,10:00,50,종로,SK에코플랜트 앞 인도,수송동,0,0
2022-09-29,13:00,14:00,100,영등포,국회 앞,여의도동,0,0
2022-09-29,16:00,17:30,50,양천,신정1동 주민센터 앞 인도,신정동,0,0
2022-09-30,10:00,11:30,200,영등포,국회 정입출 앞 인도,여의도동,0,0
2022-09-30,13:00,16:00,3000,종로|영등포,금감원 앞 / 정부서울청사 후문 앞,여의도동 등,0,0
2022-09-30,13:00,15:30,200,종로,정부서울청사 정문 인도,세종로,0,0
2022-09-30,06:00,09:00,1000,강동,자원순환센터 공사현장 2G 앞 인도,고덕동,0,0
2022-09-30,06:00,08:00,1000,금천,현대테라타워 건설현장 1G 좌․우측 인도,가산동,0,0
2022-09-30,19:00,21:00,300,중부,신당역10出 앞 인도 및 하위2개차로,신당동,0,1
2022-09-30,17:00,20:30,1000,남대문|용산,삼각지파출소 → 보신각,한강로1가 등,1,0
2022-09-30,14:00,17:00,200,종로|남대문,서울중앙우체국 앞,명동,0,0
2022-09-30,15:00,18:00,1000,마포,MBC 거인동상 앞,상암동,0,0
2022-09-30,19:00,20:30,300,남대문,프리미어플레이스 앞,무교동,0,0
2022-09-30,11:00,13:00,200,종로,서울시교육청 앞,신문로2가,0,0
2022-09-30,18:00,22:00,100,마포,홍대걷고싶은거리 광장무대 ⇄ H&M 홍대점,서교동,0,0
2022-10-01,13:00,15:00,150,혜화,다시세운광장 앞,예지동,0,0
2022-10-01,17:00,20:30,10000,종로|남대문,파이낸스빌딩 ⇄ 안국R,세종대로 등,0,0
2022-10-01,13:00,17:00,300,종로|남대문,대한문 ⇄ 숭례문R,세종대로 등,0,0
2022-10-01,13:00,17:00,300,종로|남대문,서울시의회 ⇄ 숭례문R,세종대로 등,0,0
2022-10-01,13:00,16:00,3000,종로,동화면세점 앞,세종대로,0,0
2022-10-01,15:00,17:00,5000,마포,MBC 거인像 앞,상암동,0,0
2022-10-01,15:00,18:00,800,종로,교보빌딩 ⇄ 안국R,세종대로,0,0
2022-10-01,14:00,17:00,500,남대문,서울역 광장 → 서울시청,봉래동,1,0
2022-10-01,14:00,16:00,300,남대문,정동분수대 ⇄ 숭례문R,정동,0,0
2022-10-01,15:00,16:30,120,광진,이튼타워5차 앞,자양동,0,0
2022-10-01,13:00,15:30,200,서초|강남,강남역 12出 → 서초역 8出,역삼동,1,0
2022-10-02,15:00,18:00,800,종로,교보빌딩 앞,세종대로,0,0
2022-10-02,15:00,18:00,50,서부,분토골 어린이공원 앞,증산동,0,0
2022-10-03,12:30,17:30,3000,종로|남대문,舊삼성본관 → 종각5R,태평로1가 등,1,0
2022-10-03,13:00,17:00,3000,종로|남대문|혜화,시의회 ⇄ 종각역,세종대로 등,0,0
2022-10-03,14:00,16:00,700,종로|남대문,보신각 → 동아일보,관철동 등,1,0
2022-10-03,13:00,16:00,100,남대문,파이낸스빌딩 앞,세종대로,0,0
2022-10-03,13:00,17:00,500,남대문|용산,대한문 → 삼각지R,세종대로 등,1,0
2022-10-03,13:00,17:00,30000,종로|남대문,동화면세점 등 7개소,세종대로,0,0
2022-10-03,11:00,12:00,600,종로,광화문광장 북측 → 보신각,세종대로,1,0
2022-10-03,14:00,19:00,300,서대문,유플렉스 앞,창천동,0,0
2022-10-03,08:30,12:30,5000,남대문|용산,서울광장 → 전쟁기념관,태평로1가,1,0
2022-10-03,10:00,13:00,300,영등포,국민은행 서관 ⇄ 영등포구청R,여의도동,0,0
2022-10-04,06:00,08:00,1000,금천,현대테라타워 건설현장 1G 좌․우측 인도,가산동,0,0
2022-10-04,08:00,10:00,1300,마포,TK엘리베이터 본사 앞 인도,상암동,0,0
2022-10-04,11:00,12:00,1000,영등포,이룸센터 앞,여의도동,0,0
2022-10-05,12:00,14:00,5000,종로,동화면세점 ∼ 원표공원,세종로,0,0
2022-10-05,19:00,20:00,100,용산,전쟁기념관 앞 인도,용산동,0,0
2022-10-05,13:00,17:00,300,강남|송파,쿠팡본사 → 오토웨이 타워,대치동,1,0
2022-10-05,14:00,17:00,1000,서초|수서,동해빌딩 앞 인도,서초동,0,0
2022-10-05,06:00,07:00,1000,금천,현대테라타워 건설현장 1G 좌․우측 인도,가산동,0,0
2022-10-05,12:00,13:00,300,종로,경복궁주유소 앞,중학동,0,0
2022-10-05,15:00,19:00,300,용산,전쟁기념관 ⇄ 용산역광장,용산동 등,0,0
2022-10-05,10:00,13:00,100,남대문,시청 동편 인도,태평로 1가,0,0
2022-10-05,11:00,12:00,310,영등포,국회 앞 / 금산빌딩 / 현대캐피탈 앞 인도,여의도동,0,0
2022-10-05,14:00,16:00,1000,종로,조계사 대웅전 앞 마당 등,수송동,0,0
2022-10-06,14:00,16:30,1000,영등포|마포,경총회관 → 여의도 국민은행,대흥동 등,1,0
2022-10-06,10:00,11:30,300,영등포,전경련 앞,여의도동,0,0
2022-10-06,12:00,14:00,500,서초,삼성화재 본사 앞 인도 및 하위 2개차로,서초동,0,1
2022-10-06,19:00,20:00,100,용산,전쟁기념관 앞 인도,용산동,0,0
2022-10-06,06:00,07:00,1000,금천,현대테라타워 건설현장 1G 좌․우측 인도,가산동,0,0
2022-10-06,13:00,15:00,300,영등포,국회 / 금산빌딩 / 현대캐피탈 앞,여의도동,0,0
2022-10-07,08:00,20:00,50,강북,광산사거리 현영빌딩 앞 인도,수유동,0,0
2022-10-07,11:30,12:30,50,영등포,LG트윈타워 앞 인도,여의도동,0,0
2022-10-07,16:00,19:00,300,용산,전쟁기념관 ⇄ 용산역광장,용산동 등,0,0
2022-10-07,19:00,20:30,500,남대문,파이낸스빌딩 앞,세종대로,0,0
2022-10-07,16:00,19:00,50,마포,개혁국민운동본부 사무실 앞,상암동,0,0
2022-10-07,14:00,18:00,60,용산,용산구청 앞,이태원동,0,0
2022-10-07,16:00,22:00,50,서대문,유플렉스 앞,창천동,0,0
2022-10-07,14:00,16:00,100,송파,서울시정신건강 통합센터 → 송파구의회,삼전동,1,0
2022-10-08,14:00,17:00,200,종로|서대문,경총회관 → 세종문화회관,대흥동 등,1,0
2022-10-08,16:00,20:00,20000,종로|남대문|마포,①파이낸스빌딩 ⇄ 남대문R ②파이낸스빌딩 ⇄ 개풍R,세종대로 등,0,0
2022-10-08,13:00,17:00,499,종로|남대문,대한문 ⇄ 숭례문R,세종대로 등,0,0
2022-10-08,13:00,17:00,300,종로|남대문,서울시의회 ⇄ 숭례문R,세종대로 등,0,0
2022-10-08,13:00,16:00,10000,종로,동화면세점 앞,세종대로,0,0
2022-10-08,14:00,15:30,500,영등포,산업은행 정문 → 민주당사 → 국민의힘,여의도동,1,0
2022-10-08,14:00,17:00,100,수서,역삼역 3出 앞 → 강남역 1出 앞,역삼동,1,0
2022-10-08,09:00,12:00,100,노원,경전철동북선기지 공사현장 앞,중계동,0,0
2022-10-09,15:00,18:00,800,종로,교보빌딩 앞,세종대로,0,0
2022-10-09,15:00,18:00,50,서부,분토골 어린이공원 앞,증산동,0,0
2022-10-10,13:00,17:00,2000,용산,삼각지PB → 서울역 12出,용산동 등,1,0
2022-10-10,12:00,17:00,30000,종로|남대문,동화면세점 등 7개소,세종대로,0,0
2022-10-11,14:00,16:20,2000,용산,삼각지PB∼ 전쟁기념관 북문,용산동,0,0
2022-10-11,12:30,15:00,300,용산|송파,올림픽공원평화의문 → 삼각지PB,용산동 등,1,0
2022-10-11,09:00,20:00,70,혜화,전태일 다리,종로5가,0,0
2022-10-11,11:00,12:00,1000,영등포,이룸센터 앞,여의도동,0,0
2022-10-12,14:00,17:00,1500,송파,송파구청 → 김웅 의원실,신천동,1,0
2022-10-12,14:00,16:00,350,용산,신용산역 3∼4出 → 전쟁기념관 앞,용산동,1,0
2022-10-12,13:00,15:00,400,강남,아이파크타워 앞 인도 및 2개차로,삼성동,0,1
2022-10-12,17:00,18:00,800,종로,시교육청 정문 앞 인도 및 1개차로,신문로2가,0,1
2022-10-12,19:00,20:00,100,용산,전쟁기념관 앞 인도,용산동,0,0
2022-10-12,14:00,16:00,150,마포,LG헬로비전 앞,상암동,0,0
2022-10-12,19:00,20:30,300,중부,신당역 10出 앞 인도 및 2개차로,신당동,0,1
2022-10-12,12:00,13:00,300,종로,테라로사 앞 1개차로,수송동,0,1
2022-10-12,11:00,12:00,310,영등포,국회 앞 / 금산빌딩 앞 / 현대캐피탈 앞,여의도동,0,0
2022-10-12,11:00,14:00,200,송파,송파구보건소 → 유남빌딩,신천동,1,0
2022-10-13,14:00,16:30,2000,영등포,의사당역 3出 ⇄ 민주당․·국민의힘 당사,여의도동,0,0
2022-10-13,14:00,17:00,299,영등포,이룸센터 ⇄ 여의도역,여의도동,0,0
2022-10-13,19:00,21:00,100,종로,광화문광장 놀이마당 내,세종대로,0,0
2022-10-13,10:30,12:30,50,남대문,서울 동편 인도,태평로1가,0,0
2022-10-13,16:00,17:30,100,영등포,금융감독원 앞,여의도동,0,0
2022-10-13,14:00,18:00,200,강동,강동구청 앞,성내동,0,0
2022-10-13,16:20,18:00,100,서초,서울행정법원 앞,양재동,0,0
2022-10-14,11:00,18:00,100,용산,전쟁기념관 앞 인도,용산동,0,0
2022-10-14,08:30,17:30,300,영등포|동작,덴소 의왕 공장 → 산업은행,여의도동,1,0
2022-10-14,10:30,13:30,50,남대문|방배,교원내외빌딩 앞 인도,을지로2가,0,0
2022-10-14,18:00,19:30,250,남대문,시청 동편 인도,태평로1가,0,0
2022-10-14,11:00,12:00,500,종로,동화면세점 앞,세종대로,0,0
2022-10-14,16:00,20:00,300,용산,전쟁기념관 ⇄ 용산역광장,용산동 등,0,0
2022-10-14,17:00,19:00,100,마포,상암동 27-61 앞 ⇄ 상암감리교회,상암동,0,0
2022-10-14,13:00,14:00,299,혜화,마로니에공원 ⇄ 혜화R,한강로1가,0,0
2022-10-14,17:00,20:00,800,구로,해원리버파크상가 측면 인도 및 하위 1개차로,구일로,0,1
2022-10-15,13:00,14:00,6000,용산,삼각지역 14出,용산동,0,0
2022-10-15,14:30,16:30,6000,용산,삼각지역 14出 → 서울역12번出,용산동,1,0
2022-10-15,16:00,20:00,30000,종로|남대문,파이낸스빌딩 앞 ① ⇄숭례문 /② ⇄개풍삼거리,세종대로 등,0,0
2022-10-15,13:00,17:00,499,종로|남대문,대한문 ⇄ 숭례문,세종대로 등,0,0
2022-10-15,18:00,19:30,2000,종로,교보빌딩 앞,세종대로,0,0
2022-10-15,12:00,16:00,10000,종로,동화면세점 앞,세종대로,0,0
2022-10-15,14:00,17:00,5000,종로,SC제일은행 ⇄ 광화문사거리,공평동,0,0
2022-10-15,14:00,16:30,1000,종로|남대문,영풍문고 → 숭례문 → 보신각,서린동,1,0
2022-10-15,15:00,19:00,100,남대문,서울역→을지로1가사거리→청계광장,봉래동2가,1,0
2022-10-16,16:00,17:00,300,용산,용산우체국 → 전쟁기념관,한강로2가 등,1,0
2022-10-16,10:00,12:00,100,종로,광화문KT 앞,세종대로,0,0
2022-10-16,15:00,18:00,800,종로,교보빌딩 앞,세종대로,0,0
2022-10-16,15:00,17:30,120,수서,역삼역 3出 → 강남역 1出,역삼동,1,0
2022-10-17,13:30,14:30,500,영등포,산업은행 측면 2개차로,여의도동,0,1
2022-10-17,14:00,16:30,500,영등포,KBS본관 앞 인도,여의도동,0,0
2022-10-17,10:00,11:00,100,영등포,국회 앞,여의도동,0,0
2022-10-17,11:30,12:30,300,서초,SSI아트디자인 앞,서초동,0,0
2022-10-18,14:00,16:00,1000,남대문,서울시청 동편인도 및 3개차로,태평로 1가,0,1
2022-10-18,14:00,16:00,50,강남|수서,HJ타워 → 쿠팡 본사,역삼동,1,0
2022-10-18,13:00,14:00,250,중부|송파,남산스퀘어빌딩 앞 인도,충무로3가,0,0
2022-10-18,18:00,19:00,500,남대문,SK남산그린빌딩 앞,남대문로 5가,0,0
2022-10-18,17:00,19:00,100,마포,상암동 27-61 ⇄ 상암감리교회,상암동,0,0
2022-10-18,10:00,15:00,70,용산,전쟁기념관 → 용산구청,용산동,1,0
2022-10-18,11:00,12:00,1000,영등포,이룸센터 앞,여의도동,0,0
2022-10-18,14:00,17:00,1000,마포,MBC 거인像 앞 ⇄ MBC몰 플라자,상암동,0,0
2022-10-19,13:00,16:20,5000,영등포,글래드호텔 ∼ 더샵아일랜드 / 전경련 / 국민의힘,여의도동,0,0
2022-10-19,14:00,16:00,300,남대문,한화본사 앞,장교동,0,0
2022-10-19,14:00,17:00,2000,영등포,산업은행 ⇄ 국힘당사 ⇄ 민주당사,여의도동,0,0
2022-10-19,15:00,16:30,1200,강남,기계설비건설회관 ⇄ 청담사거리,청담동 등,0,0
2022-10-19,07:00,11:00,200,영등포,월드메르디앙 비즈센터 앞 인도,양평동,0,0
2022-10-19,13:00,18:00,500,서대문,홍은13구역 재개발공사현장 앞,홍은동,0,0
2022-10-19,19:00,20:00,300,중부,신당역 10出 앞 인도 및 1개차로,신당동,0,1
2022-10-19,10:30,12:30,300,수서,포스코 센터 앞 인도,대치동,0,0
2022-10-19,12:00,13:00,300,종로,테라로사 앞 1개차로,수송동,0,1
2022-10-19,13:00,18:00,500,영등포,여의도 산업은행 → 與野 당사,여의도동,1,0
2022-10-19,14:00,16:00,50,남대문,시청 동편 인도,태평로1가,0,0
2022-10-19,11:00,12:00,310,영등포,국회 / 금산빌딩 / 현대캐피탈 앞,여의도동,0,0
2022-10-20,14:00,15:30,50,영등포,국민은행 서관 앞,여의도동,0,0
2022-10-20,07:00,11:00,200,영등포,월드메르디앙 비즈센터 앞 인도,양평동,0,0
2022-10-20,12:00,15:00,500,서초,신반포메이플자이 공사현장 1∼4게이트 앞 인도,잠원동,0,0
2022-10-20,14:00,16:00,300,서초,SPC본사 앞 인도,양재동,0,0
2022-10-20,16:00,17:20,499,서대문,세브란스병원 본관 앞,신촌동,0,0
2022-10-20,08:10,08:50,50,영등포,동아빌딩 앞,여의도동,0,0
2022-10-20,14:00,16:00,200,용산,전쟁기념관 앞,용산동,0,0
2022-10-21,07:00,11:00,200,영등포,월드메르디앙 비즈센터 앞 인도,양평동,0,0
2022-10-21,16:00,20:00,300,용산,전쟁기념관 ⇄ 용산역광장,용산동 등,0,0
2022-10-21,17:00,19:00,100,마포,상암동 27-61 ⇄ 상암감리교회,상암동,0,0
2022-10-21,14:00,18:00,100,송파,석촌호수타워(보정빌딩) 앞,석촌동,0,0
2022-10-21,17:00,19:00,70,마포,윗잔다리공원 → 할리스 합정역店,동교동,1,0
2022-10-22,14:00,17:00,10000,남대문|용산,광교∼을입구사거리 → 삼각지파출소,을지로 1가 등,1,0
2022-10-22,14:00,15:00,500,남대문|용산,서울역 광장內 → 삼각지파출소,태평로1가 등,1,0
2022-10-22,16:00,20:30,5000,용산,삼각지파출소 건너편 3차로,한강로1가,0,1
2022-10-22,16:00,20:30,500,용산,삼각지역 11∼12出,한강로1가,0,0
2022-10-22,17:00,20:00,500,남대문,서울역광장,봉래동,0,0
2022-10-22,16:00,20:30,100000,남대문|용산,숭례문로터리∼태평로터리 하위 3차로 → 삼각지파출소,세종대로 등,1,1
2022-10-22,14:00,19:00,2000,남대문,대한문 앞,세종대로,0,0
2022-10-22,15:00,16:30,100,남대문,신한은행 본점 앞,태평로2가,0,0
2022-10-22,16:00,18:00,350,서초,서울중앙지검 서문 앞 인도 및 1개차로,서초동,0,1
2022-10-22,15:00,19:00,30000,종로,동화면세점 앞,세종대로,0,0
2022-10-23,10:00,12:00,250,서대문,독립공원 독립관 앞,현저동,0,0
2022-10-23,15:00,18:00,800,종로,교보빌딩 앞,세종대로,0,0
2022-10-23,14:00,15:00,300,남대문,부영빌딩 앞,서소문동,0,0
2022-10-24,08:00,14:00,50,마포,한샘본사 → MBC․•YTN․•JTBC 앞 인도,상암동,1,0
2022-10-25,13:00,18:00,300,남대문,서울역광장,봉래동,0,0
2022-10-25,10:00,11:00,100,영등포,국회 앞,여의도동,0,0
2022-10-25,11:00,12:00,1000,영등포,이룸센터 앞,여의도동,0,0
2022-10-25,11:30,14:00,300,영등포,푸르밀 본사 앞,문래동6가,0,0
2022-10-26,14:00,15:30,500,용산,서울역12出 → 전쟁기념관 앞,용산동,1,0
2022-10-26,13:00,14:30,500,용산,용산우체국 → 전쟁기념관 앞,용산동,1,0
2022-10-26,16:00,17:00,195,남대문,KG그룹 본사 앞,순화동,0,0
2022-10-26,11:30,14:00,100,영등포,푸르밀 본사 앞,문래동,0,0
2022-10-26,19:00,20:00,500,중부,신당역 10出 앞 하위 1개차로,신당동,0,1
2022-10-26,14:00,16:00,1000,구로,대림오페라타워 앞,구로동,0,0
2022-10-26,12:00,13:00,300,종로,테라로사 앞 1개차로,수송동,0,1
2022-10-26,16:00,20:00,300,용산,전쟁기념관 ⇄ 용산역광장,용산동 등,0,0
2022-10-26,11:00,12:00,310,영등포,국회 앞 / 금산빌딩 앞 / 현대캐피탈 앞,여의도동,0,0
2022-10-27,13:00,17:00,3000,종로,서대문사거리∼정동사거리 인도 및 2개차로,정동,0,1
2022-10-27,14:00,16:00,100,용산,전쟁기념관 앞 인도,용산동,0,0
2022-10-27,14:00,15:00,99,영등포,국회 앞 인도,여의도동,0,0
2022-10-27,17:00,18:30,300,남대문,시청동편 ⇄ 시청역 5出,태평로 1가,0,0
2022-10-27,15:00,,400,마포,LG헬로비전 정문 앞 인도 翌日 11:00,상암동,0,0
2022-10-27,13:00,14:00,300,서초,현대기아차 본사 좌측 인도 및 1개차로,양재동,0,1
2022-10-27,14:00,17:00,300,송파,쿠팡본사 ⇄ 교통회관,신천동,0,0
2022-10-27,12:00,14:00,100,영등포,더민주당사 앞,여의도,0,0
2022-10-27,11:00,16:00,400,용산,전쟁기념관 앞,용산동,0,0
2022-10-27,14:00,16:00,500,종로,동화면세점 앞,세종대로,0,0
2022-10-28,14:00,16:00,1600,용산,삼각지파출소 → 전쟁기념관,용산동,1,0
2022-10-28,10:00,11:00,400,마포,LG헬로비전 건너편 인도,상암동,0,0
2022-10-28,06:00,16:00,1000,강동,자원순환센터 공사현장 2게이트 좌측,고덕동,0,0
2022-10-28,14:00,20:00,300,용산,전쟁기념관 ⇄ 용산역광장,용산동 등,0,0
2022-10-28,17:00,19:00,100,마포,상암동 27-61 ⇄ 상암감리교회,상암동,0,0
2022-10-29,12:30,13:30,20000,남대문,코리아하호텔 ∼ 숭례문로터리,태평로,0,0
2022-10-29,12:00,13:50,5000,남대문,칠패로∼서울역3出,남대문로,0,0
2022-10-29,12:00,14:00,300,용산,전쟁기념관 앞 인도,용산동,0,0
2022-10-29,14:00,15:30,20000,남대문|용산,코리아나호텔∼숭례문R,태평로,0,0
2022-10-29,15:30,18:00,20000,남대문|용산,코리아나호텔 → 삼각지역10出,태평로 등,1,0
2022-10-29,06:00,16:00,1000,강동,자원순환센터 공사현장 2G 좌측,고덕동,0,0
2022-10-29,16:00,20:30,500,용산,삼각지역 11出 앞 인도 및 1개차로,한강로1가,0,1
2022-10-29,16:30,20:30,30000,남대문|용산,파이낸스빌딩∼시청 서편 2개차로→삼각지파출소,세종대로 등,1,1
2022-10-29,14:00,17:30,2000,종로|남대문,대한문 ⇄ 숭례문로터리,세종대로 등,0,0
2022-10-29,19:00,20:30,1000,남대문,프리미어플레이스 앞,무교동,0,0
2022-10-29,18:00,20:00,50,용산,전쟁기념관 앞,용산동,0,0
2022-10-29,16:00,17:30,100,용산,전쟁기념관 앞,용산동,0,0
2022-10-29,14:00,17:30,200,용산|동작,노량진역 광장 → 전쟁기념관,노량진동 등,1,0
2022-10-29,07:00,11:00,50,중부,남산 남측순환로 입구 등 3개소,예장동,0,0
2022-10-29,13:00,17:00,10000,종로|남대문,동화면세점∼원표공원 5개차로→효자파출소,세종대로,1,1
2022-10-29,12:00,15:00,100,종로,보신각 ⇄ 광화문사거리,관철동,0,0
2022-10-29,14:00,18:00,100,종로|남대문,남대문경찰서 → 청계광장,남대문로 5가,1,0
2022-10-29,15:00,17:00,50,남대문,한화본사 ⇄ 명동성당,장교동,0,0
2022-10-30,12:00,14:00,60,서초,서초3차 e편한세상 정문 앞 인도,서초동,0,0
2022-10-30,15:00,18:00,500,종로,교보빌딩 앞,세종대로,0,0
2022-10-30,15:00,17:30,8000,남대문|용산,삼각지파출소 → 서울역 12出,용산동,1,0
2022-10-30,14:00,16:00,300,남대문,정동분수대 ⇄ 시청,정동,0,0
2022-10-30,15:00,17:30,100,용산,전쟁기념관 앞 인도,용산동,0,0
2022-10-31,14:00,15:00,300,영등포,민주당사 앞,여의도동,0,0
2022-10-31,06:00,16:00,1000,강동,자원순환센터 공사현장 2게이트 좌측,고덕동,0,0
2022-10-31,10:00,13:00,100,영등포,더민주당사 앞,여의도,0,0
2022-10-31,14:00,15:30,300,용산,삼각지파출소 앞,한강로1가,0,0
2022-10-31,16:00,17:30,200,영등포,국회 앞 또는 국민의힘 당사 앞,여의도동,0,0
2022-10-31,10:00,12:00,60,성북,성신여대입구역 3出 → 성북구청,동선동,1,0
2022-11-01,06:00,16:00,1000,강동,자원순환센터 공사현장 2게이트 좌측,고덕동,0,0
2022-11-02,12:00,13:00,200,종로,연합뉴스 앞 인도,수송동,0,0
2022-11-03,11:00,13:00,100,용산,전쟁기념관 ⇄ 미8군 4게이트,용산동,0,0
2022-11-04,11:00,16:00,100,강남,논현동 35-14 앞 인도,논현동,0,0
2022-11-04,13:00,15:00,500,서부,은평구청 정문 ⇄ 구청 후문,녹번동,0,0
2022-11-05,14:00,15:30,100,용산,이태원역 4出 → 전쟁기념관,이태원동 등,1,0
2022-11-05,16:00,20:30,5000,용산,대우월드마크 앞 3개차로,한강로3가,0,1
2022-11-05,16:00,20:30,2000,용산,삼각지역 11出 앞,한강로1가,0,0
2022-11-05,17:00,19:00,50000,남대문,숭례문로터리∼태평로터리 하위 3차로,세종대로,0,1
2022-11-05,14:00,17:00,2000,종로|남대문,대한문 ⇄ 숭례문로터리,세종대로 등,0,0
2022-11-05,18:00,19:30,1000,남대문,프리미어플레이스 앞,무교동,0,0
2022-11-05,17:00,19:00,100,용산,이태원역 4出 → 전쟁기념관,이태원동 등,1,0
2022-11-06,23:00,00:00,500,마포,마포 자원회수시설 앞,상암동,0,0
2022-11-06,07:00,14:00,120,은평,은광교회 앞 등 6개소,불광동,0,0
2022-11-06,15:00,18:00,800,종로,교보빌딩 앞,세종대로,0,0
2022-11-06,10:00,13:00,80,영등포,대림역 10出 → 관악농협 대림점 → 대림역 10出,대림동,1,0
2022-11-07,08:00,12:00,200,광진,보림토건 앞 인도,광장동,0,0
2022-11-07,11:00,16:00,100,강남,논현동 35-14 앞 인도,논현동,0,0
2022-11-08,10:00,13:00,50,용산,이태원로55길 132 앞,한남동,0,0
2022-11-08,11:00,16:00,100,강남,논현동 35-14 앞,논현동,0,0
2022-11-08,11:30,15:00,300,영등포,국민은행 서관 앞,여의도,0,0
2022-11-08,14:00,17:00,500,용산,삼각지파출소 앞,한강로1가,0,0
2022-11-08,11:00,12:00,1000,영등포,이룸센터 앞,여의도동,0,0
2022-11-08,13:00,15:30,400,영등포,이룸센터 앞,여의도동,0,0
2022-11-09,10:00,13:00,50,용산,이태원로 55길 132 앞,한남동,0,0
2022-11-09,13:00,16:00,250,종로|남대문,파이낸스빌딩 → 서울고용청,,1,0
2022-11-09,14:00,17:00,100,영등포,,문래동,0,0
2022-11-09,09:00,11:00,99,중부,중구청 ⇄ 을지트윈타워,예관동 등,0,0
2022-11-09,17:00,20:00,200,용산,전쟁기념관 앞,용산동,0,0
2022-11-09,12:00,13:00,200,종로,테라로사 앞 1개차로,수송동,0,1
2022-11-09,12:00,13:00,100,종로,소녀상 앞,수송동,0,0
2022-11-09,13:00,13:30,50,종로,연합뉴스 → 외교부,수송동,1,0
2022-11-09,11:00,12:30,300,영등포,국민의힘 앞,여의도동,0,0
2022-11-09,14:30,15:30,300,서초,삼성화재 앞,서초동,0,0
2022-11-09,10:30,16:00,50,종로|남대문,조계사 앞 → 남대문경찰서,인사동,1,0
2022-11-09,11:00,14:00,500,서부,은평구청 정문 ⇄ 구청 후문,녹번동,0,0
2022-11-10,14:00,16:30,1000,종로,동화면세점 → 보신각,세종대로 등,1,0
2022-11-10,08:00,12:00,690,종로,현대엔지니어링 정문 및 서문 인도,계동,0,0
2022-11-10,13:00,17:00,690,영등포,전경련 앞,여의도동,0,0
2022-11-10,11:00,13:00,499,종로,SK서린빌딩 앞 인도 및 1개차로,서린동,0,1
2022-11-10,18:50,21:00,100,서초|수서,SPC스퀘어 → SPC 본사,양재동,1,0
2022-11-10,17:00,18:00,300,남대문,시청동편 인도,태평로 1가,0,0
2022-11-10,15:30,17:20,499,서대문,세브란스 암병동 천막 농성장 앞,신촌동,0,0
2022-11-10,08:10,08:50,99,영등포,동아빌딩 앞,여의도동,0,0
2022-11-10,10:00,11:30,300,서초,성모병원 정문 좌측 성모광장內,반포동,0,0
2022-11-10,17:00,20:00,200,용산,전쟁기념관 앞,용산동,0,0
2022-11-10,11:00,13:00,200,종로,서울시교육청 앞,신문로2가,0,0
2022-11-10,14:00,16:00,200,남대문,시의회 ⇄ 대한문 / 시의회 별관 앞,정동,0,0
2022-11-10,13:00,17:00,50,송파,송파구민회관 앞,삼전동,0,0
2022-11-11,14:00,16:00,1000,영등포,여의도CCMM빌딩 → 국민은행 서관,여의도동,1,0
2022-11-11,11:00,12:00,200,영등포,이레빌딩 앞 인도,양평동,0,0
2022-11-11,10:30,11:40,200,강남,성원빌딩 앞 인도,삼성동,0,0
2022-11-11,11:00,12:00,100,영등포,전경련 앞 인도,여의도동,0,0
2022-11-11,11:00,12:00,90,남대문,서울고용청 앞 인도,장교동,0,0
2022-11-11,11:00,12:00,100,서초,제니엘 빌딩 앞 인도,서초동,0,0
2022-11-11,12:00,13:00,200,남대문,T타워 앞 인도,소공동,0,0
2022-11-11,12:00,13:00,99,수서,오로라빌딩 앞 인도,대치동,0,0
2022-11-11,14:00,16:00,300,남대문|영등포,산업은행 앞 / 한화빌딩 앞,여의도동 등,0,0
2022-11-11,15:00,21:00,500,영등포,전경련 앞 / 국민의 힘 당사 앞 / 산업은행 앞,여의도동 등,0,0
2022-11-11,11:00,14:00,50,용산,이태원로 55길 132 앞,한남동,0,0
2022-11-11,14:00,17:00,200,용산,전쟁기념관 앞,용산동,0,0
2022-11-11,11:30,13:00,100,서초,정곡빌딩 남관 앞,서초동,0,0
2022-11-12,15:00,17:00,25000,남대문,세종대로 일대,,0,0
2022-11-12,13:30,14:30,20000,남대문,태평R∼숭례문R,세종대로,0,0
2022-11-12,13:30,14:30,20000,종로|남대문,을지로2가 → 서울시청 뒤편,을지로2가 등,1,0
2022-11-12,14:00,14:30,5000,남대문,정동로터리 → 서울시청,,1,0
2022-11-12,13:00,14:30,5000,남대문,서울역12出 → 서울시청 동편,,1,0
2022-11-12,13:00,14:30,1500,남대문,무교R∼모전교,무교동,0,0
2022-11-12,13:00,14:30,1500,남대문,한빛광장,장교동,0,0
2022-11-12,13:00,14:30,1500,남대문,서울고용노동청,장교동,1,0
2022-11-12,13:30,14:30,5000,남대문,,을지로1가 등,0,0
2022-11-12,12:30,14:30,2000,남대문,신한은행 본점,태평로 2가,0,0
2022-11-12,13:00,14:30,1500,남대문,서울역 광장 → 숭례문,동자동 등,1,0
2022-11-12,13:30,14:30,550,남대문,농협중앙회 → 서울시청,,1,0
2022-11-12,13:30,,1200,남대문,베를린광장 → 대한문,장교동 등,1,0
2022-11-12,13:00,14:30,1000,종로,보신각 → 동아일보,관철동 등,1,0
2022-11-12,13:00,14:30,1500,종로,우정국로 → 대한문,정동 등,1,0
2022-11-12,13:00,14:30,300,종로|남대문,서울시교육청 → 정동R,신문로2가 등,1,0
2022-11-12,12:30,14:30,80,영등포|마포,여의도 현대카드 → 서울시청,,1,0
2022-11-12,12:00,14:30,500,마포,한국체인스토어협회,창전동,0,0
2022-11-12,09:00,10:00,500,영등포,산업은행 측면,여의도동,0,0
2022-11-12,16:00,19:00,7000,용산,삼각지역 10出∼청룡빌딩 하위 3차로,한강로1가 등,0,1
2022-11-12,16:00,19:00,7000,용산,삼각지역 11出 앞,한강로1가,0,1
2022-11-12,17:00,19:00,100000,용산,,한강로1가 등,0,0
2022-11-12,17:30,19:00,25000,남대문,태평로터리∼숭례문로터리 진방 전차로,세종대로,0,1
2022-11-12,14:00,17:00,2000,남대문,환구단 앞,소공동,0,0
2022-11-12,17:00,20:00,1000,종로|남대문|영등포,국민은행 서관 →더민주당사,여의도,1,0
2022-11-12,15:00,18:00,100,용산,광화문역 2出 → 삼각지파출소,세종대로 등,1,0
2022-11-12,14:00,17:00,10000,종로,동화면세점∼원표공원,세종대로,0,0
2022-11-13,16:00,18:00,100,종로,동화면세점 앞,세종대로,0,0
2022-11-13,12:00,18:00,1000,서대문,서대문구청 앞,연희동,0,0
2022-11-13,12:00,14:00,300,남대문,정동분수대 ⇄ 숭례문,정동,0,0
2022-11-13,15:00,18:00,800,종로,교보빌딩 앞,세종대로,0,0
2022-11-14,11:00,14:00,50,용산,이태원로 55길 132,한남동,0,0
2022-11-14,12:00,13:00,300,수서,포스코센터 앞,개포동,0,0
2022-11-14,11:00,13:00,100,영등포,더민주당사 앞,여의도,0,0
2022-11-14,19:00,20:30,300,남대문,파이낸스빌딩 앞,세종대로,0,0
2022-11-15,11:00,12:00,100,용산,전쟁기념관 앞 인도,용산동,0,0
2022-11-15,14:00,18:00,1000,용산,철도공단 앞 하위 2개차로,청파동,0,1
2022-11-15,11:00,11:30,100,영등포,국회 앞 인도,여의도동,0,0
2022-11-15,13:00,15:00,100,종로,SK빌딩 앞,서린동,0,0
2022-11-15,09:00,10:00,100,남대문,시의회 별관 / 서소문 본관,,0,0
2022-11-15,13:00,14:00,0,,,서소문동,0,0
2022-11-15,11:50,12:30,70,남대문,,충무로 1가,0,0
2022-11-15,12:00,15:00,400,강남,다우케미칼 본사 앞 2개차로,삼성동,0,1
2022-11-15,09:00,11:00,200,영등포,국회 앞 등 3개소,여의도,0,0
2022-11-15,11:00,12:30,1000,영등포,이룸센터 앞 인도,여의도동,0,0
2022-11-15,14:00,15:00,200,남대문,시청 동편 인도,태평로 1가,0,0
2022-11-15,09:30,10:30,600,서초,정곡빌딩 ∼ 서초대가 앞,서초동,0,0
2022-11-16,14:00,17:00,300,남대문,시청 동편 인도,태평로 1가,0,0
2022-11-16,12:00,13:00,500,종로,테라로사 앞 1개차로,수송동,0,1
2022-11-16,14:00,16:30,10000,영등포,의사당역 3出 → ①국민의힘 ②산림비전센터,여의도동,1,0
2022-11-16,11:00,13:00,500,영등포,국민의힘 / 금산빌딩 / 현대캐피탈 앞,여의도동,0,0
2022-11-16,10:00,12:00,80,용산,전쟁기념관 → 용산구청,용산동,1,0
2022-11-17,11:30,12:30,100,남대문,상공회의소 앞 인도,서소문동,0,0
2022-11-18,11:00,13:00,100,수서,자곡사거리 더스마티움 앞,자곡동,0,0
2022-11-18,11:00,14:00,150,종로,GS건설 앞,청진동,0,0
2022-11-18,14:00,17:00,2000,남대문|용산,서울역 12출→삼각지PB,용산동,1,0
2022-11-18,17:00,19:00,100,광진,광진경찰서 앞,자양동,0,0
2022-11-18,19:00,20:00,300,남대문,시청 동편인도,태평로 1가,0,0
2022-11-19,14:00,18:00,300,남대문|용산,서울역 → 전쟁기념관,용산동 등,1,0
2022-11-19,17:00,20:30,7000,용산,대우월드마크∼삼각지역 10出 진방 3차로,한강로1가 등,0,1
2022-11-19,16:00,20:30,10000,남대문|용산,숭례문∼태평로터리 진방 전차로 → 삼각지파출소,세종대로 등,1,1
2022-11-19,14:00,17:00,2000,남대문|용산,대한문 ⇄ 숭례문,세종대로 등,0,0
2022-11-19,17:00,19:30,1000,영등포,국민은행 서관 → 더민주당사,여의도,1,0
2022-11-19,17:00,18:30,50,용산,이태원광장,이태원동,0,0
2022-11-19,15:00,17:00,100,종로|남대문,광화문KT →태평로터리,세종대로,1,0
2022-11-19,14:00,20:00,38000,종로|남대문,동화면세점 ∼ 서울시의회,세종대로,0,0
2022-11-19,15:00,17:00,100,용산,한남동 1-304 앞 ⇄ 이집트대사관,한남동,0,0
2022-11-20,14:00,19:00,200,용산,이태원광장 내 ⇄ 전쟁기념관 서문,이태원동,0,0
2022-11-20,15:00,18:00,800,종로,교보빌딩 앞,세종대로,0,0
2022-11-20,15:00,17:00,100,용산,한남동 1-304 앞 ⇄ 이집트대사관,한남동,0,0
2022-11-20,15:30,18:00,150,용산,청화아파트 앞,동빙고동,0,0
2022-11-20,11:00,16:00,70,종로,청와대 분수대 ⇄ 청와대 춘추문,효자동,0,0
2022-11-21,11:00,13:00,150,영등포,더민주당사 앞,여의도,0,0
2022-11-21,14:00,17:00,35000,영등포,국민은행 서관∼산업은행 일대,여의도동,0,0
2022-11-21,10:00,11:30,100,마포,마포구청 앞,성산동,0,0
2022-11-21,15:00,17:00,100,용산,한남동 1-304 앞 ⇄ 이집트대사관,한남동,0,0
2022-11-22,10:00,11:00,18000,남대문,숭례문로터리∼태평로터리,세종대로,0,0
2022-11-22,13:30,15:00,40000,영등포,여의대로 → 의사당역 2·5出,여의도,1,0
2022-11-22,07:00,08:00,1000,서대문,홍은동 11-111 앞,홍은동,0,0
2022-11-22,06:30,09:00,1000,영등포,신풍역 청년주택 2게이트 앞,신길동,0,0
2022-11-22,11:00,13:00,1000,영등포,의사당역 5出 → 與野 당사,여의도,1,0
2022-11-22,14:00,15:40,1000,영등포,의사당역 5出 ⇆ 與野 당사,여의도,1,0
2022-11-22,13:00,14:00,500,영등포,더불어민주당 → 국회의사당역 4出,여의도,1,0
2022-11-22,15:00,17:00,200,용산,한남동 1-304 앞 ⇄ 이집트대사관,한남동,0,0
2022-11-22,05:30,18:00,50,용산,한남동 1-304 앞,한남동,0,0
2022-11-22,11:00,12:30,1000,영등포,이룸센터 앞,여의도동,0,0
2022-11-23,14:30,16:00,1200,종로|혜화,마로니에공원 → 종로3가,동숭동 등,1,0
2022-11-23,14:00,16:30,50,남대문|용산,서울시청 → 전쟁기념관,태평로 1가 등,1,0
2022-11-23,19:00,20:00,100,영등포,국회 앞 인도,여의도동,0,0
2022-11-23,12:00,13:00,200,종로,테라로사 건너편 인도 및 1개차로,수송동,0,1
2022-11-23,14:00,17:00,1000,종로|남대문,대한문⇄ 을지로입구사거리,정동 등,0,0
2022-11-23,10:00,12:00,200,용산,한남동 유엔빌리지 ⇄ 이집트대사관,한남동,0,0
2022-11-23,05:30,18:00,50,용산,한남동 유엔빌리지,한남동,0,0
2022-11-23,11:00,12:30,500,영등포,국민의힘 당사 → 현대캐피탈,여의도동,1,0
2022-11-23,19:30,21:00,100,종로,광화문광장內,세종대로,0,0
2022-11-24,10:30,13:30,800,관악|동작,보라매병원역 1出 → 메디Q의원,신대방동,1,0
2022-11-24,14:30,16:00,800,용산,전쟁기념관 앞 인도,용산동,0,0
2022-11-24,14:30,16:00,200,남대문,시청 동편 인도,태평로 1가,0,0
2022-11-24,13:30,15:30,150,용산,푸르지오써밋 오피스텔 앞,한강로 2가,0,0
2022-11-24,17:00,18:00,300,남대문,시청동편 인도,태평로 1가,0,0
2022-11-24,14:00,15:30,300,서초,삼성화재 앞,서초동,0,0
2022-11-24,10:00,12:00,200,용산,한남동 1-304 앞 ⇄ 이집트대사관,한남동,0,0
2022-11-24,05:30,18:00,50,용산,한남동 1-304 앞,한남동,0,0
2022-11-24,10:30,13:00,50,용산,용산구청 앞,이태원동,0,0
2022-11-25,10:00,11:00,1500,종로,시교육청 앞,신문로 2가,0,0
2022-11-25,14:00,15:30,500,종로,시교육청 앞,신문로 2가,0,0
2022-11-25,13:00,14:00,45000,영등포,여의공원 10∼11門,여의도동,0,0
2022-11-25,13:00,14:00,15000,영등포,여의공원 12∼2門,여의도동,0,0
2022-11-25,13:00,14:00,2000,영등포,CCMM빌딩 → 여의대로,여의도동,1,0
2022-11-25,13:00,14:00,700,영등포,민주당사 → 여의대로,여의도동,1,0
2022-11-25,14:30,16:00,45000,영등포,마포대교 남단 ∼ 여의공원 11門,여의도동,0,0
2022-11-25,14:30,16:00,45000,영등포,여의대로 → 국민은행 서관,여의도동,1,0
2022-11-25,17:00,17:30,15000,영등포,마포대교 남단 ∼ 여의공원 11門,여의도동,0,0
2022-11-25,17:00,17:30,15000,영등포,여의공원 12∼2門,여의도동,0,0
2022-11-25,19:00,21:00,200,중부,신당역 10出,신당동,0,0
2022-11-25,16:00,19:00,300,용산,전쟁기념관 ⇄ 용산역광장,용산동 등,0,0
2022-11-25,18:30,20:00,100,광진,광진경찰서 앞,구의동,0,0
2022-11-25,16:00,17:00,50,남대문,조선일보 미술관 앞 인도,정동,0,0
2022-11-25,10:00,12:00,200,용산,한남동 1-304 앞 ⇄ 이집트대사관,한남동,0,0
2022-11-25,14:00,17:00,50,은평,갈현동 390-1 앞,갈현동,0,0
2022-11-25,14:00,17:00,200,용산,전쟁기념관 → 용산역 → 삼각지역 1出,용산동,1,0
2022-11-26,15:00,16:00,300,종로|남대문,보신각 → 시청역 7出,관철동,1,0
2022-11-26,15:00,17:20,150,남대문,세종호텔 → 명동역 6出,충무로 2가,1,0
2022-11-26,18:00,20:00,150,남대문,명동역 6出,명동,0,0
2022-11-26,15:00,16:00,100,용산,이태원역 4出 → 전쟁기념관 앞,이태원동 등,1,0
2022-11-26,17:00,20:00,10000,용산,대우월드마크∼삼각지역 10出 진방 3개차로 ⇄ 신용산역,한강로1가 등,0,1
2022-11-26,17:00,19:00,50,용산,이태원 광장,이태원동,0,0
2022-11-26,16:00,20:00,50000,종로|남대문,태평로터리∼숭례문로터리 진방 全차로 ⇄ 안국로터리,태평로2가 등,0,1
2022-11-26,12:30,14:30,50000,남대문|용산,삼각지파출소∼전쟁기념관 북문 3개차로 → 서울역 12出,한강로1가 등,1,1
2022-11-26,14:30,17:00,2000,남대문|용산,서울역 12出 → 무교로터리∼개풍로터리 3개차로,동자동 등,1,1
2022-11-26,14:00,17:00,499,종로|남대문,대한문 ⇄ 종각,정동 등,0,0
2022-11-26,17:00,19:30,1000,영등포,국민은행 서관 → 더민주당사,여의도동,1,0
2022-11-26,14:00,17:00,10000,종로,동화면세점∼원표공원,세종대로,0,0
2022-11-26,13:00,15:00,100,종로,열린송현광장 → 청계광장,송현동,1,0
2022-11-26,15:00,17:00,100,용산,삼각지파출소 앞,송현동,0,0
2022-11-26,15:00,16:30,200,용산,한남동 1-304 앞 ⇄ 이집트대사관,한남동,0,0
2022-11-26,05:30,18:00,50,용산,한남동 1-304 앞,한남동,0,0
2022-11-26,10:00,12:00,200,노원,공릉근린공원 ⇄ 육사 야구장,공릉동,0,0
2022-11-27,14:00,17:00,35000,영등포,국민은행 서관 ⇄ 민주당사,여의도동,0,0
2022-11-27,14:00,16:00,100,종로,광화문광장 내,세종대로,0,0
2022-11-27,15:00,18:00,800,종로,교보빌딩 앞,세종대로,0,0
2022-11-27,15:00,16:30,200,용산,한남동 1-304 앞 ⇄ 이집트대사관,한남동,0,0
2022-11-27,05:30,18:00,50,용산,한남동 1-304 앞,한남동,0,0
2022-11-27,11:00,15:00,80,종로,청와대 분수대 ⇄ 청와대 춘추문,효자동,0,0
2022-11-28,14:00,17:00,1000,용산,서울역 → 푸르지오써밋,동자동 등,1,0
2022-11-28,11:30,13:00,50,마포,SBS프리즘타워 앞 인도,상암동,0,0
2022-11-28,17:00,18:00,100,중부,남산스퀘어 앞,충무로3가,0,0
2022-11-28,10:00,12:00,200,용산,한남동 1-304 앞 ⇄ 이집트대사관,한남동,0,0
2022-11-28,05:30,18:00,50,용산,한남동 1-304 앞,한남동,0,0
2022-11-29,19:00,20:30,700,용산,삼각지파출소 ∼ 바로크미술관,용산동,0,0
2022-11-29,12:30,13:00,3000,영등포,산업은행 측면,여의도동,0,0
2022-11-29,12:30,16:00,3000,영등포,산업은행 측면 → 與野 당사,여의도동,1,0
2022-11-29,18:30,19:30,100,영등포,국회 앞,여의도동,0,0
2022-11-29,00:00,23:59,100,영등포,국회 앞 / 국민은행 서관 / 산업은행 측면,여의도동,0,0
2022-11-29,11:00,12:30,1000,영등포,이룸센터 앞,여의도동,0,0
2022-11-29,10:00,12:00,200,용산,한남동 1-304 앞 ⇄ 이집트대사관,한남동,0,0
2022-11-29,05:30,18:00,50,용산,한남동 1-304 앞,한남동,0,0
2022-11-30,15:00,17:00,1000,남대문,시청 서편 2개차로,태평로 1가,0,1
2022-11-30,10:00,12:00,6000,남대문,서울광장 서편 전차로,,0,1
2022-11-30,14:00,16:00,100,영등포,국회 정출 → 현대캐피탈,여의도동,1,0
2022-11-30,14:00,16:00,100,영등포,국회2문 → 현대캐피탈,여의도동,1,0
2022-11-30,17:00,19:00,300,강북,강북구청 앞 소녀상 주변,수유동,0,0
2022-11-30,20:00,23:00,99,중부,을지OB베어 ⇄ 만선호프,충무로2가,0,0
2022-11-30,18:30,19:30,100,영등포,국회 앞,여의도동,0,0
2022-11-30,00:00,23:59,100,영등포,국회 앞 / 국민은행 서관 / 산업은행 측면,여의도동,0,0
2022-11-30,15:00,18:00,500,영등포,전경련 앞 / 與野 당사,여의도동,0,0
2022-11-30,14:00,17:00,300,서초,서울중앙지검 서문 앞 인도 및 1개차로,서초동,0,1
2022-11-30,12:00,13:00,200,종로,테라로사 건너편 인도 및 1개차로,수송동,0,1
2022-11-30,10:30,11:30,500,용산,전쟁기념관 앞,용산동,0,0
2022-11-30,12:00,13:00,500,영등포,국민의힘 앞 → 현대캐피탈,여의도동,1,0
2022-11-30,10:00,12:00,200,용산,한남동 1-304 앞 ⇄ 이집트대사관,한남동,0,0
2022-11-30,05:30,18:00,50,용산,한남동 1-304 앞,한남동,0,0
2022-11-30,11:00,13:00,150,남대문,시청 정문 앞,태평로1가,0,0
2022-11-30,19:00,22:00,100,마포,걷고싶은거리 광장무대,서교동,0,0
2022-12-01,14:00,15:00,200,영등포,국민은행 서관 앞,여의도동,0,0
2022-12-01,15:00,17:00,15000,용산,용산우체국 ∼ 삼각지역 1出,용산동,0,0
2022-12-01,17:30,19:00,300,용산,전쟁기념관 앞 인도,용산동,0,0
2022-12-01,13:00,14:00,1000,남대문|용산,서울역광장 → 삼각지역 1出,동자동 등,1,0
2022-12-01,11:00,12:00,300,용산,푸르지오써밋 앞,한강로2가,0,0
2022-12-01,14:00,17:00,300,서초,양재역 9․10出 → 현대․기아차본사 앞,양재동,1,0
2022-12-01,11:30,12:30,200,중부,신한카드 본사 앞,을지로 2가,0,0
2022-12-01,18:30,19:30,100,영등포,국회 앞 인도,여의도동,0,0
2022-12-01,13:00,16:00,200,강남,현대약품빌딩 앞 인도,논현동,0,0
2022-12-01,10:00,11:00,200,용산,전쟁기념관 앞,용산동,0,0
2022-12-01,14:00,17:30,1000,영등포,이룸센터 앞,여의도동,0,0
2022-12-01,15:00,17:30,500,용산,전쟁기념관 → 서울역 12出,용산동,1,0
2022-12-01,05:30,18:00,50,용산,한남동 1-304 앞,한남동,0,0
2022-12-02,14:00,16:00,6000,용산,칠패로 초입 ∼서울역 3出,동자동 등,0,0
2022-12-02,18:30,19:30,100,영등포,국회 앞 인도,여의도동,0,0
2022-12-02,14:00,17:00,100,수서,업비트 본사 앞,역삼동,0,0
2022-12-02,16:00,20:00,300,용산,전쟁기념관 ⇄ 용산역광장,용산동 등,0,0
2022-12-02,10:00,12:00,300,용산,삼각지역 9出 → 이태원역,한강로1가,1,0
2022-12-03,12:00,14:00,300,영등포,국민의힘 당사 앞,여의도동,0,0
2022-12-03,14:00,14:30,35000,영등포,여의대로 → 의사당대로,여의도동,1,0
2022-12-03,14:30,15:00,10000,영등포,의사당대로,여의도동,0,0
2022-12-03,11:00,12:00,500,남대문,연세빌딩 앞 인도,남대문로 5가,0,0
2022-12-03,17:00,20:00,1500,용산,삼각지역 11出 앞 3개차로,한강로1가,0,1
2022-12-03,12:00,13:00,3000,남대문|용산,서울역 12出 → 파이낸스빌딩,동자동 등,1,0
2022-12-03,15:00,17:00,25000,영등포,의사당대로 양방 전차로 → ①민주당 / ②국민의힘,여의도,1,1
2022-12-03,17:00,19:00,100,용산,전쟁기념관 → 이태원역 1出,용산동 등,1,0
2022-12-03,16:00,19:00,100000,종로|남대문,숭례문∼태평로터리 ⇄ 종로1가,세종대로 등,0,0
2022-12-03,14:00,19:00,200,남대문,부영빌딩 앞,세종대로,0,0
2022-12-03,14:00,17:00,1000,종로|남대문,대한문 ⇄ 한국은행사거리,세종대로 등,0,0
2022-12-03,14:00,17:00,2000,종로|남대문,서울시의회 ⇄ 한국은행사거리,세종대로 등,0,0
2022-12-03,16:00,19:00,1000,서초,서울중앙지검 서문 ⇄ 교대역,서초동,0,0
2022-12-03,13:00,14:45,50000,남대문,롯데백화점 앞,소공동,0,0
2022-12-03,13:00,18:00,10000,종로,동화면세점 ∼ 원표공원,세종대로,0,0
2022-12-03,13:00,15:00,3000,영등포,수출입은행 → 의사당대로,여의도동,1,0
2022-12-03,13:30,15:00,1000,영등포,산업은행,여의도동,0,0
2022-12-03,14:00,16:00,700,남대문|용산,서울역 광장 → 국민은행 남영점,봉래동,1,0
2022-12-03,05:30,18:00,50,용산,한남동 1-304 앞,한남동,0,0
2022-12-04,11:00,14:00,10000,종로,동화면세점∼원표공원,세종대로,0,0
2022-12-04,14:00,15:00,1500,종로,청계북로 인도 및 1개차로,세종대로,0,1
2022-12-04,15:00,18:00,500,종로,보신각 ⇄ 광화문사거리,세종대로,0,0
2022-12-04,15:00,18:00,800,종로,교보빌딩 앞,세종대로,0,0
2022-12-04,15:00,16:30,200,용산,한남동 1-304 앞 ⇄ 이집트대사관,한남동,0,0
2022-12-04,05:30,18:00,50,용산,한남동 1-304 앞,한남동,0,0
2022-12-04,15:30,18:00,50,용산,행복나눔재단 앞,동빙고동,0,0
2022-12-05,10:00,11:00,200,종로,정부서울청사 후문 인도 및 1개차로,세종대로,0,1
2022-12-05,08:00,10:00,300,남대문,대한통운 본사 앞,서소문동,0,0
2022-12-05,13:00,13:30,100,영등포,국회 앞,여의도,0,0
2022-12-05,05:30,18:00,50,용산,한남동 1-304 앞,한남동,0,0
2022-12-06,10:30,11:30,100,용산,전쟁기념관 앞 인도,용산동,0,0
2022-12-06,10:00,17:00,499,남대문,연세빌딩 (현대오일뱅크) 앞,남대문로 5가,0,0
2022-12-06,10:00,15:00,499,강남,GS타워 앞,역삼동,0,0
2022-12-06,08:00,10:00,300,남대문,대한통운 본사 앞,서소문동,0,0
2022-12-06,15:00,20:00,500,영등포,전경련 → 국민은행,여의도동,1,0
2022-12-06,05:30,18:00,50,용산,한남동 1-304 앞,한남동,0,0
2022-12-07,10:30,17:00,499,종로,SK서린빌딩 앞,서린동,0,0
2022-12-07,10:00,17:00,499,남대문,연세빌딩(현대오일뱅크) 앞,남대문로 5가,0,0
2022-12-07,10:00,15:00,499,강남,GS타워 앞,역삼동,0,0
2022-12-07,09:30,10:00,200,강북,강북구청 ⇄ 강북문화예술회관,수유동,0,0
2022-12-07,06:00,17:00,1000,강동,성대동 459-3 주상복합 신축 공사현장 앞,성내동,0,0
2022-12-07,11:00,12:00,299,강서,KG빌딩 앞 인도,마곡동,0,0
2022-12-07,12:00,13:00,200,종로,테라로사 건너편 인도 및 1개차로,수송동,0,1
2022-12-07,05:30,18:00,50,용산,한남동 1-304 앞,한남동,0,0
2022-12-07,11:00,12:30,500,영등포,국민의힘 → 현대캐피탈,여의도동,1,0
2022-12-07,14:00,16:00,100,영등포,국회의사당역 1出 ⇄ 여야당사,여의도동,0,0
2022-12-07,13:00,17:00,200,영등포,국회 앞,여의도동,0,0
2022-12-08,09:00,16:00,499,종로,SK서린빌딩 앞,서린동,0,0
2022-12-08,10:00,15:00,499,강남,GS타워 앞,역삼동,0,0
2022-12-08,12:00,13:00,300,서초,현대차 본사 좌측 인도 및 하위 2개차로,양재동,0,1
2022-12-08,14:00,15:00,100,남대문,명동성당 → 시청 동편,명동,1,0
2022-12-08,06:00,17:00,1000,강동,성대동 459-3 주상복합 신축 공사현장 앞,성내동,0,0
2022-12-08,06:00,16:00,100,동대문,이문1구역 1․5․6G / 이문3구역 7G 앞 인도,이문동,0,0
2022-12-08,14:00,18:00,300,강남|수서,강남파이낸스센터 ⇄ 강남역,역삼동 등,0,0
2022-12-08,14:00,15:30,250,서초,삼성화재 앞 인도 및 2개차로,서초동,0,1
2022-12-08,05:30,18:00,50,용산,한남동 1-304 앞,한남동,0,0
2022-12-08,13:00,18:00,300,강남,역삼역 2出 앞 ⇄ 강남역,,0,0
2022-12-09,09:00,12:00,300,남대문,서울중앙우체국 앞 인도,충무로1가,0,0
2022-12-09,10:00,17:00,499,남대문,연세빌딩(현대오일뱅크) 앞,남대문로 5가,0,0
2022-12-09,06:00,17:00,1000,강동,성대동 459-3 주상복합 신축 공사현장 앞,성내동,0,0
2022-12-09,12:00,14:00,300,마포,망원역 1出 앞,망원동,0,0
2022-12-09,17:00,18:00,300,마포,마포경찰서 앞,아현동,0,0
2022-12-09,05:30,18:00,50,용산,한남동 1-304 앞,한남동,0,0
2022-12-09,19:00,15:00,50,서초,서초구청 정문 좌측,양재동,0,0
2022-12-10,16:30,19:00,1000,종로,보신각 → 세종문화회관,관철동 등,1,0
2022-12-10,15:00,16:00,1000,영등포,산업은행 측면 → 與野 당사,여의도동,1,0
2022-12-10,06:00,17:00,1000,강동,성대동 459-3 주상복합 신축 공사현장 앞,성내동,0,0
2022-12-10,16:30,19:30,800,용산,삼각지역 1出 앞 → 서울역 12出,한강로1가 등,1,0
2022-12-10,18:00,19:30,100,용산,전쟁기념관 앞,용산동,0,0
2022-12-10,16:00,19:30,100000,종로|남대문,태평R∼숭례문로터리 ⇄ 종로1가,세종대로 등,0,0
2022-12-10,14:00,19:30,200,남대문,시청역 7出 앞 인도 및 2개차로,,0,1
2022-12-10,13:00,17:00,2000,종로|남대문,대한문 ⇄ 한국은행,세종대로 등,0,0
2022-12-10,13:00,17:00,300,종로|남대문,서울시의회 ⇄ 한국은행,세종대로 등,0,0
2022-12-10,16:00,19:00,1000,서초,서울중앙지검 서문 ⇄ 교대역,서초동,0,0
2022-12-10,14:00,17:00,10000,종로,동화면세점∼원표공원,세종대로,0,0
2022-12-10,14:00,17:00,100,종로,열린송현광장 → 종로2가 → 청계광장,송현동,1,0
2022-12-10,15:00,16:00,300,용산,전쟁기념관 앞,용산동,0,0
2022-12-10,05:30,18:00,50,용산,한남동 1-304 앞,한남동,0,0
2022-12-10,12:00,15:00,50,서대문,스위스 그랜드호텔 앞,홍은동,0,0
2022-12-10,05:00,06:30,150,종로,보신각 앞,세종대로,0,0
2022-12-11,15:00,17:00,800,종로,교보빌딩 앞,세종대로,0,0
2022-12-11,14:00,16:00,300,남대문,정동분수대 ⇄ 서울시청,정동,0,0
2022-12-11,05:30,18:00,50,용산,한남동 1-304 앞,한남동,0,0
2022-12-11,15:30,17:30,50,용산,행복나눔재단 앞,동빙고동,0,0
2022-12-12,14:00,15:00,100,남대문,명동성당 → 시청 동편,명동,1,0
2022-12-12,14:00,17:00,400,마포,LG헬로비전 본사 건너편 인도,상암동,0,0
2022-12-12,14:00,17:00,70,강북,삼양교통 건너편 인도,수유동,0,0
2022-12-12,06:00,17:00,1000,강동,성대동 459-3 주상복합 신축 공사현장 앞,성내동,0,0
2022-12-12,12:00,17:00,90,강서,한국도레이RnD센터 정문 앞 인도,마곡동,0,0
2022-12-12,05:30,18:00,50,용산,한남동 1-304 앞,한남동,0,0
2022-12-12,12:00,17:00,100,종로,종로구의회 앞,공평동,0,0
2022-12-12,14:00,18:00,100,남대문,서울역광장,봉래동,0,0
2022-12-12,13:00,16:00,100,용산,백범기념관 정문 및 후문 앞,효창동,0,0
2022-12-13,11:00,16:00,300,서초,중앙지검 서문 좌측 인도,서초동,0,0
2022-12-13,14:00,16:00,600,종로,서울시교육청 좌측 인도,신문로2가,0,0
2022-12-13,11:00,13:00,100,성동,마장동 527-6 서울시설공단 앞 인도,마장동,0,0
2022-12-13,06:00,17:00,1000,강동,성대동 459-3 주상복합 신축 공사현장 앞,성내동,0,0
2022-12-13,11:00,12:30,1000,영등포,이룸센터 앞,여의도동,0,0
2022-12-14,12:00,13:00,300,서초,현대차 본사 좌측인도 및 하위 2개차로,양재동,0,1
2022-12-14,11:00,12:30,500,영등포,국민의힘 → 현대캐피탈,여의도동,1,0
2022-12-14,11:00,13:00,50,영등포,금융감독원 앞,여의도동,0,0
2022-12-14,14:00,15:00,300,영등포,국민은행 서관 앞,여의도동,0,0
2022-12-14,13:00,15:00,200,강서,서울에너지공사 앞,마곡동,0,0
2022-12-14,13:30,16:00,50,금천,금천구청 → 마을공간커뮤니티,시흥동,1,0
2022-12-14,19:30,21:30,500,용산,이태원역 1出 앞,이태원동,0,0
2022-12-14,09:00,15:00,50,종로|남대문,조계사 일주문 앞,수송동,0,0
2022-12-15,08:00,11:00,100,송파,잠실엘스 서문 앞 인도,잠실동,0,0
2022-12-15,16:00,17:20,499,서대문,새브란스병원 본관 앞 인도,신촌동,0,0
2022-12-15,14:00,15:30,250,서초,삼성화재 앞 인도 및 2개차로,서초동,0,1
2022-12-15,10:00,14:00,50,종로|남대문,조계사 일주문 → 도시건축전시관 앞,수송동,1,0
2022-12-15,17:00,18:00,300,남대문,서울시청 앞,태평로1가,0,0
2022-12-15,11:00,13:00,1000,혜화,한국기독교총연합회관 앞 인도 및 하위 2개차로,연지동,0,1
2022-12-16,15:00,16:00,50,영등포,국민은행 서관 앞 인도,여의도동,0,0
2022-12-16,16:00,17:20,499,서대문,새브란스병원 본관 앞 인도,신촌동,0,0
2022-12-16,10:00,11:00,500,구로,우설건설 본사 앞,가리봉동,0,0
2022-12-16,18:00,20:00,10000,용산,이태원역 1出 앞 2개차로,이태원동,0,1
2022-12-16,13:30,15:30,200,남대문,서울시의회 본관 앞,태평로1가,0,0
2022-12-16,08:30,15:00,50,용산,국군복지단 앞,용산동,0,0
2022-12-16,14:00,15:00,200,용산,이태원광장 내,이태원동,0,0
2022-12-16,14:00,17:00,50,용산,이태원역 1出 앞,이태원동,0,0
2022-12-17,09:00,17:00,50,동대문,청량리 해링턴플레이스 공사현장 좌우측 인도,용두동,0,0
2022-12-17,14:00,16:00,100,종로,광화문KT → 정부서울청사,세종대로,1,0
2022-12-17,15:00,16:30,10000,용산,삼각지파출소 앞 3개차로,한강로1가,0,1
2022-12-17,16:30,19:00,10000,용산,삼각지역 10出 앞,한강로1가,0,0
2022-12-17,15:00,16:20,30000,남대문|용산,삼각지역 6出 → 숭례문로터리,한강로1가 등,1,0
2022-12-17,16:30,19:00,100000,남대문,태평로터리∼숭례문로터리 진방 全차로,세종대로,0,1
2022-12-17,16:00,19:00,200,남대문,대한문 앞,세종대로,0,0
2022-12-17,14:00,16:30,1000,종로|남대문,대한문 ⇄ 한국은행,세종대로 등,0,0
2022-12-17,14:00,16:30,1000,종로|남대문,도시건축전시관 ⇄ 한국은행,세종대로 등,0,0
2022-12-17,14:30,17:00,1000,서초,서울중앙지검 서문 ⇄ 교대역,서초동,0,0
2022-12-17,12:00,16:00,50,서대문,신촌유플렉스 앞,창천동,0,0
2022-12-17,13:00,19:00,10000,종로|남대문,동화면세점∼코리아나호텔,세종대로,0,0
2022-12-17,14:00,16:00,100,용산,녹사평역 1出 교통섬,이태원동,0,0
2022-12-17,10:00,16:00,70,용산,해밀턴호텔 뒤,이태원동,0,0
2022-12-17,14:00,15:30,8000,용산,삼각지역 10出 ∼ 청룡빌딩,한강로1가,0,0
2022-12-18,15:00,16:30,200,종로|남대문|마포,파이낸스센터 → 민주노총 서울본부,태평로 1가 등,1,0
2022-12-18,14:00,14:40,300,종로|서대문,정부서울청사 후문 앞 인도 및 1개차로,세종대로,0,1
2022-12-18,09:00,17:00,50,동대문,청량리 해링턴플레이스 공사현장 좌우측 인도,용두동,0,0
2022-12-18,15:30,17:30,50,용산,행복나눔재단 앞,동빙고동,0,0
2022-12-18,15:00,17:00,800,종로,교보빌딩 앞,세종대로,0,0
2022-12-19,08:30,,50,영등포,여의도 파크원 빌딩 앞 인도 未定,여의도동,0,0
2022-12-19,09:00,17:00,50,동대문,청량리 해링턴플레이스 공사현장 좌우측 인도,용두동,0,0
2022-12-19,08:00,11:00,100,송파,잠실엘스 서문 앞 인도,잠실동,0,0
2022-12-19,09:00,12:00,200,수서,여성경제인협회 앞 인도,역삼동,0,0
2022-12-19,08:00,16:00,690,강서,롯데건설 3게이트 앞 인도,마곡동,0,0
2022-12-19,14:00,17:00,100,강남|수서,강남파이낸스빌딩 → 정곡빌딩 남관,역삼동 등,1,0
2022-12-19,14:00,16:00,300,서초|수서,강남파이낸스빌딩 앞,역삼동,0,0
2022-12-20,09:00,17:00,50,동대문,청량리 해링턴플레이스 공사현장 좌우측 인도,용두동,0,0
2022-12-20,14:00,18:00,300,종로,교보빌딩 앞,세종대로,0,0
2022-12-21,17:30,18:30,400,종로,市교육청 정문 좌․우측 인도,신문로 2가,0,0
2022-12-21,14:00,15:30,300,종로,덕성여대 종로캠퍼스 인도 및 1개차로,운니동,0,1
2022-12-21,16:00,17:00,400,마포,LG헬로비전 본사 앞 인도,상암동,0,0
2022-12-21,18:00,19:30,300,영등포,의사당역 2出 앞,여의도동,0,0
2022-12-21,12:00,13:00,200,종로,테라로사 건너편 인도 및 1개차로,수송동,0,1
2022-12-21,11:30,13:00,500,남대문,시청 정문 앞,태평로1가,0,0
2022-12-21,11:00,12:30,500,영등포,국민의힘 → 현대캐피탈,여의도동,1,0
2022-12-22,08:00,09:00,1000,종로,시교육청 정문 앞,신문로 2가,0,0
2022-12-22,11:30,13:00,500,중부,BC카드 본사 앞,을지로 4가,0,0
2022-12-22,07:30,10:00,50,영등포,여의도 파크원빌딩 앞 인도,여의도동,0,0
2022-12-22,11:30,12:00,200,마포,LG헬로비전 본사 앞 인도,상암동,0,0
2022-12-22,19:00,20:30,200,마포,LG헬로비전 본사 건너편 인도,상암동,0,0
2022-12-22,13:30,15:30,1000,영등포,산업은행 측면,여의도동,0,0
2022-12-22,14:00,15:00,50,혜화,마로니에공원 ⇄ 미스터힐링 대학로점,동숭동,0,0
2022-12-23,17:00,19:00,500,강북,강북구청 앞 소녀상 주변,수유동,0,0
2022-12-23,11:30,15:00,70,영등포,태영빌딩 앞,여의도동,0,0
2022-12-23,07:30,10:00,50,영등포,파크원빌딩 앞 인도,여의도동,0,0
2022-12-23,14:00,18:00,100,마포,마포경찰서 앞,아현동,0,0
2022-12-23,13:30,14:30,50,용산,이슬람성원 좌측,한남동,0,0
2022-12-24,16:30,19:00,800,용산,삼각지역 1出 → 서울역 12出,한강로1가 등,1,0
2022-12-24,16:00,19:00,100000,남대문,태평로터리∼숭례문 진방 全차로 ⇄ 을지로 1가,세종대로 등,0,1
2022-12-24,16:00,19:00,200,남대문,태평로터리 세븐일레븐 ∼시청역 7出 앞 2개 차로,세종대로,0,1
2022-12-24,14:00,16:30,1000,종로|남대문,대한문 ⇄ 한국은행,세종대로 등,0,0
2022-12-24,14:00,16:30,2000,종로|남대문,도시건축전시관 ⇄ 한국은행,세종대로 등,0,0
2022-12-24,13:00,20:00,10000,종로,동화면세점∼원표공원,세종대로,0,0
2022-12-25,16:00,21:00,500,용산,이태원광장,이태원동,0,0
2022-12-25,14:00,17:00,800,종로,교보빌딩 앞,세종대로,0,0
2022-12-25,11:30,13:30,200,용산,이태원광장 내,이태원동,0,0
2022-12-25,19:00,21:00,100,용산,이태원광장 → 이태원역 4出,이태원동,1,0
2022-12-25,14:00,17:00,500,남대문,서울역광장,봉래동,0,0
2022-12-26,09:30,10:30,500,종로,정부서울청사 후문 인도 및 1개차로,세종로,0,1
2022-12-26,07:30,10:00,50,영등포,파크원빌딩 앞 인도,여의도동,0,0
2022-12-26,14:00,16:00,1500,양천,한국방송회관 앞 2개차로,목동,0,1
2022-12-27,15:00,16:00,1000,영등포,여의도 국민은행 서관 앞,여의도동,0,0
2022-12-27,16:30,17:30,1000,영등포,"민주당사, 국민의힘, 전경련, 국민은행 동편, 국회의사당역 5出, 산업은행 정·후문",여의도동,0,0
2022-12-27,19:00,21:00,1000,영등포,여의도 국민은행 서관 앞,여의도동,0,0
2022-12-27,13:00,17:00,200,강남,논현동 88-9 앞 인도,논현동,0,0
2022-12-27,17:20,18:50,50,금천,문일중학교 ⇄ 국민은행 금천,시흥동,0,0
2022-12-28,10:00,14:40,200,마포,경총회관 → 마포역,대흥동,1,0
2022-12-28,10:00,11:30,1000,영등포,의사당역 5出,여의도동,0,0
2022-12-28,10:00,11:30,1000,영등포,민주당사 / 국민의 힘 당사,여의도동,0,0
2022-12-28,10:00,11:30,300,용산,전쟁기념관 앞 인도,여의도동,0,0
2022-12-28,15:00,16:00,1000,영등포,의사당역 5出 ⇄ 與野당사 ⇄ 전경련,여의도동,0,0
2022-12-28,19:30,21:00,1000,영등포,의사당역 5出,여의도동,0,0
2022-12-28,07:30,10:00,50,영등포,파크원 빌딩 앞 인도,여의도동,0,0
2022-12-28,12:00,13:00,200,종로,국세청 북측 인도 및 1개차로,수송동,0,1
2022-12-28,19:00,20:00,100,종로,소녀상 앞 인도 및 1개차로,수송동,0,1
2022-12-28,09:00,11:00,500,마포,상암동 월드컵경기장 서문 앞,상암동,0,0
2022-12-28,11:00,12:30,500,영등포,국민의힘 → 현대캐피탈,여의도동,1,0
2022-12-29,10:00,12:30,200,영등포|마포,마포역 → 국회 정입․출,여의도동,1,0
2022-12-29,14:00,15:00,1000,영등포,의사당역 5出,여의도동,0,0
2022-12-29,09:00,17:00,500,강북,강북구청 건너편 소녀상 앞,수유동,0,0
2022-12-29,17:00,19:00,500,강북,강북구청 건너편 소녀상 앞,수유동,0,0
2022-12-29,07:30,10:00,50,영등포,여의도 파크원2 빌딩 앞 인도,여의도동,0,0
2022-12-29,10:30,12:00,50,방배,한강공원 서래나루 앞,반포동,0,0
2022-12-29,14:00,15:30,200,서초,삼성화재 앞 인도 및 2개차로,서초동,0,1
2022-12-30,09:00,18:00,500,강북,강북구청 건너편 소녀상 앞,수유동,0,0
2022-12-30,18:00,21:00,500,용산,이태원광장,이태원동,0,0
2022-12-30,17:00,20:30,1200,용산,이태원광장 → 전쟁기념관,이태원동 등,1,0
2022-12-30,14:00,14:30,80,강남,논현동 29 앞,논현동,0,0
2022-12-31,09:00,18:00,500,강북,강북구청 건너편 소녀상 앞,수유동,0,0
2022-12-31,16:00,19:00,800,용산,삼각지역 1出 → 서울역 12出,한강로1가 등,1,0
2022-12-31,16:00,19:00,100000,종로|남대문,태평로터리∼숭례문 진방 全차로 ⇄ 을1가,세종대로 등,0,1
2022-12-31,16:00,19:00,200,남대문,태평로터리 세븐일레븐∼시청역 7出 앞 1개 차로,세종대로,0,1
2022-12-31,14:00,17:00,2000,종로|남대문,대한문 ⇄ 한국은행,세종대로 등,0,0
2022-12-31,14:00,17:00,300,종로|남대문,도시건축전시관 ⇄ 한국은행,세종대로 등,0,0
2022-12-31,13:00,17:00,10000,종로,동화면세점∼원표공원,세종대로,0,0
2022-12-31,22:50,,10000,종로,보신각 일대 翌00:35,세종대로,0,0
2023-01-01,14:00,17:00,800,종로,교보빌딩 앞,세종대로,0,0
2023-01-02,07:30,10:00,50,영등포,파크원 빌딩 앞,여의도동,0,0
2023-01-02,09:00,18:00,500,강북,강북구청 건너편 소녀상 앞,수유동,0,0
2023-01-03,07:30,10:00,50,용산,파크원2 빌딩 앞 인도,이촌동,0,0
2023-01-03,09:00,18:00,500,강북,강북구청 건너편 소녀상 앞,수유동,0,0
2023-01-03,10:30,12:00,300,용산,삼각지역9出 인근 용산파크자이 앞 2개차로 상,한강로1가,0,1
2023-01-04,07:30,10:00,50,영등포,파크원2 빌딩 앞 인도,여의도,0,0
2023-01-04,12:00,13:00,200,종로,국세청 북측 인도 및 1개차로,수송동,0,1
2023-01-04,11:00,12:30,500,영등포,국민의힘 → 현대캐피탈,여의도동,1,0
2023-01-04,07:30,08:00,100,서초,ssl아트센터 우측인도 및 하위 1개차로,서초동,0,1
2023-01-05,07:30,10:00,50,영등포,파크원2 빌딩 앞 인도,여의도동,0,0
2023-01-05,09:00,19:00,500,강북,강북구청 건너편 소녀상 앞,수유동,0,0
2023-01-05,13:30,15:00,50,남대문,시의회 별관 앞,태평로1가,0,0
2023-01-06,09:00,13:00,500,강북,강북구청 → 성신여대운정그린캠퍼스,수유동,1,0
2023-01-06,14:00,19:00,500,강북,강북구청 건너편 소녀상 앞,수유동,0,0
2023-01-07,12:00,16:00,3000,남대문|용산,서울역광장 → 전쟁기념관 북문 건너편,봉래동 등,1,0
2023-01-07,13:00,16:00,0,종로,동화면세점 앞 1만,세종대로,0,0
2023-01-07,13:00,16:00,100,강동,홈플러스 강동정 앞 인도,천호동,0,0
2023-01-07,14:00,17:00,100,종로|남대문,서울역 → 청계광장,봉래동,1,0
2023-01-07,14:00,17:00,1000,종로|남대문,대한문 ⇄ 한국은행 R,세종대로 등,0,0
2023-01-07,14:00,17:00,1000,종로|남대문,서울시의회 ⇄ 한국은행R,,1,0
2023-01-07,14:00,16:30,100,영등포,,여의도동,1,0
2023-01-07,14:00,15:30,100,종로,광화문 KT앞,세종대로,0,0
2023-01-07,16:00,19:00,200,남대문,태평R 세븐일레븐 세종대로 카페점 앞,세종대로,0,0
2023-01-07,16:00,19:00,3000,남대문|용산,태평R~숭례문 R 진방 全차로 → 남영R,,1,1
2023-01-07,16:30,19:00,800,용산,,용산동 1가 등,0,0
2023-01-07,16:30,19:00,0,용산,대우월드마크 앞 1개차로 1만,한강로 1가,0,1
2023-01-08,12:30,15:00,50,용산,일산빌딩 앞,한남동,0,0
2023-01-08,14:00,17:00,800,종로,교보빌딩 앞,세종대로,0,0
2023-01-08,15:30,17:30,50,수서,강남역 1出 앞,역삼동,0,0
2023-01-09,07:30,10:00,50,영등포,파크원2빌딩 앞 인도,여의도동,0,0
2023-01-09,09:00,10:00,500,강북,강북구청 건너편,수유동,0,0
2023-01-09,14:00,15:30,80,남대문,시청 동편 인도,태평로 1가,0,0
2023-01-10,09:00,19:00,500,강북,강북구청 건너편 소녀상 앞,수유동,0,0
2023-01-10,12:00,13:00,100,영등포,국회 앞 → 더불어민주당,여의도동,1,0
2023-01-10,08:00,09:00,80,수서,수서경찰서 앞,개포동,0,0
2023-01-10,10:00,13:00,80,수서,포스코센터 앞,대치동,0,0
2023-01-11,10:00,11:30,3000,서대문,경찰청 앞 3개차로,미근동,0,1
2023-01-11,13:00,17:00,5000,용산|동작,노들역3出 → 용산소방서,노량진동 등,1,0
2023-01-11,14:00,19:00,500,강북,강북구청 건너편 소녀상 앞,수유동,0,0
2023-01-11,13:00,14:00,300,도봉,덕성여대 정문 앞(근화교)∼하나은행 우이점 ⇄ 덕수교(또는 쌍우교),쌍문동,0,0
2023-01-11,14:30,16:00,300,종로,덕성여대 종로캠퍼스 ⇄ 종로1가(또는 안국사거리),운니동,0,0
2023-01-11,14:00,17:00,10000,용산,삼각지역 1∼2出 앞,한강로1가,0,0
2023-01-11,12:00,13:00,200,종로,서머셋 팰리스 앞 인도 및 1개차로,수송동,0,1
2023-01-11,11:00,12:30,500,영등포,국민의힘 → 현대캐피탈,여의도동,1,0
2023-01-12,16:00,21:00,500,강북,강북구청 정문 앞 우측 1개차로,수유동,0,1
2023-01-12,12:00,15:00,1000,서초,정곡빌딩 남관 앞 인도 및 1개차로,서초동,0,1
2023-01-12,14:00,15:00,1000,마포,MBC거인동상 앞,상암동,0,0
2023-01-13,09:00,19:00,500,강북,강북구청 건너편 소녀상 앞,수유동,0,0
2023-01-13,04:30,09:00,99,용산,유엔빌리지 입구,한남동,0,0
2023-01-13,14:00,17:30,100,영등포,민주당 → 정의당 → 국민의힘,여의도동,1,0
2023-01-14,13:00,16:00,100,강동,홈플러스 강동점 앞 인도,천호동,0,0
2023-01-14,14:00,18:30,10000,용산,삼각지파출소∼전쟁기념관 북문 3개차로 ⇄ 숙대입구역,한강로1가 등,0,1
2023-01-14,14:00,15:30,300,용산,전쟁기념관 앞,용산동,0,0
2023-01-14,15:00,18:30,30000,남대문|용산,전쟁기념관 북문 → 숭례문 숭례문∼시청역 7出 진방 전차로,세종대로 등,1,1
2023-01-14,16:30,18:30,200,남대문,부영빌딩 앞 2개차로,세종대로,0,1
2023-01-14,14:00,17:00,1000,종로|남대문,대한문 ⇄ 한국은행,세종대로 등,0,0
2023-01-14,14:00,17:00,1000,종로|남대문,서울시의회 ⇄ 한국은행,세종대로 등,0,0
2023-01-14,15:30,19:00,1000,서초,중앙지검 서문 ⇄ 교대역,서초동,0,0
2023-01-14,13:00,17:00,15000,종로,동화면세점∼원표공원,세종대로,0,0
2023-01-15,14:00,17:00,800,종로,교보빌딩 앞,세종대로,0,0
2023-01-16,12:00,14:00,50,중부,KT&G 을지로 타워 앞 인도,초동,0,0
2023-01-16,11:30,14:00,70,영등포,태영건설 앞 인도,여의도동,0,0
2023-01-16,09:00,19:00,500,강북,강북구청 건너편 소녀상 앞,수유동,0,0
2023-01-16,15:00,17:00,300,영등포,국민의힘 앞,여의도,0,0
2023-01-17,07:00,17:00,1000,서부,응암동 577-7 건설현장 앞 인도,응암동,0,0
2023-01-17,09:00,19:00,500,강북,강북구청 건너편 소녀상 앞,수유동,0,0
2023-01-17,10:00,12:00,80,용산,용산구청 앞,이태원동,0,0
2023-01-17,14:00,17:00,200,성북,성북구청 앞,삼선동5가,0,0
2023-01-18,10:30,12:00,400,마포,서부지검 앞 인도·1개차로,공덕동,0,1
2023-01-18,11:30,13:00,300,강남,성원타워 앞 인도·1개차로,삼성동,0,1
2023-01-18,15:00,17:00,500,수서,유니온센터 앞 인도,역삼동,0,0
2023-01-18,09:00,19:00,500,강북,강북구청 건너편 소녀상 앞,수유동,0,0
2023-01-18,10:30,12:30,1000,수서,포스코센터 앞,대치동,0,0
2023-01-18,12:00,14:00,200,종로,서머셋 팰리스 앞 → 외교부 정문,수송동 등,1,0
2023-01-18,15:00,15:00,200,서초,JW중외제약 앞,서초동,0,0
2023-01-18,11:00,12:30,500,영등포,국민의힘 → 현대캐피탈,여의도동,1,0
2023-01-19,08:00,09:00,200,영등포,국민의힘 앞,여의도,0,0
2023-01-19,10:00,11:00,200,수서,효성벤츠타워 앞,도곡동,0,0
2023-01-19,18:30,20:00,1000,강북,강북구청 앞,수유동,0,0
2023-01-19,15:00,16:00,200,서초,현대기아차 본사 앞,양재동,0,0
2023-01-19,16:00,17:00,499,서대문,세브란스병원 본관 앞,신촌동,0,0
2023-01-19,12:30,13:30,100,금천,수요양병원 → 구로전화국,독산동 등,1,0
2023-01-19,14:00,18:00,200,서초,남부터미널 앞 → 중외제약,서초동,1,0
2023-01-19,14:00,18:00,200,양천,목4동주민센터 앞,목동,0,0
2023-01-20,08:00,09:00,200,영등포,국민의힘 앞,여의도,0,0
2023-01-20,09:30,11:00,300,남대문,서울역 대합실 앞,봉래동,0,0
2023-01-20,09:00,19:00,500,강북,강북구청 건너편 소녀상 앞,수유동,0,0
2023-01-21,13:00,16:00,2000,남대문,대한문 앞,세종대로,0,0
2023-01-21,13:00,16:00,10000,종로,동화면세점 앞,세종대로,0,0
2023-01-22,08:00,23:00,300,용산,이태원광장,이태원동,0,0
2023-01-22,14:00,17:00,800,종로,교보빌딩 앞,세종대로,0,0
2023-01-23,08:00,23:00,300,용산,이태원광장,이태원동,0,0
2023-01-24,08:00,23:00,300,용산,이태원광장,이태원동,0,0
2023-01-25,08:00,12:00,50,양천,마이스터모터스 폭스바겐 목동전시장 앞,신정동,0,0
2023-01-25,09:00,19:00,500,강북,강북구청 건너편 소녀상 앞,수유동,0,0
2023-01-25,12:00,13:00,200,종로,서머셋 팰리스 앞 인도 및 1개차로,수송동,0,1
2023-01-25,12:00,13:00,800,영등포,국회의사당역 5出 앞 인도 및 보조도로,여의도,0,0
2023-01-25,11:00,12:30,500,영등포,국민의힘 → 현대캐피탈,여의도동,1,0
2023-01-26,17:00,18:00,300,용산,전쟁기념관 앞 인도,용산동,0,0
2023-01-26,09:00,19:00,500,강북,강북구청 건너편 소녀상 앞,수유동,0,0
2023-01-26,10:30,11:30,100,수서,선일빌딩 앞 좌․우 인도,도곡동,0,0
2023-01-26,14:30,16:00,300,도봉,덕성여대 정문 앞,쌍문동,0,0
2023-01-27,18:00,19:30,300,남대문,시청 동편 인도 및 하위 1개차로,태평로 1가,0,1
2023-01-27,09:00,19:00,500,강북,강북구청 건너편 소녀상 앞,수유동,0,0
2023-01-28,13:00,16:00,100,강동,홈플러스 강동점 앞 인도,천호동,0,0
2023-01-28,15:00,16:00,100,종로,광화문KT 앞,세종대로,0,0
2023-01-28,17:00,19:00,800,용산,삼각지파출소∼전쟁기념관 북문 3개차로,한강로1가,0,1
2023-01-28,08:30,,1000,서초,서울중앙지검 정문 또는 서문 좌측,서초동,0,0
2023-01-28,08:30,,1000,서초,서울중앙지검 서문 우측,서초동,0,0
2023-01-28,09:30,,2500,서초,대검찰청 앞,서초동,0,0
2023-01-28,17:00,19:30,3000,남대문|용산,시청역 8出∼숭례문 진방 전차로 → 전쟁기념관 북문,세종대로 등,1,1
2023-01-28,14:00,17:00,1000,종로|남대문,대한문 ⇄ 한국은행,세종대로 등,0,0
2023-01-28,14:00,17:00,2000,종로|남대문,서울시의회 ⇄ 한국은행,세종대로 등,0,0
2023-01-28,15:00,17:00,300,종로,세종로소공원 → 소녀상,세종대로 등,1,0
2023-01-28,13:00,14:00,200,용산,전쟁기념관 앞,용산동,0,0
2023-01-28,12:00,19:00,100,종로,교보빌딩 앞,세종대로,0,0
2023-01-28,13:00,16:00,10000,종로,동화면세점 앞,세종대로,0,0
2023-01-29,14:00,17:00,800,종로,교보빌딩 앞,세종대로,0,0
2023-01-29,14:00,16:00,300,남대문,정동분수대 ⇄ 숭례문,명동,0,0
2023-01-29,10:00,14:00,100,용산|성동,옥수리버젠상가 → 일신빌딩,옥수동,1,0
2023-01-29,11:30,14:00,150,송파,거암교회 앞,거여동,0,0
2023-01-30,09:00,19:00,500,강북,강북구청 건너편 소녀상 앞,수유동,0,0
2023-01-30,09:00,12:00,200,양천,폭스바겐 목동 전시장 건너편 인도,신정동,0,0
2023-01-31,09:00,19:00,500,강북,강북구청 건너편 소녀상 앞,수유동,0,0
2023-01-31,09:00,11:00,200,양천,폭스바겐 목동 전시장 건너편 인도,신정동,0,0
2023-01-31,16:00,18:00,1000,영등포,더민주당 앞,여의도,0,0
2023-01-31,14:00,15:00,100,송파,송파구청 앞,신천동,0,0
2023-02-01,14:00,15:30,5000,종로|남대문,DDP → 숭례문,태평로 1가 등,1,0
2023-02-01,13:00,15:30,5000,용산,전쟁기념관 → 숭례문,용산동 등,1,0
2023-02-01,15:30,16:00,5000,남대문,숭례문∼태평교차로,태평로 1가 등,0,1
2023-02-01,09:00,19:00,500,강북,강북구청 건너편 소녀상 앞,수유동,0,0
2023-02-01,12:00,13:00,200,종로,서머셋 팰리스 앞 인도 및 1개차로,수송동,0,1
2023-02-01,11:00,12:30,500,영등포,국민의힘 앞 → 현대캐피탈 앞,여의도동,1,0
2023-02-02,08:20,08:50,200,영등포,국민의힘 앞 이면도로,여의도동,0,0
2023-02-02,14:00,16:00,100,마포,MBC 거인동상 앞,상암동,0,0
2023-02-02,14:00,17:00,200,서초,남부터미널 → 중외제약,서초동,1,0
2023-02-03,14:00,16:00,80,강남,논현동 SB타워 앞 인도,논현동,0,0
2023-02-03,14:00,16:00,1000,마포,MBC거인像 앞,상암동,0,0
2023-02-04,15:30,16:30,5000,남대문,숭례문∼태평교차로 진방全차로,세종대로,0,1
2023-02-04,12:00,13:30,300,영등포,국민의힘 앞,여의도,0,0
2023-02-04,17:00,19:00,800,용산,삼각지파출소∼전쟁기념관 북문 2개차로,한강로1가,0,1
2023-02-04,11:00,13:00,3000,남대문|용산,이태원광장 → 광화문광장 주변,이태원동 등,1,0
2023-02-04,14:00,15:30,3000,종로,광화문광장 주변,세종대로,0,0
2023-02-04,15:30,16:30,10000,종로|남대문,광화문교차로 → 태평교차로,세종대로,1,1
2023-02-04,17:00,19:30,100000,종로|남대문,숭례문∼태평교차로 진방 전차로 → 한국은행 → 숭례문,세종대로 등,1,1
2023-02-04,14:00,20:00,200,남대문,부영빌딩 앞 인도 및 1개차로,세종대로,0,1
2023-02-04,14:00,17:00,1000,종로|남대문,대한문 ⇄ 한국은행,세종대로 등,0,0
2023-02-04,14:00,15:00,2000,남대문,서울시의회 앞,세종대로,0,0
2023-02-04,13:00,16:00,10000,종로,동화면세점 앞,세종대로,0,0
2023-02-04,10:00,16:00,50,동작,래미안 트윈파크 앞,본동,0,0
2023-02-05,15:30,17:30,50,용산,행복나눔재단 앞,동빙고동,0,0
2023-02-05,14:00,17:00,800,종로,교보빌딩 앞,세종대로,0,0
2023-02-05,10:00,16:00,50,동작,래미안 트윈파크 앞,본동,0,0
2023-02-06,19:00,20:30,200,서초,삼성화재 앞 하위 1개차로,서초동,0,1
2023-02-07,14:00,16:00,300,종로,덕성여대 종로운현캠퍼스 ⇄ 안국교차로,운니동 등,0,1
2023-02-07,09:00,19:00,500,강북,강북구청 건너편 소녀상 앞,수유동,0,0
2023-02-07,12:00,14:00,100,마포,MBC 거인동상 앞,상암동,0,0
2023-02-07,11:00,12:00,100,용산,전쟁기념관 앞,용산동,0,0
2023-02-08,10:00,17:00,50,동작,대아신협 앞,사당4동,0,0
2023-02-08,13:00,14:00,300,도봉,근화교(덕성여대 정문 앞 다리) ⇄ 근화교,쌍문동,0,0
2023-02-08,12:00,13:00,200,종로,서머셋 팰리스 앞 인도 및 1개차로,수송동,0,1
2023-02-08,18:00,22:00,100,용산,한남동 748-5 앞,한남동,0,0
2023-02-08,11:00,13:00,850,영등포,국민의힘 ⇄ 현대캐피탈,여의도동,0,0
2023-02-09,08:20,09:00,200,영등포,국민의힘 앞,여의도동,0,0
2023-02-09,10:00,17:00,50,동작,대아신협 앞,사당4동,0,0
2023-02-09,08:00,11:00,850,영등포,국회 앞 등,여의도동,0,0
2023-02-09,09:00,11:00,300,영등포,국회 앞,여의도동,0,0
2023-02-09,12:30,14:00,299,마포,금강빌딩 앞,동교동,0,0
2023-02-10,07:00,,2500,서초,대검찰청 정문 앞,서초동,0,0
2023-02-10,09:00,,1000,서초,정곡빌딩 동・서관,서초동,0,0
2023-02-10,09:00,,500,서초,서울중앙지검 서문 좌・우측,서초동,0,0
2023-02-10,10:00,10:30,60,종로,서울정부청사 정문 앞,적선동,0,0
2023-02-10,10:00,17:00,50,동작,민주노총 전국사무연대노조,사당 4동,0,0
2023-02-10,14:00,16:00,200,종로|남대문,서울시청 동편 ⇄ 종로1R,태평로 1가,0,0
2023-02-10,11:30,13:00,70,종로,글로벌센터 앞,서린동,0,0
2023-02-10,14:00,16:00,70,영등포,국회 앞,여의도동,0,0
2023-02-11,16:30,18:00,1000,남대문,서울역4出 → 시청광장 동편,남대문로5가 등,1,0
2023-02-11,14:00,16:00,300,영등포,국민의힘 앞,여의도,0,0
2023-02-11,15:00,17:00,300,용산,서울역광장 → 청룡빌딩,봉래동 등,1,0
2023-02-11,16:00,19:30,800,용산,삼각지역 1出 앞,한강로1가,0,0
2023-02-11,17:00,19:30,100000,남대문|용산,태평교차로∼숭례문 진방 전차로⇄ 의주교차로,세종대로 등,0,1
2023-02-11,16:00,19:30,200,남대문,부영빌딩 앞 1개차로,세종대로,0,1
2023-02-11,14:00,17:00,2000,종로|남대문,대한문 ⇄ 한국은행,세종대로 등,0,0
2023-02-11,14:00,17:00,300,종로|남대문,서울시의회 ⇄ 한국은행,세종대로 등,0,0
2023-02-11,12:00,14:00,500,서초,헌인릉 주차장 입구 앞,내곡동,0,0
2023-02-11,13:00,16:00,10000,종로,동화면세점 앞,세종대로,0,0
2023-02-12,14:00,15:30,1000,용산,전쟁기념관 북문 앞,청진동,0,0
2023-02-12,10:30,13:30,150,용산,전쟁기념관 앞,용산동,0,0
2023-02-12,14:00,17:00,800,종로,교보빌딩 앞,세종대로,0,0
2023-02-13,13:00,16:00,2000,영등포,여의도 산업은행 ⇄ 서강대교 남단,여의도동,0,0
2023-02-14,08:00,19:00,1000,강북,강북구청 건너편 소녀상 앞,수유동,0,0
2023-02-14,09:00,10:00,360,수서,수서경찰서 앞,일원동,0,0
2023-02-14,10:00,10:30,200,용산,전쟁기념관 앞,용산동,0,0
2023-02-14,11:30,12:30,360,수서,포스코센터 앞,대치동,0,0
2023-02-15,14:00,15:30,1000,영등포,국회의사당역 5번출구,여의도동,0,0
2023-02-15,08:00,19:00,1000,강북,강북구청 건너편 소녀상 앞,수유동,0,0
2023-02-15,12:00,13:00,200,종로,서머셋 팰리스 앞 인도 및 1개차로,수송동,0,1
2023-02-15,12:00,13:30,100,영등포,더민주당사 앞,여의도,0,0
2023-02-15,18:30,20:00,1000,남대문,서울광장 서편 2개차로,세종대로,0,1
2023-02-15,11:00,15:00,150,영등포,영등포경찰서 → 여의도 국민은행 서관,여의도동,1,0
2023-02-15,08:00,14:00,80,양천,신정동 1007-7 폭스바겐 목동전시장 앞,신정동,0,0
2023-02-16,15:00,19:00,1000,강북,강북구청 정문 우측,수유동,0,0
2023-02-16,14:00,15:30,600,용산,전쟁기념관 북문,용산동,0,0
2023-02-16,11:00,12:00,300,종로,정부서울청사 후문 앞,적선동,0,0
2023-02-16,13:00,15:00,499,성동,사근동 고갯길 → 한양대 정문,사근동 등,1,0
2023-02-16,10:30,13:00,200,강남,대유위니아 본사 앞,역삼동,0,0
2023-02-16,11:30,14:00,100,강서,SM그룹 앞,마곡동,0,0
2023-02-16,14:00,17:00,50,방배,방배5구역 조합사무소 앞,방배동,0,0
2023-02-17,14:00,17:00,1000,강서,마곡나루역 → 선두암 공원,마곡동 등,1,0
2023-02-17,18:00,19:00,300,남대문,시청 동편 1개차로,태평로 1가,0,1
2023-02-17,13:30,15:00,499,성동,사근동 고갯길 → 한양대 정문,사근동 등,1,0
2023-02-17,18:00,20:30,1000,서초,서울중앙지검 서문 인도 및 2개차로,서초동,0,1
2023-02-18,16:30,18:00,1000,남대문,서울역광장 → 서울광장 동편,봉래동 등,1,0
2023-02-18,14:00,17:00,800,용산,삼각지역 ⇄ 숙대입구역,용산동 등,0,0
2023-02-18,15:00,17:00,50000,남대문|용산,전쟁기념관 북문→용중교차로→서울역→숭례문,용산동 등,1,1
2023-02-18,17:00,19:00,100000,남대문,숭례문∼태평교차로 진방 전차로,서소문동,0,1
2023-02-18,16:00,18:30,1000,서초,중앙지검 서문 좌우측 인도 및 하위2개차로,서초동,0,1
2023-02-18,16:00,19:00,200,남대문,부영빌딩 앞 1개차로,세종대로,0,1
2023-02-18,14:00,17:00,1000,종로|남대문,대한문 ⇄ 한국은행,세종대로 등,0,0
2023-02-18,14:00,17:00,1000,종로|남대문,서울시의회 ⇄ 한국은행,세종대로 등,0,0
2023-02-18,13:00,16:00,100,광진,이튼타워리버 5차@ 앞,자양동,0,0
2023-02-18,13:00,16:00,10000,종로,동화면세점 앞,세종대로,0,0
2023-02-18,08:00,14:00,100,송파,불광사 앞,석촌동,0,0
2023-02-19,14:00,17:00,800,종로,교보빌딩 앞,세종대로,0,0
2023-02-19,14:00,16:00,300,남대문,정동 분수대 ⇄ 시청,정동,0,0
2023-02-20,11:30,13:00,100,마포,애경본사 앞,동교동,0,0
2023-02-20,13:30,15:00,499,성동,사근동 고갯길 → 한양대 정문,사근동 등,1,0
2023-02-20,09:00,21:00,500,중부,매경사옥(MBN) 앞,필동,0,0
2023-02-21,10:30,14:00,300,용산,전쟁기념관 북문 → 상징탑 인도,용산동,1,0
2023-02-21,10:00,12:00,300,도봉,덕성여대 하나누리관 옆 학교 밖 인도,쌍문동,0,0
2023-02-21,13:00,15:00,499,성동,사근동 고갯길 → 한양대 정문,사근동,1,0
2023-02-21,12:00,15:30,2000,영등포,산업은행 측면 전차로 → 국민의 힘,여의도동,1,1
2023-02-22,13:00,15:00,499,성동,사근동 고갯길 → 한양대 정문,사근동,1,0
2023-02-22,11:00,13:00,60,남대문,금세기빌딩 앞,다동,0,0
2023-02-22,12:00,13:00,200,종로,국세청 북측 인도 및 1개차로,수송동,0,1
2023-02-22,21:50,,1000,영등포,KBS 돌계단 좌우측 익00:20,여의도동,0,0
2023-02-22,21:50,,70,영등포,KBS 돌계단 건너편 익00:20,여의도동,0,0
2023-02-22,10:00,,500,서초,중앙지법 정문 및 서초경찰서 정문 앞,서초동,0,0
2023-02-22,17:40,23:59,500,관악,관악경찰서 정문 앞,봉천동,0,0
2023-02-22,11:00,13:00,200,남대문,시의회 본관 앞,정동,0,0
2023-02-23,11:00,17:00,100,마포,KT스카이라이프 앞,상암동,0,0
2023-02-23,11:00,13:00,100,남대문,도시건축전시관 앞,정동,0,0
2023-02-24,13:00,,300,도봉,덕성여대 하나누리관 옆,쌍문동,0,0
2023-02-24,12:00,14:00,500,영등포,국민은행 서관 앞 인도 및 보조도로,여의도,0,0
2023-02-24,11:00,12:30,100,용산,전쟁기념관 앞,용산동,0,0
2023-02-25,16:00,18:00,1000,남대문,서울역광장,봉래동,0,0
2023-02-25,16:00,17:00,80,용산,전쟁기념관 앞 인도,용산동,0,0
2023-02-25,15:00,16:00,300,종로,광화문 D타워→시청역 7出,청진동 등,1,0
2023-02-25,14:00,17:00,10000,용산,삼각지역 1出 앞 3개차로,한강로1가,0,1
2023-02-25,17:00,20:00,100000,종로|남대문,숭례문∼태평교차로 진방 전차로 ⇄ 보신각,서소문동,0,1
2023-02-25,16:00,18:30,10000,서초,중앙지검 서문 인도 및 2개차로 ⇄ 교대역,서초동,0,1
2023-02-25,15:00,20:00,200,남대문,부영빌딩 앞 1개차로,세종대로,0,1
2023-02-25,14:00,17:00,1000,종로|남대문,대한문 ⇄ 한국은행,세종대로 등,0,0
2023-02-25,14:00,17:00,1000,종로|남대문,서울시의회 ⇄ 한국은행,세종대로 등,0,0
2023-02-25,13:00,16:00,10000,종로,동화면세점 앞,세종대로,0,0
2023-02-26,14:00,17:00,10000,영등포,여의대로 4개차로 → 국회의사당역 2出,여의도동,1,1
2023-02-26,15:00,18:00,800,종로,교보빌딩 앞,세종대로,0,0
2023-02-27,13:00,,500,영등포,국민은행 서관 앞 인도 및 보조도로,여의도동,0,0
2023-02-27,13:00,,3000,영등포,국회의사당역 5出 앞 인도 및 2개차로,여의도동,0,1
2023-02-27,19:00,20:30,100,종로,보신각 앞,세종대로,0,0
2023-02-28,13:30,15:00,10000,종로|남대문,정부청사 → 숭례문,적선동 등,1,0
2023-02-28,13:30,15:00,12000,남대문|서대문,경찰청 → 대한문,미근동 등,1,0
2023-02-28,13:30,15:00,5000,종로|남대문,종각역 5出 → 대한문,서린동 등,1,0
2023-02-28,15:00,16:10,40000,종로|남대문,세종대로(숭례문~동화면세점),,1,0
2023-02-28,16:00,17:30,10000,용산,,용산동,0,0
2023-02-28,11:00,13:00,70,종로,현대건설 정문 앞,계동,0,0
2023-02-28,11:00,12:00,200,영등포,민주당사 앞,여의도동,0,0
2023-03-01,13:00,17:30,3000,종로|남대문|혜화,서울역 광장 → 종로5가,봉래동 등,1,0
2023-03-01,13:00,17:00,2000,종로|남대문|용산,대한문 → 삼각지역 11出,정동 등,1,0
2023-03-01,15:00,18:00,3000,종로|남대문,보신각 앞 → 청계광장,관철동 등,1,0
2023-03-01,14:00,16:30,500,종로|남대문,서울시청 동편 → 소녀상 앞,봉래동 등,1,0
2023-03-01,16:00,17:00,2000,종로|남대문,대한문 ⇄ 숭례문,정동 등,0,0
2023-03-01,12:00,13:00,300,종로,탑골공원 삼일문 앞,종로2가,0,0
2023-03-01,13:00,17:00,50000,종로|남대문,동화면세점 → 삼각지파출소,세종대로 등,1,0
2023-03-01,10:00,12:30,50,용산|동작,래미안트윈파크 정문 건너편 인도,본동,0,0
2023-03-01,12:00,13:00,300,종로,수운회관 → 탑골공원,종로2가 등,1,0
2023-03-01,10:00,12:00,300,종로,탑골공원 삼일문 앞,종로2가,0,0
2023-03-02,18:30,20:30,10000,용산,삼각지역 10出,한강로1가,0,0
2023-03-02,18:00,20:30,300,남대문|용산,시청광장 동편 → 전쟁기념관 앞,세종대로 등,1,0
2023-03-03,15:00,17:00,300,영등포,국민의힘 앞,여의도,0,0
2023-03-03,17:00,19:00,300,영등포,민주당사 앞,여의도,0,0
2023-03-03,09:00,,200,서초,정곡빌딩 남관 앞 인도 및 1개차로,서초동,0,1
2023-03-03,09:00,,500,서초,정곡빌딩 서관 앞 인도 및 1개차로,서초동,0,1
2023-03-03,15:00,20:00,500,마포,채널A 정문 좌·우측 인도 및 1개차로,상암동,0,1
2023-03-03,12:00,13:00,60,마포,MBC 거인동상 앞,상암동,0,0
2023-03-03,16:00,20:00,70,마포,채널A 정문 우측인도,상암동,0,0
2023-03-03,13:00,20:00,100,마포,채널A 건너편 좌측 인도,상암동,0,0
2023-03-03,12:00,18:00,300,영등포,여의나루역 3出 앞,여의도동,0,0
2023-03-03,12:00,13:30,300,강남,특허청 서울사무소 ⇄ 역삼역,역삼동,0,0
2023-03-04,13:00,14:30,150,종로|남대문,보신각 →서울광장 서편,관철동,1,0
2023-03-04,15:00,16:30,100,종로,광화문KT 앞 → 정부서울청사,세종대로,1,0
2023-03-04,17:00,19:00,10000,용산,삼각지역 1出 앞 3개차로,한강로1가,0,1
2023-03-04,17:00,20:00,100000,종로|남대문,숭례문∼태평교차로 진방 전차로 ⇄ 안국교차로,북창동 등,0,1
2023-03-04,16:00,20:00,2000,남대문,부영빌딩 앞 1개차로,세종대로,0,1
2023-03-04,14:00,17:00,2000,종로|남대문,대한문 ⇄ 보신각,세종대로 등,0,0
2023-03-04,14:30,16:30,1000,종로|남대문,서울광장 ⇄종각,세종대로 등,0,0
2023-03-04,13:00,16:00,10000,종로,동화면세점 앞,세종대로,0,0
2023-03-05,15:00,18:00,800,종로,교보빌딩 앞 1개차로,세종대로,0,1
2023-03-06,11:00,13:30,300,도봉,덕성여대 → 쌍우교 → 근화교,쌍문동,1,0
2023-03-06,11:00,13:30,300,도봉,덕성여대 → 하나은행 우이동지점 → 근화교,쌍문동,1,0
2023-03-07,06:00,07:00,1000,강서,마곡동 779 공사현장 앞,마곡동,0,0
2023-03-07,11:30,12:30,100,수서,덴비코리아 앞,역삼동,0,0
2023-03-07,08:00,19:00,1000,강북,강북구청 앞,수유동,0,0
2023-03-07,19:00,20:00,600,남대문,시청 도서관 앞,세종대로,0,0
2023-03-07,09:30,11:30,1000,마포,상암동 월드컵경기장 서문 입구 앞,상암동,0,0
2023-03-07,12:00,18:00,300,영등포,여의나루역 3出 앞,여의도동,0,0
2023-03-08,14:00,16:30,3800,종로|혜화,보신각 → 마로니에공원,관철동 등,1,0
2023-03-08,13:00,13:50,100,종로,영풍빌딩 후문 앞,서린동,0,0
2023-03-08,13:00,13:50,400,종로,영풍빌딩 앞,서린동,0,0
2023-03-08,12:30,13:50,300,종로,덕성여대 → 보신각,운니동 등,1,0
2023-03-08,06:00,07:00,1000,강서,마곡동 779 공사현장 앞,마곡동,0,0
2023-03-08,08:00,19:00,1000,강북,강북구청 앞,수유동,0,0
2023-03-08,19:00,20:00,600,남대문,시청 도서관 앞,세종대로,0,0
2023-03-08,12:00,13:00,200,종로,테라로사 앞 인도 및 2개차로,수송동,0,1
2023-03-08,18:00,20:00,100,용산,서울역 12出 → 전쟁기념관 앞,용산동 등,1,0
2023-03-09,11:30,12:30,150,용산,LG유플러스 앞 인도,한강로3가,0,0
2023-03-09,06:30,07:00,1000,관악,봉천 4-1-2구역 공사현장 앞,봉천동,0,0
2023-03-09,06:00,07:00,1000,강서,마곡동 779 공사현장 앞,마곡동,0,0
2023-03-09,07:30,09:00,100,영등포,민주당사 앞,여의도동,0,0
2023-03-09,10:00,18:00,50,중부,매일경제 사옥 앞,필동,0,0
2023-03-09,11:00,13:00,150,종로|남대문,파이낸스빌딩 → 동화면세점,태평로1가,1,0
2023-03-10,15:00,17:00,1100,남대문|중부,서울역 4出 → 서울고용노동청,봉래동 등,1,0
2023-03-10,15:00,16:00,450,용산,전쟁기념관 앞 인도,용산동,0,0
2023-03-10,06:20,06:40,1000,영등포,사학연금회관 앞,여의도동,0,0
2023-03-10,06:30,07:00,1000,관악,봉천 4-1-2구역 재개발 공사현장 앞,봉천동,0,0
2023-03-10,15:00,18:00,1000,종로,안국역1出 → 대한문,안국동 등,1,0
2023-03-10,13:00,15:00,260,종로,안국역 5出 앞 인도 및 1개차로,안국동,0,1
2023-03-10,19:00,20:00,600,남대문,시청 도서관 앞,세종대로,0,0
2023-03-10,10:00,13:00,6000,남대문,시의회∼대한문 앞 4개차로,정동,0,1
2023-03-10,13:30,15:00,200,남대문,시의회 본관 → 시청 동편,태평로 1가,1,0
2023-03-10,14:00,16:30,299,영등포,이룸센터 → 민주당사 앞,여의도동,1,0
2023-03-11,15:30,16:30,1000,남대문,서울역 4出 → 시청 동편,봉래동,1,0
2023-03-11,06:20,06:40,1000,영등포,사학연금회관 앞,여의도동,0,0
2023-03-11,14:00,17:00,10000,용산,삼각지역 11出 앞 3개차로,한강로1가,0,1
2023-03-11,17:00,20:30,100000,종로|남대문,숭례문∼태평교차로 진방 3개차로 ⇄ 안국교차로,북창동 등,0,1
2023-03-11,19:00,20:00,600,남대문,시청 도서관 앞,세종대로,0,0
2023-03-11,15:00,20:00,200,남대문,부영빌딩 앞 1개차로,세종대로,0,1
2023-03-11,16:00,17:30,6000,남대문,시청 동편∼무교교차로,태평로1가,0,1
2023-03-11,14:00,17:00,1000,종로|남대문,대한문 ⇄ 보신각,세종대로 등,0,0
2023-03-11,14:00,17:00,1000,종로|남대문,서울시의회 ⇄ 한국은행,세종대로 등,0,0
2023-03-11,13:00,17:30,3000,종로|남대문,안국역 4出 앞 2개차로 → 파이낸스,안국동 등,1,1
2023-03-11,14:00,16:00,1000,남대문|용산,전쟁기념관 북문 → 서울광장 서편,용산동 등,1,0
2023-03-11,13:00,16:00,10000,종로,동화면세점 앞,세종대로,0,0
2023-03-12,15:00,18:00,800,종로,교보빌딩 앞,세종대로,0,0
2023-03-12,14:00,16:00,100,남대문,정동분수대 ⇄ 숭례문,정동,0,0
2023-03-13,06:20,06:40,1000,강서,마곡마이스 복합단지 CP2 앞,마곡동,0,0
2023-03-13,06:20,06:40,1000,영등포,사학연금회관 앞,여의도동,0,0
2023-03-13,19:00,20:00,600,남대문,시청 도서관 앞,세종대로,0,0
2023-03-14,18:30,20:00,1000,강북,강북구청 앞,수유동,0,0
2023-03-14,06:20,06:40,1000,강서,마곡마이스복합단지 CP2 앞,마곡동,0,0
2023-03-14,06:30,07:00,1000,관악,봉천4-1-2구역 공사장 정문 앞,봉천동,0,0
2023-03-14,19:00,20:00,600,남대문,시청 도서관 앞,세종대로,0,0
2023-03-14,11:00,13:00,50,용산,전쟁기념관 앞,용산동,0,0
2023-03-15,18:00,20:00,100,마포,도화동 572 사회서비스원 앞,양재동,0,0
2023-03-15,06:20,06:40,1000,강서,마곡마이스 복합단지 CP2 앞,마곡동,0,0
2023-03-15,06:30,07:00,1000,관악,봉천4-1-2구역 공사장 정문 좌우측 앞,봉천동,0,0
2023-03-15,19:00,20:00,600,남대문,시청 도서관 앞,세종대로,0,0
2023-03-15,12:00,13:00,200,종로,테라로사 앞 인도 및 1개차로,수송동,0,1
2023-03-15,14:00,15:30,200,용산,전쟁기념관 앞 ⇄ 전쟁기념관 동문,용산동,0,0
2023-03-16,06:20,06:50,1000,강서,마곡마이스 복합단지 CP2 앞,마곡동,0,0
2023-03-16,06:30,07:00,1000,관악,봉천4-1-2 공사장 정문 좌우측 앞,봉천동,0,0
2023-03-16,19:00,20:00,600,남대문,시청 도서관 앞,세종대로,0,0
2023-03-16,11:00,12:00,100,용산,용산역 광장 → 전쟁기념관 앞,용산동 등,1,0
2023-03-16,12:30,13:30,100,영등포,민주당사 앞,여의도동,0,0
2023-03-17,07:00,11:00,100,수서,포스코센터 앞,대치동,0,0
2023-03-17,06:20,06:50,1000,강서,마곡마이스 복합단지 CP2 앞,마곡동,0,0
2023-03-17,06:30,07:00,1000,관악,봉천4-1-2구역 공사장 정문 좌우측 앞,봉천동,0,0
2023-03-17,11:00,16:00,100,서초,신세계 백화점주차장 앞 인도,반포동,0,0
2023-03-17,19:00,20:00,600,남대문,시청 도서관 앞,세종대로,0,0
2023-03-17,14:00,15:00,150,남대문,파이낸스 소공원,태평로 1가,0,0
2023-03-17,09:00,,50,서초,정곡빌딩 남관 앞,서초동,0,0
2023-03-17,09:00,,200,서초,정곡빌딩 남관 앞,서초동,0,0
2023-03-17,09:00,,500,서초,정곡빌딩 북관 앞,서초동,0,0
2023-03-17,14:00,15:00,400,용산,전쟁기념관 앞,용산동,0,0
2023-03-18,16:30,17:30,1000,종로|남대문,정부서울청사 → 시청 동편,적선동 등,1,0
2023-03-18,16:00,18:00,10000,용산,삼각지역 1出 앞 3개차로,한강로1가,0,1
2023-03-18,15:30,19:00,30000,종로|남대문,숭례문∼태평교차로 진방 全차로 ⇄ 안국교차로,세종대로 등,0,1
2023-03-18,19:00,20:00,600,남대문,시청 도서관 앞,세종대로,0,0
2023-03-18,15:00,19:00,200,남대문,부영빌딩 앞 1개차로,세종대로,0,1
2023-03-18,14:00,16:30,6000,종로|남대문,시청 동편∼개풍교차로 → 안국교차로,태평로1가 등,1,1
2023-03-18,14:00,17:00,1000,종로|남대문,대한문 ⇄ 보신각,세종대로 등,0,0
2023-03-18,14:00,17:00,1000,종로|남대문,서울시의회 ⇄ 한국은행,세종대로 등,0,0
2023-03-18,13:00,16:00,10000,종로,동화면세점 앞,세종대로,0,0
2023-03-19,13:00,17:00,200,남대문|중부,서울역광장 → 국가인권위 앞,동자동,1,0
2023-03-19,15:00,18:00,800,종로,교보빌딩 앞,세종대로,0,0
2023-03-20,14:00,17:00,200,남대문|용산,한전서울본부 → 삼각지역 12出,명동 등,1,0
2023-03-20,19:00,20:00,600,남대문,시청 도서관 앞,세종대로,0,0
2023-03-20,09:00,10:00,77,수서,"선경아파트 정문 앞, 관리사무소 뒤, 8동입구 앞",대치동,0,0
2023-03-21,14:00,18:00,1000,강북,강북구청 ⇄ 번동교차로,수유동,0,1
2023-03-21,17:00,19:30,200,남대문,페럼타워 앞,수하동,0,0
2023-03-21,19:00,20:00,600,남대문,시청 도서관 앞,세종대로,0,0
2023-03-21,11:30,13:00,100,서초,중앙지검 서문 앞 인도 및 2개차로,서초동,0,1
2023-03-21,14:00,,1500,남대문,시청 동편 2개차로 ⇄ 대한문,태평로1가,0,1
2023-03-22,12:00,13:30,500,종로,소녀상 좌측 인도 및 1개차로,수송동,0,1
2023-03-22,12:00,13:00,200,종로,테라로사 앞 인도 및 1개차로,수송동,0,1
2023-03-22,19:00,20:00,600,남대문,시청 도서관 앞,세종대로,0,0
2023-03-22,11:40,12:40,500,영등포,현대카드 → 국민의힘,여의도동,1,0
2023-03-23,10:30,11:00,100,용산,전쟁기념관 앞,용산동,0,0
2023-03-23,07:00,,50,서초,현대차 본사 앞,양재동,0,0
2023-03-23,11:00,13:00,150,강남,대유타워 앞,역삼동,0,0
2023-03-23,10:00,12:00,200,영등포,효성ITX 앞,여의도동,0,0
2023-03-23,09:00,18:00,300,강서,서울도시가스 본사 앞,염창동,0,0
2023-03-23,19:00,20:00,600,남대문,시청 도서관 앞,세종대로,0,0
2023-03-23,11:30,13:00,60,남대문,금세기빌딩 앞,무교동,0,0
2023-03-23,07:00,21:00,1500,남대문,시청역·시청동편 2개차로,태평로1가,0,1
2023-03-23,12:40,13:30,100,영등포,국회의사당역 2出 → 국회의사당역 5出,여의도동,1,0
2023-03-23,13:10,13:50,300,영등포,국회·금산빌딩·현대카드 앞,여의도동,0,0
2023-03-23,09:00,09:10,77,수서,선경아파트정문 앞 인도,대치동,0,0
2023-03-24,15:30,16:00,6000,송파,백광도시개발 앞,문정동,0,0
2023-03-24,13:00,15:00,300,강남,역삼동 679-4 앞,역삼동,0,0
2023-03-24,14:00,15:00,6000,강남,두산건설 앞,논현동,0,0
2023-03-24,19:00,20:00,600,남대문,시청 도서관 앞,세종대로,0,0
2023-03-24,18:00,20:00,1000,영등포,국민의힘 앞,여의도동,0,0
2023-03-24,14:00,15:00,150,남대문,파이낸스빌딩 소공원 앞,태평로1가,0,0
2023-03-24,10:00,11:00,1500,남대문,시청 동편 2개차로,태평로1가,0,1
2023-03-25,12:00,13:40,2000,용산,서울역 12出 → 전쟁기념관 북문 앞,동자동,1,0
2023-03-25,14:30,17:00,18000,종로|남대문|혜화,마로니에공원 → 을지로입구,동숭동 등,1,0
2023-03-25,12:30,14:00,18000,혜화,혜화역 1出 앞,동숭동,0,0
2023-03-25,13:30,14:20,18000,혜화,이화교차로 진방 전차로,동숭동,0,1
2023-03-25,13:30,14:20,18000,혜화,마로니에공원 앞,동숭동,0,0
2023-03-25,13:00,14:00,400,남대문,농협중앙회 앞,충정로1가,0,0
2023-03-25,15:30,16:50,500,남대문,서울역광장 → 서울광장 서편,동자동 등,1,0
2023-03-25,14:00,18:00,1000,종로|남대문|중부,한빛광장 → 청계광장,삼각동 등,1,0
2023-03-25,17:00,19:00,10000,용산,삼각지역 1出 앞 3개차로,한강로1가,0,1
2023-03-25,16:00,18:00,50000,종로|남대문,숭례문∼태평교타로 진방 全차로 → 을입구,세종대로 등,1,1
2023-03-25,19:00,20:00,600,남대문,시청 도서관 앞,세종대로,0,0
2023-03-25,15:00,20:30,200,남대문,부영빌딩 앞 1개차로,세종대로,0,1
2023-03-25,17:00,17:30,20000,남대문,개풍교차로∼무교로·을지로입구 2∼6차로,을지로1가,0,1
2023-03-25,14:30,17:00,500,종로|남대문,개풍교차로∼을지로입구 4차로 ⇄ 보신각,을지로1가 등,0,1
2023-03-25,17:30,18:30,20000,남대문,개풍교차로∼을지로입구·무교교차로,을지로1가,0,1
2023-03-25,14:00,17:00,1000,종로|남대문,대한문 ⇄ 보신각,세종대로 등,0,0
2023-03-25,14:00,17:00,1000,종로|남대문,서울시의회 ⇄ 한국은행,세종대로 등,0,0
2023-03-25,14:30,16:00,2000,종로|남대문,영풍빌딩→개풍교차로,서린동,1,1
2023-03-25,13:00,16:00,10000,종로,동화면세점 앞,세종대로,0,0
2023-03-25,14:30,16:00,500,남대문,시의회별관 → 시청 서편,,1,0
2023-03-26,13:00,17:30,3000,종로|혜화,혜화역2出 앞 3차로 → 프레스센터,동숭동 등,1,1
2023-03-26,13:30,16:30,1000,남대문|용산,舊삼성본관∼시청역 7出 2차로 → 삼각지파출소 앞,정동 등,1,1
2023-03-26,15:00,18:00,800,종로,교보빌딩 앞,세종대로,0,0
2023-03-26,14:00,16:00,100,남대문,정동분수대 ⇄ 숭례문,정동 등,0,0
2023-03-27,05:00,07:00,99,용산,유엔빌리지 앞,한남동,0,0
2023-03-27,12:00,17:00,99,용산,전쟁기념관 앞,용산동,0,0
2023-03-27,19:00,20:00,600,남대문,시청 도서관 앞,세종대로,0,0
2023-03-28,11:00,12:00,200,마포,신용보증재단 앞,,0,0
2023-03-28,19:30,21:00,0,,,공덕동,0,0
2023-03-28,14:00,18:00,1000,강북,,수유동,0,0
2023-03-28,19:00,20:00,600,남대문,시청 도서관 앞,세종대로,0,0
2023-03-28,10:00,12:00,100,영등포,국민은행 서관 → 국민의힘,여의도동,1,0
2023-03-28,08:30,09:00,77,수서,선경아파트정문 앞 인도,대치동,0,0
2023-03-28,15:00,17:30,300,서부,응암역 ⇄ 응암동 109-1,응암동,0,0
2023-03-29,13:00,17:00,500,용산,국민은행 동관 앞,여의도동,0,0
2023-03-29,13:30,17:00,1000,강서,청년주택 공사현장(공항대로) 앞 → CP4 공사현장 4게이트,내발산동,1,0
2023-03-29,19:00,20:00,600,남대문,시청 도서관 앞,세종대로,0,0
2023-03-29,12:00,13:00,200,종로,테라로사 앞 인도 및 1개차로,수송동,0,1
2023-03-29,14:00,15:00,100,영등포,국민건강보험 서울강원지역본부 앞,여의도동,0,0
2023-03-29,11:00,12:30,500,영등포,국회 앞·현대카드·금산빌딩 → 국민의힘,여의도동,1,0
2023-03-29,18:00,20:00,100,용산,전쟁기념관 앞 인도,용산동,0,0
2023-03-29,08:00,08:30,77,수서,선경아파트정문 앞 좌측 인도,대치동,0,0
2023-03-30,14:00,16:30,1000,송파|강동,한전 강동송파지사 → 잠실 진주아파트 재건축 현장,둔촌동 등,1,0
2023-03-30,18:30,19:30,100,남대문,세종호텔 앞,명동,0,0
2023-03-30,19:00,20:00,600,남대문,시청 도서관 앞,세종대로,0,0
2023-03-30,14:00,17:00,1500,남대문,시청 동편 2개차로 ⇄ 대한문,태평로1가,0,1
2023-03-30,17:00,18:00,30,종로,조계사 ⇄ 교보문고,수송동,0,0
2023-03-31,11:00,12:00,1000,종로|남대문,시교육청→태평교차로,신문로2가 등,1,1
2023-03-31,12:00,13:30,10000,남대문|용산,전쟁기념관→태평교차로,용산동1가 등,1,1
2023-03-31,13:30,15:00,10000,남대문,숭례문∼태평교차로,북창동,0,1
2023-03-31,10:00,11:00,800,종로,시교육청 앞,신문로2가,0,0
2023-03-31,19:00,20:00,600,남대문,시청 도서관 앞,세종대로,0,0
2023-03-31,09:00,,200,서초,정곡빌딩 남관 앞 인도 및 1개차로,서초동,0,1
2023-03-31,14:30,15:00,150,남대문,파이낸스빌딩 앞,태평로1가,0,0
2023-03-31,13:00,17:00,500,동대문,IBK기업은행 청량리점 → 동대문구청,청량리동,1,0
2023-04-01,16:30,18:00,1000,종로|남대문,정부서울청사 → 서울시청 동편,세종대로,1,0
2023-04-01,14:00,18:00,10000,용산,삼각지역 1出 앞 3개차로,한강로1가,0,1
2023-04-01,17:00,20:00,20000,종로|중부,숭례문∼태평교차로 진방 全차로 → 태평교차로,세종대로 등,1,1
2023-04-01,19:00,20:00,600,남대문,시청 도서관 앞,세종대로,0,0
2023-04-01,16:00,20:00,200,남대문,부영빌딩 앞 1개차로,세종대로,0,1
2023-04-01,14:00,17:00,1000,종로|남대문,대한문 ⇄ 보신각,세종대로 등,0,0
2023-04-01,14:00,17:00,1000,종로|남대문,서울시의회 ⇄ 한국은행,세종대로 등,0,0
2023-04-01,10:00,12:00,1000,종로|혜화,보신각 ⇄ 창덕궁,관철동,0,0
2023-04-01,13:00,16:00,10000,종로,동화면세점 앞,세종대로,0,0
2023-04-01,12:00,17:00,50,중부,DDP 서남측 황금색 인간동상 ⇄ DDP 서측 국기 게양대,을지로7가,0,0
2023-04-02,16:00,18:00,200,용산,대한의사협회 → 전쟁기념관,이촌동,1,0
2023-04-02,15:00,18:00,800,종로,교보빌딩 앞,세종대로,0,0
2023-04-02,12:00,13:30,50,혜화,혜화문 → 혜화동 성당,혜화동,1,0
2023-04-02,09:00,13:00,150,영등포,문화마당 9문~10문 앞,여의도동,0,0
2023-04-03,10:30,12:30,300,구로,지타워 앞,구로동,0,0
2023-04-03,15:00,16:00,50,영등포,N타워 앞,문래동,0,0
2023-04-03,19:00,20:00,600,남대문,시청 도서관 앞,세종대로,0,0
2023-04-03,14:00,15:00,150,성북,성북구청 ⇄ 성북경찰서,삼선동,0,0
2023-04-04,14:00,18:00,1000,강북,강북구청 앞,수유동,0,0
2023-04-04,19:00,20:00,600,남대문,시청 도서관 앞,세종대로,0,0
2023-04-04,11:30,13:00,500,영등포,국회 앞 등 → 국민의힘,여의도동,1,0
2023-04-04,11:00,15:00,60,중부,남산스퀘어빌딩 정문 앞,충무로3가,0,0
2023-04-05,16:00,18:30,600,남대문|용산,이태원역 1出 → 시청역 5出,이태원동 등,1,0
2023-04-05,19:00,20:00,600,남대문,서울시청 동편,태평로1가,0,0
2023-04-05,12:00,13:00,200,종로,테라로사 앞 인도 및 1개차로,수송동,0,1
2023-04-05,12:00,13:30,7000,영등포,의사당역 2出~산업은행 측면 全차로,여의도동,0,1
2023-04-06,15:00,16:00,50,영등포,금융감독원 앞,여의도동,0,0
2023-04-06,12:00,13:00,100,종로,GS건설 우측 인도 및 1개차로,청진동,0,1
2023-04-06,19:00,20:00,100,남대문,서울고용노동청 앞,장교동,0,0
2023-04-06,19:00,20:00,600,남대문,시청 도서관 앞,세종대로,0,0
2023-04-06,11:30,13:00,60,남대문,금세기빌딩 앞,태평로1가,0,0
2023-04-06,14:00,16:30,1500,남대문,시청 동편 2개차로 ⇄ 대한문,태평로1가,0,1
2023-04-06,11:00,12:30,200,용산,전쟁기념관 앞 인도,용산동,0,0
2023-04-06,13:30,16:30,200,종로,보신각 ⇄ 광화문교차로,관철동,0,1
2023-04-06,11:30,13:00,500,영등포,국회 앞 등 → 국민의힘,여의도동,1,0
2023-04-06,16:00,18:00,500,동대문,동대문구청 앞 인도,용두동,0,0
2023-04-06,12:00,18:00,50,남대문,센트럴타워 앞,중림동,0,0
2023-04-07,15:00,16:00,300,영등포,국민의힘 앞,여의도동,0,0
2023-04-07,19:00,20:00,600,남대문,시청 도서관 앞,세종대로,0,0
2023-04-07,14:00,17:00,300,영등포,이룸센터 앞,여의도동,0,0
2023-04-07,11:30,13:00,500,영등포,국회 앞 등 → 국민의힘,여의도동,1,0
2023-04-08,14:00,16:00,7000,영등포,의사당역 2出∼산업은행 측면인도 및 4개차로,여의도,0,1
2023-04-08,16:30,18:00,1500,종로|남대문,정부서울청사 → 시청동편,세종대로,1,0
2023-04-08,15:00,16:30,400,종로,광화문KT → 소녀상,세종대로,1,0
2023-04-08,17:00,19:00,10000,용산,삼각지역 1出 앞 3개차로,한강로1가,0,1
2023-04-08,19:00,20:00,600,남대문,시청 도서관 앞,세종대로,0,0
2023-04-08,17:00,20:00,20000,종로|남대문,숭례문∼태평교차로 진방 全차로 → 태평교차로,세종대로 등,1,1
2023-04-08,14:00,17:00,2000,종로|남대문|중부,대한문 ⇄ 보신각R,세종대로 등,0,0
2023-04-08,14:00,17:00,1000,종로|남대문,서울시의회 ⇄ 한국은행,세종대로 등,0,0
2023-04-08,14:00,17:00,1000,남대문|용산,전쟁기념관 → 시의회,용산,1,0
2023-04-08,13:00,16:00,10000,종로,동화면세점 앞,세종대로,0,0
2023-04-08,13:00,14:30,100,종로,보신각 앞 인도,관철동,0,0
2023-04-08,19:00,21:00,100,서초,대법원⇄교대역,서초동,0,0
2023-04-09,13:00,18:00,20000,종로|남대문,동화면세점 앞,세종대로,0,0
2023-04-09,13:30,20:00,10000,종로|남대문,광화문광장~세종로 全차로 ⇄ 대한문,세종대로,0,1
2023-04-09,12:00,17:00,100,종로|남대문,광화문우체국 → 중앙우체국,세종대로,1,0
2023-04-09,15:00,18:00,800,종로,교보빌딩 앞,세종대로,0,0
2023-04-09,14:00,17:00,150,용산,용산역광장 → 녹사평광장,이촌동,1,0
2023-04-10,10:00,11:30,200,광진,세종대학교 앞,군자동,0,0
2023-04-10,14:00,19:00,150,중랑,면목역 공원 앞,면목동,0,0
2023-04-10,08:00,18:00,499,중랑,중화동 331 앞,중화동,0,0
2023-04-10,18:30,19:00,600,남대문,시청 도서관 앞,세종대로,0,0
2023-04-10,14:00,16:32,150,성북,성북구청 앞 ⇄ 성북경찰서,삼선동,0,0
2023-04-10,19:00,20:30,1000,남대문,개풍교차로~무교교차로 인도 및 2개차로,태평로1가,0,1
2023-04-10,11:00,13:00,500,영등포,국민의힘 서울시당 앞,여의도동,0,0
2023-04-10,11:30,13:00,500,영등포,국회 앞 등 → 국민의힘,여의도동,1,0
2023-04-11,16:00,18:00,100,서대문,신촌유플렉스 앞,창천동,0,0
2023-04-11,10:00,12:00,50,영등포,국회 앞,여의도동,0,0
2023-04-11,14:00,15:00,200,마포,신용보증재단 앞,공덕동,0,0
2023-04-11,15:00,17:00,150,혜화,전태일 다리 앞,종로5가,0,0
2023-04-11,14:00,15:30,500,송파,쿠팡 본사 앞,신천동,0,0
2023-04-11,14:00,18:00,50,강북,강북구청 앞,수유동,0,0
2023-04-11,06:00,07:00,499,중랑,중화동 331 공사현장 앞,중화동,0,0
2023-04-11,09:00,12:00,500,은평,은평우체국 앞,진관동,0,0
2023-04-11,19:00,20:00,600,남대문,시청 도서관 앞,세종대로,0,0
2023-04-11,19:00,21:00,200,종로,보신각 앞 인도,관철동,0,0
2023-04-11,16:00,19:00,100,용산,전쟁기념관 앞,용산동,0,0
2023-04-11,11:30,13:00,500,영등포,국회 앞 등 → 국민의힘,여의도동,1,0
2023-04-12,10:30,11:30,200,수서,SH공사 앞 인도,개포동,0,0
2023-04-12,11:00,12:30,499,용산,전쟁기념관 앞,용산동,0,0
2023-04-12,13:00,15:30,400,강서,강서구청 신청사 공사장 앞( →마곡복합단지 CP4 8G),마곡동,1,0
2023-04-12,06:00,07:00,499,중랑,중화동 331 공사현장 앞,중화동,0,0
2023-04-12,14:30,16:00,200,강동,천호역 각 출입구 앞 인도,성내동,0,0
2023-04-12,19:00,20:00,600,남대문,시청 도서관 앞,세종대로,0,0
2023-04-12,12:00,13:00,200,종로,테라로사 앞 인도 및 1개차로,수송동,0,1
2023-04-12,12:00,13:30,7000,영등포,의사당역 2出～산업은행 측면 全차로,여의도동,0,1
2023-04-12,14:00,15:30,1000,영등포,이룸센터 앞,여의도동,0,0
2023-04-13,10:00,12:30,200,종로|남대문,시청 서편,태평로1가,0,0
2023-04-13,12:30,13:30,200,종로,종로구청 후문,수송동,0,0
2023-04-13,14:00,15:30,200,용산,새꿈어린이공원,동자동,0,0
2023-04-13,15:30,16:30,200,남대문,서울역 광장,봉래동,0,0
2023-04-13,17:00,18:00,60,중부,중구청 앞,예관동,0,0
2023-04-13,18:00,19:00,100,남대문,세종호텔 앞,충무로2가,0,0
2023-04-13,14:00,15:00,200,남대문,시청 서소문별관 앞,정동,0,0
2023-04-13,13:00,14:00,200,영등포,영등포역 광장,영등포동,0,0
2023-04-13,06:00,07:00,499,중랑,중화동 331 공사현장 앞,중화동,0,0
2023-04-13,14:00,16:00,3000,남대문,시청 동편 2개 차로,태평로1가,0,1
2023-04-13,11:30,13:00,500,영등포,국회 앞 등 → 국민의힘,여의도동,1,0
2023-04-14,10:30,12:00,70,관악,대교타워 정문 앞,보라매동,0,0
2023-04-14,14:00,17:30,1000,강북,강북구청 앞,수유동,0,0
2023-04-14,06:00,07:00,499,중랑,중화동 331번지 공사현장 앞,중화동,0,0
2023-04-14,12:00,13:00,100,구로,대륭포스트 1차 앞,구로동,0,0
2023-04-14,12:00,13:00,100,구로,코오롱싸이언스밸리 1차 앞,구로동,0,0
2023-04-14,14:00,16:00,200,구로,관악노동지청 앞,구로동,0,0
2023-04-14,17:00,19:30,80,노원,인제대 상계백병원 → 롯데백화점 노원점,상계동,1,0
2023-04-14,16:00,17:00,150,종로,동화면세점 앞,세종대로,0,0
2023-04-14,13:30,16:00,150,남대문,서울시의회 앞 인도,태평로1가,0,0
2023-04-14,11:30,13:00,500,영등포,국회 앞 등 → 국민의힘,여의도동,1,0
2023-04-15,06:00,17:00,499,중랑,중화동 331번지 공사현장 앞,중화동,0,0
2023-04-15,17:00,19:00,10000,용산,삼각지역 1出 앞 3개차로,한강로1가,0,1
2023-04-15,14:00,16:00,2000,남대문|용산,서울역 12出 → 서울시청 동편,동자동 등,1,0
2023-04-15,14:00,15:00,100,영등포,국민의힘 앞,여의도,0,0
2023-04-15,15:00,17:00,30000,종로|남대문,방송통신대∼혜화역1出 앞 4개차로 → 태평R,동숭동 등,1,1
2023-04-15,17:00,18:00,100000,남대문|혜화,숭례문∼태평교차로 진방 全차로,세종대로,0,1
2023-04-15,19:00,20:00,600,남대문,시청 도서관 앞,세종대로,0,0
2023-04-15,16:00,18:30,200,남대문,부영빌딩 앞 1개차로,세종대로,0,1
2023-04-15,14:00,17:00,1000,종로|남대문,대한문 ⇄ 보신각,세종대로 등,0,0
2023-04-15,14:00,18:00,3000,종로|남대문|혜화,보신각 앞 → 을지로입구,관철동 등,1,0
2023-04-15,11:30,12:00,100,중부|강북,국립4.19민주묘지입구 민주의뿌리 앞,우이동,0,0
2023-04-15,13:00,16:00,10000,종로,동화면세점 앞,세종대로,0,0
2023-04-15,10:00,12:30,70,동작,래미안트윈파크 정문 건너편 인도,본동,0,0
2023-04-16,14:00,16:00,400,종로,동화면세점 앞,세종대로,0,0
2023-04-16,14:00,16:30,30000,남대문,태평교차로～숭례문 全차로 → 서울역 광장,서소문동,1,1
2023-04-16,15:00,18:00,800,종로,교보빌딩 앞,세종대로,0,0
2023-04-16,11:00,16:00,300,용산|성동,래미안옥수리버젠아파트 → 일신빌딩 앞,옥수동,1,0
2023-04-16,11:00,15:00,70,종로,청와대 분수대 ⇄ 경복궁교차로,세종로1,0,1
2023-04-17,10:30,11:00,50,용산,전쟁기념관 앞,용산동,0,0
2023-04-17,06:00,17:00,499,중랑,중화동 331번지 공사현장 앞,중화동,0,0
2023-04-17,13:00,17:00,200,서부,응암역 3出 앞 너른마당內 → 이디야은평구청점 앞,역촌동,1,0
2023-04-17,14:00,16:30,200,성북,성북구청 앞 → 성신여대입구역,삼선동,1,0
2023-04-18,09:30,17:00,499,동대문,동대문우체국 앞,신설동,0,0
2023-04-18,19:00,21:00,200,마포,신용보증재단 앞,공덕동,0,0
2023-04-18,14:00,17:00,200,중랑,망우역 광장 → 중랑구청 중앙광장,신내동,1,0
2023-04-18,10:00,12:00,100,남대문,한화본사 앞,장교동,0,0
2023-04-18,11:30,13:00,850,영등포,국회 앞 등 → 국민의힘,여의도동,1,0
2023-04-19,13:00,16:00,10000,남대문,숭례문∼태평교차로,태평로2가,0,1
2023-04-19,13:00,15:00,8000,남대문|용산,전쟁기념관 북문 → 태평교차로,용산동,1,1
2023-04-19,13:00,15:00,5000,남대문|중부,DDP → 서울광장 남단,을지로7가,1,0
2023-04-19,13:00,15:00,8000,종로|남대문,안국역 1出 → 시청역 8出,경운동,1,0
2023-04-19,19:30,21:00,700,남대문,파이낸스 빌딩 앞,태평로 1가,0,0
2023-04-19,08:00,16:00,499,성동,성수동2가 289-18 공사현장 앞,성수동,0,0
2023-04-19,18:30,20:30,100,마포,서울시 사회서비스원 앞,도화동,0,0
2023-04-19,06:30,08:00,1000,송파,가락시장 북문 앞,가락동,0,0
2023-04-19,11:00,13:00,60,강남,압구정동 518 앞,압구정동,0,0
2023-04-19,12:00,13:00,200,종로,테라로사 앞 인도 및 1개차로,수송동,0,1
2023-04-19,14:00,15:30,7000,영등포,의사당역 2出～산업은행 측면 全차로,여의도동,0,1
2023-04-19,11:00,12:30,1000,영등포,국민은행 서관 앞 인도 및 보조도로,여의도동,0,0
2023-04-19,09:30,12:00,80,성북,성신여대역 3出 → 성북구청 앞,삼선동5가,1,0
2023-04-20,11:50,12:20,300,영등포,국민의힘 당사 앞,여의도동,0,0
2023-04-20,06:30,08:00,1000,송파,가락시장 북문 앞,가락동,0,0
2023-04-20,11:30,13:00,60,남대문,금세기빌딩 앞,다동,0,0
2023-04-20,10:30,12:00,1000,영등포,63빌딩 앞 인도 및 1개차로,여의도동,0,1
2023-04-20,13:00,21:00,3000,남대문|용산,삼각지파출소 앞 인도 및 3개차로→시청 서편,한강로1가,1,1
2023-04-20,14:00,17:00,300,영등포,이름센터 앞 ⇄ 국민의힘 당사,여의도동,0,0
2023-04-20,11:30,13:00,850,영등포,국회 앞 등 → 국민은행 서관,여의도동,1,0
2023-04-21,06:30,08:00,1000,송파,가락시장 북문 앞,가락동,0,0
2023-04-21,11:00,13:00,500,영등포,국민의힘 앞,여의도동,0,0
2023-04-21,08:00,11:30,3000,남대문,시청역 및 시청 서편 3개차로,태평로1가,0,1
2023-04-21,11:30,13:00,850,영등포,국회 앞 등 → 국민은행 서관,여의도동,1,0
2023-04-22,16:30,18:30,1500,종로|남대문,정부서울청사 → 시청 동편,적선동,1,0
2023-04-22,10:00,18:00,100,강북,선일교통 앞,우이동,0,0
2023-04-22,17:00,19:00,10000,용산,삼각지역 1出 앞 3개차로,한강로1가,0,1
2023-04-22,17:00,20:00,10000,종로|남대문,태평교차로∼숭례문 진방 全차로 → 태평교차로,세종대로 등,1,1
2023-04-22,14:00,15:00,100,영등포,국민의힘 앞,여의도,0,0
2023-04-22,14:00,15:30,500,종로|남대문,청계광장 남측 → 일본대사관,태평로1가 등,1,0
2023-04-22,15:00,16:30,300,종로|남대문,D타워 동측 → 시청역 8出,청진동 등,1,0
2023-04-22,19:00,20:00,600,남대문,시청 도서관 앞,세종대로,0,0
2023-04-22,15:00,20:00,200,남대문,시청역 7出 앞,세종대로,0,0
2023-04-22,14:00,17:00,1000,종로|남대문,대한문 ⇄ 보신각,세종대로 등,0,0
2023-04-22,14:00,17:00,1000,종로|남대문,서울시의회 ⇄ 한국은행,세종대로 등,0,0
2023-04-22,17:00,18:30,100,서초,고속버스터미널역 8-2出 앞,반포동,0,0
2023-04-22,14:00,16:00,2000,마포,마포구청 앞 인도 및 1개차로,성산동,0,1
2023-04-22,13:00,16:00,10000,종로,동화면세점 앞,세종대로,0,0
2023-04-22,10:00,12:30,70,동작,래미안트윈파크 정문 건너편 인도,본동,0,0
2023-04-22,15:00,16:00,50,종로,템플스테이 ⇄ 인사동길,수송동,0,0
2023-04-22,10:00,11:00,150,종로,보신각 앞,관철동,0,0
2023-04-23,10:00,12:00,100,용산,전쟁기념관 → 국립중앙박물관 주차장 앞,용산동 등,1,0
2023-04-23,15:00,18:00,500,종로,교보빌딩 앞 1개차로,세종대로,0,1
2023-04-23,12:00,15:00,70,종로,보신각 → 경복궁 동문,관철동,1,0
2023-04-23,15:00,17:00,100,혜화,혜화역 4出 앞,동숭동,0,0
2023-04-24,11:00,13:00,300,영등포,대하빌딩 앞,여의도동,0,0
2023-04-24,06:00,11:00,499,동대문,답십리17구역 공사현장 앞,답십리동,0,0
2023-04-24,13:00,,200,수서,효성벤츠 앞 0∼14:30,도곡동,0,0
2023-04-24,14:00,16:30,400,종로,보신각 앞 → 종로구청,관철동,1,0
2023-04-24,14:00,15:30,200,성북,성북구청 앞 → 성신여대입구역,삼선동,1,0
2023-04-24,11:30,13:00,850,영등포,국회 앞 등 → 국민은행 서관,여의도동,1,0
2023-04-25,06:00,11:00,499,동대문,답십리17구역 공사현장 앞,답십리동,0,0
2023-04-25,06:00,07:00,499,중랑,상봉동 109-28 공사현장 앞,상봉동,0,0
2023-04-25,14:00,16:00,1000,수서,우미건설 본사 앞 → 대치교차로,도곡‧대치동,1,1
2023-04-25,12:00,16:00,100,강서,개화역 1번 출구 앞,개화동,0,0
2023-04-25,19:00,21:00,200,마포,신용보증재단 앞,공덕동,0,0
2023-04-25,19:00,20:00,300,남대문,파이낸스빌딩 앞 소공원,태평로1가,0,0
2023-04-25,12:00,15:00,500,서초,서울중앙지검 서문 앞 인도 및 1차로,서초동,0,1
2023-04-25,14:00,16:00,1000,영등포,국민은행 동·서관 앞 인도 및 보조도로 상,여의도동,0,0
2023-04-25,11:30,13:00,850,영등포,국회 앞 등 3개소 → 국민은행 서관,여의도동,1,0
2023-04-26,06:00,11:00,499,동대문,답십리 17구역 공사현장 앞,답십리동,0,0
2023-04-26,06:00,07:00,499,중랑,상봉동 109-28 공사현장 앞,상봉동,0,0
2023-04-26,08:00,09:00,85,마포,마포․서강․성산․양화대교 各 남․북단 인도,,0,0
2023-04-26,08:00,09:00,120,용산|동작,원효․한강․동작․반포․한남대교 各 남․북단 인도,,0,1
2023-04-26,12:00,13:00,200,종로,,수송동,0,0
2023-04-26,12:00,13:30,7000,영등포,국회의사당역 2出∼산업은행 측면 全차로 상,여의도동,0,1
2023-04-26,14:00,16:00,200,종로,종로2가 지구대 앞 인도,종로2가,0,0
2023-04-26,14:00,15:00,50,동작,노량진역 광장 앞 인도,노량진동,0,0
2023-04-27,06:00,11:00,499,동대문,답십리17구역 공사현장 3게이트 좌측,답십리동,0,0
2023-04-27,06:00,07:00,499,중랑,상봉동 109-28 공사현장 1게이트 좌측,상봉동,0,0
2023-04-27,06:00,07:00,1000,관악,봉천 4-1-2 공사장 정문 우측,봉천동,0,0
2023-04-27,06:30,08:00,50,용산,한남동 746-3 앞,한남동,0,0
2023-04-27,14:00,15:00,1000,혜화,마로니에공원 ⇄ 혜화·이화교차로,동숭동,0,1
2023-04-27,11:30,13:00,500,영등포,국회 앞 등 3개소 → 국민은행 서관,여의도동,1,0
2023-04-28,06:00,10:00,499,동대문,답십리17구역 공사현장 3게이트 좌측,답십리동,0,0
2023-04-28,06:00,07:00,499,중랑,상봉동 109-28 공사현장 1게이트 좌측,상봉동,0,0
2023-04-28,16:30,18:00,499,용산,전쟁기념관 앞,용산동,0,0
2023-04-28,10:00,12:00,150,남대문,교원빌딩 앞,을지로 2가,0,0
2023-04-28,18:30,20:30,100,남대문,세종호텔 ⇄ 눈스퀘어,충무로2가,0,0
2023-04-28,16:00,18:00,1000,종로,동화면세점 앞 인도,세종대로,0,0
2023-04-28,11:30,13:00,500,영등포,국회 앞 등 3개소 → 국민은행 서관,여의도동,1,0
2023-04-28,14:00,17:00,200,중부,서해광장 앞 ⇄ 명보아트홀,필동,0,0
2023-04-29,08:00,15:00,100,성북|도봉|강북|종암,해등로 218 → 전태일 다리,쌍문동 등,1,0
2023-04-29,10:30,16:00,100,마포|서대문|혜화|동대문,홍대입구역 → 이대역,대흥동 등,1,0
2023-04-29,17:00,19:00,10000,용산,삼각지역 1出 앞 3개차로,한강로1가,0,1
2023-04-29,17:00,20:00,20000,종로|남대문,태평교차로∼숭례문 3개차로 → 태평교차로,세종대로 등,1,1
2023-04-29,15:00,17:00,1000,남대문,시청광장 동측 인도 및 2개차로,태평로 등,0,1
2023-04-29,19:00,20:00,600,남대문,시청 도서관 앞,세종대로,0,0
2023-04-29,16:00,19:00,200,남대문,부영태평빌딩 앞 1개차로,세종대로,0,1
2023-04-29,14:00,17:00,1000,종로|남대문,대한문 ⇄ 보신각,세종대로 등,0,0
2023-04-29,12:00,18:00,10000,종로|남대문,동화면세점 앞 편도 全차로 → 오피시아빌딩,세종대로,1,1
2023-04-29,10:00,11:00,150,종로|서대문,보신각 앞,관철동,0,0
2023-04-30,14:00,15:30,200,용산,용산역광장 → 전쟁기념관,한강로3가 등,1,0
2023-04-30,17:00,19:30,100,용산,용산역 광장,한강로3가,0,0
2023-04-30,15:00,18:00,500,종로,교보빌딩 앞 1개차로,세종대로,0,1
2023-04-30,15:00,17:00,100,혜화,혜화역 4出 앞,동숭동,0,0
2023-05-01,14:00,15:00,25000,종로|남대문,동화면세점∼대한문,세종대로,0,0
2023-05-01,11:00,13:00,100,남대문|용산,전쟁기념관 → 대한문,용산동1가 등,1,0
2023-05-01,12:30,13:30,32000,종로|남대문,동화면세점∼서울도시건축 전시관,세종대로,0,0
2023-05-01,15:00,16:30,25000,종로|남대문,세종대로 → 숭례문 → 삼각지파출소,한강로1가 등,1,0
2023-05-01,15:00,16:00,5000,종로|남대문|용산,세종대로 → 안국역,세종대로 등,1,0
2023-05-01,12:00,13:00,2000,남대문|중부,고용청 → 대한문,장교동 등,1,0
2023-05-01,15:00,16:00,3000,종로|중부,세종대로 → 종로2가 → 고용청,장교동 등,1,0
2023-05-01,12:00,13:30,1000,남대문,롯데백화점 → 대한문,소공동 등,1,0
2023-05-01,13:00,13:40,1000,남대문,무교로∼모전교,소공동 등,0,0
2023-05-01,12:00,13:00,1000,남대문,서울시청 동편,태평로1가,0,0
2023-05-01,14:00,15:30,100,영등포,마포대교 남단 ∼여의도공원1문,여의대로,0,0
2023-05-01,13:00,16:00,30000,영등포,국민은행 서관 앞,여의도동,0,0
2023-05-01,12:00,13:30,80,종로|남대문,광화문KT → 숭례문,세종대로 등,1,0
2023-05-01,15:00,17:00,50,용산,삼각지역 11出 앞 인도 및 1개차로,용산동,0,1
2023-05-01,15:00,17:00,10000,용산,삼각지역 10出 앞 2개차로,용산동,0,1
2023-05-01,12:00,13:30,200,남대문,파이낸스빌딩 앞 인도,태평로 1가,0,0
2023-05-01,14:00,15:30,200,성북,성북구청 → 성신여대입구역,삼선동,1,0
2023-05-02,07:00,10:00,1000,송파,잠실 엘스@ 서문 앞,잠실,0,0
2023-05-02,10:00,11:00,1000,강남|송파,잠실 엘스@ → 포스코센터,잠실 등,1,0
2023-05-02,11:00,13:00,1000,수서,포스코센터 앞,대치동,0,0
2023-05-02,14:00,15:00,50,종로,현대해상 앞 인도,세종대로,0,0
2023-05-02,15:00,17:00,100,동작,동작구청 정문 앞 인도,노량진동,0,0
2023-05-02,11:00,13:00,100,서초,서초구청 정문 좌측인도,양재동,0,0
2023-05-03,14:00,16:00,100,용산,전쟁기념관 앞,용산동,0,0
2023-05-03,14:30,15:30,200,영등포,CCMM빌딩 앞,여의도동,0,0
2023-05-03,06:00,10:00,499,동대문,답십리17구역 3게이트 좌측 인도,답십리동,0,0
2023-05-03,11:00,14:00,300,용산,전쟁기념관 앞,용산동,0,0
2023-05-03,12:00,13:00,200,종로,국세청 북측 인도 및 1개차로,수송동,0,1
2023-05-03,17:30,19:30,5000,영등포,국회의사당역 2出∼산업은행 편도 全차로,여의동,0,1
2023-05-03,18:00,22:00,100,용산|동작,전쟁기념관 앞 → 래미안 트윈파크,용산동,1,0
2023-05-03,10:30,12:00,100,용산,용산구청 앞,이태원동,0,0
2023-05-03,13:30,16:00,150,남대문,시의회 앞,태평로 1가,0,0
2023-05-03,13:30,16:30,95,동작,동작구청 정문 앞 인도,노량진동,0,0
2023-05-04,13:00,16:00,5000,용산,KDB생명타워 → 전쟁기념관 북문,용산동 등,1,0
2023-05-04,12:20,12:40,200,영등포,이레빌딩 앞,양평동,0,0
2023-05-04,06:00,10:00,499,동대문,답십리17구역 3게이트 좌측 인도,답십리동,0,0
2023-05-04,13:00,16:00,10000,용산,전쟁기념관 북문∼삼각지파출소 1개차로,용산동,0,1
2023-05-04,11:00,12:00,200,강동,둔촌동역 3出 → 신한은행 둔촌동지점 앞,둔촌동,1,0
2023-05-05,13:00,14:00,20,종로,정부서울청사 정문 우측 인도,세종대로,0,0
2023-05-06,17:00,19:00,10000,용산,삼각지역 1出 앞 3개차로,한강로1가,0,1
2023-05-06,17:00,20:00,20000,종로|남대문,舊삼성본관 건너편 ∼ 태평교차로 3·4개차로,세종대로 등,0,1
2023-05-06,17:00,18:00,1000,남대문,시청광장 동측 → 파이낸스빌딩,세종대로 등,1,0
2023-05-06,18:30,20:00,500,남대문,파이낸스빌딩 계단 앞,태평로1가,0,0
2023-05-06,19:00,20:00,600,남대문,시청 도서관 앞,세종대로,0,0
2023-05-06,16:00,19:30,200,남대문,부영태평빌딩 앞 1개차로,세종대로,0,1
2023-05-06,14:00,17:00,1000,종로|남대문,대한문 ⇄ 보신각,세종대로 등,0,0
2023-05-06,14:00,17:00,1000,종로|남대문,서울시의회 ⇄ 보신각,세종대로 등,0,0
2023-05-06,13:00,16:00,10000,종로,동화면세점 앞,세종대로,0,0
2023-05-07,14:00,18:00,100,용산,일신빌딩 앞 인도,한남동,0,0
2023-05-07,12:00,13:00,70,용산,전쟁기념관 앞 인도,용산동,0,0
2023-05-07,14:00,15:00,70,용산,이촌역 5出 → 국립중앙박물관 서문,이촌동 등,1,0
2023-05-07,15:00,18:00,500,종로,교보빌딩 앞 1개차로,세종대로,0,1
2023-05-07,15:00,17:00,100,혜화,혜화역 4出 앞,동숭동,0,0
2023-05-08,06:00,10:00,499,동대문,답십리17구역 3게이트 앞,답십리동,0,0
2023-05-08,10:00,18:00,200,강남,삼성동 141 앞,삼성동,0,0
2023-05-08,14:00,,200,영등포,국민의힘 앞,여의도동,0,0
2023-05-08,14:00,15:30,200,성북,성북구청 앞 → 성신여대입구역,삼선동,1,0
2023-05-08,08:30,14:00,800,종로|남대문,서울광장 ⇄ 을지로1가,태평로1가,0,0
2023-05-09,09:30,10:30,350,종로|남대문,세종교차로 일대,세종대로 등,0,1
2023-05-09,06:00,10:00,499,동대문,답십리17구역 3게이트 좌측 인도,답십리동,0,0
2023-05-09,18:00,19:00,200,영등포,국민의힘 앞,여의도동,0,0
2023-05-09,10:00,11:00,50,영등포,민주당사 앞,여의도동,0,0
2023-05-09,11:00,12:00,300,용산,전쟁기념관 앞 인도,용산동,0,0
2023-05-10,14:00,17:00,2000,남대문|용산,전쟁기념관 북문 → 서울광장 서편,용산동 등,1,0
2023-05-10,18:30,20:00,500,동작,노량진역 광장,노량진동,0,0
2023-05-10,19:00,20:30,200,서부,응암역 3出 앞 은평너른마당,역촌동,0,0
2023-05-10,14:00,16:00,10000,용산,산수옥 앞 2개차로,한강로1가,0,1
2023-05-10,12:00,13:00,200,종로,국세청 북측 인도 및 1개차로,수송동,0,1
2023-05-10,18:00,19:00,200,영등포,국민의힘 앞,여의도동,0,0
2023-05-10,19:00,21:00,100,종로|남대문,파이낸스빌딩 앞 ⇄ 젊음의거리,태평로,0,0
2023-05-10,19:30,21:00,200,서대문,독립문 앞 인도,현저동,0,0
2023-05-10,18:00,21:00,200,관악,청암타워 ⇄ 별빛거리 입구,신림동,0,0
2023-05-10,18:30,20:00,200,구로,신도림역 1出 앞,신도림동,0,0
2023-05-10,17:00,21:00,300,노원,롯데백화점 노원점 앞 → 와우쇼핑몰,상계동,1,0
2023-05-10,19:00,21:00,50,송파,물빛광장 위 ⇄ 성내천 7교,오금동,0,0
2023-05-10,11:00,12:00,50,용산,전쟁기념관 앞 인도,용산동,0,0
2023-05-10,12:00,13:00,70,종로,조계사 ⇄ 종로2가,수송동,0,0
2023-05-11,20:00,22:00,3000,남대문|서대문,경찰청 우측∼서대문역 7出 → 서울광장 서편,미근동 등,1,0
2023-05-11,12:20,12:50,300,영등포,국민의힘 앞,여의도동,0,0
2023-05-11,12:20,12:40,200,영등포,이레빌딩 앞,양평동,0,0
2023-05-11,19:00,20:00,100,송파,우아한형제들 앞,오륜동,0,0
2023-05-11,08:30,09:30,1000,송파,가락시장 채소2동 공사현장 앞,가락동,0,0
2023-05-11,18:00,19:00,200,영등포,국민의힘 앞,여의도동,0,0
2023-05-11,13:00,15:00,100,서초,SSI아트학원 앞 인도 및 1개차로,서초동,0,1
2023-05-11,17:00,19:00,80,성동,성동·광진교육지원청 정문 앞 인도,행당동,0,0
2023-05-11,14:00,16:00,2000,용산,전쟁기념관 북문∼해태제과 2개차로,용산동,0,1
2023-05-11,17:30,18:30,5000,영등포,국회의사당역 2出∼산업은행 편도 3개차로,여의도동,0,1
2023-05-12,12:20,12:40,200,영등포,이레빌딩 앞,양평동,0,0
2023-05-12,08:30,11:00,1000,송파,가락시장 채소2동 공사현장 앞,가락동,0,0
2023-05-12,18:00,19:00,200,영등포,국민의힘 앞,여의도동,0,0
2023-05-12,14:00,16:00,30000,종로|남대문,동화면세점~대한문 편도 全차로,세종대로,0,1
2023-05-12,15:00,17:00,100,강동,강동구청 앞,성내동,0,0
2023-05-12,08:00,14:00,50,혜화,JW메리어트호텔 앞,종로6가,0,0
2023-05-12,11:00,12:00,200,남대문,신한은행 본점 앞,서소문동,0,0
2023-05-12,07:30,08:30,100,남대문,서울역 광장,봉래동,0,0
2023-05-12,09:00,12:30,60,서부,은평구청 정문 앞,녹번동,0,0
2023-05-12,17:40,19:40,100,강남,춘곡빌딩 앞,신사동,0,0
2023-05-13,06:00,08:00,1000,서부,역촌동 189-1 건설현장,역촌동,0,0
2023-05-13,17:00,19:00,10000,용산,삼각지역 1出 앞 3개차로,한강로 1가,0,1
2023-05-13,17:00,20:00,10000,종로|남대문|혜화,舊 삼성본관 건너편~숭례문R 4·5개차로 → 마로니에 공원,세종대로 등,1,1
2023-05-13,15:00,18:00,200,남대문,대한문 앞,세종대로,0,0
2023-05-13,12:00,17:00,3000,종로|남대문,서울역광장 → 광장시장,세종대로 등,1,0
2023-05-13,14:00,18:00,600,남대문|혜화,시청 도서관 앞,세종대로,0,0
2023-05-13,14:00,17:00,1000,종로|남대문,대한문 ⇄ 보신각 R,세종대로 등,0,0
2023-05-13,14:00,17:00,1000,종로|남대문,서울시의회 ⇄ 보신각 R,세종대로 등,0,0
2023-05-13,14:00,16:00,100,종로,보신각 앞 인도,관철동,0,0
2023-05-13,13:00,16:00,10000,종로,동화면세점 앞,세종대로,0,0
2023-05-13,10:30,14:00,200,종로,청와대 분수대 광장,효자동,0,0
2023-05-14,14:00,18:00,300,용산,순천향병원 정류장 앞 인도,한남동,0,0
2023-05-14,15:00,18:00,500,종로,교보빌딩 앞 1개차로,세종대로,0,1
2023-05-14,15:00,17:00,100,혜화,혜화역 4出 앞,동숭동,0,0
2023-05-14,13:00,15:00,60,중부,서울제일교회 →중부 署 앞,삼선동,1,0
2023-05-15,06:00,14:00,1000,서부,역촌동 189-1 건설현장 앞,역촌동,0,0
2023-05-15,12:20,12:40,200,영등포,이레빌딩 앞,양평동,0,0
2023-05-15,18:00,19:00,200,영등포,국민의힘 앞,여의도동,0,0
2023-05-15,13:00,16:00,10000,종로,동화면세점 앞,세종대로,0,0
2023-05-15,10:00,12:00,50,동작,래미안트윈파크 정문 건너편 인도,본동,0,0
2023-05-15,10:30,14:00,200,종로,청와대 분수대 광장,효자동,0,0
2023-05-15,14:00,16:30,500,남대문,시청광장 內 → 서울역 광장,태평로 1가,1,0
2023-05-16,12:00,13:30,6000,남대문|서대문,경찰청 → 숭례문,미근동 등,1,0
2023-05-16,12:00,13:30,3000,남대문|중부,고용청 → 숭례문,장교동 등,1,0
2023-05-16,12:00,13:30,2000,종로|혜화,대학로 → 숭례문,장교동 등,1,0
2023-05-16,12:00,13:30,1500,종로|남대문,정부서울청사 → 숭례문,세종대로 등,1,0
2023-05-16,14:00,15:00,55000,종로|남대문,숭례문∼동화면세점,세종대로 등,0,0
2023-05-16,15:00,17:00,30000,남대문|용산,숭례문→ 전쟁기념관 북문,용산동,1,0
2023-05-16,20:00,23:00,10000,영등포,의사당대로 국민의 힘 앞 / 문화마당 앞,여의도동,0,0
2023-05-16,00:00,23:59,3000,동작,전문건설회관 앞,신대방동,0,0
2023-05-16,13:30,16:00,100,종로|혜화,종로5가역 앞,연건동,0,0
2023-05-16,12:20,12:40,200,영등포,이레빌딩 앞,양평동,0,0
2023-05-16,09:00,12:00,499,동대문,답십리 17구역 3게이트 앞,답십리동,0,0
2023-05-16,09:00,12:00,499,동대문,신설동 96-48 1게이트 옆,답십리동,0,0
2023-05-16,07:30,10:30,1000,서부,역촌동 189-1 건설현장 앞,역촌동,0,0
2023-05-16,10:00,17:00,3000,강남,전문건설회관∼서울본부세관 앞,둔촌동,0,0
2023-05-16,07:00,12:00,1000,강서,계룡건설 및 태영건설 cp4 앞,마곡동,0,0
2023-05-16,08:30,10:00,1000,송파,가락시장 북3문 주차장 앞,가락동,0,0
2023-05-16,14:00,19:00,300,종로,보신각 앞,관철동,0,0
2023-05-16,15:00,17:00,10000,용산,산수옥∼삼각지파출소 하위 2개차로,용산동 등,0,1
2023-05-16,17:00,20:00,600,영등포,시청 도서관 앞,세종대로,0,0
2023-05-16,13:00,17:30,100,용산|동작,전쟁기념관→래미안트윈파크 정문 건너편 하위 1개차로,용산동,1,1
2023-05-16,10:30,15:00,100,강남,강남구청 앞 인도,삼성동,0,0
2023-05-17,12:00,13:30,6000,남대문|서대문,경찰청 → 숭례문,미근동 등,1,0
2023-05-17,12:00,13:30,3000,남대문|중부,고용청 → 숭례문,장교동 등,1,0
2023-05-17,12:00,13:30,3000,종로|남대문|혜화,대학로 → 숭례문 종로 / 혜화,장교동 등,1,0
2023-05-17,12:00,13:30,1500,종로|남대문,정부서울청사 → 숭례문,세종대로 등,1,0
2023-05-17,14:00,15:00,45000,종로|남대문,숭례문∼동화면세점,세종대로 등,0,0
2023-05-17,15:30,17:00,45000,남대문|용산,숭례문 → 전쟁기념관 북문,세종대로 등,1,0
2023-05-17,15:30,17:00,5000,종로|남대문|중부|혜화,태평교차로 → 서울대병원 장례식장 중부 / 종로,세종대로 등,1,1
2023-05-17,15:30,17:00,7000,남대문|서대문,태평교차로 → 경찰청 앞,세종대로 등,1,1
2023-05-17,10:00,15:00,300,서초,트라팰리스 앞,서초동,0,0
2023-05-17,00:00,23:59,3000,동작,전문건설회관 앞,신대방동,0,0
2023-05-17,09:00,12:00,499,동대문,신설동 96-48 건설현장 1게이트 앞,신설동,0,0
2023-05-17,00:00,,10000,영등포,의사당대로 등,여의도동,0,0
2023-05-17,10:30,11:30,200,영등포,산업은행 정문,여의도동,0,0
2023-05-17,12:00,13:00,299,마포,일진빌딩 앞,도희동,0,0
2023-05-17,12:00,13:00,500,서초,현대차 본사 앞,양재동,0,0
2023-05-17,19:00,20:00,100,송파,우아한형제들 앞,방이동,0,0
2023-05-17,14:00,16:00,10000,용산,산수옥∼삼각지파출소 앞 2개차로,한강로1가,0,1
2023-05-17,12:00,13:00,200,종로,국세청 북측 인도 및 1개차로,수송동,0,1
2023-05-17,16:00,17:00,150,종로,동화면세점 앞 인도,세종대로,0,0
2023-05-17,19:00,21:00,150,서초,강남역 9·10出 앞 인도,서초동,0,0
2023-05-18,14:00,16:00,400,종로,연세빌딩 → 보신각,남대문로1가 등,1,0
2023-05-18,06:00,10:00,499,동대문,신설동 96-48 1G 앞 좌우측인도,신설동,0,0
2023-05-18,06:00,08:00,1000,서부,역촌동 189-1 앞,역촌동,0,0
2023-05-18,12:20,12:40,200,영등포,이레빌딩 앞,양평동,0,0
2023-05-18,18:30,20:00,20000,남대문,부영태평빌딩 舊삼성본관 사이 4개차로,서소문동,0,1
2023-05-18,14:00,16:00,300,서초,헌인릉주차장 입구 앞 삼거리,내곡동,0,0
2023-05-18,10:30,12:00,60,영등포,국회 · 현대카드· 민주당사 앞,여의도동,0,0
2023-05-18,10:30,15:00,100,강남,강남구청 앞 인도,삼성동,0,0
2023-05-19,12:20,12:40,200,영등포,이레빌딩 앞,양평동,0,0
2023-05-19,14:00,16:30,30000,종로|남대문,동화면세점∼대한문 편도 全차로→서울역 3出,세종대로,1,1
2023-05-19,10:30,15:00,100,강남,강남구청 앞 인도,삼성동,0,0
2023-05-20,14:00,17:00,800,남대문|용산,SK남산그린빌딩 → 전쟁기념관 북문,남대문로 등,1,0
2023-05-20,14:30,17:30,800,남대문|용산,서울역광장 → 미8군 16게이트,봉래동 등,1,0
2023-05-20,13:30,17:00,3000,남대문|용산,광교 → 신한은행 본점,다동 등,1,0
2023-05-20,15:00,16:30,100,용산,전쟁기념관 앞,용산동,0,0
2023-05-20,14:00,16:00,300,마포,홍대입구역 9出,동교동,0,0
2023-05-20,17:00,19:00,10000,용산,삼각지역 1出 앞 3개차로,한강로1가,0,1
2023-05-20,15:00,20:00,1000,종로|남대문,소녀상 앞 2개차로 → 태평교차로,수송동 등,1,1
2023-05-20,17:00,19:00,20000,남대문,태평교차로∼숭례문 진방 全차로,세종대로,0,1
2023-05-20,14:00,15:00,20000,남대문,파이낸스빌딩 앞 3개차로,태평로,0,1
2023-05-20,15:00,16:30,1000,종로|남대문,파이낸스빌딩 앞 3개차로 → 서울광장 동편,세종대로 등,1,1
2023-05-20,17:00,18:00,20000,남대문,시청 서편 진방 全차로,세종대로,0,1
2023-05-20,14:00,17:00,1000,종로|남대문,대한문 ⇄ 보신각,세종대로 등,0,0
2023-05-20,14:00,17:00,1000,종로|남대문,서울시의회 ⇄ 보신각,세종대로 등,0,0
2023-05-20,13:00,16:00,10000,종로,동화면세점 앞,세종대로,0,0
2023-05-20,14:00,17:00,5000,종로,청계광장 內 → 서대문역,태평로1가,1,0
2023-05-20,13:00,15:00,500,종로|중부,파이낸스빌딩 앞 3개차로 ⇄을지로2가,태평로1가,0,1
2023-05-20,15:00,18:30,1000,혜화,혜화역 2出∼마로니에공원 하위 2개차로 ⇄ 원남교차로,동숭동,0,1
2023-05-21,17:00,19:00,300,용산,나인원한남 앞 → 이태원역 1出,한남동,1,0
2023-05-21,15:00,18:00,500,종로,교보빌딩 앞 1개차로,세종대로,0,1
2023-05-21,16:00,17:00,60,은평|서부,서울혁신파크 ⇄ 역촌역,녹번동,0,0
2023-05-22,14:00,16:00,300,서초,한일시멘트 앞,서초동,0,0
2023-05-22,12:20,12:40,200,영등포,이레빌딩 앞,양평동,0,0
2023-05-22,10:30,15:00,100,강남,강남구청 앞 인도,삼성동,0,0
2023-05-22,11:30,17:00,100,강동,강동구청 앞,성내동,0,0
2023-05-23,12:30,14:30,100,영등포|마포,마포역 → 여의도 LG트윈타워 앞,마포동 등,1,0
2023-05-23,12:20,12:40,200,영등포,이레빌딩 앞,양평동,0,0
2023-05-23,14:00,17:00,50,광진,광진구청 앞,자양동,0,0
2023-05-23,10:30,15:00,100,강남,강남구청 앞 인도,삼성동,0,0
2023-05-24,19:00,20:00,500,남대문|서대문,파이낸스 빌딩 → 경찰청,태평로 1가 등,1,0
2023-05-24,12:20,12:40,200,영등포,이레빌딩 앞,양평동,0,0
2023-05-24,13:00,17:00,400,강서,LG사이언스파크 → KG스퀘어빌딩,등촌동 등,1,0
2023-05-24,19:00,20:00,100,송파,우아한형제들 앞,방이동,0,0
2023-05-24,12:00,13:00,200,종로,국세청 북측 인도 및 1개차로,수송동,0,1
2023-05-24,16:00,17:00,200,종로,동화면세점 앞 인도,세종대로,0,0
2023-05-24,11:00,,4000,남대문,시의회 본관 앞 하위 1개차로,태평로1가,0,1
2023-05-24,05:00,08:00,99,용산,유엔빌리지 입구 인근,한남동,0,0
2023-05-25,13:00,14:00,400,용산,전쟁기념관 앞,용산동,0,0
2023-05-25,14:00,17:20,200,용산|서초,전쟁기념관 앞 → 대법원 동문,용산동 등,1,0
2023-05-25,12:00,13:00,3000,영등포,국민의힘 당사 앞,여의도동,0,0
2023-05-25,16:00,17:20,299,서대문,세브란스병원 본관,신촌동,0,0
2023-05-25,12:20,12:50,1000,영등포,산업은행 별관 앞,여의도동,0,0
2023-05-25,12:20,12:40,200,영등포,이레빌딩 앞,양평동,0,0
2023-05-25,15:00,18:00,200,마포,중앙일보 앞 1개차로 및 인도,상암동,0,1
2023-05-25,11:30,13:00,100,서초,대검찰청 정문 앞 인도,서초동,0,0
2023-05-25,17:30,19:30,100,성동,성동광진교육지원청 앞 인도,행당동,0,0
2023-05-25,14:00,17:00,700,남대문,서울시의회 ∼ 도시건축전시관 인도·하위 1개차로,태평로1가,0,1
2023-05-25,10:30,12:00,200,영등포,국회 ⇄ 민주당사,여의도동,0,0
2023-05-25,12:00,16:00,160,서초,신영빌딩 앞 ⇄ 논현역 6出,잠원동,0,0
2023-05-25,10:30,12:00,160,동작,건영섬유 건너편 인또,사당동,0,0
2023-05-26,12:20,12:40,200,영등포,이레빌딩 앞,양평동,0,0
2023-05-26,18:00,20:00,500,동작,노량진역 광장,노량진동,0,0
2023-05-26,19:30,20:30,200,수서,쿠팡로지스틱스 앞,역삼동,0,0
2023-05-26,18:00,20:00,1000,영등포,민주당사 앞,여의도동,0,0
2023-05-26,16:00,17:30,90,남대문|중부,국가인권위원회 → 금세기빌딩,저동 등,1,0
2023-05-27,11:00,13:00,500,종로,파이낸스빌딩 → 보신각,태평로1가 등,1,0
2023-05-27,19:00,22:00,2000,종로|남대문,파이낸스빌딩 → 경찰청,태평로1가 등,1,0
2023-05-27,12:00,14:00,50,서대문|광진,롯데백화점 건대점 → 구의역 4出,구의동,1,0
2023-05-27,09:00,12:00,50,강남,봉은사 앞,삼성동,0,0
2023-05-27,17:00,18:30,10000,용산,삼각지역 1出 앞 3개차로,한강로1가,0,1
2023-05-27,17:00,20:00,10000,종로|남대문,舊삼성본관∼숭례문 진방 4∼5개차로 → 혜화역,세종대로 등,1,1
2023-05-27,18:00,19:00,600,남대문|혜화,시청 도서관 앞,세종대로,0,0
2023-05-27,14:00,17:00,1000,종로|남대문,대한문 ⇄ 보신각,세종대로 등,0,0
2023-05-27,13:00,16:00,10000,종로,동화면세점 앞,세종대로,0,0
2023-05-27,10:00,12:00,50,동작,래미안트윈파크 정문 건너편 인도,본동,0,0
2023-05-27,09:00,18:00,50,마포,구룡근린공원 앞,상암동,0,0
2023-05-28,09:00,12:00,50,강남,봉은사 앞,삼성동,0,0
2023-05-28,17:00,19:00,300,용산,나인원한남 앞 → 이태원역 1出,한남동,1,0
2023-05-28,14:00,17:00,300,남대문|용산,전쟁기념관 북문 → 서울역 광장,용산동 등,1,0
2023-05-28,15:00,18:00,500,종로,교보빌딩 앞 1개차로,세종대로,0,1
2023-05-28,11:00,16:00,150,용산,이태원광장 → 전쟁기념관 앞,용산동,1,0
2023-05-28,14:00,16:00,100,남대문,정동 분수대 앞 ⇄ 서울시청,정동,0,0
2023-05-29,17:00,19:00,100,마포,마포경찰서 앞,아현동,0,0
2023-05-30,12:20,12:40,200,영등포,이레빌딩 앞,양평동,0,0
2023-05-30,08:00,09:00,100,강남,논현동 71-2 앞,논현동,0,0
2023-05-30,11:00,13:00,350,영등포,국회·현대카드·금산빌딩 앞,여의도동,0,0
2023-05-30,10:30,12:30,500,남대문,서울광장 서편 인도·1개 차로,태평로1가,0,1
2023-05-30,15:00,18:00,300,남대문,부영건설 본사 앞 인도·1개 차로,서소문동,0,1
2023-05-31,16:00,17:00,55000,종로|남대문,동화면세점∼대한문,세종로 등,0,0
2023-05-31,13:00,15:30,5000,남대문|중부,고용노동청 → 태평교차로,장교동 등,1,1
2023-05-31,14:00,15:30,2000,종로|혜화,서울대병원 → 태평교차로,연건동 등,1,1
2023-05-31,13:30,15:30,5000,남대문|용산,전쟁기념관 → 숭례문,용산동,1,0
2023-05-31,14:00,15:30,3000,종로|서대문,경찰청 → 태평교차로,미근동,1,1
2023-05-31,10:30,14:00,50,남대문|용산|영등포|마포,영등포 / 현대카드 → 원남교차로 마포/용산,여의도동 등,1,1
2023-05-31,19:00,21:00,1800,종로|남대문|중부|혜화,중부/혜화 청계남로∼모전교 → 경찰청,청계남로 등,1,0
2023-05-31,14:00,17:00,940,마포|서대문,월드컵북로 54길 앞,상암동,0,0
2023-05-31,16:30,18:30,100,마포,신용보증재단 앞,공덕동,0,0
2023-05-31,10:30,18:00,250,강남,성원타워 앞,삼성동,0,0
2023-05-31,08:00,09:00,100,강남,건설회관 앞,논현동,0,0
2023-05-31,06:00,07:00,1000,관악,신림동 316-62 3구역 공사장 앞,신림동,0,0
2023-05-31,19:00,20:00,100,송파,우아한형제들 앞,방이동,0,0
2023-05-31,13:00,15:00,10000,용산,전쟁기념관 북문∼삼각지파출소 2개차로,용산동,0,1
2023-05-31,12:00,13:00,200,종로,국세청 북측 인도 및 1개차로,수송동,0,1
2023-05-31,14:00,15:00,5000,영등포,의사당역 2出 앞 4개차로,여의도동,0,1
2023-05-31,15:00,16:00,500,영등포,의사당역 2出 ⟶ 기계회관 → 의사당역 2出,여의도동,1,0
2023-05-31,15:00,16:00,50,영등포,의사당역 2出 ⟶ 국회 5문 → 의사당역 2出,여의도동,1,0
2023-06-01,10:30,18:00,250,강남,성원타워 앞,삼성동,0,0
2023-06-01,08:00,09:00,100,강남,건설회관 앞,논현동,0,0
2023-06-01,19:00,20:00,500,남대문|서대문,파이낸스빌딩 → 경찰청,태평로 1가 등,1,0
2023-06-01,06:00,07:00,1000,관악,신림동 316-62 3구역 공사장 앞,신림동,0,0
2023-06-01,14:00,17:00,700,남대문,서울시의회 본관∼대한문 앞 인도·하위 1개차로,태평로1가,0,1
2023-06-01,07:30,09:00,100,서부,DMC롯데캐슬@ 후문 건너편⇄이마트 편의점,수색동,0,0
2023-06-02,08:00,09:00,100,강남,건설회관 앞,논현동,0,0
2023-06-02,19:00,21:00,500,종로|남대문,파이낸스빌딩 → 경찰청,태평로 1가 등,1,0
2023-06-02,06:00,07:00,1000,서대문|관악,신림동 316-62 3구역 공사장 앞,신림동,0,0
2023-06-02,09:30,,100,서초,정곡빌딩 남관 앞 인도 및 1개차로,서초동,0,1
2023-06-02,07:30,09:00,100,서부,DMC롯데캐슬@ 후문 건너편 ⇄ 이마트 편의점,수색동,0,0
2023-06-02,10:30,14:00,100,강남,삼성동 16-1 앞 인도,삼성동,0,0
2023-06-03,13:00,16:00,300,종로,보신각 앞 인도,관철동,0,0
2023-06-03,18:30,22:00,500,종로|남대문,파이낸스빌딩 → 경찰청,태평로1가 등,1,0
2023-06-03,16:30,18:00,200,종로|서대문,세종문화회관 → 종로문화원,세종대로 등,1,0
2023-06-03,17:00,18:30,10000,용산,삼각지역 1出 앞 3개차로,한강로1가,0,1
2023-06-03,18:00,21:00,10000,남대문,舊삼성본관∼태평교차로 진방 全차로 → 태평교차로,세종대로 등,1,1
2023-06-03,12:00,17:30,3000,종로|남대문,서울역광장 → 신세계백화점,봉래동 등,1,0
2023-06-03,19:00,20:00,600,남대문,시청 도서관 앞,세종대로,0,0
2023-06-03,14:00,17:00,1000,종로|남대문,대한문 ⇄ 보신각,세종대로 등,0,0
2023-06-03,14:00,17:00,1000,종로|남대문,서울시의회 ⇄ 보신각,세종대로 등,0,0
2023-06-03,14:00,16:00,300,방배,방배동부센트레빌 정문 앞,방배동,0,0
2023-06-03,13:00,16:00,10000,종로,동화면세점 앞,세종대로,0,0
2023-06-04,18:30,22:00,500,종로|남대문,파이낸스빌딩 → 경찰청,태평로1가 등,1,0
2023-06-04,17:00,19:00,300,용산|서대문,나인원한남 → 이태원역 1出,한남동,1,0
2023-06-04,15:00,18:00,500,종로,교보빌딩 앞 1개차로,세종대로,0,1
2023-06-04,13:00,16:00,50,마포|서대문,신촌스타광장 → 신촌역교차로,신촌동,1,1
2023-06-04,11:00,15:00,150,용산,이태원광장 → 전쟁기념관 앞,용산동,1,0
2023-06-04,11:30,14:00,70,종로,보신각 → 경복궁 동문,관철동,1,0
2023-06-04,12:00,13:30,50,혜화|성북,성북빌라 → 혜화동성당,성북동,1,0
2023-06-05,06:00,07:00,1000,관악,신림동 316-62 3구역 현장 앞,신림동,0,0
2023-06-05,18:30,22:00,500,종로|남대문,파이낸스빌딩 → 경찰청,태평로1가 등,1,0
2023-06-05,08:00,09:00,100,강남|서대문,논현동 71-2 앞,논현동,0,0
2023-06-05,15:00,16:00,80,종로,광화문KT 앞 → 소녀상 앞,세종대로 등,1,0
2023-06-05,14:00,17:00,100,종로,참여연대(자하문로9길 16) 앞 → 동화면세점,통인동 등,1,0
2023-06-05,08:00,10:00,230,혜화,성균관대학교 정문 좌측 인도,명륜동,0,0
2023-06-05,10:30,14:00,100,강남,강남구청 앞 인도,삼성동,0,0
2023-06-06,19:00,20:00,500,종로|남대문,파이낸스 빌딩 →경찰청,태평로1가,1,0
2023-06-06,14:00,16:00,300,방배,방배동부센트레빌 정문 앞,방배동,0,0
2023-06-06,13:00,17:30,30000,종로|남대문,동화면세점 앞 편도 全차로→전쟁기념관 북문,세종대로,1,1
2023-06-06,09:00,12:00,100,용산|서부,DMC롯데캐슬@ 후문 전너편⇄이마트편의점,수색동,0,0
2023-06-07,19:00,20:00,500,종로|남대문,파이낸스 빌딩 →경찰청,태평로1가,1,0
2023-06-07,12:00,13:00,1000,영등포,산업은행 본관 후문 ⇄ 국민의 힘 앞,여의도동,0,0
2023-06-07,19:00,21:00,100,마포,저축은행 중앙회 앞,공덕동,0,0
2023-06-07,06:00,07:00,1000,관악,신림 316-62 3구역 공사장 앞,신림동,0,0
2023-06-07,08:30,13:00,250,강남,삼성동 141 앞,삼성동,0,0
2023-06-07,08:00,09:00,100,강남,논현동 71-2 앞,논현동,0,0
2023-06-07,18:30,19:30,100,영등포,국회 앞,여의도동,0,0
2023-06-07,12:00,13:00,200,종로,테라로사 건너편 인도 및 1개차로,수송동,0,1
2023-06-07,16:00,17:00,200,종로,동화면세점 앞,세종대로,0,0
2023-06-07,11:00,13:30,50,영등포,여의나루역 2出 앞→국회 앞 인도,여의도동,1,0
2023-06-07,07:30,10:00,100,서부,DMC롯데캐슬@ 후문 전너편⇄이마트편의점,수색동,0,0
2023-06-08,13:30,16:30,5000,종로|남대문,동화면세점∼코리아나호텔,세종대로 등,0,0
2023-06-08,11:00,13:00,300,용산|동대문,경희의료원 앞,회기동,0,0
2023-06-08,19:00,20:00,500,남대문,파이낸스빌딩,태평로 1가,0,0
2023-06-08,12:20,13:00,150,중부,서울 백병원 앞,저동,0,0
2023-06-08,08:00,09:00,100,강남,건설회관 앞,논현동,0,0
2023-06-08,08:30,20:00,250,강남,성원빌딩 앞,삼성동,0,0
2023-06-08,16:00,18:30,50,강남,대유타워 ⇄ 삼성역 5出,역삼동,0,0
2023-06-08,18:30,19:30,100,영등포,국회 앞,여의도동,0,0
2023-06-08,14:00,17:00,700,남대문,서울시의회 본관∼대한문 인도·하위 1개차로,태평로1가,0,1
2023-06-08,10:30,11:30,200,영등포,국회 ⇄ 민주당사,여의도동,0,0
2023-06-08,13:00,17:00,300,용산,전쟁기념관 앞 인도 ⇄ 신용산역,용산동,0,0
2023-06-08,13:30,16:00,160,서초,신영빌딩 앞 ⇄ 논현역 6出,잠원동,0,0
2023-06-08,10:30,12:00,100,동작,사당동 68-2 건영섬유 건너편 인도,사당동,0,0
2023-06-08,10:30,14:00,100,강남,강남구청 앞 인도,삼성동,0,0
2023-06-09,17:30,18:00,300,종로|남대문,정동교차로 → 파이낸스빌딩,태평로 1가 등,1,1
2023-06-09,19:00,20:00,500,남대문,파이낸스빌딩,태평로 1가,0,0
2023-06-09,14:30,17:30,100,영등포,한국거래소 앞,여의도동,0,0
2023-06-09,08:00,09:00,100,강남,건설회관 앞,논현동,0,0
2023-06-09,10:30,18:00,250,강남,삼성동 141 앞,삼성동,0,0
2023-06-09,06:00,07:00,1000,관악,신림동 316-62 3구역 공사장 앞,신림동,0,0
2023-06-09,07:00,09:00,1000,강동,현대1차 리모델링 건설현장 앞,둔촌동,0,0
2023-06-09,19:30,20:30,200,수서,쿠팡 로지스틱스 앞,역삼동,0,0
2023-06-09,18:30,19:30,100,영등포,국회 앞,여의도동,0,0
2023-06-09,17:00,19:00,200,영등포,문래공원 內,문래동,0,0
2023-06-10,14:00,16:00,14000,영등포,마포대교∼여의도환승센터,여의도동,0,0
2023-06-10,18:30,21:00,500,남대문,파이낸스빌딩 앞,태평로1가,0,0
2023-06-10,14:00,17:00,350,중부|혜화,전태일다리 위,종로5가,0,0
2023-06-10,14:00,17:00,500,종로|남대문|중부,고용노동청 앞,장교동 등,0,0
2023-06-10,10:00,14:00,100,마포,홍대입구역 3出 ⇄ 대흥역 4出,동교동,0,0
2023-06-10,06:00,07:00,1000,관악,신림동 316-62 3구역 현장 앞,신림동,0,0
2023-06-10,07:00,09:00,1000,강동,현대1차 현장 앞,둔촌동,0,0
2023-06-10,18:00,21:00,10000,용산,산수옥 앞 3개차로,한강로1가,0,1
2023-06-10,15:00,17:00,300,용산,나인원한남 앞 → 이태원역 1出,한남동,1,0
2023-06-10,18:00,21:00,10000,남대문|용산,舊삼성본관∼숭례문 진방 全차로 → 전쟁기념관 북문,세종대로 등,1,1
2023-06-10,17:00,18:00,600,남대문,시청 도서관 앞,세종대로,0,0
2023-06-10,12:00,13:00,1000,종로|남대문,보신각 → 시청 동편,관철동,1,0
2023-06-10,14:30,16:00,3000,남대문,시청 동편 全차로,태평로1가,0,1
2023-06-10,14:00,17:00,1000,종로|남대문,대한문 ⇄ 보신각,세종대로 등,0,0
2023-06-10,14:00,17:00,1000,종로|남대문,서울시의회 ⇄ 보신각,세종대로 등,0,0
2023-06-10,16:00,18:00,500,종로|남대문,파이낸스 앞 → 종로문화원,태평로1가 등,1,0
2023-06-10,14:00,16:00,300,서대문|방배,방배동부센트레빌 정문 앞,방배동,0,0
2023-06-10,14:00,17:00,10000,종로,동화면세점 앞,세종대로,0,0
2023-06-11,19:00,20:00,500,남대문,파이낸스빌딩 앞,태평로1가,0,0
2023-06-11,15:00,18:00,500,종로,교보빌딩 앞 1개차로,세종대로,0,1
2023-06-11,09:30,16:00,70,송파,대화빌딩 앞 인도,거여동,0,0
2023-06-12,06:00,07:00,1000,관악,신림동 316-62 3구역 현장 앞,신림동,0,0
2023-06-12,19:00,20:00,500,남대문,파이낸스빌딩 앞,태평로1가,0,0
2023-06-12,08:00,09:00,100,강남,논현동 71-2 앞,논현동,0,0
2023-06-12,10:30,18:00,250,강남,성원빌딩 앞,삼성동,0,0
2023-06-12,07:00,09:00,1000,강동,현대1차 현장 앞,둔촌동,0,0
2023-06-12,18:30,19:30,100,영등포,국회 앞,여의도동,0,0
2023-06-12,14:00,16:00,10000,영등포,의사당역 2出∼삼희타워 편도 全차로,여의도동,0,1
2023-06-12,07:30,10:00,100,서부,DMC롯데캐슬@ 후문 전너편⇄이마트편의점,수색동,0,0
2023-06-12,19:00,21:00,50,종로,동화면세점 앞 인도,세종대로,0,0
2023-06-13,18:30,19:30,500,남대문,파이낸스빌딩 앞,태평로,0,0
2023-06-13,06:00,07:00,1000,관악,신림동 316-62 3구역 현장 앞,신림동,0,0
2023-06-13,08:00,09:00,100,강남,논현동 71-2 앞,논현동,0,0
2023-06-13,10:30,18:00,250,강남,성원빌딩 앞,삼성동,0,0
2023-06-13,07:00,09:00,1000,강동,현대1차 현장 앞,둔촌동,0,0
2023-06-13,13:30,16:20,4000,남대문,시의회∼코리아나호텔 4개차로→시의회 별관,태평로1가,1,1
2023-06-13,10:00,11:00,500,동대문,동대문구청 앞 인도,용두동,0,0
2023-06-13,11:00,11:30,499,중부,굿모닝시티 앞,을지로6가,0,0
2023-06-13,14:00,15:00,99,송파,서울시농수산식품 공사 앞,가락동,0,0
2023-06-13,09:00,12:30,150,금천,금천구청 앞 인도,시흥동,0,0
2023-06-13,09:00,12:00,100,서부,DMC롯데캐슬@ 후문 전너편⇄ 이마트편의점,수색동,0,0
2023-06-14,14:00,17:00,3000,남대문|용산,태평교차로∼숭례문 → 전쟁기념관 북문,태평로 등,1,1
2023-06-14,11:40,12:40,50,남대문,종로구청 후문,수송로,0,0
2023-06-14,19:00,20:00,500,남대문,파이낸스빌딩 앞,태평로,0,0
2023-06-14,11:00,12:00,300,남대문,패럼타워 앞,수하동,0,0
2023-06-14,10:00,13:00,50,영등포,여의도역 3出,여의도동,0,0
2023-06-14,06:00,07:00,1000,관악,신림동 316-62 3구역 현장 앞,신림동,0,0
2023-06-14,12:30,13:00,50,남대문,센트럴타워 앞,남대문로5가,0,0
2023-06-14,08:00,09:00,100,강남,논현동 71-2 앞,논현동,0,0
2023-06-14,10:30,18:00,250,강남,성원빌딩 앞,삼성동,0,0
2023-06-14,07:00,09:00,1000,강동,현대1차 현장 앞,둔촌동,0,0
2023-06-14,19:00,20:30,200,서부,응암역 3出 앞,응암동,0,0
2023-06-14,15:00,16:00,10000,용산,산수옥 앞 2개차로,용산동,0,1
2023-06-14,12:00,13:00,300,종로,국세청 북측 인도 및 2개차로,수송동,0,1
2023-06-14,17:00,18:00,200,종로,동화면세점 앞 인도,세종대로,0,0
2023-06-14,19:00,21:00,300,노원,롯데백화점 노원점 ⇄ 롯데백화점 노원점,상계동,0,0
2023-06-14,13:00,17:00,1000,용산,용산역광장 → 삼각지역,한강로3가,1,0
2023-06-14,07:30,10:00,100,서부,DMC롯데캐슬@ 후문 전너편⇄ 이마트편의점,수색동,0,0
2023-06-14,16:00,17:30,100,서초,한국세무사회관 앞,양재동,0,0
2023-06-15,14:00,16:20,5000,용산,서울역 12出 → 전쟁기념관 북문,동자동 등,1,0
2023-06-15,13:00,16:00,5000,강남,대한건설협회 앞,논현동,0,0
2023-06-15,19:00,20:00,500,남대문,파이낸스빌딩 앞,태평로,0,0
2023-06-15,06:00,07:00,1000,강서,태영건설 공사현장 1게이트‧8게이트 앞,마곡동,0,0
2023-06-15,19:30,20:30,200,수서,쿠팡로지스틱스 앞,역삼동,0,0
2023-06-15,08:00,09:00,100,강남,논현동 71-2 앞,논현동,0,0
2023-06-15,10:30,18:00,250,강남,성원빌딩 앞,삼성동,0,0
2023-06-15,09:00,13:00,1000,강동,현대1차 현장 앞,둔촌동,0,0
2023-06-15,14:00,16:00,10000,용산,전쟁기념관 북문 앞 2개차로,용산동,0,1
2023-06-15,11:00,12:00,100,영등포,국회 앞,여의도,0,0
2023-06-15,15:00,16:30,100,영등포,민주당사 앞,여의도,0,0
2023-06-15,14:00,17:00,700,남대문,서울시의회 본관∼대한문 앞 인도·하위 1개차로,태평로1가,0,1
2023-06-15,10:30,11:30,200,영등포,국회 ⇄ 민주당사,여의도동,0,0
2023-06-15,10:30,12:00,100,동작,건영섬유 건너편 인도상,사당동,0,0
2023-06-15,13:30,16:00,160,서초,신영빌딩 앞 ⇄ 논현역 6出,잠원동,0,0
2023-06-15,07:30,10:00,100,서부,DMC롯데캐슬@ 후문 전너편 ⇄ 이마트편의점,수색동,0,0
2023-06-16,19:00,20:00,500,남대문,파이낸스빌딩 앞,태평로,0,0
2023-06-16,06:00,07:00,1000,강서,태영건설 공사현장 2게이트‧7게이트 앞,마곡동,0,0
2023-06-16,08:00,09:00,100,강남,논현동 71-2 앞,논현동,0,0
2023-06-16,10:30,18:00,250,강남,성원빌딩 앞,삼성동,0,0
2023-06-16,09:00,13:00,1000,강동,현대1차 현장 앞,둔촌동,0,0
2023-06-16,15:00,16:30,500,남대문,중앙우체국 앞,명동,0,0
2023-06-16,07:30,10:00,100,서부,DMC롯데캐슬@ 후문 전너편⇄이마트편의점,수색동,0,0
2023-06-17,17:00,19:00,3000,종로|남대문,파이낸스빌딩 앞 → 서울대병원,태평로1가 등,1,0
2023-06-17,17:00,18:30,10000,용산|혜화,삼각지역 1出 3개차로,한강로1가,0,1
2023-06-17,15:00,17:00,400,용산,나인원한남 → 이태원역 1出,한남동,1,0
2023-06-17,15:00,17:00,20000,남대문|용산,소녀상 → 숭례문∼태평교차로 진방 全차로,수송동 등,1,1
2023-06-17,17:00,19:00,20000,남대문,숭례문∼태평교차로 진방 全차로,세종대로,0,1
2023-06-17,17:00,18:00,600,남대문,시청 도서관 앞,세종대로,0,0
2023-06-17,14:00,17:00,1000,종로|남대문,대한문 ⇄ 보신각,세종대로 등,0,0
2023-06-17,14:00,17:00,1000,종로|남대문,서울시의회 ⇄ 보신각,세종대로 등,0,0
2023-06-17,13:00,15:00,60,영등포,민주당사 앞,여의도동,0,0
2023-06-17,14:00,16:30,300,방배,방배동부센트레빌 정문 앞,방배동,0,0
2023-06-17,14:00,17:00,10000,종로,동화면세점 앞,세종대로,0,0
2023-06-17,14:00,16:00,50,용산,전쟁기념관 앞 ⇄ 삼각지역 12出,용산동,0,0
2023-06-17,08:30,11:00,100,서부,DMC롯데캐슬@ 후문 전너편⇄이마트편의점,수색동,0,0
2023-06-18,19:00,20:00,500,남대문,파이낸스빌딩 앞,태평로1가,0,0
2023-06-18,15:00,18:00,500,종로,교보빌딩 앞 1개차로,세종대로,0,1
2023-06-18,11:00,15:00,70,영등포,대림역 10出 앞 ⇄ 두암 어린이공원,대림동,0,0
2023-06-19,06:00,07:00,1000,강서,마곡동 769 태영건설 2게이트 앞,마곡동,0,0
2023-06-19,06:00,07:00,1000,강서,마곡동 769 태영건설 7게이트 앞,마곡동,0,0
2023-06-19,19:00,20:00,500,남대문,파이낸스빌딩 앞,태평로1가,0,0
2023-06-19,08:00,09:00,100,강남,논현동 71-2 앞,논현동,0,0
2023-06-19,10:30,18:00,250,강남,성원빌딩 앞,삼성동,0,0
2023-06-19,18:30,19:30,100,영등포,국회 앞,여의도동,0,0
2023-06-19,14:00,16:30,1000,영등포,의사당역4出 앞 3개차로 ⟶ 이름센터,여의도동,0,1
2023-06-19,09:30,15:30,50,마포,구룡근린공원 앞 1개 차로,상암동,0,1
2023-06-19,07:30,10:00,100,서부,DMC롯데캐슬@ 후문 전너편⇄이마트편의점,수색동,0,0
2023-06-19,19:00,21:00,50,종로,동화면세점 앞 인도,세종대로,0,0
2023-06-20,19:00,21:00,500,종로|남대문,파이낸스빌딩 → 경찰청,태평로 등,1,0
2023-06-20,06:00,07:00,1000,서대문|강서,태영건설 공사현장 2게이트‧7게이트 앞,마곡동,0,0
2023-06-20,08:00,09:00,100,강남,논현동 71-2 앞,논현동,0,0
2023-06-20,09:00,13:00,1000,강동,현대1차 현장 앞,둔촌동,0,0
2023-06-20,09:00,15:00,50,서초,대검찰청 정문 앞,서초동,0,0
2023-06-20,10:29,13:30,50,종로|남대문|서대문,시청 서편 → 국회 앞,세종대로 등,1,0
2023-06-20,18:30,19:30,100,영등포|마포,국회 앞,여의도동,0,0
2023-06-20,07:30,10:00,100,서부,DMC롯데캐슬@ 후문 전너편⇄이마트편의점,수색동,0,0
2023-06-21,11:00,14:30,10000,종로|서대문|혜화,서울대병원→세종대로,연건동 등,1,0
2023-06-21,14:00,15:00,800,남대문|영등포,국민은행 동․서관 앞,여의도동,0,0
2023-06-21,11:00,13:00,150,용산,전쟁기념관 앞,용산동,0,0
2023-06-21,14:00,17:00,50,중부,DDP 서측 광장,을지로,0,0
2023-06-21,08:00,09:00,50,성북,안암역1出∼안암병원 앞,안암동,0,0
2023-06-21,08:00,09:00,100,강남,논현동 71-2 앞,논현동,0,0
2023-06-21,12:00,13:00,200,종로,국세청 북측 인도 및 1개차로,수송동,0,1
2023-06-21,17:00,18:30,1000,영등포,KBS본관 앞 2개차로,여의도동,0,1
2023-06-21,19:00,20:00,100,서대문,신촌유플렉스 ⇄ 올리브영 신촌명물거리점,창천동 등,0,0
2023-06-21,14:00,16:00,100,영등포,국회 앞 ⟶ 국민의힘 당사 앞,여의도동,0,0
2023-06-21,10:00,12:00,50,마포,효성본사 앞 인도,공덕동,0,0
2023-06-21,07:30,10:00,100,서부,DMC롯데캐슬@ 후문 전너편⇄이마트편의점,수색동,0,0
2023-06-22,17:30,19:00,200,종로,서울시교육청 건너편 앞,신문로2가,0,0
2023-06-22,11:00,11:40,100,남대문,고용노동청 앞,장교동,0,0
2023-06-22,18:30,21:30,100,남대문,세종호텔 앞,명동,0,0
2023-06-22,11:00,12:00,100,영등포,민주당사 앞,여의도동,0,0
2023-06-22,06:00,07:00,1000,강서,태영건설 공사현장 앞,마곡동,0,0
2023-06-22,11:00,12:00,100,영등포,국회 앞,여의도동,0,0
2023-06-22,13:00,15:00,1000,영등포,민주당사 앞,여의도동,0,0
2023-06-22,14:00,16:30,700,남대문,서울시의회 본관∼대한문 인도·하위 1개차로,태평로1가,0,1
2023-06-22,10:30,11:20,200,영등포,국회 ⇄ 민주당사,여의도동,0,0
2023-06-22,11:00,12:30,100,남대문,중앙우체국 앞 인도,충무로1가,0,0
2023-06-22,10:00,16:00,100,종로,고궁박물관 주차장 입구 우측 인도,세종로,0,0
2023-06-22,08:30,10:00,100,동작,건영섬유 건너편 인도 ⟶ 달리는커피,사당동,0,0
2023-06-22,10:30,15:00,120,서초|강남,신영빌딩 앞 ⇄ 뚜레주르 강남점,잠원동,0,0
2023-06-22,07:30,10:00,100,서부,DMC롯데캐슬@ 후문 전너편⇄이마트편의점,수색동,0,0
2023-06-23,06:00,07:00,1000,강서,마곡동 768 건설현장 2게이트·7게이트 앞,마곡동,0,0
2023-06-23,07:30,10:00,100,서부,DMC 롯데캐슬@ 후문 건너편⇄이마트편의점,수색동,0,0
2023-06-23,08:00,20:30,150,수서,쿠팡로지스틱스 앞,역삼동,0,0
2023-06-23,16:00,17:00,100,관악|방배,남태령시계 → 사당역 13·14出 앞,방배 2동,1,0
2023-06-23,11:00,13:00,150,중부,명보사거리 등,초동 등,0,0
2023-06-23,13:00,14:00,150,혜화,전태일다리 위,종로 5가,0,0
2023-06-24,13:30,15:00,5000,종로|남대문|중부,서울고용청 → 마로니에공원,장교동 등,1,0
2023-06-24,15:00,17:00,10000,중부|혜화,혜화교차로 → 시청 동편,혜화동 등,1,1
2023-06-24,16:00,18:30,10000,남대문|용산,전쟁기념관 북문 앞 1개차로,한강로1가,0,1
2023-06-24,14:00,15:30,400,용산,나인원한남 앞,한남동,0,0
2023-06-24,18:00,21:00,3000,남대문|마포|서대문,舊삼성본관∼태평교차로 진방 全차로 → 홍대입구역 2出,세종대로 등,1,1
2023-06-24,12:30,17:00,5000,종로|남대문,서울역광장 → 광장시장,봉래동 등,1,0
2023-06-24,17:00,18:30,10000,남대문|혜화,을입구∼개풍교차로 진방 全차로,을지로1가,0,1
2023-06-24,14:00,17:00,1000,종로|남대문,대한문 ⇄ 보신각,세종대로 등,0,0
2023-06-24,17:30,19:30,100,종로|남대문,서울광장 서편 인도 ⟶ 종로3가역 8出,태평로1가,0,0
2023-06-24,14:00,17:00,10000,종로|혜화,동화면세점 앞,세종대로,0,0
2023-06-24,17:00,19:00,100,용산,전쟁기념관 앞 인도,용산동,0,0
2023-06-24,09:00,11:00,100,서부,DMC롯데캐슬@ 후문 전너편⇄이마트편의점,수색동,0,0
2023-06-25,16:00,18:00,200,남대문,중앙우체국 앞,명동,0,0
2023-06-25,15:00,18:00,500,종로,교보빌딩 앞 1개차로,세종대로,0,1
2023-06-25,14:30,17:30,500,강남,강남역 11出 앞 광장,역삼동,0,0
2023-06-26,14:00,17:00,500,종로,정부서울청사 후문 앞,적성동,0,0
2023-06-26,11:00,17:00,100,영등포,민주당사 앞,여의도,0,0
2023-06-26,06:00,07:00,1000,강서,태영건설 2게이트‧7게이트 앞,마곡동,0,0
2023-06-26,10:00,13:00,100,마포,MBC거인동사 앞,상암동,0,0
2023-06-26,07:00,18:00,100,중랑,서울우유 정문 후문 앞,상봉동,0,0
2023-06-26,18:30,19:30,100,영등포,국회 앞,여의도동,0,0
2023-06-26,13:00,14:00,50,남대문,서울중앙우체국 앞 인도,충무로1가,0,0
2023-06-26,07:30,10:00,100,서부,DMC롯데캐슬@ 후문 전너편⇄이마트편의점,수색동,0,0
2023-06-27,13:00,16:00,10000,남대문|용산,태평교차로∼숭례문,서소문동,0,1
2023-06-27,11:00,13:00,500,용산,전쟁기념관 → 서울역 12出,용산동,1,0
2023-06-27,14:00,15:30,300,용산,전쟁기념관 앞,용산동,0,0
2023-06-27,06:00,07:00,1000,강서,태영건설 공사현장 앞,마곡동,0,0
2023-06-27,17:00,19:00,200,마포,YTN 앞,상암동,0,0
2023-06-27,07:30,08:20,1000,강동,강동성심병원 앞,길동,0,0
2023-06-27,14:00,15:30,10000,용산,전쟁기념관 북문 앞 2개차로,한강로1가,0,1
2023-06-27,18:30,19:30,100,영등포,국회 앞,여의도동,0,0
2023-06-28,11:00,14:00,50,용산,전쟁기념관 앞,용산동,0,0
2023-06-28,18:00,19:00,1500,영등포,파크원타워 앞,여의도동,0,0
2023-06-28,06:00,07:00,1000,강서,태영건설 공사현장 앞,마곡동,0,0
2023-06-28,15:00,17:00,99,강남,청담동 86-1 앞,역삼동,0,0
2023-06-28,10:00,11:00,50,서초,삼성전자 사옥,서초동,0,0
2023-06-28,18:30,20:00,100,구로,개봉역 2出 → 동양미래대학 정문 옆 소공원,개봉동 등,1,0
2023-06-28,12:00,13:00,300,종로,국세청 북측 인도 및 1개차로,수송동,0,1
2023-06-28,18:30,19:30,100,영등포,국회 앞,여의도동,0,0
2023-06-28,14:00,16:00,200,용산,전쟁기념관 앞 인도,용산동,0,0
2023-06-29,06:00,07:00,1000,강서,태영건설 공사현장 앞,마곡동,0,0
2023-06-29,07:30,09:30,350,서초,매헌 시민의 숲 삼풍 참사 위령탑 앞,양재동,0,0
2023-06-29,10:00,10:30,50,용산,전쟁기념관 앞,용산동,0,0
2023-06-29,10:29,13:30,50,종로|남대문|서대문,시청 서편 → 국회 앞,세종대로 등,1,0
2023-06-29,11:00,12:00,100,영등포|마포,국회 앞,여의도동,0,0
2023-06-29,14:00,16:30,2500,용산,KDB생명타워 → 전쟁기념관 북문,용산동,1,0
2023-06-29,14:00,16:00,3000,영등포,이룸센터~더샵아일랜드 앞 3개차로,여의도동,0,1
2023-06-29,16:00,18:00,3000,영등포|마포,이룸센터 → 5호선 애호개역,여의도동,1,0
2023-06-29,20:00,22:00,3000,영등포,이룸센터 앞 3개차로,여의도동,0,1
2023-06-29,16:00,17:00,200,용산,전쟁기념관 앞 인도,용산동,0,0
2023-06-29,15:00,17:00,0,용산,전쟁기념관 북문 앞 2개차로 1만,용산동,0,1
2023-06-29,10:30,11:20,100,영등포,국회 ⇄ 민주당사,여의도동,0,0
2023-06-29,18:00,19:00,150,남대문,명동예술극장 ⇄ 중앙우체국,명동,0,0
2023-06-29,19:30,22:00,150,용산,이태원 광장 ⇄ 이태원역,이태원동,0,0
2023-06-30,14:00,16:30,2500,용산,KDB생명타워 → 전쟁기념관 북문,용산동,1,0
2023-06-30,11:30,13:00,1000,은평,대조1구역 건설현장 4게이트 좌우측,대조동,0,0
2023-06-30,13:00,18:00,100,강서,강서구청 건너편,화곡동,0,0
2023-06-30,17:00,18:00,50,노원,롯데백화점 노원점 앞,상계동,0,0
2023-06-30,15:00,17:00,10000,용산,전쟁기념관 북문 앞 2개차로,용산동,0,1
2023-06-30,10:29,13:30,50,종로|남대문|서대문,시청 서편 → 국회 앞,세종대로 등,1,0
2023-06-30,14:00,,50,영등포|마포,국회 앞,여의도동,0,0
2023-06-30,10:00,12:00,500,동대문,동대문구청 앞 좌측인도,용두동,0,0
2023-06-30,18:00,19:00,150,남대문,명동예술극장 ⇄ 중앙우체국,명동,0,0
2023-06-30,19:30,21:30,150,용산,이태원 광장 ⇄ 이태원역,이태원동,0,0
2023-07-01,16:30,17:30,20000,남대문,숭례문∼태평교차로 양방 全차로(2개차로 제외),세종대로,0,1
2023-07-01,18:00,19:30,10000,용산,삼각지역 1出 앞 3개차로,한강로1가,0,1
2023-07-01,14:00,15:00,400,용산,나인원한남 앞,한남동,0,0
2023-07-01,15:00,16:00,100,남대문|용산,나인원한남 → 숭례문,한남동 등,1,0
2023-07-01,18:00,20:00,10000,남대문,舊삼성본관∼태평교차로 진방 4개차로,세종대로,0,1
2023-07-01,20:00,21:00,1000,종로|남대문,태평교차로 → 소녀상 앞,세종대로 등,1,1
2023-07-01,10:29,13:30,50,영등포|마포|서대문,국회 정문 → 시청 서편,여의도동 등,1,0
2023-07-01,14:00,15:00,600,종로|남대문,시청 서편 분향소 앞,세종대로,0,0
2023-07-01,14:00,16:30,300,방배,방배동부센트레빌 정문 앞,방배동,0,0
2023-07-01,14:00,17:00,1000,종로|남대문,대한문 ⇄ 보신각,세종대로 등,0,0
2023-07-01,14:00,19:00,50000,종로|남대문|중부,삼일교∼을지로2가∼을지로1가 진방 全차로 ⟶ 삼일교,을지로2가,0,1
2023-07-01,13:00,19:30,50000,종로|남대문,원표공원∼대한문 진방 全차로 ⇄ 서대문교차로,을지로2가,0,1
2023-07-01,14:00,17:00,10000,종로|서대문,동화면세점 앞,세종대로,0,0
2023-07-01,11:00,18:00,300,서부,DMC롯데캐슬@ 정문 전너편,수색동,0,0
2023-07-01,11:00,19:00,150,종로,종각역 5～6出 앞 인도,서린동,0,0
2023-07-01,11:00,17:30,500,종로,보신각 ⇄ 舊종로구청,관철동,0,0
2023-07-02,11:00,13:00,100,종로|남대문,정부서울청사 → 시청역,세종대로 등,1,0
2023-07-02,15:00,18:00,500,종로,교보빌딩 앞 1개차로,세종대로,0,1
2023-07-02,16:00,17:30,150,종로,연합뉴스 앞 인도·1개 차로,수송동,0,1
2023-07-03,14:00,17:00,10000,종로|중부,동화면세점 → 고용노동청,세종대로 등,1,0
2023-07-03,11:00,12:00,150,남대문,파이낸스센터 앞,명동,0,0
2023-07-03,12:00,13:00,1000,구로,코웨이본사 앞,구로동,0,0
2023-07-04,06:00,07:00,1000,강서,요진건설현장 1G 앞,내발산동,0,0
2023-07-04,06:00,07:00,1000,강서,계룡건설현장 1G 앞,마곡동,0,0
2023-07-04,07:30,08:30,1000,강동,강동성심병원 앞,길동,0,0
2023-07-04,14:00,17:00,700,종로|서대문,농협중앙회 앞,충정로 1가 등,0,0
2023-07-04,14:00,17:00,50,남대문|영등포,국회 앞,여의도동,0,0
2023-07-04,17:30,18:30,1000,종로,시교육청 앞,신문로 2가,0,0
2023-07-04,18:00,20:00,500,남대문,파이낸스빌딩→종로문화원,태평로1가 등,1,0
2023-07-05,14:00,17:00,2000,남대문|서대문,경찰청 → 종로문화원,미근동 등,1,0
2023-07-05,08:30,08:50,80,종로|영등포,동아빌딩 앞,여의도동,0,0
2023-07-05,19:00,21:00,100,마포,서울신용보증재단 앞,공덕동,0,0
2023-07-05,12:00,13:00,300,종로,국세청 북측 인도 및 1개차로,수송동,0,1
2023-07-06,12:30,13:30,1000,남대문,무교동 교차로 → 대한문,무교동 등,1,1
2023-07-06,12:00,12:40,150,남대문,고용노동청 앞,장교동,0,0
2023-07-06,12:30,13:30,100,남대문,고용노동청 앞,장교동,0,0
2023-07-06,13:00,14:00,800,영등포,금융감독원 앞,여의도동,0,0
2023-07-06,13:00,14:00,8000,남대문,대한문 앞,정동,0,0
2023-07-06,14:00,17:00,55000,종로|남대문,대한문∼舊삼성본관,정동 등,0,0
2023-07-06,19:00,21:00,100,중부|마포,서울신용보증재단 앞,공덕동,0,0
2023-07-06,06:00,07:00,1000,강서,요진건설 공사현장 1게이트 앞,내발산동,0,0
2023-07-06,07:30,08:30,1000,강동,강동성심병원 앞,길동,0,0
2023-07-06,12:00,13:30,500,서초,양재시민의 숲역 4出 → 현대차 본사,양재동,1,0
2023-07-06,11:00,12:00,100,영등포,국회 앞,여의도동,0,0
2023-07-06,08:30,10:00,100,동작,건영섬유 건너편 인도 ⟶ 달리는 커피,사당동,0,0
2023-07-06,10:30,14:00,120,서초|강남,신영빌딩 앞 ⇄ 뚜레주르 강남점,잠원동,0,0
2023-07-06,10:00,12:30,100,강남,강남구청 앞 인도,청담동,0,0
2023-07-07,19:00,20:00,2000,남대문,파이낸스센터,태평로1가,0,0
2023-07-07,16:00,18:00,300,종로|남대문,보신각 → 파이낸스센터,관철동 등,1,0
2023-07-07,19:00,,300,남대문,익일 파이낸스센터,,0,0
2023-07-07,10:00,,0,,,태평로1가,0,0
2023-07-07,06:00,07:00,1000,강서,,내발산동,0,0
2023-07-07,14:00,16:00,100,서초,대검찰청 앞 인도·1개 차로,서초동,0,1
2023-07-08,14:00,16:30,20000,종로|남대문|중부,개풍교차로∼을입구교차로∼종로1가 →①을입구→서울역→서울스퀘어 / ②을입구,종로1가,1,1
2023-07-08,15:00,16:30,100,종로,광화문KT → 소녀상 앞,세종대로 등,1,0
2023-07-08,14:00,17:00,100,남대문|용산,전쟁기념관 → 시민열린마당 북측,용산동 등,1,0
2023-07-08,17:20,18:00,450,종로,시민열린마당 북측 → 시민열린마당 서측,세종대로 등,1,0
2023-07-08,17:30,18:00,200,종로,정부서울청사 정문 → 시민열린마당 서측,세종대로 등,1,0
2023-07-08,18:00,19:30,10000,용산,삼각지역 1出 앞 3개차로,한강로1가,0,1
2023-07-08,17:00,18:00,50,종로,외교부 정문 앞,세종대로,0,0
2023-07-08,18:00,19:30,3000,종로,시민열린마당 서측 인도·3개차로 → 종로문화원,세종대로 등,1,1
2023-07-08,14:00,16:00,400,용산,나인원한남 앞,한남동,0,0
2023-07-08,18:00,21:00,10000,종로|남대문,舊삼성본관∼태평교차로 진방 4개차로 → 국세청 북측,세종대로 등,1,1
2023-07-08,16:00,18:00,300,방배,방배동부센트레빌 정문 앞,방배동,0,0
2023-07-08,14:00,17:00,2000,종로|남대문,대한문 ⇄ 보신각,세종대로 등,0,0
2023-07-08,14:00,17:00,300,종로|남대문,서울시의회 ⇄ 보신각,세종대로 등,0,0
2023-07-08,12:00,15:00,1500,종로,보신각 ⇄ 광화문교차로,관철동,0,1
2023-07-08,12:00,15:30,150,종로,SC제일은행 앞 인도 ⇄ 안국교차로,을지로2가,0,1
2023-07-08,14:00,17:00,10000,종로,동화면세점 앞,세종대로,0,0
2023-07-09,15:00,18:00,500,종로,교보빌딩 앞 1개차로,세종대로,0,1
2023-07-10,06:00,07:00,1000,강서,요진건설 앞,내발산동,0,0
2023-07-10,19:00,20:00,100,성북,성신여대역 1∼2出 앞 ⇄ 하나로거리,동선동,0,0
2023-07-10,08:00,,690,서초,이테크건설 본사 앞,양재동,0,0
2023-07-10,09:00,10:00,0,,,,0,0
2023-07-10,12:00,13:00,60,종로,,세종대로,0,0
2023-07-10,17:00,18:00,0,,,,0,0
2023-07-10,11:00,12:00,100,남대문,,명동,0,0
2023-07-10,10:00,12:30,100,강남,강남구청 앞 인도,청담동,0,0
2023-07-10,11:00,16:00,60,강남,은성빌딩 앞 인도,청담동,0,0
2023-07-11,19:00,20:00,2000,남대문,파이낸스센터,태평로1가,0,0
2023-07-11,20:00,21:00,500,종로|남대문,파이낸스센터 → 종로문화원,태평로1가 등,1,0
2023-07-11,10:30,12:00,400,용산,용산역 잔디광장,한강로3가,0,0
2023-07-11,06:00,07:00,100,강서,요진건설 공사현장 1게이트 앞,내발산동,0,0
2023-07-11,14:00,15:30,499,동대문,동대문구청 앞,용두동,0,0
2023-07-11,18:00,21:00,50,동대문,외대앞역 1出 앞,이문동,0,0
2023-07-11,11:00,12:00,100,남대문,중앙우체국 앞,명동,0,0
2023-07-11,10:00,12:30,100,강남,강남구청 앞 인도,청담동,0,0
2023-07-12,14:00,17:00,4000,용산,이촌역 3出 → 아모레퍼시픽(또는 남영교차로),이촌동 등,1,1
2023-07-12,13:00,17:00,100,강남,더케이저축은행 본사 앞,역삼동,0,0
2023-07-12,07:30,08:20,1000,강동,강동성심병원 정문 앞,길동,0,0
2023-07-12,12:00,13:00,200,종로,국세청 북측 인도 및 1개차로,수송동,0,1
2023-07-12,18:00,21:00,300,노원,롯데백화점 노원점 앞,상계동,0,0
2023-07-12,19:00,20:00,50,서대문,모래내교회 앞 → 가좌역 4出,남가좌동 등,1,0
2023-07-12,10:00,12:30,100,강남,강남구청 앞 인도,청담동,0,0
2023-07-13,13:00,15:00,10000,종로|남대문,동화면세점～대한문,세종로 등,0,0
2023-07-13,13:00,15:00,1500,종로|남대문,정부서울청사 → 대한문,세종대로 등,1,0
2023-07-13,13:00,15:00,55000,남대문,시청역 8出～ 舊삼성본관,정동 등,0,0
2023-07-13,15:00,16:00,55000,종로|남대문,동화면세점~舊삼성본관,세종로 등,0,0
2023-07-13,16:00,17:00,20000,종로|남대문,숭례문 → 전쟁기념관 북문,세종로 등,1,0
2023-07-13,16:00,17:00,4000,종로|남대문,세종교차로 → 종로문화원,세종로 등,1,1
2023-07-13,15:30,16:30,600,종로,보신각 앞,관철동,0,0
2023-07-13,12:30,13:00,70,종로,흥국생명 앞,신문로1가,0,0
2023-07-13,11:00,13:00,200,영등포,LG트윈타워 앞,여의도동,0,0
2023-07-13,11:00,13:00,100,종로,영풍빌딩 정문 앞,서린동,0,0
2023-07-13,13:00,14:00,300,남대문,그랜드센트럴 빌딩 앞,남대문로5가,0,0
2023-07-13,07:00,11:00,700,동대문,경희의료원 본관 앞,회기동,0,0
2023-07-13,11:00,13:00,700,동대문,경희대 정문 → 회기역,회기동,1,0
2023-07-13,09:00,11:00,100,동대문,마리아병원 앞,신설동,0,0
2023-07-13,08:00,10:00,100,노원,노원을지대병원 앞,하계동,0,0
2023-07-13,10:00,,10000,용산,전쟁기념관 북문 앞,용산동,0,0
2023-07-13,11:00,12:00,100,영등포,국회 정문 앞,여의도동,0,0
2023-07-13,11:00,12:00,100,남대문,중앙우체국 앞,명동,0,0
2023-07-13,18:30,20:00,100,영등포,영등포역 광장,여의도동,0,0
2023-07-14,13:00,14:00,8000,남대문,대한문 앞,정동,0,0
2023-07-14,14:00,15:30,8000,종로|중부,동화면세점 → 시청 동편,세종로 등,1,0
2023-07-14,15:00,16:00,3000,남대문|서대문,경찰청 → 동화면세점,미근동 등,1,0
2023-07-14,15:00,16:00,3000,종로|남대문|중부,고용청 → 동화면세점,장교동 등,1,0
2023-07-14,16:00,17:00,8000,종로|남대문,동화면세점∼대한문,세종로,0,0
2023-07-14,18:00,20:00,2000,남대문,파이낸스빌딩 앞,태평로1가,0,0
2023-07-14,14:00,16:00,150,종로,정부서울청사 후문 앞,적성동,0,0
2023-07-14,13:00,14:00,500,서대문,홍은동 11-111,홍은동,0,0
2023-07-14,09:00,12:00,700,동대문,경희의료원 본관 앞,회기동,0,0
2023-07-14,11:00,12:00,100,남대문,중앙우체국 앞,명동,0,0
2023-07-15,13:00,14:00,3000,종로|혜화,마로니에공원 앞,대학로,1,1
2023-07-15,14:00,16:00,10000,남대문,,연건동 등,0,0
2023-07-15,14:00,16:00,1500,종로|남대문,SH수협은행 → 서울지방국세청,다동 등,1,0
2023-07-15,14:00,16:00,5000,종로|남대문|중부,서울고용청 → 내자교차로 종로 / 중부,장교동 등,1,1
2023-07-15,14:00,16:00,3000,종로|서대문,경찰청 → 내자교차로,미근동 등,1,1
2023-07-15,14:00,15:30,8000,종로,정부청사 북측,세종로,0,0
2023-07-15,14:00,15:30,500,종로,시교육청 → 내자교차로,신문로1가 등,1,1
2023-07-15,15:30,16:00,8000,종로,정부청사북측~사직동 새마을금고,사직동,0,0
2023-07-15,15:30,16:00,2000,종로,시민열린마당 → 내자교차로,세종로 등,1,1
2023-07-15,17:00,17:40,450,종로,시민열린마당 북측 인도 및 3개차로,세종대로,0,1
2023-07-15,14:00,17:00,10000,용산,,한강로1가,0,0
2023-07-15,18:00,19:00,1000,종로,시민열린마당 북측 인도 및 3개차로,세종대로,0,1
2023-07-15,14:00,15:00,200,용산,나인원한남 앞,한남동,1,0
2023-07-15,15:00,17:00,10000,남대문,,용산동 등,0,0
2023-07-15,17:00,19:00,20000,종로|남대문,숭례문∼태평교차로 진방 全차로,세종대로,1,1
2023-07-15,13:00,18:00,3000,서대문,,봉래동 등,0,0
2023-07-15,14:30,16:00,500,종로|남대문|용산|서대문,서울역 12出 → 내자교차로 남대문 / 용산,동자동 등,1,1
2023-07-15,16:00,16:40,30000,종로|남대문,정부서울청사 북측 ∼사직동 새마을금고양방,세종대로 등,0,1
2023-07-15,16:40,17:30,8000,종로|남대문,정부서울청사 북측 → ① 동십자교차로 / ②,세종대로 등,1,1
2023-07-15,15:00,17:00,300,방배,방배동부센트레빌 정문 앞,방배동,0,0
2023-07-15,14:00,17:00,2000,남대문,대한문 → 을입구 → 대한문,세종대로 등,1,0
2023-07-15,14:00,17:00,300,남대문,시의회 → 을입구 → 시의회,세종대로 등,1,0
2023-07-15,13:00,15:00,200,수서,도곡역 4出 ⇄ 매봉역사거리,도곡동 등,0,0
2023-07-15,14:00,16:00,2000,종로,합청교차로～적선교차로 편도 全차로,적선동,0,1
2023-07-15,13:00,17:00,5000,종로,동화면세점～원표공원 앞 4개 차로,세종대로,0,1
2023-07-15,08:00,20:00,2000,양천,행복한백화점 앞 축제의 거리,목동,0,0
2023-07-16,15:00,18:00,500,종로,교보빌딩 앞 1개차로,세종대로,0,1
2023-07-16,15:00,17:00,500,종로,보신각 앞 인도,관철동,0,0
2023-07-17,06:00,07:00,1000,강서,요진건설 앞,내발산동,0,0
2023-07-17,06:00,07:00,1000,강서,마곡동 CP4 현장,마곡동,0,0
2023-07-17,14:00,17:00,5000,영등포,의사당역 2出 앞 3개차로 → 더불어민주당사,여의도동,1,1
2023-07-17,17:00,19:00,500,영등포,KBS IBS문 앞 1∼2개차로,여의도동,0,1
2023-07-17,17:30,19:30,3000,서초,교대역 10出 앞 인도 및 2개차로,서초동,0,1
2023-07-17,10:00,15:00,50,남대문,센트럴빌딩 앞 인도,남대문로5가,0,0
2023-07-18,18:30,20:00,300,강서,서울도시가스 본사⇄삼정그린코아@,염창동,0,0
2023-07-18,06:00,07:00,1000,강서,마곡마이스복합단지 CP4 2게이트․5게이트 앞,마곡동,0,0
2023-07-19,10:00,12:00,300,종로,정부서울청사 앞,적선동,0,0
2023-07-19,19:00,20:30,50,영등포,효성itx 앞,양평동,0,0
2023-07-19,12:00,14:00,150,마포,손해보험빌딩 앞,합정동,0,0
2023-07-19,06:00,07:00,1000,강서,마곡마이스복합단지 CP4 2게이트․5게이트 앞,마곡동,0,0
2023-07-19,09:00,10:00,500,용산,CJ 서울택배지사 후문 앞,서빙고동,0,0
2023-07-19,12:00,13:00,200,종로,국세청 북측 인도 및 1개차로,수송동,0,1
2023-07-20,12:20,12:50,500,영등포,국민의힘 당사 앞,여의도동,0,0
2023-07-20,18:30,19:30,50,광진,파라디아빌딩 앞,광장동,0,0
2023-07-20,06:00,07:00,1000,강서,태영건설 5게이트․7게이트 앞,마곡동,0,0
2023-07-20,13:30,16:00,70,서초,정곡빌딩 북관 앞,서초동,0,0
2023-07-20,15:30,17:30,100,송파,송파우체국 후문 앞,오금동,0,0
2023-07-20,19:00,20:00,50,광진,아차산역 5出 앞,군자동,0,0
2023-07-20,14:00,17:00,500,중부|혜화,마로니에공원 ⟶ 고용노동청 인도· 하위1개 차로,동숭동 등,0,1
2023-07-20,08:30,10:00,100,동작,건영섬유 건너편 인도 ⟶ 달리는 커피,사당동,0,0
2023-07-20,10:30,14:00,120,서초|강남,신영빌딩 앞 ⇄ 뚜레주르 강남점,잠원동,0,0
2023-07-20,08:30,14:30,1000,종로|남대문,서울광장內 ⇄ 안국교차로,태평로1가,0,1
2023-07-21,11:00,12:00,60,남대문,고용노동청 앞,장교동,0,0
2023-07-21,06:00,07:00,1000,강서,태영건설 현장 5게이트․7게이트 앞,마곡동,0,0
2023-07-21,11:30,14:00,250,영등포|구로,깔깔거리 ⟶ 다사랑어린이공원 앞,구로동,0,0
2023-07-22,13:00,14:00,5000,남대문,예금보험공사 앞,다동,0,0
2023-07-22,19:00,20:30,10000,용산,삼각지역 1出 앞 3개차로,한강로1가,0,1
2023-07-22,19:00,20:00,3000,종로,시민열린마당 서측 인도 및 3개차로,세종대로,0,1
2023-07-22,13:00,14:00,200,남대문,한빛광장 → 시청 동편,수하동 등,1,0
2023-07-22,18:00,21:00,20000,종로|남대문,숭례문∼태평교차로 진방 全차로 ⇄ 보신각,세종대로 등,0,1
2023-07-22,09:30,10:30,300,종로,외교부 정문 앞 인도 및 1차로,도렴동,0,1
2023-07-22,11:00,13:00,300,영등포|마포,마포역 1出 → 국민의힘 당사,도화동 등,1,0
2023-07-22,14:30,15:30,300,종로,시민열린마당 북측 1개차로,세종대로,0,1
2023-07-22,16:00,18:30,2000,종로|남대문,시청 동편 → 시민열린마당 서편 인도·3개차로,세종대로 등,1,1
2023-07-22,14:00,16:00,1000,종로|남대문|중부,무교교차로 2개차로 → 광화문KT,태평로1가,1,1
2023-07-22,14:00,16:30,300,종로,조계사 평화홀씨마당 → 세종문화회관,수송동 등,1,0
2023-07-22,14:00,16:00,300,방배,방배동부센트레빌 정문 앞,방배동,0,0
2023-07-22,14:00,17:00,2000,종로|남대문,대한문 ⇄ 보신각,세종대로 등,0,0
2023-07-22,14:00,17:00,300,종로|남대문,서울시의회 ⇄ 보신각,세종대로 등,0,0
2023-07-22,14:00,16:00,200,종로,보신각 앞 인도,관철동,0,0
2023-07-22,14:00,17:00,10000,종로,동화면세점 앞 인도,세종대로,0,0
2023-07-22,08:00,19:00,800,양천,행복한백화점 앞 축제의 거리,목동,0,0
2023-07-22,09:00,17:00,100,송파,불광사 앞 인도,석촌동,0,0
2023-07-23,15:00,18:00,500,종로,교보빌딩 앞 1개차로,세종대로,0,1
2023-07-23,11:00,14:00,100,종로,보신각 앞 인도,관철동,0,0
2023-07-23,16:00,18:30,300,종로,보신각 앞 인도,관철동,0,0
2023-07-24,14:00,15:30,2000,남대문,개풍교차로~무교교차로,태평로1가,0,1
2023-07-24,06:00,07:00,1000,강서,마곡동 769 태영건설 현장 앞,마곡동,0,0
2023-07-24,15:00,20:00,200,마포,ytn ⇄ 물빛문화공원,상암동,0,0
2023-07-24,12:00,14:00,200,서초,대동서울사무소 앞,서초동,0,0
2023-07-24,16:00,17:00,100,송파,송파우체국 후문 앞,잠실동,0,0
2023-07-25,10:30,13:00,300,종로,정부서울청사 앞,적선동,0,0
2023-07-25,06:00,07:00,1000,강서,태영건설 5게이트․7게이트 앞,마곡동,0,0
2023-07-25,10:00,12:30,100,강남,강남구청 앞 인도,삼성동,0,0
2023-07-26,11:00,11:30,50,용산,전쟁기념관 앞,용산동,0,0
2023-07-26,19:00,20:30,1000,남대문,파이낸스빌딩 앞,태평로1가,0,0
2023-07-26,12:00,13:00,200,종로,국세청 북측 인도 및 1개차로,수송동,0,1
2023-07-27,10:00,13:00,499,동대문,신설동 96-48 1게이트 앞,신설동 등,0,0
2023-07-27,13:00,15:00,1000,혜화|동대문,동묘앞역 3出 → 신설동 96-48,신설동 등,1,0
2023-07-27,10:00,12:00,200,남대문|중부,국가인권위 → 시청 동편,저동 등,1,0
2023-07-27,06:00,07:00,1000,강서,태영건설 공사현장 앞,마곡동,0,0
2023-07-27,14:00,,170,남대문,한화본사 앞 15;00,장교동,0,0
2023-07-27,16:00,17:20,50,서대문,세브란스병원 본관,신촌동,0,0
2023-07-27,12:20,12:50,500,영등포,국민의힘 당사 앞,여의도동,0,0
2023-07-27,14:00,15:00,100,송파,송파우체국 후문,오금동,0,0
2023-07-27,11:00,12:00,100,영등포,국회 앞,여의도동,0,0
2023-07-27,13:30,14:20,100,영등포,국회 정입·출 間 인도,여의도동,0,0
2023-07-27,13:00,17:00,500,종로,글로벌센터 앞 인도 및 1차로,서린동,0,1
2023-07-27,14:00,17:00,500,중부|혜화,마로니에공원 ⟶ 고용노동청 앞 인도· 하위1개 차로,동숭동,0,1
2023-07-27,10:00,12:00,500,남대문,도시건축전시관 앞 인도,정동,0,0
2023-07-27,15:00,17:30,200,종로,세종문화회관 계단·인도 ⟶ 광화문역 2出,세종대로,0,0
2023-07-28,06:00,07:00,1000,강서,마곡동 769 공사현장 앞,마곡동,0,0
2023-07-28,16:00,17:00,100,송파,송파우체국 후문,오금동,0,0
2023-07-28,14:00,17:00,200,광진,광진구청 앞 인도,자양동,0,0
2023-07-28,11:00,13:00,100,남대문,TV조선 앞,정동,0,0
2023-07-29,18:00,19:30,10000,용산,삼각지역 1出 앞 3개차로,한강로1가,0,1
2023-07-29,18:00,21:30,10000,남대문|마포|서대문,舊삼성본관∼태평교차로 진방 全차로 → 홍대입구역 2出,세종대로 등,1,1
2023-07-29,16:00,18:00,200,방배,방배동부센트레빌 정문 앞,방배동,0,0
2023-07-29,14:00,17:00,2000,종로|남대문,대한문 ⇄ 보신각,세종대로 등,0,0
2023-07-29,14:00,17:00,300,종로|남대문,서울시의회 ⇄ 보신각,세종대로 등,0,0
2023-07-29,14:00,16:00,10000,종로,정부서울청사 북측∼사직동 새마을금고 편도 全차로,적선동,0,1
2023-07-29,14:00,17:00,10000,종로,동화면세점 앞 인도,세종대로,0,0
2023-07-29,17:00,19:00,300,종로,보신각 앞 인도,관철동,0,0
2023-07-30,15:00,18:00,500,종로,교보빌딩 앞 1개차로,세종대로,0,1
2023-07-30,15:30,18:00,5000,남대문,숭례문～태평교차로 진방 全차로,북창동,0,1
2023-07-31,06:00,07:00,1000,강서,태영건설 공사현장 앞,마곡동,0,0
2023-08-01,06:00,07:00,1000,강서,마곡동 769 공사현장 앞,마곡동,0,0
2023-08-02,06:00,07:00,1000,강서,마곡동 769 공사현장 앞,마곡동,0,0
2023-08-02,19:00,20:00,1000,남대문,파이낸스센터 앞,태평로1가,0,0
2023-08-02,12:00,13:00,200,종로,국세청 북측 인도 및 1개차로,수송동,0,1
2023-08-03,06:00,07:00,1000,강서,마곡동 769 공사현장 앞,마곡동,0,0
2023-08-03,08:00,16:00,400,금천,아스크타워 1G 앞,가산동,0,0
2023-08-03,11:00,14:00,50,송파,오금공원 앞,오금동,0,0
2023-08-04,06:00,07:00,1000,강서,마곡동 769 공사현장 앞,마곡동,0,0
2023-08-04,13:00,14:00,499,중랑,중랑구청 앞,신내동,0,0
2023-08-04,19:00,21:00,300,수서,HJ타워 앞,역삼동,0,0
2023-08-05,18:00,19:00,200,용산,삼각지역 1出 앞 3개차로,한남동,0,1
2023-08-05,18:00,21:00,10000,종로|남대문,舊삼성본관~태평R 진방 全차로 → 태평R,세종대로 등,1,1
2023-08-05,14:00,17:00,2000,종로|남대문,대한문⇄보신각R,세종대로 등,0,0
2023-08-05,14:00,17:00,2000,영등포,서울시의회⇄ 보신각R,세종대로 등,0,0
2023-08-05,14:00,16:00,5000,종로,정부서울청사 북측∼사직동 새마을금고 편도 全차로,적선동,0,1
2023-08-05,14:00,17:00,10000,종로,동화면세점 앞 인도,세종대로,0,0
2023-08-05,16:00,17:00,150,남대문,파이낸스 빌딩 앞 인도,태평로 1가,0,0
2023-08-06,19:00,23:00,100,남대문,서울도시건축전시관 앞,정동,0,0
2023-08-06,15:00,18:00,500,종로,교보빌딩 앞 1개차로,세종대로,0,1
2023-08-06,11:00,16:00,100,성동,래미안옥수리버젠@ 상가 앞,옥수동,0,0
2023-08-06,15:30,18:00,5000,남대문,숭례문R~시청역 7出 진방 全차로,북창동,0,1
2023-08-07,10:00,11:30,100,광진,웨딩스퀘어 앞,구의동,0,0
2023-08-07,10:30,15:30,100,강남,아셈타워 앞,삼성동,0,0
2023-08-07,10:30,12:00,200,종로,정부서울청사 후문 앞 인도·1개 차로,세종대로,0,1
2023-08-08,12:00,13:00,200,성동,자동차시장길 23 앞,용담동,0,0
2023-08-08,19:00,21:00,100,남대문,서울도시건축전시관 앞 인도,정동,0,0
2023-08-08,13:30,17:00,500,남대문,시의회 별관 앞,서소문동,0,0
2023-08-09,19:00,20:30,1000,남대문,파이낸스빌딩 앞,태평로1가,0,0
2023-08-09,13:00,15:00,200,양천,양천구청 후문,신정동,0,0
2023-08-09,12:00,13:30,300,종로,국세청 북측 인도 및 2개차로,수송동,0,1
2023-08-09,19:00,20:00,300,노원,롯데백화점 노원점 앞,상계동,0,0
2023-08-09,19:00,20:30,100,서대문,IBK기업은행 북가좌동점 → 베스킨라빈스 북가좌점,북가좌동,1,0
2023-08-09,19:00,20:30,100,남대문,서울도시건축전시관 앞 인도,정동,0,0
2023-08-09,14:00,15:30,200,종로|혜화,서머셋팰리스 북측 → 마로니에공원,수송동 등,1,0
2023-08-09,10:00,12:00,100,강남,LH 서울본부 앞,논현동,0,0
2023-08-10,14:00,17:00,500,강남|수서,강남역 1出 → HJ타워 앞,역삼동 동,1,0
2023-08-10,10:30,13:00,50,용산,용산푸르지오써밋 앞,한강로2가,0,0
2023-08-10,12:30,13:10,100,종로,소녀상 좌측 인도 및 1개차로,수송동,0,1
2023-08-10,12:30,13:10,100,용산,삼각지역 12出 → 전쟁기념관 상징탑 앞,한강로1가 등,1,0
2023-08-10,19:00,20:30,100,남대문,도시건축전시관 앞 인도,정동,0,0
2023-08-11,10:00,11:00,1000,서초,헌인릉주차장 앞,내곡동,0,0
2023-08-11,14:00,15:00,1000,종로|남대문,파이낸스빌딩 → 종로문화원,태평로1가,1,0
2023-08-11,15:10,15:40,500,용산,전쟁기념관 앞,용산동,0,0
2023-08-11,16:00,17:00,300,용산,용산역 광장,한강로3가,0,0
2023-08-11,10:00,13:00,50,용산,국립중앙박물관 → 용산어린이정원,용산동 등,1,0
2023-08-11,09:00,12:00,100,서대문,신촌 유플렉스 앞,창천동,0,0
2023-08-11,17:00,18:00,1000,남대문,시청 동편 인도 및 1개차로,태평로1가,0,1
2023-08-11,18:30,20:30,1000,종로,보신각 앞 인도,관철동,0,0
2023-08-11,18:30,20:00,250,은평|서부,응암역 너른마당 ⟶ 연신내역 / 증산역,역촌동,0,0
2023-08-11,12:30,16:00,300,종암,장위제일교회 앞,장위동,0,0
2023-08-12,10:00,12:00,3000,용산,국립중앙박물관 → 신용산역 1出,용산동6가 등,1,0
2023-08-12,13:00,14:00,1000,종로,세종문화회관 앞,세종대로,0,0
2023-08-12,15:00,15:30,30000,종로,정부서울청사 북측 ~ 내자교차로,적선동 등,0,1
2023-08-12,14:00,15:00,1000,종로,세종문화회관 → 정부서울청사,적선동 등,1,0
2023-08-12,14:00,15:30,5000,용산,신용산역 4出 앞,한강로2가,0,0
2023-08-12,17:00,18:00,1000,종로|남대문,시민열린마당 북측 → 프레스센터,세종대로 등,1,0
2023-08-12,18:00,19:30,10000,용산,삼각지역 1出 앞 3개차로,한강로1가,0,1
2023-08-12,18:00,20:30,5000,종로|남대문,舊삼성본관∼태평교차로 4개차로 → 세종교차로,세종대로 등,1,1
2023-08-12,15:30,16:00,30000,종로,정부서울청사 북측∼내자교차로 편도 全차로,적선동,0,1
2023-08-12,16:00,17:30,30000,종로,정부서울청사 북측∼내자교차로 편도 全차로,적선동 등,1,1
2023-08-12,14:30,15:30,200,종로,적선현대빌딩 앞 인도 및 1개차로,적선동,0,1
2023-08-12,15:00,15:30,100,종로,시민열린마당 북측 인도 및 1개차로,중학동,0,1
2023-08-12,18:00,19:00,2000,남대문,서울광장 서편 3차로,세종대로,0,1
2023-08-12,13:30,14:30,80,종로,광화문KT 앞 인도,세종대로,0,0
2023-08-12,11:00,13:00,300,강남,논현동 129-1 앞,논현동,0,0
2023-08-12,14:00,17:00,1000,종로|남대문,대한문 ⇄ 보신각,세종대로 등,0,0
2023-08-12,14:00,17:00,1000,종로|남대문,서울시의회 ⇄ 보신각,세종대로 등,0,0
2023-08-12,14:00,16:00,30000,종로|남대문,종로1가∼을입구 진방 全차로,서린동,0,1
2023-08-12,14:00,17:00,10000,종로,동화면세점 앞 인도,세종대로,0,0
2023-08-12,16:00,17:00,500,남대문,개풍교차로∼舊 美문화원 2개차로 ⟶ 프레스센터,을지로,0,1
2023-08-12,10:00,11:00,150,종로,보신각 앞 인도,관철동,0,0
2023-08-13,17:00,19:00,300,남대문,예금보험공사 앞,다동,0,0
2023-08-13,15:00,18:00,500,종로,교보빌딩 앞 1개차로,세종대로,0,1
2023-08-13,16:00,18:00,8000,남대문,숭례문 ～ 시청역 7出 진방 全차로,북창동,0,1
2023-08-14,06:00,07:00,1000,강서,마곡동 769 공사현장 앞,마곡동,0,0
2023-08-14,14:00,16:00,100,송파,쿠팡 본사 앞,신천동,0,0
2023-08-14,10:00,12:00,50,용산,백범기념관 정문 앞 인도,효창동,0,0
2023-08-14,16:30,18:30,50,강서,어울림공원 ⟶ 마곡나루역 3出,마곡동,0,0
2023-08-14,19:30,21:30,10000,남대문,숭례문 ∼ 시청역 7出 3개차로,북창동,0,1
2023-08-14,15:00,22:00,700,남대문,서울광장 內,태평로1가,0,0
2023-08-15,10:30,13:00,120,종로,탑골공원 → 서울역사박물관,종로2가 등,1,0
2023-08-15,12:30,16:00,10000,종로|남대문,舊삼성본관 → 종로3가,서소문동,1,0
2023-08-15,14:00,17:00,2000,남대문,대한문 ⇄ 을지로입구교차로,정동,0,1
2023-08-15,15:00,18:00,1000,종로|남대문,보신각 → 청계광장,관철동 등,1,0
2023-08-15,14:00,15:30,3000,종로|남대문,시의회 → 청계광장,정동,1,0
2023-08-15,13:00,18:30,20000,종로|남대문|용산,동화면세점∼시의회 진방 全차로 / 교보빌딩 앞 3개차로 → 숙대입구역,세종대로,1,1
2023-08-15,09:00,18:00,500,종로,청계광장,세종대로,0,0
2023-08-15,16:00,17:00,80,남대문,청계남로,다동,0,0
2023-08-15,09:00,12:00,200,서초,더케이호텔 앞 인도,양재동,0,0
2023-08-16,16:30,18:00,2000,수서,DH대치에델루이 공사현장 앞,대치동,0,0
2023-08-16,19:00,20:00,690,종로,GS건설 본사 앞,청진동,0,0
2023-08-16,19:00,20:00,100,영등포,효성ITX 앞,양평동,0,0
2023-08-16,12:00,13:30,200,종로,국세청 북측 인도 및 1개차로,수송동,0,1
2023-08-16,17:00,18:00,400,구로,평강제일교회 앞 인도,오류동,0,0
2023-08-17,09:00,,500,서초,중앙지검 서문 좌측 인도 및 1개차로,서초동,0,1
2023-08-17,09:00,,1000,서초,정곡빌딩 남관 앞 인도 및 1개 차로,서초동,0,1
2023-08-17,11:30,13:00,2000,영등포,KBS본관 앞 ⇄ KBS신관 IBC문,여의도,0,0
2023-08-17,14:00,17:00,500,남대문|용산,국립극단 앞 1개차로 ⟶ 서울역 광장,서계동,0,1
2023-08-17,13:00,16:00,200,남대문,도시건축전시관 앞 인도 ⇄ 시청 동편,정동,0,0
2023-08-17,10:00,13:00,200,광진,광진구청 앞 ⟶ 건국대학교 정문,자양동,0,0
2023-08-17,10:00,11:00,400,구로,평강제일교회 정문 앞,오류동,0,0
2023-08-18,14:00,15:00,300,용산,푸르지오써밋 앞,한강로2가,0,0
2023-08-18,19:30,20:30,300,수서,HJ타워 앞,역삼동,0,0
2023-08-18,10:00,,200,영등포,국민은행 서관 앞 별명時,여의도,0,0
2023-08-18,19:00,20:30,200,종로,동화면세점 앞 인도,세종대로,0,0
2023-08-18,09:00,13:00,50,은평,갈현동 390-1 앞 인도,갈현동,0,0
2023-08-19,14:00,16:00,20000,영등포,의사당대로 양방 6개차로 및 산업은행∼수출입은행 인도,여의도동,0,1
2023-08-19,15:00,17:00,5000,남대문|용산,전쟁기념관 북문 → 태평교차로,용산동 등,1,1
2023-08-19,17:00,20:00,5000,종로|남대문,舊삼성본관∼태평교차로 → 광화문KT,세종대로 등,1,1
2023-08-19,14:00,17:00,1000,종로|남대문,서울시의회 ⇄ 보신각,세종대로 등,0,0
2023-08-19,14:00,17:00,1000,종로|남대문,대한문 ⇄ 보신각,세종대로 등,0,0
2023-08-19,14:30,16:00,10000,용산,삼각지역 1出 앞 3개차로,한강로1가,0,1
2023-08-19,13:00,14:30,100,수서,도곡역 4出 ⇄ 매봉터널교차로,도곡동,0,1
2023-08-19,14:00,17:00,10000,종로,동화면세점 앞 인도,세종대로,0,0
2023-08-20,14:00,16:00,500,용산,용산역광장 → 전쟁기념관,한강로3가 등,1,0
2023-08-20,16:00,18:30,100,서초|강남,강남역 9出 → 신논현역 → 강남역 10出,역삼동 등,1,0
2023-08-20,15:00,18:00,500,종로,교보빌딩 앞 1개차로,세종대로,0,1
2023-08-20,11:00,15:30,300,종로,보신각 ⟶ 종로문화원,관철동,0,0
2023-08-20,16:00,18:30,100,서초|강남,강남역 9出 앞 ⇄ KCC 사옥,서초동,0,0
2023-08-20,13:00,15:00,50,용산|성동,옥수리버젠상가 앞 ⟶ 일신빌딩,옥수동,0,0
2023-08-20,16:00,18:00,8000,남대문,시청역 8出～숭례문교차로 진방 全차로,서소문동,0,1
2023-08-20,17:00,18:30,300,종로,향린교회 ⟶ 소녀상,내수동,0,0
2023-08-20,10:00,11:00,400,구로,평강제일교회 정문 앞 도로,오류동,0,0
2023-08-21,06:00,07:00,1000,강서,태영건설 공사현장 5‧7게이트 앞,마곡동,0,0
2023-08-21,10:00,11:00,400,구로,평강제일교회 정문 앞 도로,오류동,0,0
2023-08-22,06:00,07:00,1000,강서,태영건설 현장 5게이트 앞,마곡동,0,0
2023-08-22,10:29,13:00,100,남대문|서대문,시청 서편 → 애오개역,세종대로 등,1,0
2023-08-22,10:30,18:30,200,용산|마포,이촌역 4出 → 대한의사협회,이촌동,1,0
2023-08-23,06:00,07:00,1000,강서,태영건설현장 5게이트 앞,마곡동,0,0
2023-08-23,15:00,17:00,3000,강서,오신산업 앞,등촌동,0,0
2023-08-23,19:00,20:00,200,종로,보신각 앞,관철동,0,0
2023-08-23,19:00,20:30,100,영등포,효성ITX 앞,양평동,0,0
2023-08-23,10:29,13:00,100,마포,애오개역 → 마포역,아현동 등,1,0
2023-08-23,12:00,13:30,200,종로,국세청 북측 인도 및 1개차로,수송동,0,1
2023-08-23,14:00,16:00,100,용산,삼각지역 교통섬 주변,한강로1가,0,0
2023-08-23,19:00,20:00,1000,종로,종로문화원 앞,송현동,0,0
2023-08-23,15:00,17:00,2000,남대문,개풍교차로∼무교빌딩 앞 2개차로,태평로,0,1
2023-08-23,18:00,20:30,200,남대문|혜화,마로니에공원⟶성대입구교차로 / 시청동편 2개차로,동숭동/태평로,0,1
2023-08-23,17:00,18:00,400,구로,평강제일교회 정문 앞 이면도로,오류동,0,0
2023-08-24,13:29,18:00,100,영등포|마포,마포트라팰리스 → 국회 앞,도화동 등,1,0
2023-08-24,18:34,20:00,7000,영등포,의사당역 2出 앞 3개차로,여의도동,0,1
2023-08-24,19:00,20:00,1000,종로,종로문화원 앞 인도,삼청동,0,0
2023-08-24,10:00,13:00,50,관악,민방위교육장 앞 인도,신림동,0,0
2023-08-24,13:00,14:30,2000,남대문,시청 서소문 별관 앞 인도 및 차로,서소문동,0,1
2023-08-24,10:00,11:00,400,구로,평강제일교회 정문 앞,오류동,0,0
2023-08-25,19:00,20:00,300,용산,전쟁기념관 앞,용산동,0,0
2023-08-25,13:00,16:00,500,종로,정부서울청사 앞,세종대로,0,0
2023-08-25,15:00,18:00,3000,강서,오신산업 앞,등촌동,0,0
2023-08-25,10:00,14:00,1000,종로|남대문,동화면세점 → 전쟁기념관,세종대로 등,1,0
2023-08-25,11:00,12:30,10000,용산,전쟁기념관 북문 산수옥 2개차로,용산동,0,1
2023-08-25,09:30,12:00,60,영등포,하이서울유스호스텔 ⇄ 영등포구청,당산동,0,0
2023-08-25,10:00,14:00,80,종로,현대 건설 앞,계동,0,0
2023-08-26,18:30,21:00,500,종로|남대문|중부,모전교 ⇄ 전태일다리,서린동 등,0,0
2023-08-26,14:00,16:00,20000,영등포|혜화,"의사당대로 양방 6개차로, 산업은행∼수출입은행 인도",여의도동,0,1
2023-08-26,14:00,17:00,1000,종로|남대문,서울시의회 ⇄ 보신각,세종대로 등,0,0
2023-08-26,14:00,17:00,2000,종로|남대문,대한문 ⇄ 보신각,세종대로 등,0,0
2023-08-26,16:00,18:00,10000,종로|남대문|용산,시청 서편∼일민미술관 인도 및 진방 全차로 → 전쟁기념관 북문,태평로1가 등,1,1
2023-08-26,18:00,20:00,10000,종로|남대문,태평교차로∼舊삼성본관 → 혜화교차로,용산동 등,1,1
2023-08-26,11:00,12:00,50,종로|혜화,광화문광장 이순신 장군 동상 앞,세종대로,0,0
2023-08-26,14:30,16:00,10000,용산,삼각지역 1出 앞 3개차로,한강로1가,0,1
2023-08-26,14:00,16:00,500,서초,서초역 8出 인도 및 1개차로 ⇄ 교대역 9出,서초동,0,1
2023-08-26,14:00,17:00,10000,종로,동화면세점 앞 인도,세종대로,0,0
2023-08-26,10:00,12:00,60,동작,래미안트윈파크 101동 앞 인도,본동,0,0
2023-08-27,15:00,18:00,200,종로,종로타워 앞 인도 및 1개차로,공평동,0,1
2023-08-27,15:00,18:00,500,종로,교보빌딩 앞 1개차로,세종대로,0,1
2023-08-27,16:00,18:00,500,종로,보신각 앞 인도,관철동,0,0
2023-08-27,10:00,11:00,400,구로,평강제일교회 정문 앞 도로,오류동,0,0
2023-08-28,06:00,07:00,1000,강서,태영건설 CP4 5게이트 앞,마곡동,0,0
2023-08-28,12:00,17:00,200,송파,효성빌딩 앞,반포동,0,0
2023-08-28,12:30,13:30,1000,서초,정곡빌딩 남관 앞 인도 및 1개차로,서초동,0,1
2023-08-28,10:00,10:30,100,서초,중앙지검 정문 앞 인도,서초동,0,0
2023-08-28,10:00,11:00,400,구로,평강제일교회 정문 앞 도로,오류동,0,0
2023-08-29,08:00,18:00,100,남대문,시청 서소문별관 앞,정동,0,0
2023-08-29,13:30,15:30,150,중부,CJ제일제당 본사 앞,초동,0,0
2023-08-29,14:00,16:00,400,영등포,LG트윈타워 → 의사당역 2出,여의도동,1,0
2023-08-29,11:00,13:00,50,종암,홈플러스 앞,하월곡동,0,0
2023-08-29,16:00,17:00,100,성북,안암병원 신관 정문 앞,안암동,0,0
2023-08-29,09:00,16:00,200,종로,외교부 후문 앞 인도 및 1개차로,도렴동,0,1
2023-08-29,11:00,13:00,2000,영등포,이룸센터 앞 인도 및 보조도로,여의도동,0,0
2023-08-30,19:00,20:30,200,남대문,경찰기념공원 앞,서소문,0,0
2023-08-30,08:00,18:00,100,남대문,시청 서소문별관 앞,정동,0,0
2023-08-30,14:00,15:00,300,용산,푸르지오써밋빌딩 앞,한강로2가,0,0
2023-08-30,07:30,09:30,100,광진,KT우면개발센터 앞,우면동,0,0
2023-08-30,12:00,13:00,200,종로,국세청 북측 인도 및 1개차로,수송동,0,1
2023-08-30,16:30,18:00,500,서초,서초역 8出 앞 인도 및 1개차로,서초동,0,1
2023-08-30,14:30,16:00,1500,영등포,산업은행 측면 全 차로,여의도동,0,1
2023-08-30,09:00,17:00,400,종로,현대건설 좌·우측 인도,계동,0,0
2023-08-30,17:00,18:00,400,구로,평강제일교회 정문 앞,오류동,0,0
2023-08-31,08:00,18:00,100,남대문,시청 서소문별관 앞,정동,0,0
2023-08-31,12:20,12:50,500,영등포,국힘 당사 앞,여의도동,0,0
2023-08-31,18:30,19:30,50,광진,파라디아빌딩 앞,광장동,0,0
2023-08-31,19:00,20:00,300,종로,세종문화회관 앞 인도,세종대로,0,0
2023-08-31,14:00,16:00,500,영등포,광복회관 앞 인도 및 1개차로,여의도동,0,1
2023-08-31,14:00,16:00,3000,종로|남대문,서울시의회 앞 ⇄ 종각,세종대로 등,0,0
2023-08-31,15:00,17:00,200,동작,신한토탈아파트 앞 ⟶ 장승배기로 151,대방동,0,0
2023-08-31,09:00,15:00,400,종로,현대건설 좌·우측 인도,계동,0,0
2023-08-31,10:00,11:00,400,구로,평강제일교회 정문 앞,오류동,0,0
2023-09-01,08:00,18:00,100,남대문,시청 서소문별관 앞,정동,0,0
2023-09-01,09:00,09:40,99,강남,삼성역 5出 앞,삼성동,0,0
2023-09-01,19:30,20:30,200,수서,HJ타워 앞,역삼동,0,0
2023-09-01,11:00,12:00,50,영등포,민주당사 앞,여의도,0,0
2023-09-01,11:30,16:30,100,서초,서초경찰서 정문 앞 좌ㆍ우측 인도,서초동,0,0
2023-09-01,13:00,16:00,1000,서초,ssi아트 앤 디자인 앞 골목 인도 및 3개차로,서초동,0,1
2023-09-01,10:00,12:00,130,마포,성미산학교 → 홍대입구역 9出 앞,동교동 등,1,0
2023-09-01,17:00,18:00,150,남대문,명동성당 ⇄ 명동역 6出 앞,명동,0,0
2023-09-02,11:30,12:30,200,영등포,국민은행 서관 앞,여의도동,0,0
2023-09-02,18:00,19:30,10000,용산,전쟁기념관 북문 앞 3개차로,용산동,0,1
2023-09-02,18:00,21:00,5000,종로|남대문,舊삼성본관∼태평교차로 진방 全차로 → 세종교차로,세종대로 등,1,1
2023-09-02,18:00,19:00,10000,남대문|용산,시청 서편∼파이낸스 진방 全차로 → 전쟁기념관 북문,세종대로 등,1,1
2023-09-02,14:00,17:00,1000,종로|남대문,대한문 ⇄ 보신각,세종대로 등,0,0
2023-09-02,14:00,17:00,1000,종로|남대문,서울시의회 ⇄ 보신각,세종대로 등,0,0
2023-09-02,14:00,16:30,30000,영등포,① 의사당대로 양방 全차로 및 인도 ② 은행로 양방 全차로 및 인도 ③ 여의공원로 진방 全차로 및 인도 ∼,여의도동,0,1
2023-09-02,14:00,17:00,10000,종로,동화면세점 앞 인도 및 3개차로,세종대로,0,1
2023-09-02,16:00,18:00,500,종로,보신각 앞 인도,관철동,0,0
2023-09-03,15:00,18:00,500,종로,교보빌딩 앞 1개차로,세종대로,0,1
2023-09-03,13:00,19:00,300,종로,정부서울청사 후문 인도 및 1개차로,적선동,0,1
2023-09-03,13:00,16:00,100,용산,전쟁기념관 앞 인도,용산동,0,0
2023-09-03,14:00,17:00,70,종로|남대문|중부,전태일다리 ⟶ 고용노동청,청계천로,0,0
2023-09-03,10:00,11:00,400,혜화|구로,평강제일교회 정문 앞 도로,오류동,0,0
2023-09-04,08:00,18:00,100,남대문,시청 서소문 별관 앞,정동,0,0
2023-09-04,06:00,07:00,1000,강서,태영건설 CP4 5게이트 앞,마곡동,0,0
2023-09-04,16:30,18:00,20000,영등포,의사당역 2出 앞 편도 全차로,여의도동,0,1
2023-09-04,10:00,11:00,400,구로,평강제일교회 정문 앞 도로,오류동,0,0
2023-09-05,14:00,16:30,5500,종로|남대문,광교 남단 → 서울역 3出,남대문로1가 등,1,0
2023-09-05,12:00,14:00,300,중부|영등포,IFC ONE 앞,여의도동,0,0
2023-09-05,19:00,21:00,300,동대문,청량리역 광장,전농동,0,0
2023-09-05,07:00,10:00,100,수서,포스코센터 앞,대치동,0,0
2023-09-05,18:30,20:00,0,종로|남대문|중부|서대문,"독립문역, 서울역, 종로4가역, 한국기독교회관, 충정로역, 혜화역 등 6개소 ⟶ 광화문광장 세 6개소",세종대로 등,0,0
2023-09-06,09:00,19:00,100,남대문,덕수궁 돌담길,정동,0,0
2023-09-06,10:00,11:00,100,남대문,서울시청 서편 앞,태평로1가,0,0
2023-09-06,09:00,14:00,150,광진,건국대학교 후문 앞,화양동,0,0
2023-09-06,08:00,09:00,80,마포,아현역 1‧2‧3‧4出 앞,북아현동,0,0
2023-09-06,13:00,14:00,50,서초,뉴코아아울렛 앞,서초동,0,0
2023-09-06,16:00,22:00,200,구로,구로역3出 앞 광장,구로동,0,0
2023-09-06,12:00,13:00,200,종로,국세청 북측 인도 및 1개차로,수송동,0,1
2023-09-06,14:00,15:00,150,종로,연합뉴스 앞 인도 및 1개차로 ⟶ 소녀상,수송동,0,1
2023-09-06,14:00,18:00,80,영등포,양우건설 앞,영등포동,0,0
2023-09-06,17:00,18:00,400,구로,평강제일교회 정문 앞,오류동,0,0
2023-09-07,14:00,16:00,300,종로|남대문,을지로2가 ⇄ 탑골공원,을지로2가,0,0
2023-09-07,17:00,18:30,200,남대문|중부,시청 동편 앞,태평로1가,0,0
2023-09-07,11:00,13:00,400,용산,전쟁기념관 앞,용산동,0,0
2023-09-07,19:30,21:00,500,남대문,서울역 북측 계단,봉래동,0,0
2023-09-07,15:00,20:00,400,서초,대검찰청 앞,서초동,0,0
2023-09-07,19:00,20:00,300,종로,세종문화회관 앞 인도,세종대로,0,0
2023-09-07,18:00,19:00,200,서초,서울교대 정문 ⇄ 서이초교 사거리,서초동,0,0
2023-09-07,12:00,14:00,300,남대문,개풍교차로～무교동교차로 인도 및 1개차로 ⇄ 서울광장 서편,태평로1가,0,1
2023-09-07,14:00,16:00,100,종로|남대문,서울역 광장 ⟶ 시민열린마당,봉래동,0,0
2023-09-07,08:30,10:00,100,동작,건영섬유 앞 → 경문고 교차로,사당동,1,1
2023-09-07,11:00,13:00,150,금천,신영와코루 본사 ⇄ 가산디지털단지역,가산동,0,0
2023-09-07,10:00,11:00,400,구로,평강제일교회 정문 앞,오류동,0,0
2023-09-08,09:00,19:00,100,남대문,덕수궁 돌담길,정동,0,0
2023-09-08,19:00,21:00,100,남대문,서울시청 서편,태평로1가,0,0
2023-09-08,16:00,17:00,100,영등포,삼성전자서비스 영등포센터 앞,신길동,0,0
2023-09-08,17:00,19:00,70,종로,소녀상 → 광화문KT,세종대로 등,1,0
2023-09-08,14:00,18:00,100,서초,호반파크 2관 앞 인도 및 1개차로,우면동,0,1
2023-09-09,15:00,19:00,500,남대문,서울시청 서편,태평로1가,0,0
2023-09-09,15:00,16:00,100,종로,광화문KT → 소녀상,세종대로,1,0
2023-09-09,18:00,19:30,10000,용산,"전쟁기념관 북문 앞 3개차로, 대우월드마크 앞 2개차로",용산동,0,1
2023-09-09,18:00,21:00,5000,종로|중부,舊삼성본관∼태평교차로 진방 全차로 ⇄ 재동교차로,세종대로 등,0,1
2023-09-09,16:00,19:00,10000,남대문|용산,시청 서편∼파이낸스 진방 全차로 → 이촌역,세종대로 등,1,1
2023-09-09,14:00,17:00,1000,종로|남대문,대한문 ⇄ 보신각,세종대로 등,0,0
2023-09-09,14:00,17:00,1000,종로|남대문,서울시의회 ⇄ 보신각,세종대로 등,0,0
2023-09-09,16:00,19:00,100,남대문,서울시의회 앞 인도 및 1개차로,세종대로,0,1
2023-09-09,14:00,17:00,10000,종로,동화면세점 앞 인도 및 2개차로,세종대로,0,1
2023-09-09,14:00,17:00,300,용산,전쟁기념관 앞 인도,용산동,0,0
2023-09-09,10:00,12:00,60,동작,래미안트윈파크 101동 앞 인도,본동,0,0
2023-09-09,13:30,15:30,100,영등포,베뉴비안 앞,신길동,0,0
2023-09-09,13:00,18:00,100,송파,올림픽공원 일대,오륜동,0,0
2023-09-10,15:00,18:00,500,종로,교보빌딩 앞 1개차로,세종대로,0,1
2023-09-10,08:00,09:00,400,구로,평강제일교회 정문 앞 도로,오류동,0,0
2023-09-11,08:00,17:00,200,남대문,한화 본사 앞,장교동,0,0
2023-09-11,06:00,08:00,1000,송파,미성크로바아파트 앞,신천동,0,0
2023-09-11,11:30,12:30,50,마포,YTN사옥 앞,상암동,0,0
2023-09-11,09:00,18:00,3000,강서,오신산업 앞,등촌동,0,0
2023-09-11,10:00,11:00,400,구로,평강제일교회 정문 앞 도로,오류동,0,0
2023-09-11,17:00,20:00,100,구로,신도림 테크노마트 앞 인도,구로동,0,0
2023-09-12,09:00,18:00,200,남대문,한화 본사 앞,장교동,0,0
2023-09-12,11:00,12:30,1000,영등포,이룸센터 앞 인도 및 보조도로,여의도동,0,0
2023-09-12,09:30,11:30,50,마포,마포구청 앞 인도,성산동,0,0
2023-09-13,13:00,17:00,200,남대문,시청 2청사 앞,서소문동,0,0
2023-09-13,14:00,16:00,50,남대문,KG본사 앞,순화동,0,0
2023-09-13,14:00,18:00,200,양천,양천구청 정문 앞,신월동,0,0
2023-09-13,13:00,15:00,150,강남,대유타워 앞,역삼동,0,0
2023-09-13,12:00,13:00,200,종로,국세청 북측 인도 및 1개차로,수송동,0,1
2023-09-13,14:00,16:00,70,영등포,민주당사 앞,여의도,0,0
2023-09-13,19:00,20:30,100,서대문,유진상가 앞 인도,홍제동,0,0
2023-09-13,17:00,18:00,400,구로,평강제일교회 정문 앞,오류동,0,0
2023-09-14,17:00,18:30,150,종로,서울시교육청 앞,신문로2가,0,0
2023-09-14,12:00,13:00,5000,남대문,칠패로 입구 ∼ 서울역 3出,봉래동,0,0
2023-09-14,10:00,13:00,50,남대문,시청 서편 앞,태평로1가,0,0
2023-09-14,14:00,17:00,50,남대문,한화 본사 앞,장교동,0,0
2023-09-14,19:00,20:30,100,중부,신당역 10出 앞,신당동,0,0
2023-09-14,14:00,16:00,500,혜화,마로니에공원 內,동숭동,0,0
2023-09-14,14:00,15:00,200,종로,교보빌딩 앞 인도 및 1개차로,세종대로,0,1
2023-09-14,08:30,10:00,100,동작,건영섬유 앞 인도 → 경문고교차로,사당동,1,1
2023-09-14,11:00,13:30,150,금천,신영와코루 본사 ⇄ 가산디지털단지역,가산동,0,0
2023-09-14,18:30,20:00,100,영등포,영등포역 광장 內,영등포동,0,0
2023-09-14,10:00,13:00,200,서부,은평구청 정문 양측 인도,녹번동,0,0
2023-09-14,10:00,11:00,500,구로,평강성서유물박물관 앞 이면도로,오류동,0,0
2023-09-14,10:00,11:00,100,구로,평강제일교회 정문 앞 이면도로,오류동,0,0
2023-09-14,17:00,18:30,120,서대문,경찰청 정문 좌측 인도,미근동,0,0
2023-09-15,14:00,16:00,200,영등포,국민은행 서관 앞 보조도로 및 인도,여의도동,0,0
2023-09-15,17:00,18:30,120,서대문,경찰청 정문 좌측 인도,미근동,0,0
2023-09-15,07:00,19:00,100,구로,평강제일교회 정문 앞 이면도로,오류동,0,0
2023-09-16,14:00,15:00,15000,용산,남영삼거리∼전쟁기념관 북문,남영동,0,0
2023-09-16,14:00,15:00,15000,용산,아모레퍼시픽 앞,한강로2가,0,0
2023-09-16,14:00,15:00,15000,용산,국립중앙박물관 서문 맞은편,이촌동,0,0
2023-09-16,14:00,16:00,10000,용산,전쟁기념관 북문 앞 3개차로,용산동,0,1
2023-09-16,13:00,15:00,100,수서,도곡역 4出 인도 및 1개차로⇄매봉터널사거리,도곡동,0,1
2023-09-16,12:00,15:00,300,수서,도곡역 3出 인도 ⇄ 매봉터널사거리,도곡동,0,0
2023-09-16,15:00,17:00,1000,종로|남대문,소녀상 → 숭례문,수송동 등,1,0
2023-09-16,17:00,19:00,5000,종로|남대문,숭례문∼태평교차로 진방 全차로 → 광화문KT 건너편,세종대로 등,1,1
2023-09-16,16:00,18:00,8000,종로,세종로교차로∼구세군교차로 2개차로,새문안로,0,1
2023-09-16,15:00,15:40,8000,용산,남영삼거리∼전쟁기념관 북문 편도 3~4개차로,용산동,0,1
2023-09-16,15:40,16:30,8000,남대문|용산,남영삼거리∼전쟁기념관 북문 편도 3~4개차로,용산동 등,1,1
2023-09-16,16:30,17:00,1000,종로|서대문,서울역 → 세종로교차로,세종대로 등,1,1
2023-09-16,14:00,17:00,1000,종로|남대문,대한문 ⇄ 보신각,세종대로 등,0,0
2023-09-16,14:00,17:00,1000,종로|남대문,서울시의회 ⇄ 보신각,세종대로 등,0,0
2023-09-16,14:00,15:00,50,용산,전쟁기념관 앞 인도,용산동,0,0
2023-09-16,14:00,16:30,20000,영등포,의사당대로 양방 全차로(1개차로 제외),여의도동,0,1
2023-09-16,14:00,17:00,10000,종로,동화면세점 앞 인도,세종대로,0,0
2023-09-16,14:00,20:00,50,혜화,혜화역 4出 앞 인도,동숭동,0,0
2023-09-16,07:00,19:00,100,구로,평강제일교회 정문 앞 이면도로,오류동,0,0
2023-09-17,14:00,17:00,1000,남대문|중부,남산예장공원 → 전쟁기념관 북문,주자동 등,1,0
2023-09-17,15:00,18:00,500,종로|용산,교보빌딩 앞 1개차로,세종대로,0,1
2023-09-17,13:00,16:30,1000,종로,보신각 앞 인도 및 1개차로 ⟶ GS건설 본사,관철동,0,1
2023-09-17,16:00,18:00,500,남대문,예금보험공사 앞 인도 및 1개차로,다동,0,1
2023-09-17,08:00,09:00,500,구로,평강성서유물박물관 앞 이면도로,오류동,0,0
2023-09-17,08:00,09:00,100,구로,평강제일교회 정문 앞 이면도로,오류동,0,0
2023-09-18,14:00,15:00,100,종로,콘코디언 빌딩 앞,신문로1가,0,0
2023-09-18,17:30,18:30,3000,영등포,의사당대로 일대,여의도동,0,0
2023-09-18,19:30,20:00,5000,영등포,국민은행서관 앞,여의도동,0,0
2023-09-18,10:00,11:00,500,구로,평강성서유물박물관 앞 이면도로,오류동,0,0
2023-09-18,10:00,11:00,100,구로,평강제일교회 정문 앞 이면도로,오류동,0,0
2023-09-19,08:00,18:30,100,영등포,국회 일대,여의도,0,0
2023-09-19,14:00,17:00,500,영등포,국민은행 서관→경총회관,여의도 등,1,0
2023-09-19,19:00,20:00,5000,영등포,국민은행 동‧서관 앞,여의도,0,0
2023-09-19,11:00,13:00,300,영등포,63빌딩 앞,여의도,0,0
2023-09-19,15:00,,200,양천,양천구청 정문 앞 별명 時,신정동,0,0
2023-09-19,14:00,15:00,300,남대문,시청동편 앞,태평로 1가,0,0
2023-09-19,17:00,20:00,100,영등포,대흥빌딩 앞,여의도,0,0
2023-09-19,11:00,16:00,150,강동,월드글로리아 앞,명일동,0,0
2023-09-19,11:00,12:00,50,강남|수서,강남 파이낸스센터 앞 인도,역삼동,0,0
2023-09-19,12:00,17:00,300,종로,보신각 앞 인도 ⇄시청,관철동,0,0
2023-09-19,11:00,16:00,200,강동,명성교회 월드글로리아 등 4개소,명일동,0,0
2023-09-19,11:00,13:00,100,영등포,영등포구청 정문 앞 인도,당산동,0,0
2023-09-20,08:00,12:30,100,영등포,국회 및 의사당대로 일대,여의도,0,0
2023-09-20,14:00,16:00,2000,영등포,산업은행 측면 ⇄ 복음로,여의도,0,0
2023-09-20,12:00,13:00,300,남대문,한화본사 앞,장교동,0,0
2023-09-20,15:00,16:30,1000,용산,전쟁기념관 앞,용산동,0,0
2023-09-20,17:00,,1000,영등포,의사당역 5出 앞 翌11:00,여의도동,0,0
2023-09-20,18:30,21:00,100,성북,성신여대역 1∼2出 ⇄ 메가커피 성신여대점,돈암동,0,0
2023-09-20,12:00,14:00,1000,수서,포스코센터 앞,대치동,0,0
2023-09-20,17:00,23:59,100,영등포,태흥빌딩 앞,여의도동,0,0
2023-09-20,14:00,16:00,300,용산,전쟁기념관 앞 인도,용산동,0,0
2023-09-20,12:00,13:00,200,종로,국세청 북측 인도 및 1개차로,수송동,0,1
2023-09-20,13:00,16:30,3000,영등포,이름센터～더샾아일랜드 인도 및 3개 차로 ⟶ 여의도공원 1문,여의도동,0,1
2023-09-20,11:00,14:00,50,강동,강동구청 앞 인도,성내동,0,0
2023-09-20,10:00,14:00,50,종암,성북구장애인단체연합회 사무실 ⟶ 월곡역,하월곡동,0,0
2023-09-20,17:00,18:00,500,구로,평강성서유물박물관 앞 이면도로,오류동,0,0
2023-09-21,08:00,18:30,100,영등포,국회 ‧ 의사당대로 일대,여의도,0,0
2023-09-21,14:00,17:00,500,영등포|마포,국민은행 서관 → 한국경영자총협회,여의도 등,1,0
2023-09-21,19:00,20:00,500,영등포,국민은행 동‧서관 앞,여의도,0,0
2023-09-21,00:00,11:00,1000,영등포,의사당역 5出 앞,여의도,0,0
2023-09-21,12:20,12:50,1000,영등포,산업은행 후문 앞,여의도동,0,0
2023-09-21,16:00,17:20,199,서대문,세브란스병원 본관 앞,신촌동,0,0
2023-09-21,10:30,11:00,299,서초,대검찰청 정문 앞,서초동,0,0
2023-09-21,16:00,18:00,300,영등포,국민의힘 당사 앞,여의도동,0,0
2023-09-21,11:00,,4000,영등포,의사당역 2出 앞 3개차로,여의도동,0,1
2023-09-21,11:00,,300,영등포,의사당역 5出 앞 3개차로,여의도동,0,1
2023-09-21,14:00,16:00,500,혜화,마로니에공원 內,동숭동,0,0
2023-09-21,08:30,10:00,100,동작,건영섬유 앞 인도 → 경문고교차로,사당동,1,1
2023-09-21,11:00,14:00,150,금천,신영와코루 본사 ⇄ 가산디지털 단지역,가산동,0,0
2023-09-21,15:00,17:00,80,노원,하늘공원,상계동,0,0
2023-09-21,10:00,11:00,500,구로,평강성서유물박물관 앞 이면도로,오류동,0,0
2023-09-21,14:00,15:30,120,서초,SSI아트앤디자인학원 앞 인도 및 하위 1개차로,서초동,0,1
2023-09-22,08:00,18:30,100,영등포,국회 및 의사당대로 일대,여의도,0,0
2023-09-22,14:00,17:00,500,영등포|마포,국민은행 동·서관 → 경총회관,여의도 등,1,0
2023-09-22,19:00,20:00,500,영등포,국민은행 동·서관 앞,여의도,0,0
2023-09-22,13:00,16:00,100,영등포,한국거래소 앞 → 의사당역 2出,여의도,1,0
2023-09-22,15:30,19:00,300,영등포,한국노총 서울본부 → IFC TWO,여의도,1,0
2023-09-22,11:00,13:00,50,용산,전쟁기념관 앞,용산동,0,0
2023-09-22,12:00,13:30,300,남대문,도시건축 전시관 앞,정동,0,0
2023-09-22,16:00,18:00,300,수서,포스코센터 앞 인도,대치동,0,0
2023-09-22,00:00,,100,영등포,태흥빌딩 앞,여의도,0,0
2023-09-22,11:00,12:30,250,남대문,중앙우체국 앞,명동,0,0
2023-09-22,10:00,11:30,100,서초,SSI 아트앤 디자인 앞 인도 및 1개차로,서초동,0,1
2023-09-22,11:00,16:30,1000,종로,GS건설 본사 앞 인도 및 1개 차로,공평동,0,1
2023-09-22,17:00,18:30,120,서대문,경찰청 정문 좌측 인도,미근동,0,0
2023-09-23,13:00,14:00,1000,종로,적선교차로∼정부서울청사 북측,적선동,0,1
2023-09-23,12:00,14:00,10000,남대문,국민은행 남대문지점 앞,태평로1가,0,0
2023-09-23,14:00,17:00,3000,영등포,산업은행 측면 → 국민의힘,여의도동,1,0
2023-09-23,12:30,13:30,200,남대문,시청 동편 1개차로 → 시청역 7出,태평로1가,1,1
2023-09-23,15:00,21:00,10000,용산,전쟁기념관 북문 앞 3개차로,용산동,0,1
2023-09-23,13:30,15:00,500,용산,전쟁기념관 앞 인도,용산동,0,0
2023-09-23,17:30,18:30,300,남대문,舊삼성본관 앞,정동,0,0
2023-09-23,18:00,21:00,10000,남대문|용산,숭례문∼태평교차로 全차로 → 전쟁기념관 북문,세종대로 등,1,1
2023-09-23,17:00,18:30,1000,종로,시민열린마당 서측 2개차로,세종대로,0,1
2023-09-23,14:00,17:00,1000,종로|남대문,대한문 ⇄ 보신각,세종대로 등,0,0
2023-09-23,14:00,17:00,1000,종로|남대문,서울시의회 ⇄ 보신각,세종대로 등,0,0
2023-09-23,15:00,18:00,300,마포,월드컵북로 308 앞,상암동,0,0
2023-09-23,12:30,13:30,50,남대문,시청역 8出 앞,서소문동,0,0
2023-09-23,14:00,17:00,10000,종로|남대문,숭례문～태평교차로 진방 全차로 ⟶ ①전쟁,세종대로,0,1
2023-09-23,14:00,17:00,10000,종로|용산,동화면세점 앞 인도,세종대로,0,0
2023-09-23,13:30,15:00,500,용산,전쟁기념관 앞 인도,용산동,0,0
2023-09-23,15:30,16:30,50,남대문,서울중앙우체국 앞 인도,명동,0,0
2023-09-23,10:00,12:30,100,노원,공릉동 근린공원 ⇄ 삼육대,공릉동,0,0
2023-09-23,12:00,13:30,1000,남대문,서울역 4出 앞 2개차로 ⟶ 시청역 7出,세종대로,0,1
2023-09-23,13:30,14:30,100,종로|남대문,향린교회 ⟶ 서울광장 서편,도렴동,0,0
2023-09-24,15:00,17:40,600,노원,중계근린공원 → 육군사관학교 앞,중계동 등,1,0
2023-09-24,14:00,17:40,50,노원,화랑대 철도공원 입구 앞 인도,공릉동,0,0
2023-09-24,15:00,18:00,500,종로,교보빌딩 앞 1개차로,세종대로,0,1
2023-09-24,13:00,15:00,1000,종로,GS건설 본사 앞 인도 및 2개차로,공평동,0,1
2023-09-24,09:00,10:00,500,구로,평강성서유물박물관 앞 이면도로,오류동,0,0
2023-09-25,08:00,18:30,100,영등포,국회 및 의사당대로 일대,여의도,0,0
2023-09-25,14:00,17:00,500,영등포,국민은행 서관 → 한경협,여의도동,1,0
2023-09-25,19:00,20:00,500,영등포,국민은행 동·서관 앞,여의도,0,0
2023-09-25,10:30,14:00,100,서초,정곡빌딩 동관 앞,서초동,0,0
2023-09-25,18:00,19:30,1000,송파,서울동부구치소 앞,문정동,0,0
2023-09-25,12:00,12:30,60,성동,국민건강보험 성동지부 앞,마장동,0,0
2023-09-25,14:00,16:00,50,강동,강동구청 앞,성내동,0,0
2023-09-25,10:00,11:00,500,구로,평강성서유물박물관 앞 이면도로,오류동,0,0
2023-09-26,19:00,20:00,200,구로,구로구청 앞,구로동,0,0
2023-09-26,09:00,,1000,서초,정곡빌딩 남관 앞 인도 및 1차로,서초동,0,1
2023-09-26,09:00,,2000,서초,정곡빌딩 북관 앞∼법원삼거리∼서초역 인도 및 1차로,서초동,0,1
2023-09-26,09:00,,100,서초,정곡빌딩 서관 앞 인도 및 1차로,서초동,0,1
2023-09-27,10:00,11:00,100,남대문,서울역 앞,봉래동,0,0
2023-09-27,11:00,18:00,500,영등포,금감원 앞,여의도동,0,0
2023-09-27,12:00,13:00,200,종로,국세청 북측 인도 및 1개차로,수송동,0,1
2023-09-27,19:00,20:00,500,구로,평강성서유물 박물관 앞,오류동,0,0
2023-09-28,10:00,11:00,500,구로,평강성서유물박물관 앞 이면도로,오류동,0,0
2023-09-29,11:00,11:30,100,남대문,세종호텔 앞,명동,0,0
2023-09-30,14:00,17:00,1000,남대문,대한문 앞,세종대로,0,0
2023-10-01,15:00,18:00,500,종로,교보빌딩 앞 1개차로,세종대로,0,1
2023-10-01,09:00,10:00,500,구로,평강성서유물박물관 앞 이면도로,오류동,0,0
2023-10-02,10:00,11:00,500,구로,평강성서유물박물관 앞 이면도로,오류동,0,0
2023-10-03,14:00,17:00,2000,종로|남대문,대한문 ⇄ 한국은행,정동 등,0,0
2023-10-03,14:00,16:00,800,남대문,시의회 앞 인도 및 2개차로,정동,0,1
2023-10-03,15:50,20:30,300,종로|남대문,성균관대 정문 → 청계광장,혜화동 등,1,0
2023-10-03,14:00,17:00,10000,종로|혜화,동화면세점 앞 인도,세종대로,0,0
2023-10-03,11:00,13:00,1000,종로,시민열린마당 ⟶ 보신각,세종대로,0,0
2023-10-04,11:00,12:00,700,종로,교보빌딩 앞,세종대로,0,0
2023-10-04,14:00,15:00,300,용산,전쟁기념관 앞,용산동,0,0
2023-10-04,12:00,14:00,150,남대문,하나은행 본점 앞,을지로,0,0
2023-10-04,08:00,12:00,600,영등포,KB신관 앞,여의도동,0,0
2023-10-04,14:00,15:00,5000,영등포,국회의사당역 2出 앞,여의도동,0,0
2023-10-04,10:00,17:00,300,서초,대검찰청 앞,서초동,0,0
2023-10-04,12:00,13:00,200,종로,국세청 북측 인도 및 1개차로,수송동,0,1
2023-10-04,19:00,21:00,90,영등포,국민은행 서관 앞 인도 및 보조도로,여의도동,0,0
2023-10-04,19:00,20:00,500,구로,평강제일교회 정문 앞 이면도로,오류동,0,0
2023-10-05,11:00,13:00,100,서초,정곡빌딩 동관 앞,서초동,0,0
2023-10-05,15:00,17:00,300,수서,수서빌딩 앞,수서동,0,0
2023-10-05,12:20,12:50,500,영등포,산업은행 별관 앞,여의도동,0,0
2023-10-05,12:00,14:00,70,강서,강서구청 우측 골목길 도로,화곡동,0,0
2023-10-05,10:00,15:00,120,마포,마포농수산물시장 앞 인도,성산동,0,0
2023-10-05,10:00,11:00,500,구로,평강성서유물박물관 앞 이면도로,오류동,0,0
2023-10-05,17:00,18:30,150,서대문,경찰청 정문 좌측 인도,미근동,0,0
2023-10-06,11:00,13:00,500,용산,전쟁기념관 앞 인도,용산동,0,0
2023-10-06,10:00,12:00,120,마포,마포농수산물시장 앞 인도,성산동,0,0
2023-10-06,17:00,18:30,150,서대문,경찰청 정문 좌측 인도,미근동,0,0
2023-10-06,16:00,18:00,50,종로,교보빌딩 남측 인도 / 보신각 앞 인도,세종대로,0,0
2023-10-07,13:00,16:00,200,서초,고속터미널역 1出 → 신반포 8차 상가,반포동,1,0
2023-10-07,13:00,15:00,300,서대문,경찰청 좌측 인도,미근동,0,0
2023-10-07,14:00,18:00,120,종로,탑골공원 삼일문 앞,종로2가,0,0
2023-10-07,17:00,18:30,10000,용산,삼각지역 1出 앞 2개차로,용산동,0,1
2023-10-07,14:00,16:00,100,용산,나인원한남 앞,한남동,0,0
2023-10-07,18:00,21:00,10000,종로|남대문,태평교차로∼숭례문 진방 全차로 → 태평교차로,세종대로 등,1,1
2023-10-07,14:00,17:00,1000,종로|남대문,대한문 ⇄ 보신각,세종대로 등,0,0
2023-10-07,14:00,17:00,1000,종로|남대문,서울시의회 ⇄ 보신각,세종대로 등,0,0
2023-10-07,14:00,17:00,10000,종로,동화면세점 앞 인도,세종대로,0,0
2023-10-08,15:00,18:00,500,종로,교보빌딩 앞 1개차로,세종대로,0,1
2023-10-08,15:30,17:30,2000,남대문,예금보험공사 앞 인도 및 차로,다동,0,1
2023-10-08,08:00,10:00,500,구로,평강성서유물박물관 앞 이면도로,오류동,0,0
2023-10-09,13:00,17:00,20000,종로|남대문,동화면세점～대한문 진방 全차로 / 교보빌딩 앞 3개차로 ⟶ 개풍교차로,세종대로,0,1
2023-10-09,14:00,17:00,2000,영등포,산업은행 측면 全차로 ⟶ 민주당사,여의도동,0,1
2023-10-09,08:00,11:00,1000,남대문|용산,서울역광장 ⟶ 용산가족공원,봉래동,0,0
2023-10-09,10:00,11:00,500,구로,평강성서유물박물관 앞 이면도로,오류동,0,0
2023-10-10,09:00,12:00,80,남대문,서울시청 정문 앞 ⟶ 시청역 4出,태평로 1가,0,0
2023-10-10,14:20,15:30,150,혜화,마로니에공원 ⇄ 이화교차로,동숭동,0,1
2023-10-10,11:00,12:30,2000,영등포,이룸센터 앞,여의도동,0,0
2023-10-11,14:30,15:30,1200,종로|혜화,마로니에공원 → 종로3가역 10出,연건동 등,1,0
2023-10-11,19:00,20:00,100,영등포,한강성심병원 앞,여의도,0,0
2023-10-11,12:00,13:00,300,강남,센터필드 앞,역삼동,0,0
2023-10-11,06:00,07:00,1000,은평,대조1구역 건설현장 앞,대조동,0,0
2023-10-11,12:00,13:00,200,종로,서머셋팰리스 앞 인도 및 1개차로,수송동,0,1
2023-10-11,13:00,14:30,200,종로|남대문,파이낸스센터 ⇄ 종로1가,태평로1가 등,0,0
2023-10-11,19:00,20:00,500,구로,평강제일교회 앞 이면도로,오류동,0,0
2023-10-12,13:00,14:00,10000,남대문,舊삼성본관 건너편∼시청역 7出,태평로2가,0,0
2023-10-12,14:00,16:00,10000,남대문|중부,舊삼성본관 건너편∼시청역 7出 → 고용청,태평로2가,1,0
2023-10-12,12:20,12:50,500,종로|영등포,산업은행 별관 후문 앞,여의도동,0,0
2023-10-12,11:00,12:30,150,송파,산림조합중앙회 앞,삼전동,0,0
2023-10-12,18:00,20:00,100,송파,쿠팡 본사 앞,신천동,0,0
2023-10-12,16:30,18:00,50,중부,국가인권위원회 앞 인도,저동,0,0
2023-10-12,10:00,11:00,60,남대문,시청 정문 앞,태평로 1가,0,0
2023-10-12,08:30,10:00,100,동작,사당2동 68-2 건영섬유 건너편 → 경문고교차로,사당동,1,1
2023-10-12,11:00,13:30,100,금천,신영와코루 본사 앞 인도,가산동,0,0
2023-10-12,10:00,13:00,200,서초,한국컨퍼런스 센터 앞 인도,서초동,0,0
2023-10-12,16:30,18:00,150,서대문,경찰청 우측 인도,세종대로,0,0
2023-10-12,11:00,11:00,500,구로,평강성서유물 박물관 앞,오류동,0,0
2023-10-13,14:00,15:30,1200,혜화,좋은공연안내센터∼방통대 골목길,동숭동,0,0
2023-10-13,12:00,14:30,100,종로,정부서울청사 정문 앞,세종대로,0,0
2023-10-13,15:00,16:30,600,남대문,프레스센터 앞,태평로 1가,0,0
2023-10-13,19:30,21:00,200,양천,해성운수 앞,신월동,0,0
2023-10-13,13:00,16:30,150,양천,남부지검 건너편,신정동,0,0
2023-10-13,09:30,,100,서초,정곡빌딩 남관 앞 인도 및 1개 차로,서초동,0,1
2023-10-13,14:00,17:00,70,강동,힐스테이트리슈빌 강일 출입구 앞,강일동,0,0
2023-10-13,17:00,18:30,150,서대문,경찰청 우측 인도,미근동,0,0
2023-10-14,10:00,18:00,120,혜화,전태일 다리,종로5가,0,0
2023-10-14,15:00,16:00,80,종로,광화문KT → 소녀상,세종대로 등,1,0
2023-10-14,17:00,18:30,10000,용산,삼각지역 1出 앞 2개차로,용산동,0,1
2023-10-14,16:00,20:00,1000,용산,나인원한남 앞 인도 → 전쟁기념관 앞,한남동 등,1,0
2023-10-14,18:00,21:30,10000,종로|남대문|혜화,舊삼성본관∼태평교차로 진방 全차로 → DDP,세종대로 등,1,1
2023-10-14,13:00,17:30,5000,남대문|중부|용산,서울역 광장 → 전쟁기념관 북문,봉래동 등,1,0
2023-10-14,14:00,17:00,2000,종로|남대문,대한문 ⇄ 보신각,세종대로 등,0,0
2023-10-14,14:00,17:00,2000,종로|남대문,서울시의회 ⇄ 보신각,세종대로 등,0,0
2023-10-14,14:00,16:00,20000,영등포,의사당대로 양방 6차로 및 은행로 편도 2차로,여의도,0,1
2023-10-14,13:00,16:00,10000,종로,동화면세점 앞 인도,세종대로,0,0
2023-10-14,12:00,16:30,600,종로,보신각 ⇄ 재동교차로,관철동,0,1
2023-10-14,10:00,13:00,300,종로,광화문역 5出 ⇄ 안국교차로,세종대로,0,1
2023-10-15,11:00,16:30,500,노원,등나무문화공원,중계동,0,0
2023-10-15,11:00,16:00,300,서대문,독립문 앞 인도,현저동,0,0
2023-10-15,14:00,16:00,200,용산,이태원광장 → 이태원역 2出 앞 1개차로,이태원동 등,1,1
2023-10-15,13:00,15:00,80,종로,교보빌딩 앞 인도 및 1개차로,세종대로,0,1
2023-10-15,13:30,16:00,100,영등포,국민은행 서관 앞 ⇄ 국민의힘 당사,여의도동,0,0
2023-10-15,11:00,17:00,100,성동,옥수리버젠@상가 앞 인도,옥수동,0,0
2023-10-15,14:00,16:00,200,양천,목동본힐빌딩 ⟶ 정목어린이공원 앞,목동,0,0
2023-10-15,14:00,16:30,20000,영등포,마포대교남단～서울교 편도 全차로,여의도동,0,1
2023-10-15,08:00,10:00,500,구로,평강성서유물박물관 앞 이면도로,오류동,0,0
2023-10-15,12:00,14:00,100,남대문,한양교회 앞 ⇄명동역 2出,남산동,0,0
2023-10-15,14:30,18:30,50,남대문,대한문 앞 인도,정동,0,0
2023-10-16,17:00,21:00,1000,남대문,신한은행 본점 앞,서소문동,0,0
2023-10-16,17:00,21:00,3000,남대문,舊삼성본관 앞,서소문동,0,0
2023-10-16,11:00,13:00,300,용산,전쟁기념관 앞 인도,용산동,0,0
2023-10-16,11:00,12:00,100,영등포,국회 앞 인도,여의도동,0,0
2023-10-16,10:00,14:00,100,남대문,시청 동편 인도,태평로,0,0
2023-10-16,19:30,21:30,10000,남대문,숭례문 ∼ 시청역 7出 3개 차로,북창동,0,1
2023-10-16,10:00,11:00,500,구로,평강성서유물박물관 앞 이면도로,오류동,0,0
2023-10-17,19:00,20:00,100,영등포,한강성심병원 앞,여의도,0,0
2023-10-17,08:30,11:30,100,영등포,국회 앞,여의도,0,0
2023-10-17,11:00,12:00,200,종로,동화면세점 앞 인도,세종대로,0,0
2023-10-17,07:00,20:00,200,강남,허바허바빌딩 앞,역삼동,0,0
2023-10-18,11:00,13:00,300,영등포,국민의힘 당사 앞,여의도,0,0
2023-10-18,11:00,13:00,500,용산,전쟁기념관 앞 인도,용산동,0,0
2023-10-18,12:00,13:00,200,종로,테라로사 건너편 인도 및 1개차로,수송동,0,1
2023-10-18,12:00,13:00,100,종로,동화면세점 앞 인도,세종대로,0,0
2023-10-18,10:00,10:30,200,강동,강동구청 앞 인도,성내동,0,0
2023-10-18,19:00,20:00,500,구로,평강제일교회 앞 이면도로,오류동,0,0
2023-10-19,10:30,12:00,2500,남대문,대한문 앞,정동,0,0
2023-10-19,14:00,16:00,1300,용산,유플러스 본사 앞,한강로3가,0,0
2023-10-19,16:00,18:30,200,관악,중앙선관위 관악청사 입구 앞 인도,남현동,0,0
2023-10-19,14:00,18:00,600,종로|중부,청계광장 ⇄ 을지로2가,태평로,0,0
2023-10-19,11:00,11:00,500,남대문|구로,평강성서유물박물관 앞,오류동,0,0
2023-10-20,13:00,17:30,100,영등포|양천,해성운수 앞 → 서울남부고용노동지청,신월동 등,1,0
2023-10-20,14:00,16:30,500,강남,데코야빌딩 → 전문건설회관,논현동,1,0
2023-10-20,09:00,15:00,1000,용산,남영역 청년주택 앞,갈월동,0,0
2023-10-20,13:30,14:00,600,용산,이슬람사원 → 이태원역 2出,이태원동 등,1,0
2023-10-20,14:00,16:00,600,용산,이태원역 2出 → 전쟁기념관 북문,이태원동 등,1,0
2023-10-20,14:30,15:30,50,중부,남산스퀘어빌딩 앞,충무로3가,0,0
2023-10-21,14:00,16:00,3000,영등포,산업은행 측면,여의도,0,0
2023-10-21,14:30,17:00,10000,용산,삼각지역 1出 앞 3개차로,용산동,0,1
2023-10-21,16:00,20:00,1000,용산,나인원한남 앞 인도 → 전쟁기념관 앞,한남동 등,1,0
2023-10-21,15:00,16:30,10000,종로|남대문|혜화,혜화역 2出 앞 3개 차로 → 태평교차로,세종대로 등,1,1
2023-10-21,16:30,20:30,10000,종로|남대문|중부,시청역 8出∼숭례문 진방 全차로 → 시청 서편,세종대로 등,1,1
2023-10-21,14:00,16:00,1000,종로|중부,시민열린마당 서측 2개차로 → 광화문KT,세종대로 등,1,1
2023-10-21,14:00,17:00,2000,종로|남대문,대한문 ⇄ 보신각,세종대로 등,0,0
2023-10-21,14:00,17:00,2000,종로|남대문,서울시의회 ⇄ 보신각,세종대로 등,0,0
2023-10-21,13:00,16:00,10000,종로,동화면세점 앞 인도,세종대로,0,0
2023-10-21,10:00,12:00,300,종로,일민미술관 앞 인도,세종대로,0,0
2023-10-21,13:00,16:00,80,중부,DDP 14出역 앞 인도,을지로6가,0,0
2023-10-22,15:00,18:00,500,종로,교보빌딩 앞 인도 및 1개차로,세종대로,0,1
2023-10-22,14:00,17:00,500,종로|남대문,파이낸스 빌딩 앞 ⇄ 종로2가,태평로,0,0
2023-10-22,14:00,16:00,200,양천,목동본힐빌딩 ⟶ 정목어린이공원 앞,목동,0,0
2023-10-22,10:00,11:00,500,구로,개웅산 정상,오류동,0,0
2023-10-22,07:30,10:30,100,구로,평강제일교회 정문 앞 이면도로,오류동,0,0
2023-10-22,12:00,14:00,100,남대문,한양교회 앞 ⇄ 명동역 2出,남산동,0,0
2023-10-23,10:00,11:00,300,남대문,시청 동편 앞,태평로1가,0,0
2023-10-23,13:00,15:00,1000,강남|수서,쿠팡CLS본사 → 강남역 12出,역삼동 등,1,0
2023-10-23,14:00,15:30,200,영등포,민주당사 앞,여의도,0,0
2023-10-23,10:00,11:00,500,구로,평강제일교회 정문앞 이면도로,오류동,0,0
2023-10-24,12:00,14:00,300,용산,전쟁기념관 앞,용산동,0,0
2023-10-24,19:00,20:00,300,영등포|수서,야놀자 본사 앞 15;00~17:00  한강성심병원 앞,대치동 여의도,0,0
2023-10-24,14:00,15:00,200,영등포,LG트윈타워 앞,여의도,0,0
2023-10-24,12:20,12:50,200,영등포,이레빌딩 신관 앞,여의도,0,0
2023-10-24,12:30,14:00,100,수서,포스코센터 앞,대치동,0,0
2023-10-24,13:00,14:00,100,영등포,국회 앞 인도,여의도동,0,0
2023-10-25,11:00,12:00,50,중부,파인에비뉴B동 앞,을지로 2가,0,0
2023-10-25,12:00,13:00,200,종로,서머셋팰리스 앞 인도 및 1개차로,수송동,0,1
2023-10-25,17:00,20:00,50,중랑,사가정역 광장 앞 인도,면목동,0,0
2023-10-25,17:00,21:00,50,노원,롯데백화점 노원점 앞,상계동,0,0
2023-10-25,18:00,20:00,100,서대문,신촌 유플렉스 앞⇄ 신촌역 3出,창천동,0,0
2023-10-25,11:30,13:30,1000,강남,지식재산센터빌딩 앞 인도 및 2개차로,역삼동,0,1
2023-10-25,19:00,20:00,500,구로,평강제일교회 앞 이면도로,오류동,0,0
2023-10-26,17:30,19:00,1000,종로,서울시교육청 앞,신문로 2가,0,0
2023-10-26,16:00,17:00,299,서대문,세브란스병원 본관 앞,신촌동,0,0
2023-10-26,12:20,12:50,500,영등포,국힘당사 앞,여의도동,0,0
2023-10-26,19:00,20:00,100,영등포,한강성심병원 앞,여의도동,0,0
2023-10-26,08:00,18:00,299,영등포,BNK금융타워 앞,여의도동,0,0
2023-10-26,10:30,13:00,100,마포,KT스카이라이프 본사 앞,상암동,0,0
2023-10-26,14:00,15:00,150,서초,HCN 앞,서초동,0,0
2023-10-26,16:00,18:00,99,종로,청와대 분수대광장,효자동,0,0
2023-10-26,06:30,10:00,100,동작,사당2동 건영섬유 건너편 인도 → 경문고R,사당동,1,0
2023-10-26,11:00,13:30,100,금천,신영와코루 본사 앞,가산동,0,0
2023-10-26,10:00,11:00,500,구로,평강성서유물박물관 앞,오류동,0,0
2023-10-27,09:00,11:00,100,영등포,국회 앞,여의도동,0,0
2023-10-27,06:30,07:30,600,동대문,이문1구역 공사현장 4게이트 앞,이문동,0,0
2023-10-27,12:00,14:00,70,마포,DMC타워 앞,상암동,0,0
2023-10-27,13:30,15:30,600,용산,이슬람사원 → 숙대입구역 4出,한남동 등,1,0
2023-10-27,09:00,21:00,70,서초,정곡빌딩 남관 앞 인도,서초동,0,0
2023-10-27,16:00,18:00,100,용산,전쟁기념관 앞 인도,용산동,0,0
2023-10-27,13:00,17:00,5000,남대문,도시건축전시관 앞,정동,0,0
2023-10-28,14:00,17:00,70,남대문|용산,서울역광장 → 전쟁기념관 앞,용산동1가 등,1,0
2023-10-28,14:00,17:00,1000,용산,KDB생명타워 앞 → 전쟁기념관 앞,봉래동 등,1,0
2023-10-28,16:30,18:00,10000,용산,삼각지역 1出 앞 2개차로,용산동,0,1
2023-10-28,15:00,17:00,1000,용산,SK한남주유소 앞 인도,한남동,0,0
2023-10-28,18:00,20:30,10000,종로|남대문,舊삼성본관∼태평교차로 진방 全차로 → 태평교차로,세종대로 등,1,1
2023-10-28,13:00,17:30,5000,종로|남대문,서울역광장 → 종로3가역,동자동 등,1,0
2023-10-28,14:00,16:30,600,종로|남대문,SK서린빌딩 남측 ⇄ 세종교차로,서린동,0,1
2023-10-28,18:00,19:30,600,남대문,시청 서편 분향소 앞,세종대로,0,0
2023-10-28,14:00,17:00,2000,종로|남대문,대한문⇄ 보신각,세종대로 등,0,0
2023-10-28,14:00,17:00,2000,종로|남대문,서울시의회 ⇄ 보신각,세종대로 등,0,0
2023-10-28,14:00,16:00,20000,영등포,의사당대로 양방 6개차로 및 공원로 편도 2개차로,여의도동,0,1
2023-10-28,13:00,16:00,10000,종로,동화면세점 앞 인도,세종대로,0,0
2023-10-28,11:00,14:00,2000,종로|남대문,정부서울청사 북측 3개 차로 ⇄ 을지로1가,세종대로,0,1
2023-10-28,13:00,16:00,200,남대문,도시건축박물관 앞 인도,정동,0,0
2023-10-28,14:00,17:00,100,종로|남대문,덕수궁돌담길 ⟶ 소녀상,정동,0,0
2023-10-28,14:00,15:00,300,종로,보신각 앞 인도,관철동,0,0
2023-10-28,10:00,12:00,300,종로,광화문역 5出 앞,세종대로,0,0
2023-10-29,13:59,15:00,300,남대문,/ 이태원역 1出 진방 全차로 → 서울광장,,1,1
2023-10-29,15:00,19:00,0,용산,,이태원동 등,0,1
2023-10-29,15:00,18:00,500,종로,,세종대로,0,0
2023-10-29,13:00,15:00,300,종로,보신각 앞 인도 ⟶ 송현공원,관철동,0,0
2023-10-29,13:00,16:00,400,영등포,의사당역 2出 앞 2개 차로 ⇄ 국민의힘 당사,여의도동,0,1
2023-10-29,09:00,11:00,500,구로,평강제일교회 정문 앞 도로,오류동,0,0
2023-10-29,12:00,14:00,100,남대문,한양교회 앞 ⇄ 명동역 2出,남산동,0,0
2023-10-30,10:30,13:00,200,남대문,시청 동편 인도,태평로1가,0,0
2023-10-30,12:30,14:00,50,남대문,서울중앙우체국 앞 인도 ⇄ 성모교차로,명동,0,1
2023-10-30,10:00,11:00,200,구로,개움산 정상,오류동,0,0
2023-10-31,14:00,15:30,1000,영등포,산업은행 측면 → 더불어민주당사,여의도,1,0
2023-10-31,11:00,12:00,200,남대문,시청 동편 ⇄ 시청 후문,태평로1가,0,0
2023-10-31,14:00,16:00,500,영등포,국민의힘 당사 앞,여의도,0,0
2023-10-31,14:00,16:00,200,종로,동화면세점 앞 인도,세종대로,0,0
2023-11-01,17:00,19:00,100,서초,대법원 동문 앞,서초동,0,0
2023-11-01,10:30,11:30,300,남대문,시청동편∼무교교차로,태평로1가,0,1
2023-11-01,13:00,14:30,150,남대문,도시건축전시관 앞,정동,0,0
2023-11-01,07:00,18:00,500,서초,KCC본사 앞,서초동,0,0
2023-11-01,12:00,13:00,200,종로,서머셋팰리스 앞 인도 및 1개차로,수송동,0,1
2023-11-01,12:30,14:00,500,종로,광화문역 5出 → SK서린빌딩 남측,세종대로,1,0
2023-11-01,11:30,13:00,50,용산,삼각지역 7·8·9·10·11·12·13·14出 8개소 → 전쟁기념관 앞,용산동 등,1,0
2023-11-01,16:00,17:00,300,용산,전쟁기념관 앞 인도,용산동,0,0
2023-11-01,18:00,20:00,500,구로,평강제일교회 앞 삼거리 우측 인도,오류동,0,0
2023-11-02,14:00,17:00,1000,종로|남대문,시청 동편 ⇄ 종로1가,태평로1가 등,0,0
2023-11-02,17:50,18:50,300,종로|중부,서울시교육청 앞,신문로2가,0,0
2023-11-02,13:00,15:00,300,영등포,국민은행 서관 → 국민의힘 당사,여의도,1,0
2023-11-02,11:30,13:00,100,영등포,① 국회 ② 국민의힘당사,여의도,0,0
2023-11-02,08:00,18:00,50,강서,SM그룹 앞,마곡동,0,0
2023-11-02,07:00,18:00,500,서초,KCC본사 앞,서초동,0,0
2023-11-02,10:00,12:00,300,종로,서울시교육청 정문 앞,신문로2가,0,0
2023-11-02,14:00,15:00,100,영등포,국회 정문 앞,여의도동,0,0
2023-11-02,09:30,11:00,500,구로,평강제일교회 앞 삼거리 우측 인도,오류동,0,0
2023-11-03,07:00,13:00,500,서초,KCC본사 앞,서초동,0,0
2023-11-03,16:00,17:00,300,용산,전쟁기념관 앞 인도,용산동,0,0
2023-11-04,15:00,16:30,80,종로,광화문KT 앞 → 소녀상,세종대로 등,1,0
2023-11-04,16:30,18:00,10000,용산,삼각지역 1出 앞 2개차로,용산동,0,1
2023-11-04,15:00,18:00,1000,용산,SK한남주유소 앞 → 이태원광장,한남동 등,1,0
2023-11-04,17:00,19:30,10000,종로|남대문,舊삼성본관∼태평교차로 진방 全차로 → 서머셋 북측 건너편,세종대로 등,1,1
2023-11-04,15:00,17:30,600,종로|남대문,SK서린빌딩 남측 → SK서린빌딩 남측,서린동,1,0
2023-11-04,14:00,17:00,2000,종로|남대문,대한문 ⇄ 보신각,세종대로 등,0,0
2023-11-04,14:00,17:00,2000,종로|남대문,서울시의회 ⇄ 보신각,세종대로 등,0,0
2023-11-04,13:00,14:00,100,종로,세종문화회관 앞 중앙계단,세종대로,0,0
2023-11-04,13:00,14:30,500,종로|남대문,시청 동편 ⇄ 보신각,태평로1가 등,0,0
2023-11-04,14:30,16:30,1000,남대문,시청 동편 → 서울역 광장,태평로1가 등,1,0
2023-11-04,13:00,16:00,10000,종로,동화면세점 앞 인도,세종대로,0,0
2023-11-04,13:00,16:00,500,종로|남대문,효령빌딩 앞 인도 및 1개차로 ⇄ 을지로1가,다동,0,1
2023-11-04,11:00,16:30,500,종로,고궁박물관 남측 인도,세종로,0,0
2023-11-04,10:00,12:00,300,종로,광화문역 5出 앞,세종대로,0,0
2023-11-05,08:20,15:30,200,용산|방배,/ 인덕원역 → 용산우체국 앞 인도,,1,0
2023-11-05,15:30,16:00,0,동작,,한강로2가 등,0,1
2023-11-05,15:00,18:00,500,종로,,세종대로,0,0
2023-11-05,10:00,11:00,200,구로,개웅산 정산 둘레길,오류동,0,0
2023-11-05,12:00,14:00,100,남대문,한양교회 앞 ⇄ 명동역 2出,남산동,0,0
2023-11-06,09:30,11:00,500,구로,평강제일교회 앞 삼거리 우측 인도,오류동,0,0
2023-11-07,11:00,12:30,50,중부,신당역 10出 앞,흥인동,0,0
2023-11-07,14:00,16:00,300,용산,청룡빌딩 앞,갈월동,0,0
2023-11-07,19:00,20:00,100,영등포,남부고용지청 앞,양평동,0,0
2023-11-07,14:00,16:00,5000,영등포,국회의사당역 3出 → 민주당사 앞,여의도,1,0
2023-11-08,14:00,16:00,5000,종로|남대문|서대문,숭례문R∼삼성본관 全차로 → ①GS건설 ②현대건설,태평로1가,1,1
2023-11-08,08:00,09:30,1000,광진,한강호텔 재건축 현장 앞,광장동,0,0
2023-11-08,08:00,09:00,1000,영등포,GS건설 현장 앞,양평동,0,0
2023-11-08,11:00,12:00,1000,방배,반포1단지 삼성 건설 현장 앞,반포동,0,0
2023-11-08,16:00,16:30,1000,서대문,디타워 앞,평동,0,0
2023-11-08,11:00,13:00,100,남대문,시청 동편,태평로1가,0,0
2023-11-08,11:00,12:00,100,영등포,금감원 앞,여의도동,0,0
2023-11-08,13:00,14:00,100,영등포,신한투자증권 앞,여의도동,0,0
2023-11-08,14:00,15:00,500,영등포,의사당역 2出 앞,여의도동,0,0
2023-11-08,14:00,17:00,500,서초,KCC본사 앞,서초동,0,0
2023-11-08,18:30,19:30,200,서부,은평너른마당 ⇄ 신응교,역촌동 등,0,0
2023-11-08,12:00,13:00,200,종로,테라로사 건너편 인도 및 1개차로,수송동,0,1
2023-11-08,12:00,13:00,100,종로,동화면세점 앞 인도,세종대로,0,0
2023-11-08,18:00,21:00,300,종암,동덕여자대학교內 대운동장,하월곡동,0,0
2023-11-08,16:00,17:00,300,용산,전쟁기념관 앞 인도,용산동,0,0
2023-11-08,18:00,20:00,500,구로,평강제일교회 앞 삼거리 우측 인도,오류동,0,0
2023-11-09,10:30,12:00,7000,남대문,동화면세점∼대한문,정동,0,0
2023-11-09,14:00,16:00,7000,종로|남대문,동화면세점∼대한문 → 정부서울청사,정동,1,0
2023-11-09,12:20,12:50,500,영등포,국민의 힘 앞,여의도동,0,0
2023-11-09,09:00,14:00,100,영등포,국회 앞,여의도,0,0
2023-11-09,16:00,17:30,50,중부,국가인권위원회 앞,저동,0,0
2023-11-09,11:30,13:00,1000,용산,삼각지파출소∼전쟁기념관 북문 2개차로,용산동,0,1
2023-11-09,09:30,11:00,500,구로,평강제일교회 앞 삼거리 우측 인도,오류동,0,0
2023-11-10,16:30,,300,남대문|중부,서울고용청 → 돈의문 D타워 익08:30,장교동 등,1,0
2023-11-10,10:00,16:30,200,종로|용산|영등포|마포|서대문,전쟁기념관 → 교보빌딩,용산동 등,1,0
2023-11-10,13:30,15:00,500,종로|중부|용산|혜화,이슬람사원 → 이태원역 2出 앞 1개차로,이태원동,1,1
2023-11-10,15:00,16:00,500,용산,이태원역 2出 앞 1개차로 → 한남오거리 폐주유소,이태원동 등,1,1
2023-11-10,14:00,16:00,200,남대문,시청동편 인도 및 1개차로 ⟶ 서소문 별관,태평로,0,1
2023-11-10,16:00,17:00,300,용산,전쟁기념관 앞 인도,용산동,0,0
2023-11-11,13:00,14:30,60000,영등포,여의도공원 앞 편도 전차로,여의대로,0,1
2023-11-11,14:00,15:30,35000,서대문,서대문교차로∼독립문,평동,0,1
2023-11-11,13:00,13:40,12000,서대문,충정로역 → 독립문,평동,1,0
2023-11-11,13:00,13:40,8000,서대문,독립문공원 → 서대문교차로,미근동,1,1
2023-11-11,12:30,14:00,35000,서대문,서대문교차로∼독립문,평동,0,1
2023-11-11,13:00,13:40,3000,남대문|서대문,경찰청 앞,미근동,0,0
2023-11-11,12:40,14:00,4000,용산,서울역 → 서대문교차로,평동 등,1,1
2023-11-11,12:00,13:00,500,종로,정부서울청사 →서대문교차로,평동 등,1,1
2023-11-11,12:00,14:00,300,종로,시교육청 → 독립문,평동 등,1,0
2023-11-11,13:00,13:40,300,종로|남대문,보신각 앞,세종로,0,0
2023-11-11,12:40,14:00,500,서대문,시청 동편 →서대문교차로,평동 등,1,1
2023-11-11,12:30,14:00,300,남대문,고용노동청 → 서대문교차로,평동 등,1,1
2023-11-11,12:30,14:00,500,용산,서울역 → 서대문교차로,평동 등,1,1
2023-11-11,13:00,13:40,300,남대문,시청 서소문별관 앞,정동,0,0
2023-11-11,13:00,13:30,300,서대문,골든브릿지빌딩 앞,충정로,0,0
2023-11-11,16:00,18:00,20000,중부,서대문교차로 → 고용노동청,평동,1,1
2023-11-11,16:30,18:00,10000,남대문|용산,삼각지역 11出 앞 3개차로,용산동,1,1
2023-11-11,14:00,15:30,3000,서대문,,태평로1가 등,0,0
2023-11-11,15:30,18:00,20000,남대문|중부|용산|서대문,서대문R∼독립문R 편도 全차로 → ①전쟁기 용산/남대문,통일로 등,1,1
2023-11-11,15:30,16:00,10000,서대문,경찰청 정문 우측∼서대문역 7出 편도 全차로,미근동,0,1
2023-11-11,17:00,20:00,10000,종로|남대문,숭례문∼태평교차로 진방 全차로 → 광장시장,세종대로 등,1,1
2023-11-11,13:00,16:00,15000,종로|혜화,동화면세점∼시의회 앞 편도 전 차로,세종대로,0,1
2023-11-11,13:00,14:00,350,남대문,농협중앙회 앞 이면도로,충정로1가,0,0
2023-11-11,14:00,15:30,1500,서대문,경찰청 정문 우측∼서대문역 7出 앞 인도 및 3개차로,미근동,0,1
2023-11-11,13:00,15:30,7000,종로|서대문,서울역사박물관∼정동교차로 편도 3개차로 → 경찰청,새문안로,1,1
2023-11-12,15:00,18:00,500,종로,교보빌딩 앞 인도 및 1개차로,세종대로,0,1
2023-11-12,10:00,11:00,200,구로,개웅산 정산 둘레길,오류동,0,0
2023-11-13,17:00,18:00,200,영등포,민주당사 앞,여의도,0,0
2023-11-13,08:30,14:00,100,용산,전쟁기념관 앞 인도,용산동,0,0
2023-11-13,09:30,11:00,500,구로,평강제일교회 앞 삼거리 우측 인도,오류동,0,0
2023-11-14,15:00,17:00,1500,용산,서울역 12出 → 전쟁기념관 북문,한강대로 등,1,0
2023-11-14,13:00,13:40,300,종로,광화문KT신관 서측 앞,세종대로,0,0
2023-11-14,19:00,,100,마포,DDMC 앞 翌09:00,상암동,0,0
2023-11-14,14:00,,5500,종로,동화면세점 앞 종료시,세종대로,0,0
2023-11-14,13:00,17:00,300,서초,호반파크 2관 북측 인도 및 1개 차로,우면동,0,1
2023-11-14,15:30,16:30,150,영등포,국민은행 서관 앞,여의도,0,0
2023-11-14,13:00,14:00,100,영등포,/ 민주당사 앞 / 국민의힘 앞,,0,0
2023-11-14,14:00,15:00,0,종로,,여의도동,0,0
2023-11-14,15:00,17:00,60,남대문,,태평로1가,0,0
2023-11-15,14:00,,5500,종로,동화면세점 앞 종료시,세종대로,0,0
2023-11-15,10:00,17:00,100,영등포|마포,한강성심병원 → 선유도공원 검문소,양평동 등,1,0
2023-11-15,11:00,13:00,300,강남,세라젬 본사 앞,역삼동,0,0
2023-11-15,18:30,20:00,100,종로,D타워 앞,평동,0,0
2023-11-15,12:00,13:00,200,종로,테라로사 건너편 인도 및 1개차로,수송동,0,1
2023-11-15,16:00,17:00,300,용산,전쟁기념관 앞 인도,용산동,0,0
2023-11-15,18:30,20:00,500,구로,평강제일교회 삼거리 우측 ∼ 삼농요양병원 정문 앞,오류동,0,0
2023-11-16,17:00,,5500,종로,동화면세점 앞 종료시,세종대로,0,0
2023-11-16,10:00,17:00,100,마포|서대문,양화대교검문소 → 충정로역 6出,합정동 등,1,0
2023-11-16,10:00,17:00,400,용산,전쟁기념관 앞,,0,0
2023-11-16,12:20,12:50,500,영등포,국민의힘 앞,여의도동,0,0
2023-11-16,15:00,16:30,500,영등포,민주당사 앞,여의도,0,0
2023-11-16,09:30,11:00,500,구로,평강제일교회 정문 앞,오류동,0,0
2023-11-17,17:00,,5500,종로,동화면세점 앞 종료시,세종대로,0,0
2023-11-17,10:00,16:00,500,종로|서대문,충정로역 → 서울고용노동청,을지로2가 등,1,0
2023-11-17,16:00,17:00,500,남대문,서울고용노동청,장교동,0,0
2023-11-17,10:00,17:00,400,용산,전쟁기념관 앞,용산동 1가,0,0
2023-11-17,10:00,20:00,100,종로,보신각 앞 인도,관철동,0,0
2023-11-17,14:30,16:00,100,종로,외교부 후문 앞 인도,태평로,0,0
2023-11-18,17:30,19:30,180,남대문|중부,파이낸스 앞 → 동화면세점,태평로1가 등,1,0
2023-11-18,22:00,,5500,종로,동화면세점 앞 翌06:00,세종대로,0,0
2023-11-18,13:00,14:00,100,영등포,국회 앞,여의도,0,0
2023-11-18,15:00,17:00,500,영등포,국민은행 서관 앞 보조도로 및 인도,여의도동,0,0
2023-11-18,15:00,19:00,10000,영등포|마포,의사당역 5出 앞 3개차로 → 홍대입구역 4出,여의도동 등,1,1
2023-11-18,14:00,17:00,600,종로|남대문,효령빌딩 앞 ⇄ 을지로입구,서린동 등,0,0
2023-11-18,14:00,17:00,2000,종로|남대문,대한문 ⇄ 보신각,세종대로 등,0,0
2023-11-18,14:00,17:00,2000,종로|남대문,서울시의회 ⇄ 보신각,세종대로 등,0,0
2023-11-18,14:00,15:30,5000,영등포,여의대로(공원 환승센터∼10문) 4개차로,여의도동,0,1
2023-11-18,13:00,16:00,10000,종로,동화면세점 앞 인도,세종대로,0,0
2023-11-18,15:00,19:00,200,용산,이태원광장 ⇄ 전쟁기념관 서문,이태원동,0,0
2023-11-18,10:00,12:00,300,종로,광화문역 5出 앞,세종대로,0,0
2023-11-19,17:30,19:30,180,남대문|중부,파이낸스 앞 → 동화면세점,태평로1가 등,1,0
2023-11-19,22:00,,5500,종로,동화면세점 앞 翌06:00,세종대로,0,0
2023-11-19,15:00,18:00,500,종로,교보빌딩 앞 인도 및 1개차로,세종대로,0,1
2023-11-19,12:00,16:00,70,영등포,대림역 11出 ⇄ 다사랑어린이공원,대림동,0,0
2023-11-19,12:00,14:00,100,남대문,한양교회 앞 ⇄ 명동역 2出,남산동,0,0
2023-11-19,10:00,11:00,200,구로,개웅산 정산 둘레길,오류동,0,0
2023-11-20,14:00,17:00,4000,종로|남대문,동화면세점 앞 → 전쟁기념관 북문,세종로2가 등,1,0
2023-11-20,19:00,20:00,200,종로|용산,동화면세점 앞,세종대로,0,0
2023-11-20,15:00,16:00,400,용산,전쟁기념관 앞 10;00∼17:00  한진중공업 앞 1개차로,용산동 갈월동,0,1
2023-11-20,08:00,12:00,200,서부,은평구청 정문 ⇄ 구청 후문,녹번동,0,0
2023-11-20,10:00,11:00,500,구로,평강제일교회 앞 삼거리 우측 인도,오류동,0,0
2023-11-21,19:00,20:30,200,종로,동화면세점 앞,세종대로,0,0
2023-11-21,10:30,11:30,50,남대문,고용노동청 앞,장교동,0,0
2023-11-21,13:00,16:00,700,용산,푸르지오써밋 앞,한강로동,0,0
2023-11-21,12:15,13:00,400,영등포,산업은행 정문 앞,여의도동,0,0
2023-11-21,11:00,13:00,500,용산,전쟁기념관 앞 인도,용산동,0,0
2023-11-21,10:00,11:00,100,영등포|마포,광흥창역 6出 ⟶ 현대카드 앞,광흥창동,0,0
2023-11-21,08:00,12:00,200,서부,은평구청 정문 ⇄ 구청 후문,녹번동,0,0
2023-11-22,12:30,17:00,200,용산,①아모레퍼시픽 본사 앞 / ②KDB생명타워 앞,한강로2가,0,0
2023-11-22,19:00,20:00,200,종로,동화면세점 앞,세종대로,0,0
2023-11-22,10:30,12:30,6000,남대문,대한문 앞,정동,0,0
2023-11-22,12:00,13:00,200,종로,서머셋팰리스 좌측 인도 및 1개차로,수송동,0,1
2023-11-22,19:00,20:00,100,서대문,명지대학교 미래교육원 앞 인도,남가좌동,0,0
2023-11-22,15:00,18:00,70,서초,중앙지검 정문 앞 인도,서초동,0,0
2023-11-22,10:00,12:00,200,서부,은평구청 정문 ⇄ 구청 후문,녹번동,0,0
2023-11-22,19:00,20:00,500,구로,평강제일교회 앞 삼거리 우측 인도,오류동,0,0
2023-11-23,19:00,20:00,200,종로,동화면세점 앞,세종대로,0,0
2023-11-23,11:00,12:00,50,남대문,농협중앙회 앞,충정로1가,0,0
2023-11-23,16:00,17:20,199,서대문,세브란스병원 본관 앞,신촌동,0,0
2023-11-23,10:00,15:00,50,용산,서울지방보훈청 앞,한강로1가,0,0
2023-11-23,12:20,12:50,500,영등포,국민의힘 당사 앞,여의도동,0,0
2023-11-23,18:00,20:30,100,영등포,한강성심병원 앞,여의도동,0,0
2023-11-23,14:00,15:00,100,영등포,국회 앞,여의도동,0,0
2023-11-23,18:30,19:30,100,용산,전쟁기념관 앞 인도,용산동,0,0
2023-11-23,15:00,17:00,2000,종로,동화면세점 앞 인도,세종대로,0,0
2023-11-23,18:00,20:00,50,동작,이수역 13出 앞 인도,사당동,0,0
2023-11-23,10:00,12:00,200,서부,은평구청 정문 ⇄ 구청 후문,녹번동,0,0
2023-11-23,10:00,11:00,500,구로,평강제일교회 앞 삼거리 우측 인도,오류동,0,0
2023-11-24,19:00,20:00,200,종로,동화면세점 앞,세종대로,0,0
2023-11-24,10:00,11:30,500,남대문|중부,고용노동청 앞,장교동,0,0
2023-11-24,11:00,13:00,70,남대문,시청 동편,태평로1가,0,0
2023-11-24,11:00,,300,강남,세라젬 본사 앞,역삼동,0,0
2023-11-24,10:00,14:00,100,서초|방배,엠엠모터스 → SH공사,방배동 등,1,0
2023-11-24,12:00,14:00,100,수서,SH공사 앞,개포동,0,0
2023-11-24,14:00,16:00,100,서초,대검찰청 정문 앞 인도 및 1개차로,서초동,0,1
2023-11-24,09:00,10:00,100,동작,건영섬유 건너편 인도 → 경문고교차로,사당동,1,1
2023-11-24,11:00,13:30,100,금천,신영와코루 본사 앞 인도,가산동,0,0
2023-11-24,10:00,12:00,200,서부,은평구청 정문 ⇄ 구청 후문,녹번동,0,0
2023-11-25,15:00,17:00,1000,남대문|용산,파이낸스빌딩 앞,태평로1가,0,0
2023-11-25,14:00,16:30,1000,종로,정부서울청사 앞,사직동 등,0,0
2023-11-25,15:00,17:00,50,종로,보신각 앞 인도,관철동,0,0
2023-11-25,16:00,20:00,10000,용산,전쟁기념관 북문 앞 3개차로 / 한진중공업 앞,용산동,0,1
2023-11-25,17:00,20:00,10000,남대문|용산,숭례문∼시청역 8出 편도 全차로 → 삼각지역 방면,세종대로 등,1,1
2023-11-25,14:00,17:00,600,종로|남대문,효령빌딩 앞 ⇄ 을입구,서린동 등,0,0
2023-11-25,14:00,17:00,2000,종로|남대문|중부,대한문 ⇄ 보신각,세종대로 등,0,0
2023-11-25,14:00,17:00,2000,종로|남대문,서울시의회 ⇄ 보신각,세종대로 등,0,0
2023-11-25,13:00,16:00,10000,종로,동화면세점 앞 인도,세종대로,0,0
2023-11-25,12:00,15:00,100,종로,보신각 앞 인도 ⟶ 교보빌딩 앞 인도,관철동,0,0
2023-11-25,16:00,18:00,200,용산,전쟁기념관 앞 인도,용산동,0,0
2023-11-25,17:00,22:00,300,서초,강남역 9出 앞 인도,서초동,0,0
2023-11-25,14:00,17:00,300,은평|서부,혁신파크 피아노숲 ⟶ 응암역 3出,녹번동,0,0
2023-11-25,10:00,11:00,300,도봉,다락원체육공원 주차장 앞 인도,도봉동,0,0
2023-11-25,15:00,17:00,100,종로,SC제일은행 앞 ⟶ 보신각,관철동,0,0
2023-11-25,10:00,11:00,100,구로,구로경찰서 앞 인도,신도림동,0,0
2023-11-25,09:00,13:00,50,송파,불광사 앞 인도,석촌동,0,0
2023-11-26,13:00,16:00,1000,종로|남대문,효령빌딩 앞 인도 및 1개차로 ⇄ 을지로1가,다동,0,1
2023-11-26,15:00,18:00,500,종로,교보빌딩 앞 인도 및 1개차로,세종대로,0,1
2023-11-26,12:00,13:00,200,종로,보신각 앞 인도,관철동,0,0
2023-11-26,12:00,14:00,100,남대문,한양교회 앞 ⇄ 명동역 2出,남산동,0,0
2023-11-26,10:00,11:00,500,구로,평강제일교회 정문 앞 이면도로,오류동,0,0
2023-11-27,19:00,20:00,200,종로,동화면세점 앞,세종대로,0,0
2023-11-27,14:00,17:00,100,남대문|마포|서대문,프레스센터 앞 → 국회,태평로1가 등,1,0
2023-11-27,10:00,18:00,400,용산|영등포,전쟁기념관 앞,용산동,0,0
2023-11-27,14:00,16:00,300,용산,청룡빌딩 앞,갈월동,0,0
2023-11-27,18:00,19:00,100,종로|남대문,효령빌딩 앞 → 정부서울청사 앞,무교동 등,1,0
2023-11-27,10:00,12:00,500,서부,은평구청 정문 ⇄ 구청 후문,녹번동,0,0
2023-11-27,10:00,11:00,500,구로,평강제일교회 정문 앞 이면도로,오류동,0,0
2023-11-28,10:00,11:00,500,용산,전쟁기념관 앞,용산동,0,0
2023-11-28,19:00,20:00,200,종로,동화면세점 앞,세종대로,0,0
2023-11-28,20:00,22:00,500,종로|남대문,동화면세점 앞 → 파이낸스빌딩,세종대로 등,1,0
2023-11-28,14:00,15:30,1000,중부|용산,전쟁기념관 앞,용산동,0,0
2023-11-28,14:00,16:00,700,용산,푸르지오써밋 앞,한강로2가,0,0
2023-11-28,10:00,18:00,400,용산,전쟁기념관 앞,용산동,0,0
2023-11-28,10:00,16:00,500,용산,전쟁기념관 앞 인도,용산동,0,0
2023-11-28,11:00,13:00,150,영등포,민주당사 앞 이면도로,여의도동,0,0
2023-11-29,19:00,20:30,200,종로,동화면세점 앞,세종대로,0,0
2023-11-29,14:30,16:30,100,종로,서울시교육청 ⇄ 강북삼성병원,신문로2가,0,0
2023-11-29,10:00,20:00,400,용산,전쟁기념관 앞,용산동,0,0
2023-11-29,17:00,18:00,60,영등포,국회 앞,여의도,0,0
2023-11-29,12:00,19:00,100,강남,BGF리테일 앞,삼성동,0,0
2023-11-29,12:00,13:00,200,종로,테라로사 건너편 인도 및 1개차로,수송동,0,1
2023-11-29,09:30,10:00,300,영등포,국민의힘 당사 앞,여의도동,0,0
2023-11-29,11:30,12:30,120,수서,포스코센터 앞 인도,대치동,0,0
2023-11-29,10:00,11:30,2000,영등포,의사당역 3出 앞 3개 차로,여의도동,0,1
2023-11-29,20:00,21:30,150,남대문,효령빌딩 앞 인도,무교동,0,0
2023-11-29,16:00,17:00,300,용산,전쟁기념관 앞 인도,용산동,0,0
2023-11-29,13:00,17:00,300,관악|동작,남태령⟶동작역,녹번동,0,0
2023-11-29,19:00,21:00,500,방배|서부,은평구청 정문,녹번동,0,0
2023-11-29,19:00,20:00,500,구로,평강제일교회 정문 앞 이면도로,오류동,0,0
2023-11-30,19:00,20:30,200,종로,동화면세점 앞,세종대로,0,0
2023-11-30,12:00,13:00,500,강서,김포공항 3게이트 건너편,공항동,0,0
2023-11-30,18:30,19:30,100,남대문,세종호텔 앞,명동,0,0
2023-11-30,12:20,12:50,500,영등포,국민의힘 앞,여의도동,0,0
2023-11-30,18:00,20:00,50,동작,이수역 13出 앞,사당동,0,0
2023-11-30,14:00,21:00,1000,혜화,마로니에 공원 앞 인도 및 2개차로,동숭동,0,1
2023-11-30,13:00,17:00,300,용산,전쟁기념관 ⇄ 용산역,용산동,0,0
2023-11-30,10:00,11:00,200,서부,은평구청 정문 건너편 인도,응암동,0,0
2023-11-30,13:00,16:00,200,용산,서빙고역 ⟶ 전쟁기념관,용산동,0,0
2023-11-30,10:00,11:00,500,구로,평강제일교회 앞 삼거리 우측 인도,오류동,0,0
2023-12-01,18:00,20:30,500,종로|남대문,동화면세점 앞 ⇄ 을지로입구역,세종대로 등,0,0
2023-12-01,10:00,11:00,500,중부|용산,전쟁기념관 앞,용산동,0,0
2023-12-01,05:30,,1000,영등포,GS건설현장 앞,양평동,0,0
2023-12-01,13:00,15:00,100,남대문,프레스센터 앞,태평로1가,0,0
2023-12-01,11:00,12:30,1000,혜화,마로니에 공원 앞 인도 및 2개차로,동숭동,0,1
2023-12-01,12:00,14:00,150,영등포,국민의 힘 앞,여의도,0,0
2023-12-01,10:00,11:00,200,서부,은평로 192,응암동,0,0
2023-12-02,14:00,16:00,10000,영등포,의사당대로上,여의도,0,0
2023-12-02,16:30,19:00,1000,남대문,소공 신협 본점 앞 인도,태평로2가,0,0
2023-12-02,17:00,19:30,5000,종로|남대문,舊삼성본관∼숭례문R편도 全차로 → 종각,세종대로 등,1,1
2023-12-02,14:00,17:00,600,종로|남대문,효령빌딩 앞 ⇄ 을지로입구,서린동 등,0,0
2023-12-02,18:00,19:30,600,남대문|중부,서울광장 서측 인도,태평로,0,0
2023-12-02,14:00,17:00,2000,종로|남대문,대한문 ⇄ 보신각,세종대로 등,0,0
2023-12-02,14:00,17:00,2000,종로|남대문,서울시의회 ⇄ 보신각,세종대로 등,0,0
2023-12-02,13:00,16:00,10000,종로,동화면세점 앞 인도,세종대로,0,0
2023-12-02,15:00,17:00,100,종로,보신각 ⇄ 종로2가,관철동,0,0
2023-12-03,15:00,18:00,500,종로,교보빌딩 앞 인도 및 1개차로,세종대로,0,1
2023-12-03,10:00,11:00,500,구로,평강제일교회 앞 삼거리 우측 인도,오류동,0,0
2023-12-03,16:00,18:00,100,종로,보신각 ⇄ 종로2가,관철동,0,0
2023-12-03,12:00,13:00,100,남대문,한양교회 앞 ⇄ 명동역 2出,남산동,0,0
2023-12-04,11:30,12:30,100,용산,아모레퍼시픽 앞,한강로2가,0,0
2023-12-04,05:30,07:00,1000,영등포,GS건설현장 앞,양평동,0,0
2023-12-04,14:00,18:30,100,남대문|영등포|마포,시청 서편 → 국회 앞,세종대로 등,1,0
2023-12-04,18:30,20:00,100,영등포|서대문,국회 앞,여의도,0,0
2023-12-04,11:00,12:00,100,용산,전쟁기념관 앞 인도,용산동,0,0
2023-12-04,12:00,18:00,499,중부,기승빌딩 앞 인도,을지로6가,0,0
2023-12-04,10:00,11:00,500,구로,평강제일교회 정문 앞 이면도로,오류동,0,0
2023-12-05,14:00,16:20,5000,영등포,의사당역 5出 앞 → 민주당사 앞,여의도동,1,0
2023-12-05,14:00,18:30,100,남대문|영등포|마포,시청 서편 → 국회 앞,세종대로 등,1,0
2023-12-05,18:30,20:00,100,영등포|서대문,국회 앞,여의도,0,0
2023-12-05,11:00,13:00,500,서초,중앙지검 서문 앞 인도 및 1개 차로,서초동,0,1
2023-12-05,10:00,15:00,200,마포,신안빌딩 앞 인도,성산동,0,0
2023-12-06,19:00,20:30,500,종로|남대문,동화면세점 → 파이낸스,태평로1가,1,0
2023-12-06,11:30,12:30,400,용산,전쟁기념관 앞,용산동,0,0
2023-12-06,14:00,15:30,500,영등포,국민은행 서관 앞,여의도동,0,0
2023-12-06,05:30,07:00,1000,영등포,GS건설현장 앞,양평동,0,0
2023-12-06,08:00,14:00,100,강남,코람코자산신탁,삼성동,0,0
2023-12-06,09:00,20:00,500,강서,김포공항 국내선 1번 게이트 건너편,공항동,0,0
2023-12-06,14:00,18:30,100,남대문|영등포|마포,시청 서편 → 국회 앞,세종대로 등,1,0
2023-12-06,12:00,13:00,200,종로|서대문,테라로사 건너편 인도 및 1개차로,수송동,0,1
2023-12-06,11:30,13:30,50,용산,삼각지R 주변 교통섬 → 전쟁기념관 앞,용산동 등,1,0
2023-12-06,16:00,17:00,300,용산,전쟁기념관 앞 인도,용산동,0,0
2023-12-06,10:00,13:00,200,마포,신안빌딩 앞 인도,성산동,0,0
2023-12-06,09:00,10:00,100,동작,사당2동68-2 건영섬유 건너편 → 경문고교차로,사당동,1,1
2023-12-06,11:00,13:30,100,금천,신영와코루 본사 앞 ⇄ 가산디지털단지역,가산동,0,0
2023-12-06,19:00,20:00,500,구로,평강제일교회 정문 앞 이면도로,오류동,0,0
2023-12-07,11:00,13:00,100,남대문,한화빌딩 앞,장교동,0,0
2023-12-07,12:20,12:50,500,영등포,국민의힘 당사 앞,여의도동,0,0
2023-12-07,05:30,07:00,1000,영등포,GS건설현장 앞,양평동,0,0
2023-12-07,09:00,18:00,500,강서,김포공항 국제선 택시승강장 → 국내선 2게이트 건너편,방화동,1,0
2023-12-07,14:00,18:30,100,남대문|영등포|마포,시청 서편 → 국회 앞,세종대로 등,1,0
2023-12-07,18:30,20:00,100,영등포|서대문,국회 앞,여의도,0,0
2023-12-07,11:00,14:30,1300,종로|남대문,정부서울청사 북측 2개 차로 ⟶ 시청 서편,세종대로,0,1
2023-12-07,10:00,13:00,200,마포,신안빌딩 앞 인도,성산동,0,0
2023-12-07,17:00,21:00,150,양천,리모델링 추진위 사무실 앞 인도,신정동,0,0
2023-12-07,10:00,11:00,500,구로,평강제일교회 정문 앞 이면도로,오류동,0,0
2023-12-08,13:00,16:00,100,종로,정부서울청사 정․후문 앞,세종대로 등,0,0
2023-12-08,19:00,20:30,200,남대문,서울역광장,봉래동,0,0
2023-12-08,10:00,17:00,500,서대문,가재울8구역 공사현장 1G → 3G,남가좌동,1,0
2023-12-08,12:00,13:00,1000,영등포,GS건설현장 앞,양평동,0,0
2023-12-08,07:30,13:00,100,강남,LF본사 앞,신사동,0,0
2023-12-08,10:30,14:00,100,남대문|영등포|마포,시청 서편 → 국회 앞,세종대로 등,1,0
2023-12-08,18:00,19:00,100,영등포|서대문,국회 앞,여의도,0,0
2023-12-08,09:00,,100,서초,정곡빌딩 남관 인도 및 1개 차로,서초동,0,1
2023-12-08,10:00,13:00,200,마포,신안빌딩 앞 인도,성산동,0,0
2023-12-08,19:00,21:00,500,서부,은평구청 정문 앞,녹번동,0,0
2023-12-09,17:00,19:00,499,종로|남대문,보신각 → 시청 서편,관철동 등,1,0
2023-12-09,15:00,18:00,100,용산,전쟁기념관 앞,한강로2가,0,0
2023-12-09,15:00,16:30,80,종로,광화문KT → 소녀상,세종대로 등,1,0
2023-12-09,17:00,19:30,300,용산,전쟁기념관 및 미8군 2게이트 앞(유동적),용산동,0,0
2023-12-09,17:00,19:30,5000,용산,한강진역 또는 나인원한남 앞(유동적) → 전쟁 기념관 앞,한남동 등,1,0
2023-12-09,14:00,16:30,600,종로|남대문,효령빌딩 ⇄ 안국교차로,서린동 등,0,1
2023-12-09,12:30,17:00,5000,종로|남대문,서울역광장 → 종로3가,봉래동2가 등,1,0
2023-12-09,14:00,17:00,2000,종로|남대문,대한문 ⇄ 보신각,세종대로 등,0,0
2023-12-09,14:00,17:00,2000,종로|남대문,서울시의회 ⇄ 보신각,세종대로 등,0,0
2023-12-09,14:00,18:00,1000,종로,종로타워 앞 인도,공평동,0,0
2023-12-09,14:00,16:00,100,용산,한강진역 2出 앞 인도 ⇄ 이태원역,한남동 등,0,0
2023-12-09,13:00,16:00,10000,종로,동화면세점 앞 인도,세종대로,0,0
2023-12-09,14:00,17:00,600,종로,보신각 앞 인도,관철동,0,0
2023-12-09,13:00,15:00,400,영등포,국민은행 서관 ⇄ 국민의힘 당사,여의도동,0,0
2023-12-09,17:00,21:00,1000,서초,강남역 9·10出 앞 인도 및 1개 차로,서초동,0,1
2023-12-09,15:00,17:00,100,종로,교보문고 → 안국교차로,관철동,1,1
2023-12-09,09:00,13:00,50,송파,불광사 앞 인도,석촌동,0,0
2023-12-10,14:00,16:30,1000,종로|남대문,효령빌딩 앞 인도 및 1개차로 ⇄ 을지로1가,다동,0,1
2023-12-10,11:00,12:00,50,남대문,명동성당 앞,명동,0,0
2023-12-10,14:00,17:00,500,종로,교보빌딩 앞 인도 및 1개차로,세종대로,0,1
2023-12-10,07:00,13:00,150,은평,불광동 264-44 앞 인도,불광동,0,0
2023-12-10,10:00,11:00,500,구로,평강제일교회 정문 앞 이면도로,오류동,0,0
2023-12-10,14:00,17:00,100,종로,보신각 ⇄ 종로2가,관철동,0,0
2023-12-10,12:00,14:00,100,남대문,한양교회 ⇄ 명동역 2出,남산동,0,0
2023-12-11,06:00,17:00,500,서대문,가재울8구역 공사현장 앞,남가좌동,0,0
2023-12-11,11:00,13:00,150,영등포,파크원 빌딩 앞,여의도동,0,0
2023-12-11,10:00,11:00,500,구로,평강제일교회 정문 앞 이면도로,오류동,0,0
2023-12-12,10:00,17:00,1000,강서,화곡로 346 → 화곡로 274,명동,1,0
2023-12-12,09:00,17:00,300,마포|서대문,경찰청 → 여의도 국민은행,미근동 등,1,0
2023-12-12,17:30,18:30,300,종로|영등포,시교육청 주차장,신문로2가,0,0
2023-12-12,09:00,,100,서초,정곡빌딩 남관 인도 및 1개 차로,서초동,0,1
2023-12-13,13:00,14:30,100,남대문,시청동 편,태평로1가,0,0
2023-12-13,15:00,16:30,100,용산,전쟁기념관 앞,용산동,0,0
2023-12-13,14:00,15:30,150,서초,HCN 정문 앞,서초동,0,0
2023-12-13,13:00,16:00,2000,용산,전쟁기념관 북문 앞 2개 차로,용산동,0,1
2023-12-13,12:00,13:00,200,종로,서머셋팰리스 좌측 인도 및 1개차로,수송동,0,1
2023-12-13,12:00,13:30,500,용산,전쟁기념관 앞 인도,용산동,0,0
2023-12-13,16:00,17:00,300,용산,전쟁기념관 앞 인도,용산동,0,0
2023-12-13,11:00,13:00,70,남대문,효령빌딩 앞 인도,무교동,0,0
2023-12-13,11:30,13:00,150,영등포,IFC 빌딩 앞,여의도동,0,0
2023-12-13,14:00,17:00,300,종로,현대건설 정문 ⇄ 원서빌딩,계동,0,0
2023-12-13,19:00,20:00,500,구로,평강제일교회 정문 앞 이면도로,오류동,0,0
2023-12-14,14:00,16:30,2000,용산,KDB생명타워 → 전쟁기념관 북문,용산동 등,1,0
2023-12-14,13:00,15:00,100,마포,마포구청 앞,성산동,0,0
2023-12-14,12:20,12:50,500,영등포,국민의힘당사 앞,여의도동,0,0
2023-12-14,14:30,17:30,100,용산|마포,이태원광장 앞 → 국회 앞,이태원동 등,1,0
2023-12-14,18:30,19:30,100,영등포,국회 앞,여의도동,0,0
2023-12-14,15:30,16:30,10000,용산,전쟁기념관 북문 앞 2개차로 / 한진중공업 앞 1개차로,용산동 등,0,1
2023-12-14,11:00,13:00,70,남대문,효령빌딩 앞 인도,무교동,0,0
2023-12-14,10:00,11:00,500,구로,평강제일교회 정문 앞 이면도로,오류동,0,0
2023-12-15,11:00,16:00,200,종로,동화면세점 앞,세종대로,0,0
2023-12-15,13:00,15:00,300,용산,전쟁기념관 앞,용산동,0,0
2023-12-15,13:00,15:00,300,영등포,금융감독원 앞,여의도동,0,0
2023-12-15,14:00,16:00,300,광진,건국대병원 앞,화양동,0,0
2023-12-15,13:00,15:00,100,마포,마포구청 앞,성산동,0,0
2023-12-15,11:00,11:30,50,남대문,농협중앙회 앞,충정로1가,0,0
2023-12-15,11:00,13:00,70,남대문,효령빌딩 앞 인도,무교동,0,0
2023-12-15,18:00,21:00,60,송파,가락시장 남문 앞 ⟶ 식품공사 앞,가락동,0,0
2023-12-15,15:00,16:10,500,용산,전쟁기념관 앞 인도,용산동,0,0
2023-12-15,19:00,21:00,500,서부,은평구청 정문 ⟶ 녹번파출소,녹번동,0,0
2023-12-16,14:00,16:00,100,마포,마포구청 앞,성산동,0,0
2023-12-16,14:00,16:30,1000,종로,보신각 → 정부서울청사 축븍,관철동 등,1,0
2023-12-16,16:00,18:00,10000,용산,삼각지역 1出 앞 2개차로,한강로1가,0,1
2023-12-16,15:00,19:00,10000,종로|남대문,숭례문∼태평교차로 진방 全차로 → 세종로교차로,세종대로 등,1,1
2023-12-16,13:30,14:00,1000,종로,세종로교차로∼포시즌스호텔 남측 2개차로,새문안로,0,1
2023-12-16,14:00,15:30,1000,종로|남대문,세종로교차로∼포시즌스 남측 2개차로 → 한국은행교차로,새문안로 등,1,1
2023-12-16,14:00,17:00,600,종로|남대문,효령빌딩 앞 ⇄ 을지로입구,서린동 등,0,0
2023-12-16,14:00,17:00,2000,종로|남대문|중부,대한문 ⇄ 보신각,세종대로 등,0,0
2023-12-16,14:00,17:00,2000,종로|남대문,서울시의회 ⇄ 보신각,세종대로 등,0,0
2023-12-16,14:00,16:00,100,용산,한강진역 2出 앞 인도 ⇄ 이태원역,한남동 등,0,0
2023-12-16,13:00,16:00,10000,종로,동화면세점 앞 인도,세종대로,0,0
2023-12-16,15:00,17:30,100,종로,교보문고 ⟶ 보신각,관철동,0,0
2023-12-17,14:00,17:30,7000,종로|남대문,동화면세점∼대한문 진방 全차로 ⟶ 전쟁기념관,세종대로,0,1
2023-12-17,09:00,12:00,150,용산|은평,은광교회 앞 인도,불광동,0,0
2023-12-17,10:00,11:00,500,구로,평강제일교회 정문 앞 이면도로,오류동,0,0
2023-12-17,16:00,18:00,100,종로,보신각 ⇄ 안국교차로,관철동,0,1
2023-12-18,10:00,16:00,400,용산|동작|방배,전쟁기념관 앞 → 인덕원역 5出,용산동1가 등,1,0
2023-12-18,13:00,15:00,100,남대문|관악,시청 동편 인도,태평로1가,0,0
2023-12-18,15:00,17:00,100,용산,전쟁기념관 앞,용산동1가,0,0
2023-12-18,11:00,11:30,50,남대문,농협중앙회 앞,충정로1가,0,0
2023-12-18,10:00,11:00,500,구로,평강제일교회 정문 앞 이면도로,오류동,0,0
2023-12-19,15:00,16:00,100,마포,마포구청 앞,성산동,0,0
2023-12-19,11:00,11:30,50,남대문,농협중앙회 앞,충정로1가,0,0
2023-12-19,13:30,18:00,500,서초,KCC본사 앞,서초동,0,0
2023-12-19,14:00,16:00,300,방배,한성자동차 본사 앞,방배1동,0,0
2023-12-19,09:00,,100,서초,정곡빌딩 남관 앞 인도 및 1개 차로,서초동,0,1
2023-12-19,14:00,17:00,300,종로,현대건설 정문 앞 ⇄ 연서빌딩,계동,0,0
2023-12-19,15:30,17:00,60,용산,전쟁기념관 앞 인도,용산동,0,0
2023-12-20,15:00,16:00,100,마포,마포구청 앞,성산동,0,0
2023-12-20,18:30,20:30,500,종로,동화면세점 앞 → 파이낸스,세종대로,1,0
2023-12-20,11:00,11:30,50,남대문,농협중앙회 앞,충정로1가,0,0
2023-12-20,17:00,19:00,200,구로,구로구청 후문 앞,구로동,0,0
2023-12-20,14:00,15:00,400,서초,현대차 본사 앞,내곡동,0,0
2023-12-20,14:00,15:00,100,송파,고용노동부 서울동부지청 앞,가락동,0,0
2023-12-20,13:00,13:30,350,수서,신안빌딩 앞,대치동,0,0
2023-12-20,12:00,13:00,200,종로,서머셋팰리스 좌측 인도 및 1개차로,수송동,0,1
2023-12-20,11:00,13:00,70,남대문,효령빌딩 앞 인도,무교동,0,0
2023-12-20,16:00,17:00,60,용산,전쟁기념관 앞 인도,용산동,0,0
2023-12-20,19:00,20:00,500,구로,평강제일교회 정문 앞,오류동,0,0
2023-12-21,14:00,15:00,100,마포,마포구청 앞,성산동,0,0
2023-12-21,11:00,11:30,50,남대문,농협중앙회 앞,충정로1가,0,0
2023-12-21,16:00,17:00,199,서대문,세브란스병원 본관,신촌동,0,0
2023-12-21,15:00,17:00,100,구로,테크노마트 앞,구로동,0,0
2023-12-21,10:30,11:30,100,영등포,국민의힘 앞,여의도동,0,0
2023-12-21,17:00,19:00,200,종로|남대문,도시건축전시관 앞 ⇄ 동화면세점,태평로 등,0,0
2023-12-21,11:00,13:00,70,남대문,효령빌딩 앞 인도,무교동,0,0
2023-12-21,10:00,11:00,500,구로,평강제일교회 정문 앞 이면도로,오류동,0,0
2023-12-21,14:00,16:00,50,노원,와우쇼핑몰 앞,상계동,0,0
2023-12-22,14:00,16:00,1000,강서,강서구청교차로 남단 → 크라운타워,화곡동,1,1
2023-12-22,10:00,12:30,150,남대문,시의회 본관 앞,태평로,0,0
2023-12-22,10:00,12:00,200,남대문,그랜드센트럴 앞,남대문로,0,0
2023-12-22,09:00,,100,서초,정곡빌딩 남관 앞 인도 및 1개차로,서초동,0,1
2023-12-22,17:00,20:00,50,마포,홍대입구역 9出 ⇄ 홍대 상상마당,동교동,0,0
2023-12-22,15:00,17:00,200,종로,현대건설 정문 앞,계동,0,0
2023-12-22,12:30,16:30,300,남대문,도시건축전시관 앞 인도,정동,0,0
2023-12-22,11:00,13:00,70,남대문,효령빌딩 앞 인도,무교동,0,0
2023-12-22,19:00,20:30,100,남대문|용산,서울역 광장 ⟶ 새꿈어린이공원,봉래동,0,0
2023-12-23,15:00,18:00,10000,용산,전쟁기념관 앞 인도 및 이태원광장 인근(유동적),용산동 등,0,0
2023-12-23,15:00,18:00,5000,용산,삼각지교차로∼삼각지어린이공원 또는 한강진역 2出 앞(유동적),용산동 등,0,1
2023-12-23,12:30,15:10,5000,남대문|용산,서울역광장 → 삼각지파출소,용산동 등,1,0
2023-12-23,14:00,17:00,500,종로|남대문,효령빌딩 앞 ⇄ 안국교차로,서린동 등,0,1
2023-12-23,13:30,16:30,2000,종로|남대문,대한문 ⇄ 보신각,세종대로 등,0,0
2023-12-23,14:00,17:00,100,용산,한강진역 2出 앞 인도 ⇄ 이태원역,한남동 등,0,0
2023-12-23,14:00,16:30,50,서초,강남역 10出 앞 → 신논현역 8出,서초동,1,0
2023-12-23,13:00,16:00,10000,종로,동화면세점 앞 인도,세종대로,0,0
2023-12-23,15:00,18:00,100,종로,보신각 ⇄ 안국교차로,관철동,0,1
2023-12-24,12:00,15:30,50,노원,경춘선 숲길 내,공릉동,0,0
2023-12-24,14:00,16:30,1000,종로|남대문,효령빌딩 앞 인도 및 1개차로 ⇄ 광화문교차로,무교동,0,1
2023-12-24,14:00,17:00,500,종로,교보빌딩 앞 인도 및 1개차로,세종대로,0,1
2023-12-24,10:00,11:00,500,구로,평강제일교회 정문 앞 이면도로,오류동,0,0
2023-12-24,16:00,18:00,100,종로,보신각 ⇄ 안국교차로,관철동,0,1
2023-12-24,12:00,14:00,100,남대문,한양교회 앞 ⇄ 명동역 2出,남산동,0,0
2023-12-25,11:00,13:00,200,종로|남대문,효령빌딩 앞 인도 및 1개 차로 ⇄ 종각,무교동,0,1
2023-12-25,15:00,16:30,400,영등포,국민은행 서관 앞 인도 및 보조도로,여의도동,0,0
2023-12-25,10:00,15:00,100,용산,새꿈어린이공원,동자동,0,0
2023-12-25,13:00,16:00,100,용산,새꿈어린이공원,동자동,0,0
2023-12-26,15:00,17:00,100,구로,테크노마트 앞,구로동,0,0
2023-12-26,13:00,18:00,100,중랑,중랑구청 중앙광장 앞 인도,신내동,0,0
2023-12-27,15:00,17:00,2000,관악|동작,전문건설회관 앞 ⇄ 롯데타워,신대방동,0,0
2023-12-27,11:00,13:00,300,영등포,국민의힘 앞 ⇄ 은행로,여의도동,0,0
2023-12-27,11:00,13:00,100,영등포,금융감독원 앞,여의도동,0,0
2023-12-27,14:00,15:00,100,마포,마포구청 앞,성산동,0,0
2023-12-27,15:00,17:00,100,구로,테크노마트 앞,구로동,0,0
2023-12-27,12:00,13:00,200,종로,서머셋팰리스 좌측 인도 및 1개차로,수송동,0,1
2023-12-27,16:00,17:00,300,용산,전쟁기념관 앞 인도,용산동,0,0
2023-12-27,19:00,20:00,500,구로,평강제일교회 정문 앞,오류동,0,0
2023-12-28,12:20,12:50,500,영등포,국민의힘 앞,여의도동,0,0
2023-12-28,15:00,17:00,100,구로,테크노마트 앞,구로동,0,0
2023-12-28,10:30,,500,영등포,국민은행 앞 보조도로,여의도,0,0
2023-12-28,13:00,14:00,3000,영등포,국회의사당역 2出 앞 3개 차로,여의도동,0,1
2023-12-28,13:30,15:00,100,영등포,국민의힘 당사 앞 또는 국회 앞 인도,여의도동,0,0
2023-12-28,10:00,11:00,500,구로,평강제일교회 정문 앞 이면도로,오류동,0,0
2023-12-29,07:00,,3000,종로,정부서울청사 앞,세종대로,0,0
2023-12-29,15:00,17:00,100,구로,테크노마트 앞,구로동,0,0
2023-12-29,19:30,20:30,200,수서,HJ타워 앞,역삼동,0,0
2023-12-30,14:00,16:30,1000,남대문,舊삼성본관 앞 포켓차로,세종대로,0,1
2023-12-30,15:00,18:00,2000,종로|남대문,舊 삼성본관∼태평교차로 4개 차로 → 프레스센터,세종대로 등,1,1
2023-12-30,14:00,17:00,500,종로|남대문,효령빌딩 앞 ⇄ 안국교차로,서린동 등,0,1
2023-12-30,14:00,17:00,100,중부|용산,블루스퀘어 좌측 인도 ⇄ 이태원역,한남동,0,0
2023-12-30,13:30,16:30,2000,종로|남대문,대한문 ⇄ 보신각,세종대로 등,0,0
2023-12-30,13:30,16:30,2000,종로|남대문,서울시의회 ⇄ 보신각,세종대로 등,0,0
2023-12-30,13:00,17:00,100,서초|강남,강남역 11出 앞 ⇄ CGV 강남점,서초동,0,0
2023-12-30,17:00,18:30,100,종로,소녀상 앞 인도 및 1개차로,수송동,0,1
2023-12-30,13:00,16:00,10000,종로,동화면세점 앞 인도,세종대로,0,0
2023-12-31,14:00,17:00,200,종로,교보빌딩 앞 인도,세종대로,0,0
2023-12-31,10:00,11:00,500,구로,평강제일교회 정문 앞 이면도로,오류동,0,0
2024-01-01,13:00,16:00,500,남대문|중부,서울역 광장 ⇄ 남산 팔각정,봉래동,0,0
2024-01-02,15:00,17:00,100,구로,테크노마트 앞,구로동,0,0
2024-01-03,15:00,17:00,120,구로,테크노마트 앞,구로동,0,0
2024-01-03,12:00,18:00,120,종로|남대문,일민미술관 앞 인도 → 영풍빌딩 앞 인도,세종대로 등,1,0
2024-01-03,10:00,17:00,600,남대문,시청 서편 인도,세종대로,0,0
2024-01-03,11:00,13:00,200,영등포,KBS IBC문 건너편 인도 및 2개차로,여의도동,0,1
2024-01-03,11:30,13:30,50,용산,삼각지역 주변 8개소 → 전쟁기념관 앞,용산동 등,1,0
2024-01-03,12:00,13:00,200,종로,경복궁 주유소 우측 인도 및 2개차로,중학동,0,1
2024-01-03,16:00,17:00,300,용산,전쟁기념관 앞 인도,용산동,0,0
2024-01-03,11:00,13:00,80,남대문,대우재단 앞,남대문로5가,0,0
2024-01-03,10:30,12:00,50,송파,송파구청 앞,신천동,0,0
2024-01-03,13:00,17:00,50,송파,송파세무서 앞,풍납동,0,0
2024-01-03,19:00,20:00,500,구로,평강제일교회 정문 앞,오류동,0,0
2024-01-04,12:20,12:50,500,영등포,국민의힘 앞,여의도동,0,0
2024-01-04,11:30,12:30,70,금천,이랜드 사옥 앞,가산동,0,0
2024-01-04,15:00,17:00,100,구로,테크노마트 앞,구로동,0,0
2024-01-04,10:00,11:00,500,구로,평강제일교회 정문 앞,오류동,0,0
2024-01-05,15:00,17:00,100,구로,테크노마트 앞,구로동,0,0
2024-01-05,19:00,21:00,500,혜화,서울대병원 후문 앞 인도,연건동,0,0
2024-01-05,13:00,14:00,50,남대문,메트로타워 앞,남대문로5가,0,0
2024-01-06,16:00,18:00,1000,용산,삼각지파출소 앞 3개차로 / 한진중공업 앞 포켓차로,용산동 등,0,1
2024-01-06,15:00,18:00,2000,남대문|용산,숭례문∼舊삼성본관 편도 3∼4개차로 → 전쟁기념관 북문,세종대로 등,1,1
2024-01-06,14:00,15:30,1000,종로|남대문,세종로사거리∼포시즌스호텔 2개차로 → 국은행교차로,세종대로 등,1,1
2024-01-06,14:00,16:30,500,종로|남대문,효령빌딩 ⇄ 안국교차로,서린동 등,0,1
2024-01-06,14:00,17:00,100,중부|용산,블루스퀘어 좌측 인도 ⇄ 이태원역,한남동,0,0
2024-01-06,13:30,16:30,2000,종로|남대문,대한문 ⇄ 보신각,세종대로 등,0,0
2024-01-06,13:30,16:30,2000,종로|남대문,서울시의회 ⇄ 보신각,세종대로 등,0,0
2024-01-06,13:00,17:00,100,서초|강남,강남역 11出 앞 ⇄ CGV 강남점,서초동,0,0
2024-01-06,13:00,16:00,10000,종로,동화면세점 앞 인도,세종대로,0,0
2024-01-06,15:00,18:00,100,종로,보신각 ⇄ 안국교차로,관철동,0,1
2024-01-07,14:00,16:30,1000,종로|남대문,효령빌딩 앞 인도 및 1개차로 ⇄ 광화문교차로,무교동,0,1
2024-01-07,14:00,17:00,500,종로,교보빌딩 앞 인도 및 1개차로,세종대로,0,1
2024-01-07,10:00,11:00,500,구로,평강제일교회 정문 앞 이면도로,오류동,0,0
2024-01-08,14:00,17:00,100,남대문|영등포|마포,시청 서편 → 국회 앞,세종대로 등,1,0
2024-01-08,18:00,19:00,100,영등포|서대문,국회 앞,여의도동,0,0
2024-01-08,10:00,11:00,500,구로,평강제일교회 정문 앞 이면도로,오류동,0,0
2024-01-09,11:00,13:00,1000,용산,삼각지파출소 앞,한강로1가,0,0
2024-01-09,14:00,,100,서초,HCN정문 앞 翌07:00,서초동,0,0
2024-01-10,14:00,15:30,500,남대문|중부,서울고용청 앞,장교동,0,0
2024-01-10,06:00,07:00,1000,관악,봉천 4-1-2 재개발구역 앞,봉천동,0,0
2024-01-10,11:00,14:00,50,강남,코레이드타워 앞,역삼동,0,0
2024-01-10,19:00,20:30,50,노원,롯데백화점 노원점 ⇄ 노원역 2出,상계동,0,0
2024-01-10,12:00,13:00,200,종로,경복궁 주유소 우측 인도 및 2개차로,중학동,0,1
2024-01-10,16:00,17:00,300,용산,전쟁기념관 앞 인도,용산동,0,0
2024-01-10,11:00,13:00,80,남대문,대우재단 앞,남대문로5가,0,0
2024-01-10,19:00,20:00,500,구로,평강제일교회 정문 앞,오류동,0,0
2024-01-11,13:00,16:00,200,영등포,한국거래소 앞,여의도동,0,0
2024-01-11,12:20,12:50,500,영등포,국민의힘 앞,여의도동,0,0
2024-01-11,11:00,14:00,50,강남,코레이트타워 앞,역삼동,0,0
2024-01-11,08:00,22:00,100,서초,HCN서초점 앞,서초동,0,0
2024-01-11,14:00,16:00,5000,서초,대검찰청 정문 인도 및 3개차로,서초동,0,1
2024-01-11,13:00,15:00,400,영등포,국민의힘 당사 앞,여의도동,0,0
2024-01-11,11:00,13:00,120,수서,포스코센터 앞 인도,대치동,0,0
2024-01-11,10:00,11:00,500,구로,평강제일교회 정문 앞,오류동,0,0
2024-01-12,12:30,14:00,299,금천,금천수요양병원 앞,독산동,0,0
2024-01-12,11:00,14:00,50,강남,코레이트타워 앞,역삼동,0,0
2024-01-12,08:00,22:00,100,서초,HCN서초점 앞,서초동,0,0
2024-01-12,11:30,13:30,70,송파,송파구청 앞,신천동,0,0
2024-01-13,15:00,17:00,200,강서,강서구청 앞 → 화곡동 1100-2,화곡동,1,0
2024-01-13,14:00,17:00,300,용산,전쟁기념관 앞,용산동,0,0
2024-01-13,15:00,16:30,80,종로,광화문KT 앞 → 소녀상,세종대로 등,1,0
2024-01-13,16:00,18:00,1000,용산,삼각지역 1出 앞 2개차로,용산동,0,1
2024-01-13,15:00,18:00,2000,종로|남대문|서대문,舊삼성본관∼태평교차로 편도 3∼4개 차로 → 서울시의회 앞,세종대로 등,1,1
2024-01-13,16:00,18:00,1000,종로,세종로교차로∼포시즌스호텔 2개차로 → 정부서울청사 북측,세종대로 등,1,1
2024-01-13,14:00,16:30,500,종로|남대문,효령빌딩 앞 ⇄ 을지로입구,서린동 등,0,0
2024-01-13,14:00,17:00,100,중부|용산,블루스퀘어 좌측 인도 ⇄ 녹사평역,한남동 등,0,0
2024-01-13,13:30,16:30,2000,종로|남대문,대한문 ⇄ 보신각,세종대로 등,0,0
2024-01-13,13:30,16:30,2000,종로|남대문,서울시의회 ⇄ 보신각,세종대로 등,0,0
2024-01-13,14:00,17:00,100,서초|강남,강남역 11出 앞 ⇄ CGV 강남점,서초동,0,0
2024-01-13,13:00,16:00,10000,종로,동화면세점 앞 인도,세종대로,0,0
2024-01-14,14:00,17:00,300,종로,교보빌딩 앞 인도 및 1개차로,세종대로,0,1
2024-01-14,10:00,11:00,500,구로,평강제일교회 정문 앞 이면도로,오류동,0,0
2024-01-15,11:00,13:00,80,남대문,대우재단 앞,남대문로5가,0,0
2024-01-15,10:00,11:00,500,구로,평강제일교회 정문 앞 이면도로,오류동,0,0
2024-01-16,14:00,15:00,150,송파,"올림픽공원 동2문, 남2문, 북2문 앞",문정동,0,0
2024-01-17,12:00,14:00,200,용산,전쟁기념관 앞,용산동,0,0
2024-01-17,10:00,15:00,100,종로,현대건설 서문 앞,계동,0,0
2024-01-17,08:00,22:00,100,서초,HCN서초점 앞,서초동,0,0
2024-01-17,14:00,17:00,100,남대문|용산,시청 서편 인도 → 전쟁기념관 앞,태평로 등,1,0
2024-01-17,12:00,13:00,200,종로,경복궁 주유소 우측 인도 및 1개차로,중학동,0,1
2024-01-17,11:00,16:00,108,용산,용산역 광장 內,한강로,0,0
2024-01-17,16:00,18:00,300,용산,전쟁기념관 앞 인도,용산동,0,0
2024-01-17,11:00,13:00,80,남대문,대우재단 앞,남대문로5가,0,0
2024-01-17,19:00,20:00,500,구로,평강제일교회 정문 앞,오류동,0,0
2024-01-18,13:30,16:00,300,영등포|양천,남부지법 → 고용부 남부지청,양평동,1,0
2024-01-18,13:30,14:30,1500,영등포,국민의힘 앞,여의도,0,0
2024-01-18,14:00,16:00,100,서대문,경찰청 앞,미근동,0,0
2024-01-18,12:20,12:50,500,영등포,국민의힘 앞,여의도동,0,0
2024-01-18,14:00,16:00,200,서초,센트럴시티 호남선 앞,반포동,0,0
2024-01-18,13:00,14:00,100,용산,전쟁기념관 앞 인도,용산동,0,0
2024-01-18,18:00,19:00,100,용산,전쟁기념관 앞 인도,용산동,0,0
2024-01-18,10:00,11:00,500,구로,평강제일교회 정문 앞,오류동,0,0
2024-01-19,13:00,16:00,500,영등포,금감원 앞,여의도,0,0
2024-01-19,12:30,13:30,300,금천,수요양병원 앞,독산동,0,0
2024-01-19,09:00,,100,서초,정곡빌딩 남관 인도 및 1개차로,서초동,0,1
2024-01-20,12:00,14:00,120,종로|남대문,채널A 앞 인도 → 보신각,세종대로 등,1,0
2024-01-20,14:30,16:30,1000,용산,삼각지역 14出 앞 1개차로 / 이태원광장 일대(유동적),용산동 등,0,1
2024-01-20,15:00,18:00,2000,용산,삼각지어린이공원∼삼각지교차로 2개차로 → 한강진역 2出(유동적),용산동 등,1,1
2024-01-20,14:00,17:00,3000,종로|남대문,세종로교차로∼포시즌스호텔 2개차로 → 시청 서편,세종대로 등,1,1
2024-01-20,14:00,17:00,500,종로|남대문,효령빌딩 앞 ⇄ 안국교차로,서린동 등,0,1
2024-01-20,12:30,17:00,3000,종로|남대문,서울역광장 → 종로3가역 14出,동자동 등,1,0
2024-01-20,13:00,16:30,400,남대문|용산,시청 서편 2개차로 → 삼각지역 11出,태평로1가 등,1,1
2024-01-20,14:00,17:00,100,용산,블루스퀘어 좌측 인도 ⇄ 녹사평역,한남동 등,0,0
2024-01-20,13:30,16:30,1000,종로|남대문,대한문 ⇄ 보신각,세종대로 등,0,0
2024-01-20,13:30,16:30,1000,종로|남대문,서울시의회 ⇄ 보신각,세종대로 등,0,0
2024-01-20,13:00,17:00,100,서초|강남,강남역 11出 앞 ⇄ CGV 강남점,서초동,0,0
2024-01-20,13:00,16:00,10000,종로,동화면세점 앞 인도,세종대로,0,0
2024-01-20,15:00,18:00,100,종로,보신각 앞 인도,관철동,0,0
2024-01-21,14:00,17:00,300,종로,교보빌딩 앞 인도 및 1개차로,세종대로,0,1
2024-01-21,12:00,14:00,300,종로,보신각 앞 인도,관철동,0,0
2024-01-21,10:00,11:00,500,구로,평강제일교회 정문 앞 이면도로,오류동,0,0
2024-01-22,14:00,16:00,300,종로|남대문,그랜드센트럴빌딩 → 영풍문고,남대문5가,1,0
2024-01-22,13:00,,100,서초,정곡빌딩 남관 인도 및 1개차로,서초동,0,1
2024-01-22,11:00,13:00,100,강남,동양애니메이션 빌딩 앞 인도,논현동,0,0
2024-01-22,10:00,11:00,500,구로,평강제일교회 정문 앞 이면도로,오류동,0,0
2024-01-23,13:00,16:00,200,마포,창비서교빌딩 앞,서교동,0,0
2024-01-23,00:00,10:00,100,남대문,서울광장 서측,태평로 1가,0,0
2024-01-23,14:00,16:00,200,혜화,혜화역 2出 앞 인도 및 1개차로,동숭동,0,1
2024-01-24,12:30,15:00,300,수서,조선선재 본사 앞,역삼동,0,0
2024-01-24,13:00,17:00,99,영등포,한국경제인협회 앞 인도 → 국민은행 서관,여의도동,1,0
2024-01-24,12:00,13:00,300,종로,경복궁 주유소 우측 인도 및 2개차로,중학동,0,1
2024-01-24,16:00,18:00,300,용산,전쟁기념관 앞,용산동,0,0
2024-01-24,19:00,20:00,300,구로,평강제일교회 정문 앞,오류동,0,0
2024-01-25,12:20,12:50,500,영등포,국민의힘 앞,여의도동,0,0
2024-01-25,13:00,13:30,100,용산,전쟁기념관 앞,용산동,0,0
2024-01-25,13:00,14:00,100,용산,전쟁기념관 앞,용산동,0,0
2024-01-25,11:00,13:00,100,영등포,금감원 앞,여의도동,0,0
2024-01-25,10:00,11:00,500,구로,평강제일교회 정문 앞,오류동,0,0
2024-01-26,13:00,14:00,50,용산,전쟁기념관 앞,용산동,0,0
2024-01-26,19:00,20:00,300,금천,수요양병원 앞,독산동,0,0
2024-01-26,15:00,16:00,50,서초,정곡빌딩 남관 인도 및 1개차로,서초동,0,1
2024-01-26,14:00,15:00,80,용산,전쟁기념관 앞 인도,용산동,0,0
2024-01-27,14:00,15:30,3000,종로,고궁박물관 남측 ~ 적선교차로,사직로,0,1
2024-01-27,14:00,15:00,3000,남대문,시청 서편,사직로,0,0
2024-01-27,12:00,14:00,120,종로|남대문,채널A 앞 인도 → 시청 서편,세종대로 등,1,0
2024-01-27,14:00,15:00,3000,종로|남대문,포시즌스호텔 앞 2개차로 → 시청 서편,세종대로,1,1
2024-01-27,16:00,18:00,10000,용산,삼각지역 1出 앞 2개차로,용산동,0,1
2024-01-27,15:00,18:30,10000,종로|남대문,舊삼성본관∼시청역 7出 앞 편도 全차로(상위 1개차로 제외) → 프레스센터,세종대로 등,1,1
2024-01-27,15:00,17:00,3000,종로|남대문,시청 서편 진방 全차로 ⇄ 을지로 2가교차로,세종대로 등,0,1
2024-01-27,14:00,16:30,500,종로|남대문|중부,효령빌딩 앞 ⇄ 을지로입구교차로,서린동 등,0,1
2024-01-27,14:00,17:00,100,용산,한강진역 2出 앞 1개차로 ⇄ 이태원광장,한남동 등,0,1
2024-01-27,13:30,16:30,1000,종로|남대문,대한문 ⇄ 보신각,세종대로 등,0,0
2024-01-27,13:00,17:00,100,서초|강남,강남역 11出 앞 ⇄ CGV 강남점,서초동,0,0
2024-01-27,13:00,16:00,10000,종로,동화면세점 앞 인도,세종대로,0,0
2024-01-27,15:00,18:00,100,종로,보신각 ⇄ 안국교차로,관철동,0,1
2024-01-28,14:00,15:00,600,남대문,시청 도서관 앞,세종대로,0,0
2024-01-28,14:00,17:00,300,종로,교보빌딩 앞 인도 및 1개차로,세종대로,0,1
2024-01-28,12:00,14:00,100,용산,일신빌딩 앞 인도,한남동,0,0
2024-01-28,09:00,17:00,50,남대문,서울역 계단 및 광장,봉래동,0,0
2024-01-28,10:00,11:00,500,구로,평강제일교회 정문 앞 이면도로,오류동,0,0
2024-01-29,19:00,20:00,200,남대문,시청동편 인도,태평로1가,0,0
2024-01-29,14:00,17:00,100,용산,이태원역 1出 앞 1개차로 → 전쟁기념관 앞 인도,이태원동 등,1,1
2024-01-29,11:00,14:00,400,서초,대검찰청 정문 앞 인도 및 1개차로,서초동 등,0,1
2024-01-29,10:00,11:00,500,구로,평강제일교회 정문 앞 이면도로,오류동,0,0
2024-01-30,19:00,20:00,200,남대문,시청동편 인도,태평로1가,0,0
2024-01-30,10:00,12:00,60,용산,전쟁기념관 앞 인도,용산동,0,0
2024-01-31,19:00,20:00,200,남대문,시청 동편 인도,태평로1가,0,0
2024-01-31,14:00,15:30,600,서초,현대차 본사 앞,양재동,0,0
2024-01-31,12:00,13:00,300,종로,경복궁 주유소 우측 인도 및 2개차로,중학동,0,1
2024-01-31,16:00,18:00,300,용산,전쟁기념관 앞,용산동,0,0
2024-01-31,11:00,13:00,80,남대문,대우재단 앞 인도,남대문로 5가,0,0
2024-01-31,10:00,12:00,200,강동,강동구청 앞,성내동,0,0
2024-01-31,19:00,20:00,500,구로,평강제일교회 정문 앞,오류동,0,0
2024-02-01,19:00,20:00,200,남대문,시청동편 인도,태평로 1가,0,0
2024-02-01,10:00,10:30,50,남대문,시청 정문 앞,태평로,0,0
2024-02-01,12:20,12:50,500,영등포,국민의힘 앞,여의도,0,0
2024-02-01,19:00,21:00,200,강북,강북구청 앞 소녀상 ⇄ 시청 서편,세종대로 등,0,0
2024-02-01,11:30,12:30,120,수서,포스코센터 앞 인도,대치동,0,0
2024-02-01,10:00,11:00,500,구로,평강제일교회 정문 앞,오류동,0,0
2024-02-02,11:30,13:00,600,강서,LG사이언스파트 E1동 앞,마곡동,0,0
2024-02-02,11:00,13:00,200,용산,전쟁기념관 앞,용산동,0,0
2024-02-02,19:00,20:00,200,남대문,시청동편 인도,태평로 1가,0,0
2024-02-02,15:00,16:00,100,서초,정곡빌딩 남관 인도 및 1개차로,서초동,0,1
2024-02-02,13:00,15:00,400,종로,동화면세점 앞 인도,세종대로,0,0
2024-02-03,14:00,17:00,1000,강서,강서구청교차로 하위 2개차로,화곡동,0,1
2024-02-03,15:00,16:30,80,종로,광화문KT 앞 → 소녀상,세종대로 등,1,0
2024-02-03,12:00,14:00,100,종로|남대문,채널A 앞 → 일민미술관 앞,세종대로 등,1,0
2024-02-03,15:00,17:00,10000,용산,전쟁기념관 북문 앞 3개차로 / 서울지방보훈청 앞 1개차로(유동적),용산동,0,1
2024-02-03,16:00,19:00,10000,종로|남대문,舊삼성본관∼태평R편도 3∼4개차로 ⇄ 종각,세종대로 등,0,1
2024-02-03,14:00,16:00,1000,남대문|용산,시청 서편 진방 2개차로 → 전쟁기념관 북문,세종대로 등,1,1
2024-02-03,14:00,16:30,500,종로|남대문,효령빌딩 앞 ⇄ 종로2가,서린동 등,0,0
2024-02-03,14:00,17:00,100,용산,한강진역 2出 앞 1개차로 ⇄ 이태원광장,한남동 등,0,1
2024-02-03,13:30,16:30,1000,종로|남대문,대한문 ⇄ 보신각,세종대로 등,0,0
2024-02-03,13:30,16:30,2000,종로|남대문,서울시의회 ⇄ 보신각,세종대로 등,0,0
2024-02-03,13:00,17:00,50,서초|강남,강남역 11出 앞 ⇄ CGV 강남점,서초동,0,0
2024-02-03,13:00,16:00,10000,종로,동화면세점 앞 인도,세종대로,0,0
2024-02-04,14:00,16:30,1000,종로|남대문,효령빌딩 앞 인도 및 1개차로 ⇄ 안국교차로,무교동,0,1
2024-02-04,14:00,17:00,300,종로,교보빌딩 앞 인도 및 1개차로,세종대로,0,1
2024-02-04,10:00,11:00,500,구로,평강제일교회 정문 앞 이면도로,오류동,0,0
2024-02-05,10:30,11:30,200,남대문,고용노동청 앞,장교동,0,0
2024-02-05,14:00,15:00,60,혜화,관정빌딩 앞,명륜1가,0,0
2024-02-05,15:30,16:30,60,종로,서울시교육청 앞,신문로2가,0,0
2024-02-05,11:00,12:00,100,용산,전쟁기념관 앞 인도,용산동,0,0
2024-02-05,10:00,11:00,500,구로,평강제일교회 정문 앞 이면도로,오류동,0,0
2024-02-06,13:00,15:00,100,강남,대유위니아 앞,역삼동,0,0
2024-02-06,11:00,12:00,100,마포,애경산업 본사 앞,동교동,0,0
2024-02-06,11:00,13:00,500,용산,전쟁기념관 앞 인도,용산동,0,0
2024-02-07,11:30,13:30,50,용산,삼각지교차로 교통섬 주변 → 전쟁기념관 앞,용산동,1,1
2024-02-07,11:30,13:30,100,종로,시교육청 앞 인도,신문로2가,0,0
2024-02-07,16:00,18:00,400,용산,전쟁기념관 앞,용산동,0,0
2024-02-07,11:00,12:00,50,남대문,시청 동편 인도,태평로1가,0,0
2024-02-07,19:00,20:00,500,구로,평강제일교회 정문 앞 도로,오류동,0,0
2024-02-08,10:00,11:00,100,남대문,서울역 대합실 앞,봉래동,0,0
2024-02-08,12:20,12:50,500,영등포,국민의힘 앞,여의도동,0,0
2024-02-08,10:00,11:00,500,구로,평강제일교회 정문 앞,오류동,0,0
2024-02-09,11:00,16:00,60,남대문,서울역 시계탑 앞,봉래동,0,0
2024-02-10,14:00,16:00,2000,남대문,대한문 앞,정동,0,0
2024-02-11,14:00,17:00,300,종로,교보빌딩 앞 인도 및 1개차로,세종대로,0,1
2024-02-11,10:00,11:00,500,구로,평강제일교회 정문 옆 박물관 앞,오류동,0,0
2024-02-12,19:00,21:00,50,마포,홍대입구역 9出 올리브영 앞 인도,동교동,0,0
2024-02-13,11:00,12:30,2000,영등포,이룸센터 앞,여의도동,0,0
2024-02-14,12:00,13:00,300,종로,서머셋팰리스 앞 인도 및 1개차로,중학동,0,1
2024-02-14,11:30,13:00,100,영등포,국민의힘 당사 앞,여의도동,0,0
2024-02-14,16:00,18:00,400,용산,전쟁기념관 앞,용산동,0,0
2024-02-14,19:00,20:00,500,구로,평강제일교회 정문 앞 도로,오류동,0,0
2024-02-15,12:20,12:50,500,영등포,국민의힘 앞,여의도동,0,0
2024-02-15,14:00,16:30,8000,영등포,의사당역 3出 앞 인도 및 3개 차로∼ 산업은행 측면 인도 및 4개 차로,여의도동,0,1
2024-02-15,19:00,20:00,100,용산,전쟁기념관 앞,용산동,0,0
2024-02-15,09:00,18:00,50,은평,대조제일교회 앞 우측 인도,대조동,0,0
2024-02-15,12:00,18:00,200,은평,대조제일교회 앞 좌측 인도,대조동,0,0
2024-02-15,10:00,11:00,500,구로,평강제일교회 정문 앞 인도,오류동,0,0
2024-02-16,09:00,10:00,50,종로,서울시교육청 앞,신문로2가,0,0
2024-02-16,11:00,13:00,100,영등포,파크원 빌딩 앞,여의도동,0,0
2024-02-16,11:30,13:30,50,강동,굽은다리역 2번 출구 앞,명일동,0,0
2024-02-16,14:00,15:30,100,영등포,국민의힘 앞,여의도동,0,0
2024-02-16,19:00,21:00,300,은평,은평구청 앞,녹번동,0,0
2024-02-17,13:00,16:00,400,종로|남대문,일민미술관 앞,세종대로,0,0
2024-02-17,14:00,16:00,5000,남대문|중부,광교 남단~을지로입구역,을지로,0,0
2024-02-17,15:00,19:00,3000,종로|남대문,舊삼성본관 앞,세종대로,0,0
2024-02-17,15:00,19:00,700,혜화,마로니에공원 앞,혜화동,0,0
2024-02-17,15:30,17:00,10000,용산,삼각지역 1出 앞,용산동,0,0
2024-02-18,10:00,11:00,500,구로,평강제일교회 정문 앞,오류동,0,0
2024-02-18,14:00,17:00,300,종로,교보빌딩 앞,세종대로,0,0
2024-02-18,16:00,18:00,100,종로,보신각 앞,관철동,0,0
2024-02-19,10:00,18:00,300,서초,양재역 12出 앞,양재동,0,0
2024-02-19,11:00,15:00,300,노원,노원구청 앞,상계동,0,0
2024-02-19,13:00,17:00,300,동대문,동대문구청 앞,용두동,0,0
2024-02-20,10:00,18:00,300,서초,양재역 12出 앞,양재동,0,0
2024-02-20,12:00,20:00,500,용산,블루스퀘어 앞 인도,한남동,0,0
2024-02-20,13:00,17:00,300,동대문,동대문구청 앞 인도,용두동,0,0
2024-02-20,17:00,22:00,100,종로|남대문,파이낸스빌딩 앞 (파이낸스빌딩→비각→광화문→파이낸스빌딩),무교동,1,0
2024-02-21,09:00,11:00,100,남대문,서울시의회 본관 및 도시건축전시관 앞,서소문동,0,0
2024-02-21,14:00,16:00,300,중부,중구청 앞 (중구청 → 퇴계로 → 을지로 → 시청),예관동 등,1,0
2024-02-21,16:00,18:00,400,용산,전쟁기념관 앞,용산동,0,0
2024-02-21,19:00,20:00,500,구로,평강제일교회 정문 앞 이면도로,오류동,0,0
2024-02-22,10:00,11:00,500,구로,평강제일교회 정문 앞 이면도로,오류동,0,0
2024-02-22,14:00,16:00,500,서초,현대차 본사 앞,양재동,0,0
2024-02-22,18:00,19:00,100,종로|남대문,광화문KT 앞 (광화문KT → 보신각 → 청계남로 → 효령빌딩),무교동 동,1,0
2024-02-22,19:00,20:00,300,용산,전쟁기념관 앞,용산동,0,0
2024-02-23,13:00,17:00,300,동대문,동대문구청 좌측 인도,용두동,0,0
2024-02-23,14:00,16:30,5000,종로|남대문|중부,동화면세점 앞 (동화면세점 → 세종로 → 종로2가 → 을지로2가 → 한국,세종대로,1,0
2024-02-23,14:00,17:00,300,송파,롯데월드타워 좌측,신천동,0,0
2024-02-23,15:00,16:00,200,서초,정곡빌딩 남관 앞,서초동,0,0
2024-02-24,13:00,16:00,10000,종로,동화면세점 앞 인도,세종대로,0,0
2024-02-24,13:30,16:30,1000,종로|남대문,대한문 앞 (대한문 → 세종대로 → 보신각 → 한국은행 → 시청 → 대한문),세종대로 등,1,0
2024-02-24,14:00,16:00,2000,종로|남대문,시청 서편 (시청 서편 → 종각 → 을지로입구 → 세종대로 → 정부서울청사),세종대로 등,1,0
2024-02-24,15:00,19:00,5000,종로|남대문,舊삼성본관 앞 4개 차로 (舊삼성본관 → 세종대로 → 종각 → 한국은행 → 숭례문),세종대로 등,1,1
2024-02-25,10:00,11:00,500,구로,평강제일교회 정문 앞 이면도로,오류동,0,0
2024-02-25,14:00,17:00,300,종로,교보빌딩 앞 인도 및 1개 차로,세종대로,0,1
2024-02-25,14:00,18:00,100,종로,보신각 앞 인도,관철동,0,0
2024-02-25,16:30,17:30,300,용산,대한의사협회 앞 (대한의사협회 → 한강대교북단 → 용산역 → 삼각지역,이촌동,1,0
2024-02-26,10:00,11:00,500,구로,평강제일교회 정문 앞,오류동,0,0
2024-02-26,10:00,17:00,200,영등포|마포,더불어민주당 당사 앞 (더불어민주당 → 국민의힘 → CCMM 빌딩 → 마포대,여의도동 등,1,0
2024-02-26,14:00,16:30,1000,영등포,산업은행 앞 (산업은행 → 은행로 → 민주당사 → 국민의힘 → 산업은행),여의도동,1,0
2024-02-26,15:00,17:00,300,영등포,국민의힘 당사 앞,여의도동,0,0
2024-02-27,09:30,12:30,200,동작,동작구청 앞,노량진동,0,0
2024-02-27,10:00,17:00,200,종로|남대문|마포|서대문,충정로역 → 시청 동편 (충정로역 → 경찰청 사거리 → 시청 서편 → 세종대로,충정로3가 등,1,0
2024-02-27,10:00,13:00,500,종로|남대문|중부,고용청 → 시청 서편 (고용청 → 종로2가 → 세종대로 → 시청 서편),장교동 등,1,0
2024-02-27,11:00,13:00,200,관악,중앙선관위 관악청사 앞,남현동,0,0
2024-02-27,11:00,15:00,300,노원,노원구청 앞,상계동,0,0
2024-02-28,10:00,12:00,100,남대문,시청 동편 앞,태평로1가,0,0
2024-02-28,10:00,14:00,200,남대문|용산,시청 서편 → 전쟁기념관 (시청 서편 → 대한문 → 서울역 → 숙대입구역 →,태평로1가 등,1,0
2024-02-28,12:00,13:00,300,종로,테라로사 건너편 앞 1개 차로,중학동,0,1
2024-02-28,16:00,18:00,300,용산,전쟁기념관 앞,용산동,0,0
2024-02-29,11:30,15:30,300,종로,영풍빌딩 앞,서린동,0,0
2024-02-29,13:00,14:00,200,서초,현대차본사 앞,양재동,0,0
2024-02-29,18:00,19:30,100,종로|남대문,광화문KT → 효령빌딩 앞 (광화문KT → 세종대로 → 보신각 → 청계남로 → 효령빌딩),세종대로 등,1,0
2024-02-29,19:00,20:00,500,구로,평강제일교회 정문 앞 이면도로,오류동,0,0
2024-03-01,13:00,16:00,40000,종로|남대문,동화면세점 앞,세종대로,0,0
2024-03-01,13:00,16:40,1000,종로|남대문,대한문 앞 (대한문 → 서린동 → 종로1가 → 한국은행 → 숭례문 → 대한문),세종대로 등,1,0
2024-03-01,13:00,18:00,9000,남대문|용산,시청역 8出 앞 (시청역 8出 → 숭례문 → 서울역 → 전쟁기념관),세종대로 등,1,0
2024-03-01,14:00,16:00,3000,종로,시민열린마당 앞 (시민열린마당 → 종각 → 서린동 → 광화문KT),세종대로 등,1,0
2024-03-01,14:00,17:00,800,종로|남대문|중부,탑골공원 서편 (탑골공원 → 을지로2가 → 한국은행 → 숭례문 → 서울역),종로2가 등,1,0
2024-03-01,14:00,17:30,300,남대문|용산|마포|서대문,홍대입구역 3出 앞 (홍대입구역 3出 → 홍대거리 → 신촌사거리 → 충정로역,동자동 등,1,0
2024-03-02,12:00,14:00,100,종로|남대문,일민미술관 앞 (일민미술관 → 대한문 → 소공로 → 한국은행 → 을지로,세종대로 등,1,0
2024-03-02,13:00,16:00,10000,종로,동화면세점 앞,세종대로,0,0
2024-03-02,14:00,17:00,500,종로|남대문,교보빌딩 남측 인도 (교보빌딩 → 청계남로 → 세종대로 → 광화문 → 안 국사거리 → 인사동길 → 세종대로 → 파이낸스빌딩,서린동 등,1,0
2024-03-02,14:00,17:00,1000,종로|남대문,대한문 앞 (대한문 → 세종대로 → 보신각 → 한국은행 → 시청,세종대로 등,1,0
2024-03-02,15:00,18:00,500,종로|남대문,서린빌딩 앞 (서린빌딩 → 종각 → 안국 → 광화문 → 서린빌딩),서린동 등,1,0
2024-03-02,16:00,19:00,5000,종로|남대문,舊삼성본관 편도 4개 차로 (舊삼성본관 → 을지로입구역 → 안국사거리 → 광화문,세종대로 등,1,1
2024-03-03,13:00,14:00,200,남대문,서울역 앞 (서울역 → 서울역 3出 → 대한상공회의소 → 부영태평빌딩),봉래동 등,1,0
2024-03-03,14:00,16:00,25000,영등포,여의대로 진행방향 전차로(마포대교~여의도환승센터),여의도동,0,1
2024-03-03,14:00,17:00,300,종로,교보빌딩 앞 인도 및 1개 차로,세종대로,0,1
2024-03-04,09:30,12:30,200,동작,동작구청 앞,노량진동,0,0
2024-03-04,10:00,11:00,500,구로,평강제일교회 정문 앞 이면도로,오류동,0,0
2024-03-04,11:30,15:30,300,종로,영풍빌딩 앞,서린동,0,0
2024-03-04,13:00,17:00,300,동대문,동대문구청 좌측 인도,용두동,0,0
2024-03-05,11:00,15:00,300,노원,노원구청 앞,상계동,0,0
2024-03-05,11:00,12:00,300,영등포,국회의사당역 5出 (의사당역 5出 → 여의도공원 → 여의도역 → 샛강역,여의도 등,1,0
2024-03-05,11:30,15:30,300,종로,영풍빌딩 앞,서린동,0,0
2024-03-05,13:00,17:00,300,동대문,동대문구청 좌측 인도,용두동,0,0
2024-03-05,14:00,14:30,300,구로,구로NC백화점 앞 1개 차로,구로동,0,1
2024-03-06,11:00,12:00,400,남대문,시청 동편 인도 및 1개 차로,태평로1가,0,1
2024-03-06,11:30,12:30,300,마포,DHL 본사 앞,염리동,0,0
2024-03-06,12:00,13:00,300,종로,테라로사 앞 인도,중학동,0,0
2024-03-06,14:00,16:00,200,종로|혜화,혜화역 3出 (혜화역 3出 → 이화사거리 → 종로5가 → 흥인지문,동숭동,1,0
2024-03-06,19:00,20:00,450,종로,동화면세점 앞 인도,세종대로,0,0
2024-03-06,19:00,20:00,500,구로,평강제일교회 정문 앞 이면도로,오류동,0,0
2024-03-07,10:00,11:00,500,구로,평강제일교회 정문 앞 이면도로,오류동,0,0
2024-03-07,10:00,12:00,200,동대문,동대문구청 정문 앞 인도 (동대문구청 → 용두문화복지센터 → 명륜진사갈비 →,용두동,1,0
2024-03-07,18:00,19:30,100,종로|남대문,광화문KT 앞 (광화문KT → 일민미술관 → 시청 서편 → 시의회 →,세종대로 등,1,0
2024-03-07,19:00,21:00,200,남대문,고용노동청 앞,장교동,0,0
2024-03-08,11:30,18:30,1000,종로,청계광장 (청계광장 → 세종대로 → 종로타워 → 안국사거리 → 송현,태평로1가,1,0
2024-03-08,12:20,14:30,300,종로|남대문,보신각 앞 (광교남단 → 시청 → 청계광장),관철동 등,1,0
2024-03-08,14:00,16:00,5000,종로|혜화,보신각 앞 (보신각 → 종로5가 → 이화사거리 → 마로니에공원),관철동 등,1,0
2024-03-08,14:00,15:30,1000,남대문,청계천 한빛광장 앞,삼각동,0,0
2024-03-08,19:00,21:00,500,서부,은평구청 정문 (은평구청 정문 → 후문 → 정문 → 구청 앞 삼거리,녹번동,1,0
2024-03-09,12:00,20:00,400,종로,노인복지센터 앞 인도,경운동,0,0
2024-03-09,13:00,16:00,10000,종로,동화면세점 앞 인도,세종대로,0,0
2024-03-09,13:30,15:00,3000,종로|중부|혜화,DDP 앞 (DDP → 종로5가 → 종로3가 → 종각 → 세종대로 → 프레스센터),을지로7가 등,1,0
2024-03-09,14:00,16:00,5000,남대문|용산,KDB생명 앞 (KDB생명빌딩 → 숙대입구역 → 남영사거리 → 전쟁기념관),동자동 등,1,0
2024-03-09,14:00,17:00,1000,종로|남대문,대한문 앞 (대한문 → 세종대로 → 보신각 → 한국은행 → 시청 → 대한문),세종대로 등,1,0
2024-03-09,15:00,17:00,5000,남대문,대한문~프레스센터 북측 2개 차로,태평로1가,0,1
2024-03-09,15:00,17:30,1500,영등포,국회의사당역 3出 앞 (국회의사당역 3出 → 은행로 → 민주당사 → 국민의힘 당사,여의도동,1,0
2024-03-09,16:00,17:00,10000,용산,삼각지역 11出 앞 3개 차로,용산동,0,1
2024-03-10,10:00,11:00,500,구로,평강제일교회 정문 앞 이면도로,오류동,0,0
2024-03-10,11:00,14:00,10000,종로|남대문,동화면세점~서울시의회 앞,세종대로,0,0
2024-03-10,13:00,14:00,800,종로,보신각 앞 인도,관철동,0,0
2024-03-10,13:00,15:30,500,종로,노인복지센터 앞,경운동,0,0
2024-03-11,10:00,11:00,500,구로,평강제일교회 정문 앞 이면도로,오류동,0,0
2024-03-11,10:00,13:00,200,종로|남대문,서울시청 동편 앞 (서울시청 동편 → 세종대로 → 종각역 → 을지로입구역,태평로1가 등,1,0
2024-03-11,08:00,21:00,690,수서,SH공사 앞 (SH공사 정문 ⇄ 대청역 7出 ⇄ 대청역 8出 ⇄ SH공사 후문),개포동,0,0
2024-03-11,08:00,16:00,690,강동,화성산업 앞 (화성산업 앞 ⇄ 아리수로93다길 ⇄ 강일동 132-2),강일동,0,0
2024-03-11,13:00,17:00,300,동대문,동대문구청 좌측 인도,용두동,0,0
2024-03-12,08:00,21:00,690,수서,SH공사 앞 (SH공사 정문 ⇄ 후문),개포동,0,0
2024-03-12,10:00,17:00,300,중부,충무로2가 50-6 공사현장 앞,충무로,0,0
2024-03-12,11:00,12:30,200,종로,현대건설 서문 앞 인도,계동,0,0
2024-03-12,14:00,15:00,200,,종로구청 정문 앞 인도 및 1개 차로 집 회,동숭동,0,1
2024-03-13,08:00,21:00,690,수서,SH공사 앞 (SH공사 정문 ⇄ 후문),개포동,0,0
2024-03-13,11:30,14:30,300,종로,영풍빌딩 앞,서린동,0,0
2024-03-13,12:00,13:00,300,종로,테라로사 건너편 앞 1개 차로,중학동,0,1
2024-03-13,15:00,17:00,8500,서초,현대차 본사 앞,서초동,0,0
2024-03-13,16:00,18:00,300,용산,전쟁기념관 앞 인도,용산동,0,0
2024-03-13,19:00,20:00,500,구로,평강제일교회 정문 앞 이면도로,오류동,0,0
2024-03-14,11:00,12:30,200,종로,현대건설 서문 앞,계동,0,0
2024-03-14,11:00,13:00,500,도봉,만남의광장(도봉동 414) 데크 및 인도,도봉동,0,0
2024-03-14,12:20,12:50,500,영등포,국민의힘 앞,여의도동,0,0
2024-03-14,13:30,15:30,200,영등포,태영빌딩 앞 (태영빌딩 → 산업은행 정문 → 민주당사 → 국민의힘 당사),여의도동,1,0
2024-03-14,19:00,20:00,300,용산,전쟁기념관 앞 인도,용산동,0,0
2024-03-15,12:00,15:00,2000,남대문,농협중앙회 앞,충정로1가,0,0
2024-03-15,14:00,17:00,200,종로|남대문|혜화,여전도회관 (여전도회관 → 종각역 → 을지로입구역 → 시청동편 → 삼성본관),연지동,1,0
2024-03-15,15:00,16:00,200,남대문,舊 서울역광장,만리동1가,0,0
2024-03-15,19:00,21:00,500,서부,은평구청 정문 (은평구청 정문 → 후문 → 정문 → 녹번역 → 혁신파크,녹번동,1,0
2024-03-16,09:00,18:00,1000,남대문|영등포|마포|구로,서울시의회 앞 3개 차로 (철산대교→구로구청→서울교→마포대교→공덕역→,세종대로 등,1,1
2024-03-16,13:00,16:00,10000,종로|금천,동화면세점 앞 인도,세종대로,0,0
2024-03-16,14:00,16:30,300,종로|남대문,교보빌딩 남측 인도 (광화문 → 인사동길 → 종로2가 → 세종대로 → 효령빌딩),세종대로 등,1,0
2024-03-16,14:00,16:30,2000,종로|남대문,대한문 앞 (대한문→을지로입구역→한국은행→대한문),세종대로 등,1,0
2024-03-16,14:00,17:00,300,용산,블루스퀘어 좌측 인도 (이태원광장 → 블루스퀘어),한남동 등,1,0
2024-03-16,14:00,17:00,1000,남대문,광교~을지로입구 편도 3개 차로,을지로1가,0,1
2024-03-16,14:00,18:00,800,종로,보신각 앞 인도,관철동,0,0
2024-03-16,15:00,16:00,10000,용산,삼각지역 1出 앞 2개 차로,,0,1
2024-03-16,15:00,17:00,300,영등포,대산빌딩 앞 인도,여의도동,0,0
2024-03-16,15:00,18:00,500,종로|혜화,마로니에공원 앞 2개 차로 (마로니에공원 → 종로5가 → 종로3가 → 종로1가 →,동승동,1,1
2024-03-16,15:00,18:00,2500,종로|남대문,태평로~舊삼성본관 3~4개 차로 (舊삼성본관 → 시청 → 종로1가 → 숭례문),세종대로 등,1,1
2024-03-17,11:00,14:00,10000,종로|남대문,동화면세점~서울시의회 앞,세종대로,0,0
2024-03-17,13:00,15:00,100,남대문,정동분수대 앞 (정동분수대 → 대한문 → 코리아나호텔),세종대로,1,0
2024-03-17,14:00,17:00,200,남대문|용산,舊서울역광장 (舊서울역광장 → 한강대로67길 → 전쟁기념관 앞),동자동,1,0
2024-03-17,15:00,18:00,300,종로,교보빌딩 앞 인도 및 1개 차로,세종대로,0,1
2024-03-18,07:00,19:00,1000,수서,포스코센터 앞,대치동,0,0
2024-03-18,09:00,16:00,400,강남|수서,금강주택 앞 (금강주택 ⇄ 포스코센터),대치동,0,0
2024-03-18,10:00,11:00,500,구로,평강제일교회 정문 앞 이면도로,오류동,0,0
2024-03-18,11:00,15:00,300,노원,노원구청 앞,상계동,0,0
2024-03-18,11:00,19:00,1000,중부,동대입구역 5出,장충동1가,0,0
2024-03-18,13:00,17:00,300,동대문,동대문구청 좌측 인도,용두동,0,0
2024-03-19,14:00,16:00,50,중부,예장공원 앞,주자동,0,0
2024-03-19,14:00,16:00,100,용산,서울지방보훈청 정문 앞 좌·우 인도,용산동,0,0
2024-03-19,15:00,20:00,300,노원,노원구청 앞,상계동,0,0
2024-03-20,11:00,13:00,300,종로,舊서울극장 앞 인도,관수동,0,0
2024-03-20,12:00,13:00,300,종로,테라로사 건너편 앞 1개 차로,중학동,0,1
2024-03-20,12:30,13:30,800,서초,현대차본사 앞,양재동,0,0
2024-03-20,14:00,16:00,200,종로|혜화,마로니에공원 (마로니에공원 → 이화사거리 → 종로5가 → 흥인지문,동숭동,1,0
2024-03-20,14:00,17:00,3000,남대문|용산,숭례문~시청역8出 (숭례문 → 서울역 → 숙대입구사거리 → 전쟁기념관 ),,1,0
2024-03-20,15:00,17:00,10000,용산,전쟁기념관 북문 앞 2개 차로 및 한진중공업 앞 포켓 차로,용산동,0,1
2024-03-20,16:00,18:00,300,용산,전쟁기념관 앞 인도,용산동,0,0
2024-03-20,19:00,20:00,500,영등포,KBS본관 앞,여의도동,0,0
2024-03-20,19:00,20:00,450,종로,동화면세점 앞 인도,세종대로,0,0
2024-03-20,19:00,20:00,500,구로,평강제일교회 정문 앞 이면도로,오류동,0,0
2024-03-21,08:00,11:00,1000,수서,포스코 센터 앞,대치동,0,0
2024-03-21,08:00,16:00,690,강동,화성산업 앞 집회 및 행진 (⇄가래여울전통마을 입구 굴다리),강일동,1,0
2024-03-21,08:00,16:00,49,영등포,금감원 앞,여의도동,0,0
2024-03-21,09:30,13:00,300,강서,서울도시가스 본사 앞,염창동,0,0
2024-03-21,12:20,12:50,500,영등포,국민의힘 앞,여의도동,0,0
2024-03-22,08:00,12:30,200,,아모레퍼시픽 앞 집 회,한강로2가,0,0
2024-03-22,08:00,18:00,150,동작,동착구청 앞 인도,노량진동,0,0
2024-03-22,11:30,14:30,300,종로,영풍빌딩 앞,서린동,0,0
2024-03-22,19:00,21:00,500,서부,은평구청 정문 앞 (은평구청 → 후문 → 정문 → 구청 앞 삼거리 → 녹번역,녹번동,1,0
2024-03-23,13:00,16:00,10000,종로,동화면세점 앞 인도,세종대로,0,0
2024-03-23,14:00,16:00,1000,종로|남대문,대한문 앞 (대한문 → 을지로입구역 → 한국은행 → 대한문),세종대로 등,1,0
2024-03-23,14:00,16:30,500,종로|남대문|중부,교보빌딩 남측 인도 (교보빌딩 → 종로2가 → 명동길 → 을지로입구역 → 효령빌딩),세종대로 등,1,0
2024-03-23,14:00,17:00,2000,종로|남대문,시의회 앞 (시의회 → 을지로입구역 → 한국은행 → 대한문),세종대로 등,1,0
2024-03-23,16:00,16:45,10000,남대문,태평로~舊삼성본관 3~4개 차로,서소문동,0,1
2024-03-23,16:00,19:00,10000,용산,삼각지역 1出 앞 2개 차로,용산동,0,1
2024-03-23,17:30,19:00,3000,마포|서대문,신촌역 4出 앞 (신촌역 → 홍대입구역 → 홍대클럽거리 → 서교동사거리,창천동 등,1,0
2024-03-24,06:00,12:00,500,구로,평강제일교회 정문 앞 이면도로,오류동,0,0
2024-03-24,09:00,17:00,200,송파,서울웨딩타워 앞,가락동,0,0
2024-03-24,11:00,14:00,10000,종로|남대문,동화면세점~서울시의회 앞,세종대로,0,0
2024-03-24,15:00,18:00,300,종로,교보빌딩 앞 인도 및 1개 차로,세종대로,0,1
2024-03-25,08:00,09:00,200,강북,강북구청 앞,수유동,0,0
2024-03-25,10:00,11:00,500,구로,평강제일교회 정문 앞 이면도로,오류동,0,0
2024-03-25,11:30,14:30,300,종로,영풍빌딩 앞,서린동,0,0
2024-03-25,12:40,13:40,130,영등포,국민은행 서관 앞 (국민은행 서관 → 켄신텅호텔 후문 → 수출입은행 →,여의도동,1,0
2024-03-26,09:00,12:00,200,종로,GS건설 정문 앞,청진동,0,0
2024-03-26,09:00,16:00,600,송파,수협중앙회 앞 (수협 → 교통회관 → 잠실역 → 쿠팡본사 → 수협),신천동,1,0
2024-03-26,14:00,17:00,500,종로|남대문,동화면세점 앞 (동화면세점 → 종로1가 → 을지로1가 → 한국은행 →,세종대로 등,1,0
2024-03-26,15:00,16:00,3000,남대문,서울역 4出 (서울역 4出 → 숭례문 → 시청 → 무교동 사거리),동숭동,1,0
2024-03-26,16:00,18:00,3000,남대문,시청 동편 인도 및 2개 차로,태평로1가,0,1
2024-03-26,19:00,21:00,3000,남대문,시청동편 인도 및 2개 차로,태평로1가,0,1
2024-03-27,10:00,11:00,1000,남대문,시청 서편 인도 및 하위 3개 차로,태평로1가,0,1
2024-03-27,10:30,12:30,1000,남대문,서울역광장 (서울역광장 → 숭례문 → 시청 → 프레스센터 ),세종대로 등,1,0
2024-03-27,12:00,15:00,300,강남,GS타워 앞,역삼동,0,0
2024-03-27,19:00,20:00,500,영등포,KBS본관 앞,여의도,0,0
2024-03-27,19:00,20:00,500,구로,평강제일교회 정문 앞 이면도로,오류동,0,0
2024-03-29,12:00,16:00,2000,영등포,KB국민은행 신관 앞,여의도동,0,0
2024-03-29,19:00,21:00,150,남대문,고용노동청 앞,장교동,0,0
2024-03-29,19:00,21:00,500,서부,은평구청 정문 앞 (은평구청 정문 → 후문 → 정문 → 구청 앞 삼거리,녹번동,1,0
2024-03-30,10:00,21:00,13000,종로|남대문,광화문~세종대로 (세종대로 → 서린사거리 → 종로구청 → 광화문광장),세종대로,1,0
2024-03-30,13:00,17:00,37000,종로|남대문,동화면세점~도시건축전시관 인도 및 6개 차로,세종대로,0,1
2024-03-30,14:00,16:30,500,종로|남대문|중부,광화문D타워 동측 (광화문D타워 → 종로2가 → 명동길 → 을지로입구역,세종대로 등,1,0
2024-03-30,14:00,17:00,1000,종로|남대문,대한문 앞 (대한문 → 을지로입구역 → 한국은행 → 대한문),세종대로 등,1,0
2024-03-30,15:00,17:00,500,종로|남대문|중부,SK서린빌딩 남측 (SK서린빌딩 → 베를린광장 → 명동성당 → 명동역 5出,서린동,1,0
2024-03-30,16:00,19:00,20000,남대문|용산,시청역 7出~숭례문 3~4개 차로 (숭례문 → 서울역 → 숙대입구 사거리 → 전쟁기념관 북문),세종대로,1,1
2024-03-30,16:30,19:00,10000,용산,삼각지역 11出 앞 2개 차로,용산동,0,1
2024-03-31,06:00,12:00,1000,구로,평강제일교회 정문 앞 이면도로,오류동,0,0
2024-03-31,11:00,18:00,10000,종로|남대문,동화면세점~서울시의회,세종대로,0,0
2024-03-31,13:00,15:00,10000,남대문,숭례문~시청역 7出 전 차로,남대문로,0,1
2024-03-31,15:00,18:00,300,종로,교보빌딩 앞 인도 및 1개 차로,세종대로,0,1
2024-04-01,07:00,16:00,690,성북,삼성5구역 공사현장 5G 앞,삼선동2가,0,0
2024-04-01,13:00,16:00,150,용산,대한의사협회 후문 앞 인도,이촌동,0,0
2024-04-01,14:00,16:00,200,종로|혜화,마로니에공원 북측 (마로니에공원 → 이화사거리 → 종로5가 → 흥인지문,동숭동,1,0
2024-04-02,08:00,16:00,690,성북,삼선5구역 5G 앞,삼선동,0,0
2024-04-02,11:00,12:30,500,서부,은평구청 정문 앞 인도 (은평구청 정문 → 후문 → 정문),녹번동,1,0
2024-04-02,14:40,15:40,500,영등포,국민은행 서관 앞,여의도동,0,0
2024-04-03,11:00,12:30,500,서부,은평구청 정문 앞 인도 (은평구청 정문 → 후문 → 정문),녹번동,1,0
2024-04-03,12:00,13:00,300,종로,서머셋팰리스 인도 및 1개 차로,수송동,0,1
2024-04-03,14:00,16:00,200,종로|혜화,마로니에공원 북측 (마로니에공원 → 이화사거리 → 종로5가 → 흥인지문,동숭동,1,0
2024-04-03,18:00,20:30,500,영등포,KBS 본관 앞,여의도동,0,0
2024-04-03,19:00,20:00,500,구로,평강제일교회 정문 앞 이면도로,오류동,0,0
2024-04-04,10:00,11:00,500,구로,평강제일교회 정문 앞 이면도로,오류동,0,0
2024-04-04,10:00,13:00,300,성북,성북구청 앞 바람마당 (성북구청 → 돈암초 사거리 → 성신여대역 → 성북구청),동소문동 등,1,0
2024-04-04,14:00,15:30,600,서초,현대차 본사 앞,양재동,0,0
2024-04-04,14:00,16:00,500,남대문|중부,시의회 앞 2개 차로 (시의회 → 대한문 → 환구단 → 을지로 1가 → 2가,세종대로,1,1
2024-04-04,14:00,17:00,500,용산,전쟁기념관 앞 인도,용산동,0,0
2024-04-05,10:00,10:30,50,금천,우방아파트 앞 인도,시흥동,0,0
2024-04-05,11:00,11:30,50,금천,농협금천점 앞 인도,시흥동,0,0
2024-04-05,11:00,12:30,300,영등포,국민의힘 중앙당사 앞,여의도동,0,0
2024-04-05,13:00,15:00,300,용산,전쟁기념관 앞,용산동,0,0
2024-04-06,13:00,17:00,37000,종로,동화면세점 앞 시의회 인도 및 진행 방향 전차로,세종대로,0,1
2024-04-06,14:00,16:00,500,종로|남대문|중부,광화문D타워 동측 (광화문D타워 → 종로2가 → 명동길 → 을지로입구역,세종대로 등,1,0
2024-04-06,14:00,16:30,300,영등포,국민은행 서관 앞 인도 및 보조도로 (국민은행 서관 → 국민의힘 → 더불어민주당 → 은행로,여의도동,1,0
2024-04-06,14:00,17:00,2000,남대문,대한문 앞 인도 (대한문 → 을지로입구역 → 한국은행 → 소공로 → 대한문),세종대로 등,1,0
2024-04-06,15:00,17:30,10000,용산,삼각지역 1出 앞 2개 차로,용산동,0,1
2024-04-06,16:00,17:00,10000,남대문,태평로~舊삼성본관 3~4개 차로,서소문동,0,1
2024-04-06,17:30,19:00,3000,마포,합정역 5出 앞 (합정역 5出 → 서교동 사거리 → 홍대거리 → 홍대입구역 4出),창천동 등,1,0
2024-04-07,06:00,12:00,1000,구로,평강제일교회 정문 앞 이면도로,오류동,0,0
2024-04-07,09:00,11:30,100,양천,ㄴ강서중앙교회 앞,신월동,0,0
2024-04-07,11:00,14:00,10000,종로|남대문,동화면세점~서울시의회 앞 5개 차로,세종대로,0,1
2024-04-07,15:00,18:00,300,종로,교보빌딩 앞 인도 및 1개 차로,세종대로,0,1
2024-04-08,10:00,17:00,300,성북,성북구청 앞 (성북구청 앞 → 돈암초등학교 사거리 → 성신여대입구역),삼선동 등,1,0
2024-04-08,10:00,18:00,100,동작,유한양행 앞 인도,대방동,0,0
2024-04-08,14:00,16:00,500,용산,전쟁기념관 앞 인도,용산동,0,0
2024-04-09,09:30,,500,노원,어울림체육센터 공사현장 앞 미정 (공사현장서편 ⇆ 수락119센터),용산동,1,0
2024-04-09,10:00,13:00,300,성북,성북구청 앞 ⇆ 성신여대입구역,삼선동 등,1,0
2024-04-09,11:00,12:00,100,남대문,농협중앙회 앞,충정로 1가,0,0
2024-04-09,11:00,13:00,100,영등포,예탁결제원 앞,여의도동,0,0
2024-04-09,14:00,17:00,100,남대문|용산,이태원역 1出 → 서울광장 분향소,이태원동 등,1,0
2024-04-09,18:00,19:00,30,노원,당고개공원 ⇆ 노원전력,상계동,1,0
2024-04-10,10:00,12:00,50,금천,우방아파트 앞,시흥동,0,0
2024-04-10,11:00,,500,영등포,익일 국민의힘 당사 앞,,0,0
2024-04-10,02:00,,0,,,여의도동,0,0
2024-04-10,12:00,13:00,300,종로,,수송동,0,0
2024-04-10,16:00,18:00,300,용산,전쟁기념관 앞,용산동,0,0
2024-04-11,08:00,16:00,690,성북,삼선5구역 공사현장 앞,삼선동,0,0
2024-04-11,10:00,11:00,500,구로,평강제일교회 앞,오류동,0,0
2024-04-11,10:00,11:30,1000,서대문,가재울8구역 공사현장 앞,남가좌동,0,0
2024-04-11,11:00,12:00,50,용산,신동아건설 앞,이촌동,0,0
2024-04-12,08:00,19:00,50,용산,국군재정관리단 정문 앞,이태원동,0,0
2024-04-12,11:00,12:00,1000,송파,가락시장 동문 앞,가락동,0,0
2024-04-12,11:00,13:00,100,동대문,동대문구청 앞,용두동,0,0
2024-04-12,12:00,14:00,30,영등포,근로복지공단 서울남부지사 앞,여의도동,0,0
2024-04-12,14:00,16:00,500,남대문,서울시의회 앞 2개차로 상,태평로1가,0,1
2024-04-12,15:00,17:00,100,송파,송파상운 정문 앞,마천동,0,0
2024-04-12,19:00,20:00,30,도봉,창동역 1出 앞 광장,창동,0,0
2024-04-13,13:00,17:00,21000,종로|남대문,동화면세점 앞~시의회 인도 및 全 차로,세종대로,0,1
2024-04-13,14:00,16:00,500,종로|남대문,광화문D타워 동측 → 효령빌딩 앞,세종대로 등,1,0
2024-04-13,15:00,17:30,10000,용산,삼각지역 1出 앞 2개차로,용산동,0,1
2024-04-13,15:30,19:00,5000,남대문,시청 서편~프레스센터 全 차로,,1,1
2024-04-13,16:00,19:00,10000,종로,,세종대로 등,0,0
2024-04-14,09:30,11:00,1000,구로,평강제일교회 앞,오류동,0,0
2024-04-14,11:00,14:00,10000,종로|남대문,동화면세점~서울시의회 앞 5개차로,세종대로,0,1
2024-04-14,14:00,17:00,120,혜화,혜화역 4出 앞,동숭동,0,0
2024-04-14,16:00,17:00,100,중랑,망우역 광장,상봉동,0,0
2024-04-15,08:00,09:00,15,서대문,연가초등학교 정문 및 후문,남가좌동,0,0
2024-04-15,10:00,12:00,50,금천,우방아파트 앞,시흥동,0,0
2024-04-15,16:00,19:00,100,영등포,영등포구청 앞,당산동,0,0
2024-04-16,09:00,10:00,100,서초,중앙지검 서문 앞,서초동,0,0
2024-04-16,10:00,16:00,200,종로,GS건설 본사 앞 인도 및 1개 차로,청진동,0,1
2024-04-16,11:00,14:00,200,용산,LG유플러스 본사 앞,한강로3가,0,0
2024-04-16,11:30,12:00,100,서초,중앙지법 정문 앞,서초동,0,0
2024-04-16,18:30,20:00,300,강서,서울도시가스 본사 앞,염창동,0,0
2024-04-17,12:00,13:00,300,종로,테라로사 앞 좌측 인도,수송동,0,0
2024-04-17,16:00,18:00,300,용산,전쟁기념관 앞 인도,용산동,0,0
2024-04-17,19:00,20:00,500,구로,평강제일교회 정문 앞 이면도로,오류동,0,0
2024-04-18,10:00,11:00,200,성북,고려대학교 정문 앞,안암동,0,0
2024-04-18,10:00,11:00,500,구로,평강제일교회 정문 앞 이면도로,오류동,0,0
2024-04-18,10:30,12:00,200,영등포,63빌딩 앞 1개 차로,여의도동,0,1
2024-04-18,11:30,12:30,300,남대문,그랜드센트럴 빌딩 앞,세종대로,0,0
2024-04-18,12:30,15:00,450,성북|강북|종암,고려대 정문 (고려대 정문 → 종암사거리 → 미아사거리 → 미아역,안암동 등,1,0
2024-04-19,10:30,13:00,500,남대문,시의회 앞 2개 차로,태평로1가,0,1
2024-04-19,13:00,14:00,200,종로,보신각 앞 인도,관철동,0,0
2024-04-19,13:00,16:00,3000,종로|남대문|혜화,시청 서편 3개 차로 (시청 서편 → 세종대로 → 종로1가 → 종로5가 → 마로니에공원),태평로1가,1,1
2024-04-19,16:30,18:00,3000,혜화,마로니에 공원 앞 인도 및 2개 차로,동숭동,0,1
2024-04-20,13:00,16:00,37000,종로|남대문,동화면세점 앞~시의회 인도 및 진방 전차로,세종대로,0,1
2024-04-20,14:00,17:00,1000,종로|남대문,대한문 앞 인도 (대한문 → 세종대로 → 종로1가 → 한국은행 → 대한문),세종대로 등,1,0
2024-04-20,14:00,17:00,2000,종로|남대문,서울시의회 앞 인도 (대한문 → 세종대로 → 종로1가 → 한국은행 → 시의회),세종대로 등,1,0
2024-04-20,15:00,16:30,10000,용산,삼각지역 1出 앞 2개 차로,용산동,0,1
2024-04-20,15:00,19:00,10000,종로|남대문,舊삼성본관 앞 3~4개 차로 (舊삼성본관 → 세종대로 → 종로1가 → 을지로1가 →,세종대로 등,1,1
2024-04-21,09:30,11:00,1000,구로,평강제이룍회 앞,오류동,0,0
2024-04-21,11:00,14:00,10000,종로,동화면세점~서울시의회 앞 5개 차로,세종대로,0,1
2024-04-21,15:00,18:00,300,종로,교보빌딩 앞 인도 및 1개 차로,세종대로,0,1
2024-04-22,09:00,17:00,50,수서,예장합동 앞 인도,대치동,0,0
2024-04-22,10:00,11:00,500,구로,평강제일교회 앞,오류동,0,0
2024-04-22,10:00,14:00,150,동작,전문건설회관 측면·후문 앞 (건설회관 정문 ⇄ 후문),신대방동,0,0
2024-04-23,09:00,18:00,100,서초,정곡빌딩 남관 앞 인도 및 1개 차로,,0,1
2024-04-23,11:00,12:00,300,서초,,서초동,0,0
2024-04-23,18:30,20:00,300,강서,서울도시가스 본사 앞,염창동,0,0
2024-04-24,13:00,17:00,3000,종로|남대문|중부,"서울시의회 앞 3개차로 ※행진경로(2개차로, 1.6.km) : 동화면세점 → 세종R → 종1R → 종2R → 고용청",세종대로,1,1
2024-04-24,12:00,13:00,300,종로,경복궁 주유소 인도 및 1개차로,중학동,0,1
2024-04-24,13:00,16:30,200,남대문,시청 동편 2개차로,태평로1가,0,1
2024-04-24,13:00,17:00,1000,영등포,"잠사회관~더샾아일랜드 앞 3개차로 ※행진경로(1개차로, 2.1.km) : 잠사회관 → 산 업은행측면 → 은행로 → 민주당사 → 국힘당사",여의도동,1,1
2024-04-24,13:30,14:30,30,남대문,정안빌딩 앞,서소문동,0,0
2024-04-25,10:00,11:00,500,구로,평강제일교회 정문 앞 이면도로,오류동,0,0
2024-04-25,10:00,12:00,200,동대문,동대문구청 광장 안 잎도 (동대문구청 → 한양수자인아파트 → 홈플러스 동대문점,용두동,1,0
2024-04-25,10:00,12:00,200,남대문,도시건축전시관 앞 인도,태평로1가,0,0
2024-04-25,14:00,15:10,200,송파,몽촌토성역 1出 (몽촌토성역 1出 → 종합운동장역 1出 → 쿠팡본사 앞),잠실동 등,1,0
2024-04-26,09:00,18:00,100,서초,정곡빌딩 남관 앞 인도 및 1개 차로,서초동,0,1
2024-04-26,13:00,15:00,150,남대문,도시건축전시관 앞 인도,태평로1가,0,0
2024-04-26,13:00,15:30,500,서초,한전아트센터 앞 (한전아트센터 → 서초구청 사거리 → 양재역 10出),서초동,1,0
2024-04-27,10:00,12:30,800,종로|혜화,보신각 앞 (보신각 → 세종대로 → 창덕궁 → 종로3가 → 보신각),관철동,1,0
2024-04-27,13:00,17:00,10000,종로|남대문,동화면세점~코리아나호텔 진행 방향 전차로,세종대로,0,1
2024-04-27,14:00,16:30,500,종로|남대문,교보빌딩 남측 (교보빌딩 → 세종대로 → 광화문 → 인사동길 → 종로2가,세종대로 등,1,0
2024-04-27,14:00,17:00,1000,종로|남대문,대한문 앞 (대한문 → 서린 사거리 → 종로1가 → 한국은행 → 대한문),세종대로 등,1,0
2024-04-27,14:00,17:00,2000,종로|남대문,서울시의회 앞 인도 (시의회 → 서린 사거리 → 종로1가 → 한국은행 → 시의회),세종대로 등,1,0
2024-04-27,17:00,20:00,10000,용산,전쟁기념관 북문 앞 2개 차로,용산동,0,1
2024-04-27,17:00,20:00,10000,남대문,舊삼성본관 건너편 3~4개 차로 (舊삼성본관 건너편 → 파이낸스빌딩 → 청계남로 → 을지로,세종대로 등,1,1
2024-04-28,09:30,11:00,1000,구로,평강제일교회 앞,오류동,0,0
2024-04-28,11:00,14:00,10000,종로|남대문,동화면세점~서울시의회 앞 5개 차로,세종대로,0,1
2024-04-28,14:00,17:00,500,남대문|중부,서울역광장 (서울역광장 → 숭례문 → 한국은행 → 을지로1가 → 고용청),태평로2가 등,1,0
2024-04-28,15:00,18:00,300,종로,교보빌딩 앞 인도 및 1개 차로,세종대로,0,1
2024-04-29,10:00,11:00,500,구로,평강제일교회 앞,오류동,0,0
2024-04-29,13:00,16:30,200,종로,르메이에르 빌딩 (르메이에르 서측 → 舊종로구청 → 회전교차로 → 종로구청),서린동,1,1
2024-04-29,14:00,16:30,2000,남대문|용산,舊삼성본관 (舊삼성본관 앞 → 서울역 → 남영사거리 → 전쟁기념관 북문),태평로2가 등,1,0
2024-04-30,09:00,18:00,100,서초,정곡빌딩 남관 앞 인도 및 1개 차로,서초동,0,1
2024-04-30,18:30,20:00,300,강서,서울도시가스 본사 앞,염창동,0,0
2024-04-30,19:00,20:00,100,남대문,세종호텔 앞,명동,0,0
2024-05-01,12:00,13:30,500,남대문|중부,서울고용청 앞 (서울고용청 → 을지로2가 → 을지로입구역 → 대한문),장교동 등,1,0
2024-05-01,12:00,14:00,3000,종로|남대문|서대문,경찰청 앞 (경찰청 → 서소문로 → 시청 → 동화면세점),미근동 등,1,0
2024-05-01,13:00,14:00,1000,남대문,부영빌딩 앞 (부영빌딩 → 시청 → 코리아나호텔),서소문동 등,1,0
2024-05-01,13:30,14:00,15000,종로|남대문,시청역 8出 앞 (시청역 8出 → 동화면세점),세종대로 등,1,0
2024-05-01,14:00,15:30,25000,종로|남대문,동화면세점~대한문 앞,세종대로 등,0,0
2024-05-01,14:00,15:30,7000,영등포,의사당역 2出~산업은행 측면,여의도동,0,0
2024-05-01,15:00,,10000,용산,전쟁기념관 북문 앞 2개 차로,용산동 등,0,1
2024-05-01,15:00,,10000,용산,한진중공업 앞 포켓 차로,용산동 등,0,1
2024-05-01,15:30,17:00,15000,종로|남대문|중부,동화면세점 앞 (동화면세점 → 숭례문 → 한국은행 → 을지로입구역 → 서울고용청),세종대로 등,1,0
2024-05-02,10:00,11:00,500,구로,평강제일교회 정문 앞 이면도로,오류동,0,0
2024-05-02,10:00,12:00,200,동대문,동대문구청 광장 앞 인도 (동대문구청 → 한양수자인아파트 → 홈플러스 동대문점,용두동,1,0
2024-05-02,11:30,12:00,60,남대문,도시건축전시관 앞 인도,태평로1가,0,0
2024-05-03,11:00,12:00,100,용산,전쟁기념관 앞 인도,용산동,0,0
2024-05-03,13:00,15:30,500,남대문,도시건축전시관 앞 인도,태평로1가,0,0
2024-05-03,13:00,16:30,500,남대문,도시건축전시관 앞,서소문동,0,0
2024-05-03,17:00,18:00,100,서초,정곡빌딩 남관 잎도 및 1개 차로,서초동,0,1
2024-05-04,13:00,17:00,10000,종로|남대문,동화면세점~코리아나호텔 진행 방향 전차로,세종대로,0,1
2024-05-04,14:00,16:30,500,종로|남대문|중부,교보빌딩 남측 (종로1가→종로2가→명동길→을지로입구역→광교→청계남로),세종대로 등,1,0
2024-05-04,14:00,17:00,2000,종로|남대문,대한문 앞 (대한문 → 시청 동편 → 종로1가 → 한국은행 → 대한문),세종대로 등,1,0
2024-05-04,14:00,17:00,500,용산,전쟁기념관 앞 인도 (삼각지역 7出 → 신용산역 → 삼각지역 12出 → 전쟁기념관),용산동 등,1,0
2024-05-04,14:00,20:00,1000,용산,삼각지파출소 앞 1개 차로,용산동,0,1
2024-05-04,17:00,20:00,10000,종로|남대문|중부,舊삼성본관 건너편 3~4개 차로 (세종대로 → 종로2가 → 삼일교 → 청계남로 → 일민미술관),세종대로 등,1,1
2024-05-05,09:30,11:00,1000,구로,평강제일교회 앞,오류동,0,0
2024-05-05,11:00,14:00,10000,종로|남대문,동화면세점~서울시의회 앞 5개 차로,세종대로,0,1
2024-05-05,13:00,18:00,300,용산,용산역광장,한강로3가,0,0
2024-05-05,15:00,18:00,300,종로,교보빌딩 앞 인도 및 1개 차로,세종대로,0,1
2024-05-06,10:00,13:00,200,혜화,통일문제연구소 (서울종로약국 → 통일문제연구소 → 정민약국 → 소나무길,명륜동 등,1,0
2024-05-06,13:00,18:00,200,남대문,배재어린이공원 (배재어린이공원 → 대한문 → 부영태평빌딩),정동,1,0
2024-05-07,11:00,20:00,100,용산,전쟁기념관 앞 인도,용산동,0,0
2024-05-07,11:30,12:30,100,서초,정곡빌딩 서관 앞 인도 및 1개 차로,서초동,0,1
2024-05-07,19:30,21:00,200,남대문,서울역광장,봉래동,0,0
2024-05-08,11:00,12:00,100,남대문,한화 본사 앞,장교동,0,0
2024-05-08,12:00,13:00,300,종로,경복궁주유소 앞 우측 인도 및 1개 차로,중학동,0,1
2024-05-08,16:00,18:00,300,용산,전쟁기념관 앞 인도,용산동,0,0
2024-05-08,19:00,20:00,500,구로,평강제일교회 정문 앞 이면도로,,0,0
2024-05-09,08:00,15:00,100,동작,제일건설 앞,사당동,0,0
2024-05-09,10:00,11:00,500,구로,평강제일교회 정문 앞 이면도로,오류동,0,0
2024-05-09,10:00,12:00,200,동대문,동대문구청 광장 앞 인도 (동대문구청 → 한양수자인 아파트 → 홈플러스 동대문점,용두동,1,0
2024-05-09,12:00,13:30,300,서초,중앙지검 서문 앞 인도 및 1개 차로,서초동,0,1
2024-05-10,08:00,15:00,1000,동작,제일건설 앞,사당동,0,0
2024-05-10,17:00,20:00,500,종로,동화면세점 앞 인도,세종대로,0,0
2024-05-10,17:00,21:00,200,강북,강북구청 소녀상 앞,수유동,0,0
2024-05-11,09:00,17:00,2000,종로|남대문,대한문 앞 (대한문 → 시청 동편 → 서린사거리 → 종로1가 →,세종대로 등,1,0
2024-05-11,13:00,16:00,10000,종로|남대문,동화면세점 앞 인도,,1,0
2024-05-11,14:00,17:00,2000,종로,,태평로1가,1,0
2024-05-11,14:00,17:00,500,용산,전쟁기념관 앞 인도 (삼각지역 7出 → 용산우체국 → 삼각지역 12出 → 전쟁기념관),용산동 등,1,0
2024-05-11,15:00,17:00,300,서초,서초역 8出 앞 인도 및 1개 차로,서초동,0,1
2024-05-11,15:00,18:30,10000,용산,삼각지역 1出 앞 2개 차로,용산동,0,1
2024-05-11,15:00,20:00,1000,용산,삼각지파출소 앞 1개 차로,용산동,0,1
2024-05-11,17:00,18:00,10000,남대문,舊삼성본관 건너편 3~4개 차로,세종대로,0,1
2024-05-11,18:00,20:00,500,종로,동화면세점 앞 인도,세종대로,0,0
2024-05-11,18:30,20:00,1500,마포,합정역 5出 앞 (합정역 5出 → 서교동사거리 → 상상마당 → 홍익대 앞,합정동,1,0
2024-05-12,09:30,11:00,1000,구로,평강제일교회 앞,오류동,0,0
2024-05-12,13:00,16:00,200,종로,청와대 분수대 광장 앞,효자동,0,0
2024-05-12,15:00,18:00,300,종로,교보빌딩 앞 인도 및 1개 차로,세종대로,0,1
2024-05-13,08:00,15:00,1000,동작,제일건설 앞,사당동,0,0
2024-05-13,10:00,11:00,500,구로,평강제일교회 앞,오류동,0,0
2024-05-13,10:30,11:20,100,종로|남대문,세종사거리 일대,세종대로,0,0
2024-05-13,18:00,20:00,100,용산,전쟁기념관 앞 인도,용산동,0,0
2024-05-14,10:30,12:30,200,영등포,이룸센터 앞,여의도동,0,0
2024-05-14,12:00,13:00,300,서초,중앙지검 서문 앞,,0,0
2024-05-14,14:00,15:00,300,영등포,KB서관 앞,여의도동,0,0
2024-05-14,14:00,15:30,500,종로|남대문,정부서울청사 북측,,0,0
2024-05-14,14:00,16:00,500,용산,전쟁기념관 앞,용산동,0,0
2024-05-14,18:30,19:30,100,남대문,시청 동편,태평로1가,0,0
2024-05-14,20:00,21:00,150,용산,서울역 12出 → 전쟁기념관 앞,동자동 등,1,0
2024-05-15,12:00,13:00,300,종로,경복궁주유소 앞,중학동,0,0
2024-05-15,14:00,18:00,60,마포,홍대입구역 9出 ⇄ 상상마당 앞,동교동 등,0,0
2024-05-15,15:00,18:00,200,종로,동화면세점 앞,세종대로,0,0
2024-05-15,19:00,20:00,500,구로,평강제일교회 앞,오류동,0,0
2024-05-16,11:00,12:00,300,영등포,문래근린공원 앞,문래동,0,0
2024-05-16,11:00,14:00,500,서초|수서,SPC 본사 앞,양재동,0,0
2024-05-16,12:00,15:00,300,영등포,홈플러스 앞,문래동,0,0
2024-05-16,12:20,12:50,500,영등포,국민의힘 당사 앞,여의도동,0,0
2024-05-16,19:00,20:30,200,남대문,시청 동편,태평로 1가,0,0
2024-05-17,11:00,13:00,500,종로|남대문,서울시청 동편 (시청동편 → 세종대로 → 정부서울청사),태평로1가 등,1,0
2024-05-17,11:00,17:00,200,서초|강남|수서,강남파이낸스센터 앞 → 정곡빌딩 건너편 (강남파이낸스센터 앞 → 역삼역 5出 → 강남역사거리,역삼동 등,1,0
2024-05-17,19:00,21:00,200,종로,교보빌딩 건너편 → 소녀상 앞 (교보빌딩 건너편 → 광화문 → 동십자각 → 열린송현공원 앞,세종로 등,1,0
2024-05-17,19:00,21:30,500,종로|남대문|중부,보신각 ⇄ 을지로3가 (보신각 → 종로3가 → 을지로3가 → 을지로입구역 → 보신각),관철동,1,0
2024-05-17,19:30,21:00,500,서초,강남역 9出 ~ 10出 인도,서초동,0,0
2024-05-18,13:00,16:00,10000,종로,동화면세점 앞,세종대로,0,0
2024-05-18,13:00,17:00,50,남대문,덕수궁 돌담길,정동,0,0
2024-05-18,14:00,16:30,500,종로|남대문,교보빌딩 남측 → 효령빌딩 앞,세종대로 등,1,0
2024-05-18,14:00,17:00,500,종로|남대문|중부,대한문 앞 ⇆ 을지로입구,세종대로 등,1,0
2024-05-18,17:00,18:00,10000,남대문,태평R~舊삼성본관,세종대로,0,0
2024-05-18,17:00,18:30,10000,종로,삼각지역 1出 앞,용산동,0,0
2024-05-18,18:30,20:00,2000,마포,"합정역 5출 앞 ※행진경로(2.1km, 2개차로): 합정역 5出 →",합정동 등,1,1
2024-05-19,09:30,11:00,1000,구로,평강제일교회 앞,오류동,0,0
2024-05-19,10:30,13:30,3500,노원,상계 백병원R~중계역R,상계동,0,0
2024-05-19,11:00,14:00,10000,종로|남대문,동화면세점~시의회 앞,세종대로,0,0
2024-05-19,11:00,16:00,300,종로,보신각 → 광화문역 3出,관철동,1,0
2024-05-19,12:30,13:30,200,종로,조계사 일주문 ⇄ 세종R,수송동,0,0
2024-05-19,15:00,18:00,300,종로,교보빌딩 앞,세종대로,0,0
2024-05-20,08:00,21:00,690,동작,제일건설 앞,사당동,0,0
2024-05-20,10:00,11:00,500,구로,평강제일교회 앞,오류동,0,0
2024-05-20,11:00,12:30,100,서초,정곡빌딩 서관 앞,서초동,0,0
2024-05-20,17:00,20:00,500,용산,전쟁기념관 앞,용산동,0,0
2024-05-21,11:00,12:30,150,영등포,이룸센터 앞 인도,여의도동,0,0
2024-05-21,14:00,18:00,100,서대문,서대문구청 앞 우측 인도,연희동,0,0
2024-05-21,14:30,18:00,500,동작,동착구청 앞 인도,노량진동,0,0
2024-05-21,17:00,18:00,200,동대문,동대문구청 광장 앞 인도,용두동,0,0
2024-05-22,09:30,14:00,500,용산,전쟁기념관 앞 인도,용산동,0,0
2024-05-22,11:00,11:40,160,구로,코오롱 싸이언스밸리 앞 인도,구로동,0,0
2024-05-22,11:00,13:00,100,영등포,KBS IBC문 앞 인도,여의도동,0,0
2024-05-22,11:30,12:30,50,영등포,국회의사당 앞 인도,여의도동,0,0
2024-05-22,11:30,12:30,100,영등포,현대캐피탈 앞 인도,여의도동,0,0
2024-05-22,11:30,12:30,100,영등포,금산빌딩 앞 인도,여의도동,0,0
2024-05-22,12:00,13:00,300,종로,경복궁주유소 앞 인도 및 1개 차로,중학동,0,1
2024-05-22,14:00,17:00,200,동작,동작구청 앞 인도,노량진동,0,0
2024-05-22,17:30,19:00,50,종로,서울시교육청 앞,신문로,0,0
2024-05-22,20:00,21:00,200,노원,호산나교회 앞 인도,하계동,0,0
2024-05-23,09:00,18:00,200,수서,SH공사 정문 앞 인도,개포동,0,0
2024-05-23,10:00,11:00,500,구로,평강제일교회 정문 앞 이면도로,오류동,0,0
2024-05-23,10:00,17:00,690,종로|남대문|용산,용산파크타워 → 용산푸르지오써밋 (용산파크타워 앞 → 서울역 → 시청동편 → 세종대로 →,을지로4가,1,0
2024-05-23,12:00,17:00,200,종로,돈의문 D타워 앞 인도,신문로,0,0
2024-05-23,14:00,16:00,10000,영등포,국회의사당역 2出~산업은행 측면 3개 차로 (국회의사당역 2出 → 국민의힘 당사 → 국회의사당역 2出),여의도,1,1
2024-05-23,20:00,21:00,200,노원,호산나교회 앞 인도,하계동,0,0
2024-05-24,11:30,12:30,500,용산,전쟁기념관 앞 인도,용산동,0,0
2024-05-24,13:00,15:00,2000,서초,삼성전자 서초사옥 앞,서초동,0,0
2024-05-24,13:00,16:30,400,종로|남대문,시의회 앞 인도 및 2개 차로 ⇄ 조선호텔 (시의회 → 대한문 → 더플라자호텔 → 웨스틴조선호텔,세종대로,1,1
2024-05-24,16:00,20:00,300,송파,몽촌토성역 1出 ⇄ 올림픽공원남4문 (몽촌토성역 1出 → 2出 → 올림픽공원남4문 → 몽촌토성역 1出),신천동,1,0
2024-05-24,20:00,21:00,200,노원,호산나교회 앞 인도,하계동,0,0
2024-05-25,13:00,16:00,27000,종로|남대문,동화면세점 앞~시의회 앞 인도 및 진행방향 전차로,세종대로,0,1
2024-05-25,13:00,16:00,500,종로,정부서울청사 북측,세종대로,0,0
2024-05-25,14:00,16:30,500,종로,교보빌딩 남측 ⇄ 인사동길 (교보빌딩 남측 → 세종대로 → 인사동길 → 종로2가 → 교보빌딩),세종대로 등,1,0
2024-05-25,14:00,17:00,500,용산,전쟁기념관 앞 인도 ⇄ 용산우체국 (전쟁기념관 앞 → 삼각지역 7出 → 신용산역 4出 →,용산동 등,1,0
2024-05-25,14:00,17:00,1000,종로|남대문|용산,종각역 → 용산솔밭어린이공원 (종각역 → 숭례문 → 솔밭어린이공원),세종대로 등,1,0
2024-05-25,15:00,16:30,3000,영등포,산업은행 측면,여의도,0,0
2024-05-25,15:00,16:30,10000,남대문,서울역 3出~숭례문 전차로,남대문로,0,1
2024-05-25,15:30,20:00,1000,용산,삼각지파출소 앞 2개 차로,용산동,0,1
2024-05-25,16:30,17:00,10000,남대문,서울역 4出 앞 → 舊삼성본관 건너편 (서울역 4出 → 숭례문 → 舊삼성본관 건너편 ),세종대로,1,0
2024-05-25,17:00,18:30,10000,용산,삼각지역 1出 앞 2개 차로,용산동,0,1
2024-05-25,17:00,20:00,10000,종로|남대문,舊삼성본관 건너편 3~4개 차로 → 프레스센터 (舊삼성본관 → 을지로입구역 → 종각 → 프레스센터),세종대로,1,1
2024-05-26,09:30,11:00,1000,구로,평강제일교회 앞,오류동,0,0
2024-05-26,10:30,18:00,100,마포,농수산물시장 및 월드컵경기장 앞,성산동,0,0
2024-05-26,11:00,14:00,10000,종로|남대문,동화면세점 앞~시의회 앞 인도 및 진행방향 전차로,세종대로,0,1
2024-05-26,12:00,14:00,150,남대문,한양교회 앞,남산동,0,0
2024-05-26,15:00,18:00,300,종로,교보빌딩 앞 인도 및 1개 차로,세종대로,0,1
2024-05-27,10:00,11:00,500,구로,평강제일교회 앞,오류동,0,0
2024-05-27,11:00,12:30,100,서초,정곡빌딩 서관 앞 1개 차로,서초동,0,1
2024-05-27,11:30,12:30,150,영등포,금산빌딩 앞 인도,여의도,0,0
2024-05-27,12:00,18:00,100,서초,정곡빌딩 남관 앞 인도 및 1개 차로,서초동,0,1
2024-05-28,11:00,18:00,500,영등포,여의도지구대 앞 인도,여의도동,0,0
2024-05-28,14:00,16:00,200,영등포,국민은행 서관 앞 (국민은행 서관 → 글래드호텔 → KBS정문 → 한국수출입,여의도동,1,0
2024-05-28,15:00,17:00,500,강동,강동구청 앞 인도,성내동,0,0
2024-05-28,18:00,21:00,500,종로,동화면세점 앞 인도,세종대로,0,0
2024-05-29,12:00,13:00,300,종로,써머셋 앞 인도 및 1개 차로,수송동,0,1
2024-05-29,14:00,16:30,500,종로,보신각 앞,관철동,0,0
2024-05-29,15:30,16:30,300,영등포,국민은행 서관 앞,도화동 등,0,0
2024-05-29,19:00,20:00,500,구로,평강제일교회 정문 앞 이면도로,오류동,0,0
2024-05-30,09:30,13:00,200,수서,SH공사 정문 앞 인도,개포동,0,0
2024-05-30,10:00,11:00,500,구로,평강제일교회 정문 앞 이면도로,오류동,0,0
2024-05-30,14:00,17:00,1000,영등포,국회의사당역 5出 앞 (국희의사당 5出 → 국민의힘 → 조국혁신당 → 민주당),여의도동,1,0
2024-05-30,21:00,22:00,600,남대문,대한문 앞 인도 및 1개 차로,정동,0,1
2024-05-31,09:00,13:00,300,송파,서울올림픽파크텔 앞 인도,방이동,0,0
2024-05-31,09:00,18:00,100,서초,정곡빌딩 남관 앞 인도 및 1개 차로,서초동,0,1
2024-05-31,17:00,18:00,100,서초,정곡빌딩 남관 앞 인도 및 1개 차로,서초동,0,1
2024-06-01,13:00,16:00,10000,종로,동화면세점 앞~원표공원 앞 인도 및 진행 방향 全 차로,세종대로,0,1
2024-06-01,13:00,19:30,100000,종로|남대문|서대문,코리아나호텔~대한문 진행 방향 全 차로 (대한문 → 세종대로 → 서대문역 → 대한문),세종대로 등,1,1
2024-06-01,13:00,19:30,100000,종로|남대문|서대문,시청역 8出~숭례문 진행 방향 全 차로 (대한문 → 세종대로 → 서대문역 → 대한문),세종대로 등,1,1
2024-06-01,14:00,19:30,20000,종로|남대문|중부,종각역 사거리~을지로입구역 진행 방향 全 차로 (종각역 → 종로2가 → 을지로입구역),을지로 등,1,1
2024-06-01,14:00,16:00,500,용산,루터교회~BMW한남전시장 앞 1개 차로,한남동,0,1
2024-06-01,14:00,16:00,2000,남대문|중부|혜화,이화사거리~서울대병원 앞 (이화사거리 → DDP → 퇴계로 → 회현역),청진동,1,0
2024-06-01,15:00,16:30,1000,남대문,베를린광장~장통교 앞,장교동,0,0
2024-06-01,15:00,17:00,10000,남대문,서울역 4出~숭례문 全 차로,남대문로,0,1
2024-06-01,15:30,20:00,1000,용산,삼각지파출소 앞 2개 차로,용산동,0,1
2024-06-01,16:00,17:00,500,용산,한강진역 1出 → 이태원광장 (한강진역 1出 → 이태원역 1出 → 녹사평 → 이태원광장),한강대로 등,1,0
2024-06-01,17:00,18:30,10000,용산,삼각지역 1出 앞 2개 차로,용산동,0,1
2024-06-01,16:30,17:00,10000,남대문,서울역 4出 → 시청역 7出 (서울역 4出 → 숭례문 → 시청역 7出),세종대로,1,0
2024-06-01,17:00,18:30,1000,남대문|용산,서울역 4出 → 전쟁기념관 북문 앞 (서울역 4出 → 삼각지 → 전쟁기념관 북문),한강대로 등,1,0
2024-06-02,09:00,11:00,100,양천,강서중앙교회 앞,신월동,0,0
2024-06-02,09:30,11:00,1000,구로,평강제일교회 앞,오류동,0,0
2024-06-02,11:00,14:00,10000,종로|남대문,동화면세점~시의회 진행 방향 全 차로,세종대로,0,1
2024-06-02,12:00,14:00,200,종로|남대문,시청 서편 인도 및 1개 차로 → 보신각 (시청 서편 → 세종대로 → 보신각),태평로 1가,1,1
2024-06-02,12:00,15:30,200,중부,DDP 서측 인도,을지로7가,0,0
2024-06-03,10:00,11:00,500,구로,평강제일교회 앞,오류동,0,0
2024-06-03,11:00,12:00,200,종로,서울경찰청 앞 좌측 인도 및 1개 차로,내자동,0,1
2024-06-03,11:00,12:30,100,서초,정곡빌딩 서관 앞 1개 차로,서초동,0,1
2024-06-03,11:00,13:00,200,종로,보신각 앞 (보신각 → 종각역 5出 → 을지로입구역 → 서린사거리 → 광화문우체국),관철동 등,1,0
2024-06-04,10:00,16:00,30,성동,크래프톤타워 건설현장 앞,성수동,0,0
2024-06-04,11:00,11:30,5000,영등포,국회 앞,여의도동,0,0
2024-06-04,11:00,12:00,50,중부,리라초교 앞,예장동,0,0
2024-06-04,12:00,13:30,300,서초,중앙지검 서문 앞,서초동,0,0
2024-06-04,16:00,17:00,100,종로,동화면세점 앞,세종대로,0,0
2024-06-05,10:00,12:30,100,종로|남대문,그랜드센트럴 → 영풍빌딩 (그랜드센트럴 → 숭례문 → 시청서편 → 세종대로 → 영풍빌딩),서린동 등,1,0
2024-06-05,10:00,14:00,100,서대문,신촌 유플렉스 앞,창천동,0,0
2024-06-05,18:00,20:00,500,용산,전쟁기념관 앞 인도,용산동,0,0
2024-06-05,18:30,20:00,499,용산,전쟁기념관 앞,용산동,0,0
2024-06-05,19:00,20:00,500,구로,평강제일교회 정문 앞 이면도로,오류동,0,0
2024-06-06,10:00,11:00,500,구로,평강제일교회 정문 앞 이면도로,오류동,0,0
2024-06-06,13:00,18:00,37000,종로|남대문|용산,동화면세점~대한문 앞 인도 및 편도 전 차로 → 전쟁기념관 (시의회 → 숭례문 → 서울역 → 숙대입구역 → 전쟁기념관),세종대로,1,1
2024-06-06,14:00,18:00,100,종로,교보빌딩 앞 인도 및 1개 차로,세종대로,0,1
2024-06-07,09:00,18:00,100,서초,정곡빌딩 남관 앞 인도 및 1개 차로,서초동,0,1
2024-06-07,11:00,14:00,500,강남,경남제약 앞,논현동,0,0
2024-06-07,15:00,18:00,150,동작,동작구청 앞 인도,노량진동,0,0
2024-06-08,13:00,16:00,10000,종로,동화면세점 앞 인도,세종대로,0,0
2024-06-08,14:00,16:00,300,마포,홍대입구역 4出 → 신촌역 8出,동교동 등,1,0
2024-06-08,14:00,16:00,300,종로,정부서울청사 → 영풍빌딩 (정부서울청사 → 광화문 → 세종대로 → 영풍빌딩),세종대로 등,1,0
2024-06-08,14:00,16:00,500,용산,루터교회~BMW한남전시장 앞 1개 차로,한남동,0,1
2024-06-08,14:00,16:30,500,종로|남대문,효령빌딩 앞 인도 ⇄ 안국 (효령빌딩 → 광교 → 종각 → 세종대로 → 광화문 →안국,세종대로 등,1,0
2024-06-08,14:00,18:00,700,종로|남대문,열린송현공원 → 시청 동편 (열린송현공원 → 광화문 → 세종대로 → 시청 동편),세종대로 등,1,0
2024-06-08,15:30,20:00,1000,용산,삼각지PB 앞 2개 차로,용산동,0,1
2024-06-08,16:00,17:00,500,용산,한강진역 1出 앞 → 이태원광장 (한강진역 1出 → 이태원역 1出 녹사평 → 이태원광장),한남동 등,1,0
2024-06-08,17:00,18:30,10000,용산,삼각지역 1出 앞 2개 차로,용산동,0,1
2024-06-08,17:00,20:00,10000,종로|남대문,舊삼성본관 건너편 4개 차로 → 광화문역 2出 (파이낸스 북측 → 청계남로 → 광교 → 종각 → 세종대로,세종대로 등,1,1
2024-06-09,09:00,11:30,100,강남,봉은사 앞 인도,삼성동,0,0
2024-06-09,09:30,11:00,1000,구로,평강제일교회 앞,오류동,0,0
2024-06-09,11:00,14:00,10000,종로|남대문,동화면세점~시의회 인도 및 편도 5개 차로,세종대로,0,1
2024-06-09,15:00,18:00,300,종로,교보빌딩 앞 인도 및 1개 차로,세종대로,0,1
2024-06-10,07:00,16:00,150,남대문,회현역 7出 효성중공업 앞,회현동,0,0
2024-06-10,09:00,17:00,100,남대문,SK남산빌딩 앞 인도,회현동,0,0
2024-06-10,10:00,11:00,500,구로,평강제일교회 앞,오류동,0,0
2024-06-10,14:00,16:30,300,종로,서울경찰청 정문 앞 좌측 인도 및 1개 차로,내자동,0,1
2024-06-11,11:30,12:30,50,용산,신동아건설 앞,이촌동,0,0
2024-06-11,11:30,13:30,50,종로,정부서울청사 후문 앞,세종대로,0,0
2024-06-11,12:00,13:30,60,서초,중앙지검 서문 앞,서초동,0,0
2024-06-11,17:30,18:30,50,남대문,파이낸스센터~시청서편 앞,명동,0,0
2024-06-12,10:30,12:00,1000,수서,포스코센터 앞,대치동,0,0
2024-06-12,14:00,16:30,10000,영등포,한화손보빌딩 앞,여의도동,0,0
2024-06-12,14:00,16:30,5000,종로|남대문,동화면세점~코리아나 호텔 앞,태평로1가,0,0
2024-06-12,16:00,18:00,300,용산,전쟁기념관 앞,용산동,0,0
2024-06-12,19:00,20:00,1000,종로,동화면세점 앞,세종대로,0,0
2024-06-12,19:00,20:00,500,구로,평강제일교회 정문 앞,오류동,0,0
2024-06-13,11:30,13:00,60,서초,중앙지검 서문 앞,서초동,0,0
2024-06-13,13:00,15:00,4000,영등포,산업은행 측면 2개차로,여의도동,0,1
2024-06-13,14:00,15:00,50,성북,성북구청 앞,삼선동,0,0
2024-06-13,19:00,20:30,300,남대문,서울시청 동편,태평로1가,0,0
2024-06-13,19:00,20:30,100,남대문,세종호텔 앞,명동,0,0
2024-06-14,10:00,12:00,30,마포,마포구청 광장 인도,성산동,0,0
2024-06-14,11:00,14:00,200,남대문,덕수궁 돌담길,정동,0,0
2024-06-14,12:00,18:00,100,서초,정곡빌딩 남관 앞,서초동,0,0
2024-06-14,14:00,17:00,50,강서,LG사이언스파크 W6 앞,마곡동,0,0
2024-06-14,14:00,18:00,150,동작,사당로 276 성보빌딩 앞,사당동,0,0
2024-06-15,14:00,17:00,10000,영등포,여의도 환승센터 → 의사당역 2·5出,여의도동,1,0
2024-06-15,14:00,16:00,500,용산,루터교회~신동빌딩 앞,한남동,0,0
2024-06-15,14:30,16:30,1000,종로,보신각 → 서울시청 동편,관철동 등,1,0
2024-06-15,15:00,17:00,2000,종로|남대문,수운회관 앞 → 시민열린마당,삼일대로 등,1,0
2024-06-15,16:00,17:00,500,중부|용산,한강진역 1出 → 이태원광장,한남동 등,1,0
2024-06-15,17:00,18:30,10000,용산,삼각지역 1出 앞,용산동,0,0
2024-06-16,09:30,11:00,1000,구로,평강제일교회 앞,오류동,0,0
2024-06-16,11:00,14:00,10000,종로|남대문,동화면세점~시의회 인도 및 편동 5개차로,세종대로,0,1
2024-06-16,15:00,18:00,300,종로,교보빌딩 앞,세종대로,0,0
2024-06-17,08:00,09:00,1000,종로,세종대로 사거리 등,세종대로,0,0
2024-06-17,10:00,11:00,100,남대문,도시건축전시관 앞,태평로1가,0,0
2024-06-17,10:00,17:00,500,남대문,시의회 별관 앞,서소문동,0,0
2024-06-17,17:00,20:00,500,용산,전쟁기념관 앞,용산동,0,0
2024-06-18,14:00,15:30,1000,용산,전쟁기념관 앞,용산동,0,0
2024-06-18,14:30,16:30,20000,영등포,여의도 환승센터~마표대교 (마포대교 → 공여의공원로 → 공원6문),여의도동,1,0
2024-06-18,17:00,21:00,500,동작,대방동 주민센터 앞 인도,대방동,0,0
2024-06-19,12:00,13:00,300,종로,테라로사 건너편 1개 차로,수송동,0,1
2024-06-19,16:00,18:00,300,용산,전쟁기념관 앞 인도,용산동,0,0
2024-06-19,19:00,20:00,500,구로,평강제일교회 정문 앞 이면도로,오류동,0,0
2024-06-20,09:30,10:30,100,서대문,서대문구의회 앞 인도,연희동,0,0
2024-06-20,10:00,11:00,500,구로,평강제일교회 정문 앞 이면도로,오류동,0,0
2024-06-20,14:00,16:00,100,동작,동작구청 앞 인도,노량진동,0,0
2024-06-20,17:30,18:30,200,종로,정부서울청사 후문 앞,세종로,0,0
2024-06-21,14:00,16:30,200,영등포,의사당역 2出 앞 ⇄ 與野당사,,0,0
2024-06-21,14:00,18:00,150,동작,,노량진동,0,0
2024-06-21,17:00,18:00,100,서초,정곡빌딩 남관 앞 인도 및 1개 차로,서초동,0,1
2024-06-21,17:00,20:00,500,용산,전쟁기념관 앞 인도,용산동,0,0
2024-06-22,10:00,12:00,10000,영등포,마포대교 남단~여의도 환승센터,여의도동,0,0
2024-06-22,12:30,14:10,3000,남대문|서대문,경찰청 → 舊 삼성본관 (경찰청 → 염창교 → 서울역 → 숭례문 → 舊 삼성본관),미근동 등,1,0
2024-06-22,12:30,14:10,2000,남대문,청계남로 → 舊 삼성본관 (청계남로 → 무교동 → 舊 삼성본관),태평로2가,1,0
2024-06-22,13:00,14:00,0,남대문,숭례문~시청역 8出,태평로2가,0,0
2024-06-22,13:00,16:00,10000,종로,동화면세점 앞 인도,세종대로,0,0
2024-06-22,13:00,14:10,1000,남대문,서울역 3出~舊 삼성본관 (서울역 3出 → 숭례문 → 舊 삼성본관),태평로2가,1,0
2024-06-22,14:00,16:00,500,용산,루터교회~신동빌딩 앞 1개 차로,한남동,0,1
2024-06-22,14:30,17:30,50000,남대문|용산|서대문,숭례문~시청역 8出 / 시청역1出 대한문 → 남영 (숭례문 → 서울역 → 남영 / 시청역 8出 → 경찰청 → 서울역),태평로2가 등,1,0
2024-06-22,15:30,17:00,10000,용산,전쟁기념관 북문 2개 차로,용산동,0,1
2024-06-22,15:30,20:00,1000,용산,삼각지파출소 앞 2개 차로,용산동,0,1
2024-06-22,16:00,17:00,500,용산,한강진역 1出 → 이태원광장 (한강진역 1出 → 이태원역 1出 → 녹사평 → 이태원광장),한남동 등,1,0
2024-06-22,16:00,17:00,3000,종로|남대문,광화문광장 → 태평R (광화문광장 → 세종R → 종로1R → 광교남단 → 청계남로,세종대로 등,1,0
2024-06-22,17:00,18:30,10000,남대문,시청역 8出~숭례문R 편도 全 차로,세종대로,0,1
2024-06-23,09:30,11:00,1000,구로,평강제일교회 앞,오류동,0,0
2024-06-23,14:00,17:30,1500,종로|남대문|중부,영풍빌딩 앞 2개 차로 → 예금보험공사 (①영풍빌딩 → 청계남로 → 파이낸스 → 시청 → 을지로1R → 종로1R → 종로2R → 인사동길 → 안국R → 광화문R → 세종R → 청계남로 → 예금보험공사 ②영풍빌딩 → 청계,종로1가 등,1,1
2024-06-23,15:00,18:00,300,종로,교보빌딩 앞 인도 및 1개 차로,세종대로,0,1
2024-06-23,19:00,20:30,100,용산,용산역 광장,한강로3가,0,0
2024-06-24,10:00,11:00,500,구로,평강제일교회 앞,오류동,0,0
2024-06-24,10:00,11:30,1000,영등포,의사당역 3出 앞,여의도동,0,0
2024-06-24,17:00,18:00,100,용산,새꿈어린이공원,동자동,0,0
2024-06-25,08:00,10:00,500,마포,LG헬로비전 본사 앞,상암동,0,0
2024-06-25,12:00,15:00,700,남대문|중부,서울고용노동청 앞,장교동,0,0
2024-06-25,13:00,15:00,300,서초,KCC 본사 앞,서초동,0,0
2024-06-25,14:00,15:00,1500,영등포,의사당역 2~3出 앞,여의도동,0,0
2024-06-25,15:00,16:00,500,용산,용산역 광장,한강로3가,0,0
2024-06-26,10:00,16:00,300,남대문,시의회 별관 앞,태평로1가,0,0
2024-06-26,10:30,11:30,600,송파,고용노동부 서울동부지청 앞,가락동,0,0
2024-06-26,13:00,15:00,500,동대문,동대문구청 광장 앞,용두동,0,0
2024-06-26,15:00,16:00,150,용산,전쟁기념관 앞 인도,용산동,0,0
2024-06-26,18:30,19:30,499,용산,전쟁기념관 앞,용산동,0,0
2024-06-26,19:00,20:30,1000,종로,동화면세점 앞,세종대로,0,0
2024-06-27,09:00,15:00,300,남대문,시의회 별관 앞,서소문동,0,0
2024-06-27,09:00,17:00,500,중부,DDP 서편 인도,을지로6가,0,0
2024-06-27,10:00,11:00,1000,구로,평강제일교회 앞,오류동,0,0
2024-06-27,10:30,13:00,1000,종로|남대문,정부청사 북측 → 시청 서측,도렴동,1,0
2024-06-27,14:00,15:30,3000,영등포,익스콘벤처타워 앞,여의도동,0,0
2024-06-28,09:30,10:10,200,수서,현대차 국내사업본부 앞,역삼동,0,0
2024-06-28,11:00,12:00,200,강북,강북구청 앞,수유동,0,0
2024-06-28,13:20,14:20,200,남대문,서울시의회 본관,태평로1가,0,0
2024-06-28,16:00,17:10,300,남대문,그랜드센트럴 앞 → 서울시청,남대문로5가 등,1,0
2024-06-28,16:00,18:00,100,영등포,영등포구청 앞,당산동,0,0
2024-06-28,17:30,18:30,200,남대문,서울시청 동편,태평로1가,0,0
2024-06-29,13:00,16:00,10000,종로,동화면세점 앞,세종대로,0,0
2024-06-29,14:00,15:30,500,용산,루터교회~신동빌딩 앞,한남동,0,0
2024-06-29,14:00,16:30,500,종로|남대문,교보빌딩 남측 인도 → 효령빌딩,무교동 등,1,0
2024-06-29,15:30,20:00,1000,중부|용산,삼각지파출소 앞,용산동,0,0
2024-06-29,17:00,18:00,10000,남대문,태평R~舊삼성본관 건너편 4개차로,세종대로,0,1
2024-06-29,17:00,18:30,10000,용산,삼각지역 1出 앞,용산동,0,0
2024-06-29,17:00,20:00,500,용산,한강진역 2出 → 용산역 잔디광장,한남동 등,1,0
2024-06-29,18:00,19:30,10000,종로|남대문,태평R → 광화문역 2出 건너편,세종대로 등,1,0
2024-06-30,09:30,11:00,1000,구로,평강제일교회 앞,오류동,0,0
2024-06-30,10:00,15:00,30,강서,치유하는교회 앞,화곡동,0,0
2024-06-30,15:00,18:00,300,종로,교보빌딩 앞,세종대로,0,0
2024-07-01,09:30,14:00,50,서대문,서대문구청 앞,연희동,0,0
2024-07-01,10:00,11:00,500,구로,평강제일교회 앞,오류동,0,0
2024-07-01,10:00,12:00,30,강서,강서구청 앞 ⇆ 우장산공원 공영주차장,화곡동,1,0
2024-07-01,14:00,16:00,2000,영등포,이룸센터~더샾아일랜드,여의도,0,0
2024-07-01,16:00,18:30,2000,영등포|마포,이룸센터 → 5호선 애오개역,태평로1가,1,0
2024-07-01,20:00,22:00,3000,영등포,이룸센터 앞 3개차로,여의도,0,1
2024-07-02,11:00,12:00,1000,영등포,이룸센터 인도 및 보조도로 → 與野당사 (이룸센터 앞 → 의사당대로 → 여의공원로 → 복음로,여의도,1,0
2024-07-02,13:00,15:00,500,용산,전쟁기념관 앞 (전쟁기념관 북문 건너편 → 용산역 → 한강로지구대 → 전쟁기념관),용산동1가,1,0
2024-07-02,14:00,17:00,300,종로,청진공원 앞,청진동,0,0
2024-07-02,16:00,19:00,150,남대문|마포|서대문,경총회관 앞 인도 및 1개 차로 → 파이낸스빌딩 (경총회관 →공덕역 → 애오개역 → 충정로역 → 태평R → 파이낸스빌딩),대흥동 등,1,1
2024-07-02,19:00,20:30,300,종로,동화면세점 앞,세종로,0,0
2024-07-03,09:00,11:00,200,강남,한국레미콘 공업협회 앞,논현동,0,0
2024-07-03,12:00,13:00,300,종로,경복궁주유소 좌·우측 인도 및 1개 차로,중학동,0,1
2024-07-03,13:30,16:30,10000,영등포,산업은행~의사당역 2出 진행방향 4개 차로 (산업은행 → 여의공원로 → 은행로 → 산업은행),여의도,1,1
2024-07-03,15:00,16:00,200,종로,정부서울청사 후문 앞,세종대로,0,0
2024-07-03,19:00,20:00,1000,구로,평강제일교회 정문 앞 이면도로,오류동,0,0
2024-07-04,10:00,11:00,500,구로,평강제일교회 정문 앞 이면도로,오류동,0,0
2024-07-04,10:00,11:30,1000,종로,보신각 앞 인도,관철동,0,0
2024-07-04,11:00,18:00,300,종로,교육청 앞 인도 및 1개 차로,신문로,0,1
2024-07-04,14:00,16:30,5000,영등포,산업은행~의사당역 3出 2~4개 차로 → 국민의힘 당사 (산업은행 → 여의공원로 → 순복음R → 국민의힘),여의도,1,1
2024-07-04,19:00,20:00,200,영등포,이레빌딩 앞,양평동,0,0
2024-07-05,09:00,18:00,100,서초,정곡빌딩 남관 앞 인도 및 1개 차로,서초동,0,1
2024-07-05,12:00,17:00,200,노원,JW컨벤션웨딩홀 앞 인도,월계동,0,0
2024-07-05,16:30,18:00,100,남대문,고용노동청 앞,장교동,0,0
2024-07-06,12:30,14:00,25000,종로|남대문|서대문,정부청사 북측 → ①서울역 ②시청동편 (①세종R → 서대문R → 서울역),적선동 등,1,0
2024-07-06,12:30,13:30,500,종로,세종문화회관 → 정부청사 북측 (세종문화회관 → 외교부 → 정부청사 후문),세종대로,1,0
2024-07-06,13:00,16:00,10000,종로,동화면세점 앞 인도,세종대로,0,0
2024-07-06,13:20,14:00,500,종로,포시즌스호텔 → 적선현대빌딩 (포시즌스호텔 → 세종문화회관 뒤 → 하나은행 내자지점 → 현대빌딩),세종대로,1,0
2024-07-06,14:00,16:30,500,종로|남대문,교보빌딩 남측 인도 → 효령빌딩 (교보빌딩 → 세종대로 → 광화문 → 인사동길 → 보신각,무교동 등,1,0
2024-07-06,15:00,17:00,500,,시청 동편 인도 및 2개 차로,세종대로,0,1
2024-07-06,15:30,20:30,1000,용산,삼각지파출소 앞 2개 차로,용산동,0,1
2024-07-06,16:00,17:30,10000,용산,삼각지역 1出 앞 2개 차로,용산동,0,1
2024-07-06,16:30,19:00,500,종로|남대문,남대문광장 ⇄ SC제일은행 (남대문광장 → 보신각 → SC제일은행 → 숭례문 → 남대문광장),남대문로,1,0
2024-07-06,18:00,20:30,10000,남대문,숭례문~舊삼성본관 앞 4개 차로 → 숭례문 (숭례문 → 한국은행 → 을지로입구 → 시청서편 → 숭례문),세종대로 등,1,1
2024-07-07,09:30,11:00,1000,구로,평강제일교회 앞,오류동,0,0
2024-07-07,13:00,15:00,100,구로,오류동교회 정문 앞,오류동,0,0
2024-07-07,15:00,17:00,200,종로,채널A 앞 인도,세종대로,0,0
2024-07-07,18:00,21:00,500,종로,동화면세점 앞 인도,세종대로,0,0
2024-07-08,10:00,11:00,500,구로,평강제일교회 앞,오류동,0,0
2024-07-08,12:00,18:00,100,서초,정곡빌딩 남관 앞 인도 및 1개 차로,서초동,0,1
2024-07-08,18:00,20:00,500,용산,전쟁기념관 앞 인도,용산동,0,0
2024-07-09,07:00,08:30,100,광진,구의공원 앞 인도,구의동,0,0
2024-07-09,11:00,14:00,300,종로,시교육청 앞 인도 및 1개 차로,신문로,0,1
2024-07-09,16:00,20:00,500,종로,동화면세점 앞 인도,세종대로,0,0
2024-07-09,19:00,20:00,500,종로|남대문|중부,고용노동청 앞 → 일민미술관 (고용청 → 을지로입구역 → 시청 → 일민미술관),장교동 등,1,0
2024-07-10,11:00,12:00,5000,영등포,의사당역 5出 앞,여의도동,0,0
2024-07-10,13:00,15:00,500,영등포,영등포구청역 2出 앞 1개 차로,당산동,0,1
2024-07-10,14:00,15:00,1000,영등포,국민의힘 앞 → 의사당역 5出 (국민의힘 → 국회대로 → 민주당사 → 은행로 → 의사당역 5出),여의도동,1,0
2024-07-10,14:00,15:00,3000,영등포,한국경제인연합회 → 의사당역 5出 (한경협 → 서울교 → 여의대로 → KBS → 의사당역 5出),여의도동,1,0
2024-07-10,15:00,16:00,5000,영등포,의사당역 5出~잠사회관 앞,여의도동,0,0
2024-07-10,19:00,20:00,1000,구로,평강제일교회 정문 앞 이면도로,오류동,0,0
2024-07-11,10:00,11:00,500,구로,평강제일교회 정문 앞 이면도로,오류동,0,0
2024-07-11,11:00,14:00,300,종로|강북,교육청 앞 인도 및 1개 차로 ⇄ 서울적십자병원 (시교육청 → 돈의문박물관 → 서울적십자병원 → 강북,신문로,1,1
2024-07-11,14:00,17:00,150,강남,강남경찰서 앞,대치동,0,0
2024-07-11,15:20,19:30,300,중부,매경미디어센터 앞 인도 및 맞은편 북측 이면도로,필동1가,0,0
2024-07-12,06:00,09:00,100,용산,유엔빌리지 앞,한남동,0,0
2024-07-12,14:00,18:00,150,동작,동작구청 앞 인도,노량진동,0,0
2024-07-12,16:00,17:00,100,서초,서울중앙지검 앞 인도,서초동,0,0
2024-07-12,18:00,19:00,100,서초,정곡빌딩 남관 앞 인도 및 1개 차로,서초동,0,1
2024-07-13,13:00,16:00,10000,종로,동화면세점 앞,세종대로,0,0
2024-07-13,14:00,16:00,5000,영등포,의사당역 2出~산업은행 측면,여의도동,0,0
2024-07-13,16:00,17:30,10000,용산,삼각지역 1出 앞,용산동,0,0
2024-07-13,16:00,16:40,500,남대문,남대문광장 → 중앙우체국,남대문로 등,1,0
2024-07-13,16:40,18:20,500,남대문,을지로입구~남대문광장,남대문로,0,0
2024-07-13,17:00,20:00,10000,종로|남대문,세종R~크레센도빌딩 앞 집회 後 → 정부서울청사 북측 행진 (유동적),세종대로 등,1,0
2024-07-13,18:00,20:30,10000,종로|남대문,숭례문R~舊삼성본관 건너편 집회 後 → 광화문역 2出 건너편,세종대로 등,1,0
2024-07-14,09:30,11:00,1000,구로,평강제일교회 앞,오류동,0,0
2024-07-14,15:00,18:00,300,종로,교보빌딩 앞,세종대로,0,0
2024-07-15,10:00,11:00,500,구로,평강제일교회 앞,오류동,0,0
2024-07-15,11:00,13:00,100,종로,보신각 앞 인도 ⇄ 무교R,관철동,0,0
2024-07-15,11:00,15:00,200,마포,월드타운 대림아파트 정문 건너편 인도,성산동,0,0
2024-07-15,14:00,16:00,200,종로,정부서울청사 후문 앞,세종대로,0,0
2024-07-16,11:40,14:00,1000,종로|남대문,서울광장 ⇄ 안국R (서울광장 → 세종대로 → 안국R → 을지로입구역 → 서울광장),태평로1가,1,0
2024-07-16,16:00,17:00,100,종로,동화면세점 앞 인도,세종대로,0,0
2024-07-16,16:00,18:00,150,강남,GBC 건설현장 남문 앞 인도 ⇄ 봉은사로 108길 (건설현장 남문 → 영동대로변 → 북문 → 봉은사로 108길 → 남문),삼성동,1,0
2024-07-16,19:00,23:59,100,마포,상암 DDMC 동문 출입구 앞 인도 및 1개 차로,상암동,0,1
2024-07-17,11:00,13:00,1200,강남,현대모비스 앞,역삼동,0,0
2024-07-17,15:00,17:00,1000,영등포,민주당사 앞 → 국회의사당역 2·3出 (민주당사 앞 → 우2사거리 → 국민은행 서관 골목길,여의도동,1,0
2024-07-17,16:00,18:00,300,용산,전쟁기념관관 앞 인도,용산동,0,0
2024-07-17,19:00,20:00,500,구로,평강제일교회 정문 앞 이면도로,오류동,0,0
2024-07-18,10:00,11:00,500,구로,평강제일교회 정문 앞 이면도로,오류동,0,0
2024-07-18,10:30,14:00,500,중랑,중랑구청 앞 인도 ⇄ 봉화산역 5出 (중랑구청 → 신내10단지 → 봉화지구대 → 신내6단지 → 봉화산역 5出 → 홈플러스 신내점 → 신내어울공원,신문로,1,0
2024-07-18,15:00,17:00,150,동작,동작구청 앞 인도,노량진동,0,0
2024-07-18,19:00,00:30,100,영등포,KBS 별관 앞,여의도동,0,0
2024-07-19,10:30,12:00,200,용산,푸르지오써밋 앞,한강로2가,0,0
2024-07-19,13:00,15:00,500,영등포,영등포구청 앞 인도 및 1개차로 →영등포역,당산동,1,1
2024-07-19,18:00,19:30,500,종로,동화면세점 앞,세종대로,0,0
2024-07-19,18:00,22:00,1000,종로,보신각 앞 인도,관철동,0,0
2024-07-20,13:00,16:00,10000,종로,동화면세점 앞 인도,세종대로,0,0
2024-07-20,14:00,16:30,500,종로|남대문,교보빌딩 인도 집회 후 행진(→명동역6出),무교동 등,1,0
2024-07-20,16:00,17:30,10000,용산,삼각지역 1出 앞,용산동,0,0
2024-07-20,16:00,19:00,10000,남대문,숭례문사거리~舊삼성본관 4개차로 집회 후 행진(→태평사거리),태평로 등,1,1
2024-07-20,18:00,21:00,500,종로,동화면세점 앞 인도,세종대로,0,0
2024-07-21,09:30,11:00,1000,구로,평강제일교회 앞,오류동,0,0
2024-07-21,13:00,15:00,500,용산,전쟁기념관 앞 → 몬드리안 호텔,용산동,1,0
2024-07-21,13:00,15:00,100,강서,선민교회 앞,화곡동,0,0
2024-07-22,10:00,11:00,500,구로,평강제일교회 앞,오류동,0,0
2024-07-22,14:00,15:30,100,종로|남대문,정부서울청사 → 삼일교,적선동 등,1,0
2024-07-22,14:00,16:00,300,종로,정부서울청사 정·후문 앞,세종대로,0,0
2024-07-22,15:00,17:00,100,영등포,국민은행 서관 앞,여의도동,0,0
2024-07-23,07:00,08:30,100,광진,구의공원 앞 인도,구의동,0,0
2024-07-23,10:30,11:30,200,남대문,고용청 앞,장교동,0,0
2024-07-23,18:30,20:00,300,강서,서울도시가스 본사 앞,염창동,0,0
2024-07-24,12:00,13:00,300,종로,경복궁주유소 앞 인도 및 1개차로,중학동,0,1
2024-07-24,16:00,18:00,300,용산,전쟁기념관 앞 인도,용산동,0,0
2024-07-24,18:30,20:00,500,종로,동화면세점 앞,세종대로,0,0
2024-07-24,19:00,20:00,500,구로,평강제일교회 정문 앞,오류동,0,0
2024-07-25,08:30,10:00,150,용산,전쟁기념관 앞,용산동,0,0
2024-07-25,10:00,11:00,500,구로,평강제일교회 앞,오류동,0,0
2024-07-25,10:00,13:00,1000,중랑,영안교회 앞 → 중랑구청,묵동,1,0
2024-07-25,13:00,17:00,200,종로,흥국생명 앞,신문로,0,0
2024-07-26,13:00,15:00,500,영등포,영등포구청 앞,당산로,0,0
2024-07-26,14:00,16:00,500,영등포,트윈타워 앞,여의도동,0,0
2024-07-26,18:00,19:00,100,서초,정곡빌딩 남관 앞,서초동,0,0
2024-07-27,10:00,16:00,100,영등포|구로|양천,궁동터널 → 태흥빌딩 (궁동너털 → 양천구청 → 오목교 → 영등포시장역 →,여의도 등,1,0
2024-07-27,11:00,12:00,500,종로,시민열린마당 서측 앞,세종대로,0,0
2024-07-27,14:00,17:00,10000,종로,동화면세점 앞,세종대로,0,0
2024-07-27,16:00,18:00,500,남대문|용산,전쟁기념관 앞 → 서울역광장,용산동 등,1,0
2024-07-27,16:00,18:30,300,남대문,①중앙우체국 앞 ②을지로입구~남대문광장 구간 양측 인도,명동 등,0,0
2024-07-27,17:00,18:30,400,종로,교보빌딩 앞 → 광화문역 2出 건너편 (교보빌딩 → 트윈타워 → 동십자R → 광화문R → 광화문역,용산동 등,1,0
2024-07-27,18:00,21:00,10000,용산,삼각지역 1出 앞,용산동,0,0
2024-07-27,18:00,21:00,500,종로,동화면세점 앞,세종대로,0,0
2024-07-27,18:00,19:00,10000,남대문,태평R~舊삼성본관 건너편,,1,0
2024-07-27,19:30,21:00,2000,용산,(용산역광장 → 용성R → 삼각지 어린이공원),한강대로 등,1,0
2024-07-28,08:00,18:00,300,종로|남대문|영등포|마포|서대문,국회의사당역 3出 → 옥수래미안리버젠 아파트 (국회의사당역 3出 → 광화문역 5出 → 전쟁기념관 북문,여의도동 등,1,0
2024-07-28,09:00,17:00,150,용산|성동|강북,북서울폴라리스 공사현장 앞,수유동,0,0
2024-07-28,09:30,11:00,1000,구로,평강제일교회 앞,오류동,0,0
2024-07-28,10:00,12:00,300,종로,교보빌딩 앞 → SK서린빌딩 (교보빌딩 → 광화문역 3出 건너편 → 정부청사 북측 →,세종대로 등,1,0
2024-07-29,08:00,11:00,120,동작,전문건설회관 앞,신대방동,0,0
2024-07-29,09:00,17:00,150,강북,북서울폴라리스 공사현장 앞,수유동,0,0
2024-07-29,10:30,11:00,50,서대문,경찰청 앞,미근동,0,0
2024-07-30,06:30,08:00,100,광진,구의공원 앞,구의동,0,0
2024-07-30,08:00,09:00,100,종로,서울시교육청 앞,신문로,0,0
2024-07-30,11:30,15:00,20,서초|강남,대검찰청 정문 앞 ⇄ 대법원 앞,서초동 등,0,0
2024-07-31,11:00,12:00,50,영등포,국회의사당역 2出 앞,여의도,0,0
2024-07-31,11:30,13:30,100,용산,용산구청 앞 → 전쟁기념관,이태원동,1,0
2024-07-31,12:00,13:00,300,종로,경복궁 주유소 앞,중학동,0,0
2024-07-31,16:00,18:00,300,용산,전쟁기념관 앞,용산동,0,0
2024-08-01,11:00,13:00,50,남대문,중앙우체국 앞,명동,0,0
2024-08-01,13:00,16:30,300,용산,전쟁기념관 앞 ⇄ 용산우체국,용산동,0,0
2024-08-01,17:00,21:00,100,영등포,국회 앞,여의도,0,0
2024-08-02,10:00,11:00,100,남대문,시청 동편 인도,태평로1가,0,0
2024-08-02,13:00,15:00,200,영등포,금감원 민원실 앞,여의도,0,0
2024-08-02,13:30,15:30,500,영등포,영등포구청역 2出 앞,당산동,0,0
2024-08-02,15:00,17:00,200,혜화,혜화역 2出 앞 인도 및 1개차로,동숭동,0,1
2024-08-02,17:00,21:00,100,영등포,국회 앞,여의도,0,0
2024-08-03,14:00,16:00,500,종로|남대문,"교보빌딩 남측 → 효령빌딩 ※ 경로(2.8km, 1개차로) : 교보빌딩→종로2R→을2R→",세종대로 등,1,1
2024-08-03,14:00,17:00,10000,종로,동화면세점 앞,세종대로,0,0
2024-08-03,15:00,16:00,120,종로,세종문화회관 중앙계단,세종대로,0,0
2024-08-03,16:00,18:30,300,남대문,중앙우체국 앞 인도 / 을지로입구~남대문광장,명동 등,0,0
2024-08-03,16:30,18:00,80,마포,"홍대입구역 2,3,4,9出 / 홍대입구역 사거리",동교동 등,0,0
2024-08-03,18:00,21:00,10000,용산,삼각지역 1出 앞,용산동,0,0
2024-08-03,18:00,21:00,2000,마포,"홍대입구역 8出 → 홍대거리 등 ※ 경로(2.1km, 2개차로) : 홍대입구R→홍익대→상상마 당→서교동R→홍대입구역 8出",동교동 등,1,1
2024-08-04,09:30,11:00,1000,구로,평강제일교회 앞,오류동,0,0
2024-08-04,10:00,16:00,70,영등포,대림역 10出 ↔ 다사랑어린이공원,대림동,1,0
2024-08-04,15:00,18:00,300,종로,교보빙딩 앞 인도 및 1개차로,세종대로,0,1
2024-08-05,09:00,16:00,150,동작,동작신용협동조합 본점 / 노량진점 / 성대점,상도동 등,0,0
2024-08-05,10:00,11:00,500,구로,평강제일교회 앞,오류동,0,0
2024-08-05,10:00,12:00,20,용산,전쟁기념관 앞 → 용산역잔디광장,이태원로 등,1,0
2024-08-05,12:00,13:00,30,남대문,서울중앙우체국 ↔ 명동예술극장,,1,0
2024-08-06,14:00,15:00,300,용산,전쟁기념관 앞,용산동,0,0
2024-08-06,15:00,17:00,5000,용산,서울역12出~트윈시티남산 인도 및 2개차로 집회 後 행진(→삼각지파출소),서린동,1,1
2024-08-07,12:00,13:00,300,종로,경복궁주유소 인도 및 2개차로,중학동,0,1
2024-08-07,14:00,14:30,500,종로,종로문화원 앞,중학동,0,0
2024-08-07,14:00,16:30,1000,강남,"벤츠 강남전시장 앞 ※행진경로(1km, 2개차로): 벤츠강남전시장 → 도산공원",신사동,1,1
2024-08-07,15:00,17:00,100,종로|혜화,서울중부교육지원청 앞,효제동,0,0
2024-08-07,19:00,20:00,500,구로,평강제일교회 앞,오류동,0,0
2024-08-08,13:30,15:00,1000,용산,삼각지파출소~지앤유기획 앞 1개차로 집회 後 행진(→전쟁기념관),용산동,1,1
2024-08-08,16:30,18:00,300,용산,용산역광장 앞,한강로3가,0,0
2024-08-08,19:00,20:30,500,종로|남대문|중부,세종문화회관 앞 집회 後 행진(동화면세점→서울 고용청),세종대로 등,1,0
2024-08-09,13:30,15:30,500,영등포,영등포구청역 2出 앞,영등포,0,0
2024-08-09,14:00,17:00,300,남대문|중부,국가인권위 → 대한항공빌딩 앞,저동 등,1,0
2024-08-09,19:00,21:00,3000,종로,보신각 ⇄ 을지로입구,관철동 등,0,0
2024-08-09,20:00,21:30,400,종로,보신각 앞,관철동,0,0
2024-08-11,09:30,11:00,1000,구로,평강제일교회 앞,오류동,0,0
2024-08-11,10:00,15:30,1000,종로|혜화,보신각·SC제일은행·종로타워 앞 ⇄ 종로3R,관철동,0,0
2024-08-11,11:00,16:00,300,남대문,시청 서편 → 부영태평빌딩,태평로1가,1,0
2024-08-12,07:30,08:20,100,강동,강동성심병원 앞,길동,0,0
2024-08-12,11:00,12:00,400,종로,보신각 앞,관철동,0,0
2024-08-12,11:00,14:00,100,구로,넷마블 본사 앞,구로동,0,0
2024-08-13,11:00,13:00,200,강남,아리지빌딩 앞,신사동,0,0
2024-08-13,12:00,12:30,300,용산,전쟁기념관 앞,용산동,0,0
2024-08-13,12:30,14:00,1000,영등포,LG트윈빌딩 앞,여의도동,0,0
2024-08-13,14:00,17:00,100,양천,서울남부지법 건너편 舊 폭스바겐 앞,신정동,0,0
2024-08-13,19:00,21:30,3000,종로|남대문,보신각 → 삼각지PB,관철동 등,1,0
2024-08-14,12:00,13:00,500,종로,경복궁 주유소 좌 우측 인도 및 2개차로,중학동,0,1
2024-08-14,18:30,20:00,500,종로,동화면세점 앞 인도,세종대로,0,0
2024-08-14,19:00,20:00,500,구로,평강제일교회 정문 좌측 공터,오류동,0,0
2024-08-15,13:00,18:00,27000,종로|남대문|용산,"동화면세점~도시건축전시관 앞 인도 및 편도 全차로 → 삼각지PB ※ 경로(3.8km, 2개차로): 도시건축전시관 → 숭례문R →",세종대로,1,1
2024-08-15,13:00,18:00,2000,종로|남대문,"대한문 앞 인도 및 3개 차로 ⇄ 안국R ※ 경로(3.4km, 2개차로): 대한문 → 을1R → 종1R → 안국R",세종대로 등,1,1
2024-08-15,15:00,19:00,1000,남대문|용산,"舊삼성본관 앞 → 솔밭어린이공원 ※ 경로(3km, 2개차로): 시청역 8出 → 숭례문R → 용중R →",세종대로 등,1,1
2024-08-15,14:00,16:30,500,종로|남대문,"효령빌딩 앞 ⇄ 종로1가R ※ 경로(3.8km, 2개차로): 효령빌딩 → 종로1R → 광화문R",세종대로 등,1,1
2024-08-15,13:00,17:00,5000,종로|남대문,"서울역광장 → 종로3R ※ 경로(2.9km, 2개차로): 서울역광장 → 한은R → 을입구R",세종대로 등,1,1
2024-08-15,10:30,12:00,120,종로,"탑골공원 → 교보빌딩 건너편 ※ 경로(1.2km, 1개차로): 탑골공원 → 세종R →교보빌딩 건너편",청진동 등,1,1
2024-08-15,18:30,20:00,500,영등포,더불어민주당사 앞,여의도동,0,0
2024-08-16,09:00,10:30,100,영등포,국회의사당 앞,여의도동,0,0
2024-08-16,09:00,18:00,100,서초,정곡빌딩 남관 앞 인도 및 1개 차로,서초동,0,1
2024-08-16,10:00,18:00,30,영등포,금융감독원 앞,여의도동,0,0
2024-08-16,11:15,12:15,50,남대문,서울시청 동편 인도,태평로1가,0,0
2024-08-16,13:30,14:30,500,영등포,영등포구청 앞,영등포동,0,0
2024-08-16,14:00,17:00,100,양천,서울남부지방법원 건너편 인도,신정동,0,0
2024-08-17,15:00,17:00,5000,종로|남대문|중부|용산,"세종R → KDB타워 앞 ※ 경로(3.9km, 2개차로): 세종R → 종로2R → 을2R → 한은",세종대로 등,1,1
2024-08-17,15:20,15:50,100,종로,대한역사박물관 앞 교통섬,세종대로,0,0
2024-08-17,16:00,18:30,10000,용산,전쟁기념관 북문 앞 2개 차로,용산동,0,1
2024-08-17,14:00,16:00,500,용산,한남뜨락 내 인도,한남동,0,0
2024-08-17,17:00,18:30,500,종로|혜화,"효령빌딩 앞 ⇄ 세종R ※ 경로(9.6km, 1개차로): 효령빌딩 → 안국R → 광화문R →",세종대로 등,1,1
2024-08-17,14:00,17:00,10000,종로,동화면세점 앞 인도,세종대로,0,0
2024-08-17,18:00,21:00,2000,종로|남대문,"숭례문R~태평R 편도 4개 차로 → 세종R ※ 경로(2.9Km, 2개차로): 태평R → 파이낸스 → 청계남로 →",태평로1가 등,1,1
2024-08-18,16:00,18:00,500,종로,정부서울청사 북측,세종대로,0,0
2024-08-18,00:00,23:59,900,동작,노량진역 육교 위,노량진동,0,0
2024-08-18,15:00,,1800,종로,교보빌딩 앞 인도 및 1개차로,세종대로,0,1
2024-08-18,09:30,11:00,1000,구로,평강제일교회 앞,오류동,0,0
2024-08-19,11:00,13:00,100,용산|영등포|마포,"전쟁기념관 북문 → 국민은행 서관 ※ 경로(6.8km, 1개차로): 전쟁기념관 북문 → 남영R → 효창",용산동 등,1,1
2024-08-19,18:00,18:30,20,종로,종로 르메이에르 앞,서린동,0,0
2024-08-19,11:00,11:30,50,용산,전쟁기념관 앞 인도,용산동,0,0
2024-08-19,18:30,20:00,50,양천,목동남로4길 20앞 이면도로,신정동,0,0
2024-08-19,10:00,11:00,500,구로,평강제일교회 앞,오류동,0,0
2024-08-19,10:00,11:00,70,구로,평강제일교회 앞,오류동,0,0
2024-08-20,14:00,15:30,600,종로,정부서울청사 북층,여의도,0,0
2024-08-20,08:00,18:00,100,마포,광역수사단 앞,마포동,0,0
2024-08-20,11:10,12:10,50,용산,신동아건설 앞 인도,이촌동,0,0
2024-08-20,11:00,12:30,2000,영등포,이룸센터 앞,여의도동,0,0
2024-08-21,19:00,20:30,500,종로,동화면세점 앞,세종대로,0,0
2024-08-21,13:00,14:00,500,서초,현대차 본사 앞,양재동,0,0
2024-08-21,14:30,,1600,강서,서울도시가스본사 앞,염창동,0,0
2024-08-21,10:00,16:00,50,동작,"동작신용협동조합 성대점 앞 ※ 행진(2km, 인도): 성대로2길9 → 상도로7 → 상도로130 →",상도동,1,0
2024-08-21,12:00,13:00,300,종로,경복궁 주유소 좌 · 우측 인도 및 1개차로,중학동,0,1
2024-08-21,12:00,14:00,60,영등포,광복회관 앞,여의도동,0,0
2024-08-21,10:00,16:00,100,,시교육청 앞 인도 및 1개차로 종 호,신문로2가,0,1
2024-08-21,08:30,11:30,100,종로,SK서린빌딩 앞 인도,서린동,0,0
2024-08-21,11:00,14:00,100,남대문,시청 동편 인도,태평로1가,0,0
2024-08-21,16:00,18:00,300,용산,전쟁기념관 앞 인도,용산동,0,0
2024-08-21,19:00,20:00,500,구로,평강제일교회 정문 앞 이면도로,오류동,0,0
2024-08-21,19:00,20:00,50,구로,평강제일교회 정문 좌측 공터,오류동,0,0
2024-08-22,10:00,11:00,500,구로,평강제일교회 정문 앞 이면도로,오류동,0,0
2024-08-22,10:00,11:00,50,구로,평강제일교뢰 정문 좌측 공터,오류동,0,0
2024-08-22,13:00,16:00,2000,종로|남대문,르메이에르 빌딩 → 서울고용청,장교동,1,0
2024-08-22,14:00,16:00,100,중부|용산,전쟁기념관 앞,용산동,0,0
2024-08-22,15:00,16:00,100,종로,국립현대미술관 앞,소격동,0,0
2024-08-22,19:30,20:30,400,남대문,시청 동편 앞,태평로1가,0,0
2024-08-23,10:30,11:30,50,영등포,국회 앞,여의도동,0,0
2024-08-23,11:15,12:15,50,남대문,시청 동편 인도,태평로1가,0,0
2024-08-23,11:30,15:00,1000,수서,SH공사 앞,개포동,0,0
2024-08-23,13:30,15:30,500,영등포,영등포구청 앞,당산동,0,0
2024-08-23,16:00,18:00,300,서초,양재역 12出 앞,양재동,0,0
2024-08-24,12:00,15:00,100,종로,서울미술관 앞 인도,부암동,0,0
2024-08-24,13:00,17:00,800,남대문,"서울역 광장 → 전쟁기념관 ※ 행진(2km, 1개차로): 남영R → 전쟁기념관",봉래동2가,1,1
2024-08-24,13:00,18:00,10000,종로|남대문,"동화면세점 앞 인도 및 편도 全차로 ⇄ 을1R ※ 행진(2km, 2개차로): 동화면세점 → 종1R → 을1R → 시청R",세종대로,1,1
2024-08-24,14:00,16:30,500,종로|남대문|중부,"교보빌딩 남측 인도 → 효령빌딩 ※ 행진(2.9km, 1개차로): 교보빌딩 → 종로2R → 성모R →",세종대로 등,1,1
2024-08-24,15:00,15:30,100,종로,대한역사박물관 앞 교통섬,세종대로,0,0
2024-08-24,15:00,16:00,400,남대문|용산,"서울역광장 → 남영R ※ 행진(1.4km, 1개차로): 서울역광장 → 숙대입구 → 남영R",봉래동,1,1
2024-08-24,15:00,17:00,10000,용산,전쟁기념관 북문 앞 2개차로 및 한진중공업 앞 포켓차로,용산동,0,1
2024-08-24,16:00,17:00,400,용산,전쟁기념관 앞 인도,용산동,0,0
2024-08-24,16:00,18:30,300,남대문,중앙우체국 앞 인도 / 을지로입구~남대문 광장 구간 양측 인도,명동 등,0,0
2024-08-24,18:00,19:00,500,종로|남대문|중부,"SK서린빌딩 인도 ⇆ 명동길 ※ 행진(2.6km, 1개차로): SK서린빌딩 → 삼일교 → 성모R 17;00~19:00 → 명동길 → 을1R → 개풍R → 광통교 → SK서린빌딩  대평R~舊삼성본관 건너편 편도 4개차로",서린동 태평로1가,1,1
2024-08-24,18:00,21:00,300,종로,동화면세점 앞 인도,세종대로,0,0
2024-08-24,19:00,21:00,10000,용산,삼각지역 1出 또는 7出(未定),,0,0
2024-08-24,19:40,21:00,2000,용산,용산역 광장 → 솔밭 어린이공원(未定),한강대로 등,1,0
2024-08-25,16:00,18:00,200,영등포,금융감독원 앞,여의도동,0,0
2024-08-25,15:00,18:00,300,종로,교보빌딩 앞 인도 및 1개차로,세종대로,0,1
2024-08-25,15:30,17:00,150,종로,연합뉴스 앞 인도,수송동,0,0
2024-08-25,09:30,11:00,1000,구로,평강제일교회 앞,오류동,0,0
2024-08-25,18:00,21:00,500,종로,동화면세점 앞 인도,세종대로,0,0
2024-08-26,10:00,11:00,500,구로,평강제일 교회 앞,오류동,0,0
2024-08-26,10:00,11:00,70,구로,평강제일교회 좌측 공터,오류동,0,0
2024-08-26,10:00,14:00,50,남대문,한진택배 본사 앞,소공동,0,0
2024-08-26,18:00,20:00,50,남대문,"시청 도서관 앞 인도 ※ 행진(0.3km, 인도): 서울광장 선회",태평로1가,1,0
2024-08-27,09:00,11:00,100,종로,SK서린빌딩 앞 인도,서린동,0,0
2024-08-27,09:00,14:30,100,마포,케이터틀 앞 인도,신수동,0,0
2024-08-27,10:00,11:00,150,영등포,국회 · 금산빌딩 · 현대카드 앞,여의도동,0,0
2024-08-27,10:00,12:30,50,남대문,전쟁기념관 앞 인도,용산동,0,0
2024-08-27,12:20,12:40,130,영등포,이레빌딩 앞,양평동,0,0
2024-08-27,14:00,15:00,150,용산,전쟁기념관 앞,용산동1가,0,0
2024-08-27,14:30,20:30,150,서초,한신공영 본사 앞,잠원동,0,0
2024-08-28,08:00,11:00,150,서초,한신공영 본사 앞,잠원동,0,0
2024-08-28,09:00,12:00,100,남대문,을지로입구역 6出 앞,남대문로2가,0,0
2024-08-28,12:00,13:00,300,종로,경복궁 주유소 앞 인도 및 1개차로,중학동,0,1
2024-08-28,16:00,18:00,300,용산,전쟁기념관 앞 인도,용산동,0,0
2024-08-28,17:30,18:15,100,혜화,서울중부교육 지원청 앞,표제동,0,0
2024-08-28,18:00,21:00,500,종로,동화면세점 앞 인도,세종대로,0,0
2024-08-28,19:00,20:00,500,구로,평강제일교회 정문 앞 이면도로,오류동,0,0
2024-08-28,19:00,20:00,50,구로,평강제일교회 정문 좌측 공터,,0,0
2024-08-29,08:00,15:00,690,종암,장위6구역 공사현장 앞,장위동,0,0
2024-08-29,10:00,11:00,1000,구로|성동,"한양대병원 정문 앞 ※ 행진(1.7km, 1개차로): 한양대 정문 → 왕십리역 오거리 09;00~16:00 → 왕십리역 광장 → 한양대 정문  평강제일교회 정문 앞 이면도로",사근동 오류동,1,1
2024-08-29,10:00,11:00,50,구로,평강제일교회 정문 좌측 공터,오류동,0,0
2024-08-29,10:30,11:30,100,종로,서울시교육청 앞,신문로,0,0
2024-08-29,12:30,15:00,60,마포,MBC 2번 게이트 앞,상암동,0,0
2024-08-29,14:00,15:00,100,중부,일본군 위안부 기억의 터,예장동,0,0
2024-08-29,16:00,17:00,100,남대문,대한문 앞 인도,정동,0,0
2024-08-29,17:00,18:00,200,수서,현대차 국내사업 본부 앞,역삼동,0,0
2024-08-29,19:00,20:00,100,남대문,세종호텔 앞,명동,0,0
2024-08-30,08:00,15:00,690,종암,장위6구역 공사현장 앞,장위동,0,0
2024-08-30,10:00,11:00,150,남대문,예금보험공사 앞,다동,0,0
2024-08-30,11:00,13:00,200,서초,중앙지검 서문 앞,서초동,0,0
2024-08-30,11:15,12:15,50,남대문,시청 동편 인도,태평로1가,0,0
2024-08-30,15:00,16:00,200,남대문,시청서소문청사 앞,서소문동,0,0
2024-08-30,16:30,17:00,200,마포,월드타운대림@ 건너편 인도,성산동,0,0
2024-08-30,19:00,20:00,100,서초,강남역 9出~10出 바람의언덕,서초동,0,0
2024-08-30,19:00,21:00,200,서부,"혁신파크 정문 앞 ⇄ 혁신파크 후문 ※ 행진(1km, 인도): 혁신파크 정문 → 녹번PB → 혁신파크",녹번동,1,0
2024-08-31,13:00,17:00,10000,종로|남대문,"동화면세점 앞 인도 및 편도 全차로 ⇄을1R ※ 행진(2km, 2개차로): 동화면세점 → 종1R → 을1R → 대한문R",세종대로,1,1
2024-08-31,13:00,15:00,100,종로,서울미술관 앞 인도,부암동,0,0
2024-08-31,14:00,16:30,500,용산,"한남뜨락 내 인도 → 전쟁기념관 서문 ※ 행진(2.8km, 인도): 이태원역1出 → 녹사평R → 전쟁기념관",한남동 등,1,0
2024-08-31,14:00,16:30,500,종로|남대문,"교보빌딩 남측 인도 → 효령빌딩 ※ 행진(2.8km, 1개차로): 세종R → 광화문R → 안국R",역 진,1,1
2024-08-31,14:00,17:00,2000,종로|남대문,"대한문 앞 ⇄ 종로1R ※ 행진(2.3km, 1개차로): 대한문 → 세종R → 종로1R → 한은R",세종대로 등 세종대로 등,1,1
2024-08-31,14:00,17:00,2000,종로|남대문,"도시건축전시관 앞 ⇄ 종로1R ※ 행진(2.3km, 1개차로): 대한문 → 세종R → 종로1R → 한은R",세종대로 등,1,1
2024-08-31,16:00,17:30,10000,용산,전쟁기념관 북문 앞 2개차로,용산동,0,1
2024-08-31,16:00,18:30,300,남대문,중앙우체국 앞 인도 / 을지로입구~남대문 광장 구간 양측 인도,명동 등,0,0
2024-08-31,17:00,19:00,100,서초,대검찰청 정문 앞 인도 및 1개차로,서초동,0,1
2024-08-31,18:00,21:00,2000,남대문,"태평R~舊삼성본관 건너편 편도 4개차로 ※ 행진(1.9km, 2개차로): 태평R → 파이낸스 → 광교 → 종1R",태평로1가 등,1,1
2024-08-31,18:00,21:00,500,종로,동화면세점 앞 인도,세종대로,0,0
2024-09-01,09:00,13:00,1500,종로,보신각 앞,관철동,0,0
2024-09-01,09:30,11:00,1000,구로,평강제일교회 앞,오류동,0,0
2024-09-01,09:30,11:00,50,구로,평강교회 정문 좌측 공터,오류동,0,0
2024-09-01,15:00,18:00,300,종로,교보빌딩 앞 인도 및 1개차로,세종대로,0,1
2024-09-01,18:00,21:00,500,종로,동화면세점 앞 인도,세종대로,0,0
2024-09-02,08:00,15:00,690,중부,대우건설 앞 인도,을지로4가,0,0
2024-09-02,10:00,11:00,1000,구로,평강제일교회 앞,오류동,0,0
2024-09-02,10:00,11:00,50,구로,평강교회 정문 좌측 공터,오류동,0,0
2024-09-02,11:30,12:00,50,영등포,한양증권 앞,여의도동,0,0
2024-09-02,15:30,17:30,200,남대문,명동성당 ⇄ 대연각빌딩,명동,0,0
2024-09-02,16:30,17:00,200,마포,월드타운대림@ 건너편 인도,성산동,0,0
2024-09-03,08:00,15:00,690,중부,대우건설 앞,을지로4가,0,0
2024-09-03,10:00,12:00,117,강서,강서구청 앞,화곡동,0,0
2024-09-03,11:00,12:30,2000,영등포,이룸센터 앞,여의도동,0,0
2024-09-03,11:15,12:15,50,남대문,시청 동편 인도,태평로1가,0,0
2024-09-03,16:30,17:00,200,마포,월드카운대림@ 건너편 인도,성산동,0,0
2024-09-03,18:00,19:30,100,서초,"강남역 8出 앞 ⇄ 글로리서울빌딩 ※ 행진(0.5km, 인도): 강남역8出→6出→삼성전자C동→글로리",서초동,1,0
2024-09-04,08:00,15:00,890,중부,대우건설 앞,을지로4가,0,0
2024-09-04,11:30,13:00,60,용산,"삼각지 교통섬 4개소 → 전쟁기념관 상징탑 ※ 행진(0.3km, 인도): 삼각지역 12出→전쟁기념관 서문→전쟁",한강대로,1,0
2024-09-04,12:00,13:00,300,종로,경복궁 주유소 앞 인도 및 1개차로,중학동,0,1
2024-09-04,13:00,14:00,200,송파,가락현대5차@ 재건축현장 앞,가락동,0,0
2024-09-04,14:00,15:00,200,송파,미성크로바@ 재건축현장 앞,신천동,0,0
2024-09-04,15:00,16:30,150,남대문,세종호텔 앞,명동,0,0
2024-09-04,16:30,17:00,200,마포,월드타운대림@ 건너편 인도,성산동,0,0
2024-09-04,19:00,20:00,500,구로,평강제일교회 정문 앞 이면도로,오류동,0,0
2024-09-04,19:00,20:00,50,구로,평강제일교회 정문 좌측 공터,오류동,0,0
2024-09-05,08:00,20:00,690,중부,대우건설 앞,을지로4가,0,0
2024-09-05,09:30,12:00,200,서초,대법원 · 대검찰청 · 대한변호사협회 정문 앞,서초동,0,0
2024-09-05,10:00,11:00,50,중부,예장공원 舊이희영기념관 건너편 인도,저동,0,0
2024-09-05,10:00,11:00,500,구로,평강제일교회 정문 앞 이면도로,오류동,0,0
2024-09-05,10:00,11:00,50,구로,평강제일교회 정문 좌측 공터,오류동,0,0
2024-09-05,10:00,11:30,1200,중랑,영안교회 → 중랑구청 앞,신내동,1,0
2024-09-05,10:00,12:00,50,용산,전쟁기념관 앞 인도,용산동,0,0
2024-09-05,11:00,11:40,100,중부,남산스퀘어빌딩 앞 인도,저동,0,0
2024-09-05,11:30,14:00,1200,중랑,중랑구청 앞 1개차로 상 → 영안교회 앞,신내동,1,1
2024-09-05,12:30,12:50,500,영등포,국민의힘 당사 앞,여의도,0,0
2024-09-05,14:00,15:30,500,남대문,한화 본사 앞,장교동,0,0
2024-09-05,15:00,15:30,100,용산,전쟁기념관 앞 인도,용산동,0,0
2024-09-05,15:00,18:00,50,남대문,서울역광장 1出 앞,동자동,0,0
2024-09-05,16:30,17:00,200,마포,월드타운대림@건너편 인도,성산동,0,0
2024-09-05,18:30,21:00,100,용산,용산역광장 앞 → 전쟁기념관,한강대로 등,1,0
2024-09-06,08:00,20:00,690,중부,대우건설 앞,을지로4가,0,0
2024-09-06,09:30,13:30,150,영등포,①국회 앞 ②금산빌딩 앞,여의도,0,0
2024-09-06,10:00,11:00,100,영등포,국회 앞,여의도,0,0
2024-09-06,11:15,12:15,50,남대문,시청 동편 인도,태평로1가,0,0
2024-09-06,14:00,16:00,600,영등포,국민은행 서관 앞 인도 및 보조도로,여의도,0,0
2024-09-06,15:00,16:30,300,종로,동화면세점 앞 인도,세종대로,0,0
2024-09-06,16:30,17:00,200,마포,월드타운대림@ 건너편 인도,성산동,0,0
2024-09-06,17:30,18:30,1000,남대문,을지로입구역 인도 및 1개차로,을지로1가,0,1
2024-09-06,18:30,19:30,1000,종로,동화면세점 앞,세종대로,0,0
2024-09-06,19:00,21:00,500,종로|남대문,보신각 앞 인도 ⇄ 광교R,관철동,0,0
2024-09-06,19:00,21:00,200,서부,혁신파크 정문 앞 ⇄ 혁신파크 후문,녹번동,0,0
2024-09-07,15:00,,100,종로,대한역사박물관 앞 교통섬 `15:30,세종대로,0,0
2024-09-07,14:00,14:30,170,서초,강남역 10出 삼성스토어 앞 인도,서초동,0,0
2024-09-07,14:00,15:00,150,강남,조앤조내과 앞 인도,역삼동,0,0
2024-09-07,17:00,18:00,10000,용산,삼각지역 1出 앞 2개차로,용산동,0,1
2024-09-07,14:00,16:30,500,용산,한남뜨락 내 인도 → 전쟁기념관 서문,한남동 등,1,0
2024-09-07,14:00,17:00,2000,종로|남대문,대한문 앞 ⇄ 종로1R,세종대로 등,0,0
2024-09-07,14:00,17:00,2000,종로|남대문,도시건축전시관 앞 ⇄ 종로1R,세종대로 등,0,0
2024-09-07,16:00,18:30,300,남대문,중앙우체국 앞 인도 / 을지로입구 ~ 남대문광장 구간 양측 인도,명동 등,0,0
2024-09-07,14:00,16:30,500,종로|중부,교보빌딩 남측 인도 → 효령빌딩,세종대로 등,1,0
2024-09-07,18:00,21:00,2000,종로|남대문,태평R~舊삼성본관 건너편 편도 4개차로 → 소녀상,태평로1가 등,1,1
2024-09-07,17:00,19:00,100,서초,대검찰청 정문 앞 인도 및 1개차로,서초동,0,1
2024-09-07,13:00,17:00,10000,종로|남대문,동화면세점 앞 인도 및 편도 全차로 ⇄ 을1R,세종대로,0,1
2024-09-07,14:00,15:00,200,수서,강남역 2·3 出 앞 인도 및 1개차로,역삼동,0,1
2024-09-07,13:30,15:00,400,서초|강남,강남역 9·10出 → 신논현역7出,서초동,1,0
2024-09-07,13:00,14:30,500,강남,강남스퀘어 인도,역삼동,0,0
2024-09-07,13:00,14:30,25000,서초|강남,애플스토어~강남역 11出 3~5개 차로,역삼동,0,1
2024-09-07,15:00,18:30,25000,서초|강남|수서,애플스토어~강남역 11出 3~5개차로 → 삼성역 4出,역삼동,1,1
2024-09-07,11:00,12:00,500,종로|수서,SK 서린빌딩 앞,서린동,0,0
2024-09-07,13:00,15:00,1000,강남,논현역 4出 앞 2개차로 → 신논현역2出,논현동,1,1
2024-09-07,13:30,14:10,100,강남,사랑빛교회 → 강남역11出,역삼동,1,0
2024-09-07,13:00,15:00,100,종로,서울미술관 앞 인도,부암동,0,0
2024-09-07,18:00,21:00,500,종로,동화면세점 앞 인도,세종대로,0,0
2024-09-08,16:00,18:00,200,영등포,與野당사 앞,여의도,0,0
2024-09-08,15:00,18:00,300,종로,교보빌딩 앞 인도 및 1개차로,세종대로,0,1
2024-09-08,13:00,18:00,100,구로,고척근린공원 앞 ⇄ 고척2동주민센터,고척동,0,0
2024-09-08,11:00,14:00,10000,종로|남대문,동화면세점~시의회 편도 全차로,세종대로,0,1
2024-09-08,09:30,11:00,1000,구로,평강제일교회 앞,오류동,0,0
2024-09-08,09:30,11:00,50,구로,평강제일교회 정문 좌측 공터,오류동,0,0
2024-09-08,18:00,21:00,500,종로,동화면세점 앞 인도,세종대로,0,0
2024-09-09,08:00,20:00,690,중부,대우건설 앞,을지로4가,0,0
2024-09-09,10:00,15:00,50,남대문,시청 서소문1청사 앞,서소문동,0,0
2024-09-09,16:30,17:00,100,마포,①월드타운대림@ 건너편 인도 ②서교동 정청래의원 사무실 앞,,0,0
2024-09-09,10:00,11:00,500,구로,,오류동,0,0
2024-09-09,10:00,11:00,50,구로,평강제일교회 좌측 공터,오류동,0,0
2024-09-10,08:00,20:00,690,중부,"대우건설 앞 ※ 행진(0.4km, 인도): 대우건설 정문⇄후문",을지로4가,1,0
2024-09-10,09:00,18:00,150,영등포,국회 / 금산빌딩 /현대카드 앞,여의도,0,0
2024-09-10,11:00,12:00,200,영등포,국민은행 서관 앞 보조도로,여의도,0,0
2024-09-10,11:15,12:15,50,남대문,시의회 본관 앞 인도,태평로1가,0,0
2024-09-10,13:00,14:00,100,용산,전쟁기념관 앞 인도,용산동,0,0
2024-09-10,14:30,17:00,150,남대문,시청 동편 ※ 행진: 시청동편→광교→서울노동권익센터,태평로1가,1,0
2024-09-10,16:00,18:00,500,수서,메리츠화재 앞,역삼동,0,0
2024-09-10,16:30,17:30,300,용산,전쟁기념관 앞,용산동1가,0,0
2024-09-10,18:00,20:00,100,서초,강남역 8出 앞,서초동,0,0
2024-09-11,07:00,20:00,690,중부,"대우건설 앞 ※ 행진(0.4km, 인도): 대우건설정문⇄후문",을지로4가,1,0
2024-09-11,09:00,16:00,200,남대문,효성중공업 앞,회현동1가,0,0
2024-09-11,10:00,11:00,150,용산,전쟁기념관 앞,용산동1가,0,0
2024-09-11,10:30,12:00,2000,동대문,서울교통공사 본사 앞,용답동,0,0
2024-09-11,11:00,11:30,50,용산,전쟁기념관 앞,용산동1가,0,0
2024-09-11,11:30,13:00,70,용산,아모레퍼시픽 앞,한강로2가,0,0
2024-09-11,12:00,13:00,300,종로,경복궁 주유소 앞 인도 및 1개차로,중학동,0,1
2024-09-11,14:00,16:00,1000,영등포,이룸센터 앞 인도 및 보조도로,여의도,0,0
2024-09-11,14:00,16:00,300,강남,SK쉴더스 삼성사옥 앞,삼성동,0,0
2024-09-11,16:00,18:00,100,용산,이태원광장,용산동,0,0
2024-09-11,16:30,17:00,200,마포,월드타운대림@ 건너편 인도,성산동,0,0
2024-09-11,17:00,18:30,200,용산,전쟁기념관 앞,용산동1가,0,0
2024-09-11,19:00,20:00,10000,영등포,의사당역2出 → 산업은행 측면,여의도,1,0
2024-09-11,19:00,20:00,500,종로,"보신각 → 종로3가역 ※ 행진(1km, 1개차로): 보신각→종로2R →낙원상가 →종로3가역",종로1가,1,1
2024-09-11,19:00,20:00,500,구로,평강제일교회 정문 앞 이면도로,오류동,0,0
2024-09-11,19:00,20:00,50,구로,평강제일교회 정문 좌측 공터,오류동,0,0
2024-09-12,08:00,09:30,50,남대문,한화빌딩 앞 인도 → 로얄호텔,장교동,1,0
2024-09-12,08:20,08:50,80,영등포,동아빌딩 앞,여의도,0,0
2024-09-12,09:00,11:30,50,영등포,"금감원 앞 → 코스콤 본사 ※ 행진(1km, 인도): 금감원→여의도역R →한국거래소→코스콤",여의도,1,0
2024-09-12,09:00,16:00,200,남대문,AK타워 앞,회현동,0,0
2024-09-12,09:00,18:00,1000,노원,토마토파르코 빌딩 앞,상계동,0,0
2024-09-12,10:00,11:00,500,구로,평강제일교회 정문 앞 이면도로,오류동,0,0
2024-09-12,10:00,11:00,50,구로,평강제일교회 정문 좌측 공터,오류동,0,0
2024-09-12,13:00,15:00,800,방배,한성자동차 앞,방배동,0,0
2024-09-12,16:30,17:00,200,마포,월드타운대림@ 건너편 인도,성산동,0,0
2024-09-12,18:30,20:00,100,용산,"용산역 광장 앞 → 전쟁기념관 ※ 행진(1.5km, 인도): 정부서울청사 → 서울역R → 용산",한강대로 등,1,0
2024-09-12,19:00,20:00,200,중부,신당역 10出 앞,홍인동,0,0
2024-09-13,08:00,15:00,690,혜화,연강빌딩 앞,연지동,0,0
2024-09-13,12:00,14:00,50,종로,채널A 앞 인도,세종대로,0,0
2024-09-13,16:30,17:00,200,마포,월드타운대림@ 건너편 인도,성산동,0,0
2024-09-13,19:00,20:00,100,서초,강남역 9出~10出 인도,서초동,0,0
2024-09-14,14:00,16:00,2000,남대문,대한문 앞,정동,0,0
2024-09-14,17:00,19:00,100,서초,대검찰청 정문 앞,서초동,0,0
2024-09-14,18:00,21:00,500,종로,동화면세점 앞,세종대로,0,0
2024-09-15,09:30,11:00,1000,구로,평강제일교회 앞,구로동,0,0
2024-09-15,15:00,18:00,300,종로,교보빌딩 앞,세종대로,0,0
2024-09-16,12:00,14:00,50,종로,채널A 앞,세종대로,0,0
2024-09-16,12:00,14:00,50,종로,교보빌딩 앞,세종대로,0,0
2024-09-17,12:00,14:00,100,남대문,세종호텔 앞,명동,0,0
2024-09-17,12:30,14:00,100,용산,삼성회장 家 앞,한남동,0,0
2024-09-17,16:00,17:30,100,종로|남대문,의정부터 앞 → 경찰청 앞 집회·행진,미근동 등,1,0
2024-09-18,12:00,13:00,300,종로,경복궁주유소 좌우측 인도 및 1개차로,수송동,0,1
2024-09-18,19:00,20:00,500,구로,평강제일교회 앞,구로동,0,0
2024-09-19,12:30,12:50,500,영등포,국민의힘 당사 앞,여의도동,0,0
2024-09-19,13:00,14:30,300,남대문,시청 동편 인도 및 2개차로,태평로1가,0,1
2024-09-19,16:30,17:00,200,마포,월드타운대림@ 건너편 인도,성산동,0,0
2024-09-20,08:30,17:00,100,종로,D타워 앞,청진동,0,0
2024-09-20,10:00,12:00,100,종로,종로구청 앞,수송동,0,0
2024-09-20,10:00,13:00,150,서부,평화공원 內,녹번동,0,0
2024-09-20,19:00,20:00,100,서초,강남역 9出~10出 인도,서초동,0,0
2024-09-21,13:00,15:30,200,영등포,여의도 국민은행 서관 앞 인도 및 보조도로,여의도동,0,0
2024-09-21,14:00,16:30,500,용산,"한남뜨락 내 인도 → 전쟁기념관 서문 ※ 행진(2.8km, 인도): 이태원역1出 → 녹사평R →",한남동 등,1,0
2024-09-21,14:00,16:30,500,종로|남대문,"교보빌딩 남측 인도 → 효령빌딩 ※ 경로(2.8km, 1개차로):교보빌딩→세종R→인사동길→종로2R",세종대로 등,1,1
2024-09-21,14:00,17:00,2000,종로|남대문,"대한문 앞 ⇄ 종로1R ※행진(2.3km, 1개차로): 대한문 → 서린R → 종로1R → 한은R",세종대로 등,1,1
2024-09-21,14:00,17:00,2000,종로|남대문,"도시건축전시관 앞 ⇄ 종로1R ※ 행진(2.3km, 1개차로): 대한문 → 서린R → 종로1R → 한은R",세종대로 등,1,1
2024-09-21,14:00,17:00,10000,종로,동화면세점 앞 인도,세종대로,0,0
2024-09-21,15:00,17:00,5000,혜화,마로니에공원 앞 인도 및 3개차로,동숭동,0,1
2024-09-21,16:00,18:30,300,남대문,중앙우체국 앞 인도 / 을지로입구~남대문광장 구간 양축 인도,명동 등,0,0
2024-09-21,16:00,19:00,2000,영등포,"국회의사당역 3出 ⇄ 여의도공원로 ※ 경로(2.4km, 2개차로): 국회의사당역3出→국민은행 동서관 골목길→국민의힘→진미파라곤→여의서로→여의도공원로",여의도동 등,1,1
2024-09-21,17:00,18:30,10000,용산,삼각지역 1出 앞 2개차로,용산동,0,1
2024-09-21,17:00,19:00,100,서초,중앙지검 서문 앞 인도 및 1개차로,서초동,0,1
2024-09-21,17:00,19:00,500,종로|남대문,SK 서린빌딩 ⇄ 안국R,서린동,0,0
2024-09-21,18:00,21:00,500,종로,동화면세점 앞 인도,세종대로,0,0
2024-09-22,09:30,11:00,1000,구로,평강제일교회 앞,오류동,0,0
2024-09-22,09:30,11:00,50,구로,평강제일교회 정문 좌측 공터,오류동,0,0
2024-09-22,15:00,18:00,300,종로,교보빌딩 앞 인도 및 1개차로,세종대로,0,1
2024-09-22,18:00,21:00,500,종로,동화면세점 앞 인도,세종대로,0,0
2024-09-23,08:00,09:00,200,영등포,선암빌딩 앞,양평동,0,0
2024-09-23,10:00,11:00,500,구로,평강제일교회 앞,오류동,0,0
2024-09-23,10:00,11:00,50,구로,평강제일교회 좌측 공터,오류동,0,0
2024-09-23,10:00,13:00,50,구로,구로구청 후문 앞 인도,구로동,0,0
2024-09-23,11:30,13:30,100,종로,LG생활건강 앞,신문로,0,0
2024-09-23,14:00,17:00,500,종로|남대문,"보신각 인도 ⇄ 시청 ※행진(2km, 1개 차로): 보신각→ 세종R → 시청→을입구→보신각",관철동,1,1
2024-09-23,16:00,16:40,100,마포,정00의원 사무실 앞,서교동,0,0
2024-09-24,10:00,12:00,150,남대문,중앙우체국 앞 인도,명동,0,0
2024-09-24,10:00,13:00,50,구로,구로구청 후문 앞 인도,구로동,0,0
2024-09-24,11:00,12:30,2000,영등포,이룸센터 앞,여의도동,0,0
2024-09-24,11:15,12:15,50,남대문,시청 동편 인도,태평로1가,0,0
2024-09-24,13:00,17:00,3000,영등포,의사당역 3出 ~ 삼희빌딩 편도 全 차로,여의도,0,1
2024-09-24,16:00,16:40,100,마포,서교동 정00 의원실 앞,서교동,0,0
2024-09-24,18:00,20:00,100,서초,"강남역 8出 앞 ※행진(0.5km, 인도): 강남역 8出→삼성전자→글로리서울빌딩→",서초동,1,0
2024-09-25,08:00,18:00,150,영등포,① 국회 앞 ② 금산빌딩 앞,여의도,0,0
2024-09-25,12:00,13:00,300,종로,경복궁 주유소 앞 인도 및 1개차로,중학동,0,1
2024-09-25,12:00,17:00,300,종로|혜화,"성균관대 ⇄ 인사동길 ※행진(7km,1개 차로):성균관대→돈화문→안국역1出→안국R→인사동길→",명륜3가 동,1,1
2024-09-25,16:00,16:40,200,마포,정00 의원실 앞,서교동,0,0
2024-09-25,18:00,20:00,200,마포,"LG팰리스 앞 ⇄ 플랜비스튜디오 ※행진(1km,인도):홍대입구역9出→커피브라운→H&*M→플랜비스튜디오→",동교동 등,1,0
2024-09-25,18:00,20:00,50,구로,디큐브시티 현대백화점 정문 앞 인도,구로동,0,0
2024-09-25,19:00,20:00,500,종로,"보신각 → 서울고용노동청 ※행진(1.7km, 1개차로):보신각→세종R→청계광장→청계남로→고용노동청",종로1가 등,1,1
2024-09-25,19:00,20:00,500,구로,평강제일교회 정문 앞 이면도로,오류동,0,0
2024-09-25,19:00,20:00,50,구로,평강제일교회 정문 좌측 공터,오류동,0,0
2024-09-26,10:00,11:00,500,구로,평강제일교회 정문 앞 이면도로,오류동,0,0
2024-09-26,10:00,11:00,50,구로,평강제일교회 정문 좌측 공터,오류동,0,0
2024-09-26,12:00,13:00,250,영등포,① 국회 앞 ② 현대카드빌딩 앞 인도,여의도,0,0
2024-09-26,15:00,16:00,100,종암,종암경찰서 정문 앞 인도,하월곡동,0,0
2024-09-26,16:00,16:40,200,마포,정청래 의원실 앞,서교동,0,0
2024-09-26,18:30,19:00,100,용산,"이태원광장 → 한강진역 2出 ※행진(2km,인도):이태원광장→이태원역→한강진역2出",이태원동 등,1,0
2024-09-26,18:30,19:30,100,광진,세종대학교 앞,군자동,0,0
2024-09-26,19:00,21:00,100,남대문,도시건축전시관 앞 인도 → 서울광장 동편,태평로1가,1,0
2024-09-26,19:00,20:00,50,구로,평강제일교회 정문 좌측 공터,오류동,0,0
2024-09-27,10:00,13:00,180,성동,서울시설공단 앞,마장동,0,0
2024-09-27,10:30,12:00,3000,영등포,이룸센터 앞 인도 및 보조도로,여의도,0,0
2024-09-27,13:00,18:00,200,강남,두산건설 앞,논현동,0,0
2024-09-27,16:00,18:30,400,서초,사랑의교회 앞 인도 / 서초역1~3出 일대,서초동,0,0
2024-09-27,18:00,19:00,1000,동작,전문건설회관 앞,신대방동,0,0
2024-09-27,19:00,20:00,100,서초,강남역 9出~10出 인도,서초동,0,0
2024-09-28,13:00,17:00,10000,종로|남대문,동화면세점 앞 인도 →오피시아빌딩,세종대로,1,0
2024-09-28,13:30,14:30,150,남대문|서대문,서울역광장 1出 앞,봉래동,0,0
2024-09-28,14:00,16:30,500,종로|남대문|중부,"교보빌딩 남측 인도 → 효령빌딩 ※경로(2.8km, 1개차로):교보빌딩 → 종2R → 성모R → 명동길 →",세종대로 등,1,1
2024-09-28,14:00,17:00,2000,종로|남대문,,세종대로 등,0,0
2024-09-28,14:00,17:00,2000,종로|남대문,,세종대로 등,0,0
2024-09-28,14:00,18:00,500,종로|중부|혜화,굿모닝시티 앞 인도 → 종로3가역,을지로6가,1,0
2024-09-28,15:00,16:30,1000,송파,서하남IC사거리 → 올림픽공원 북2문,석촌동,1,0
2024-09-28,15:00,17:00,15000,남대문|용산,"태평R ~ 숭례문R → 남영R ※행진(2km, 3개차로): 집회장소 → 서울역R → 남영R",태평로1가 등,1,1
2024-09-28,15:00,18:30,10000,종로|용산,① 전쟁기념관 북문 앞 2개 차로 ② 한진중공업 앞,역방 진방,1,1
2024-09-28,16:00,18:00,500,영등포,한은R→소공로→대한문,한강대로 등 여의도,1,0
2024-09-28,16:00,18:00,300,송파,,석촌동,0,0
2024-09-28,18:00,19:30,2000,남대문,프레스센터 앞 인도 및 2~3개차로(포켓포함),태평로1가,0,1
2024-09-28,18:00,21:00,10000,남대문,"태평R~숭례문R 편도 全 차로 행진(2.2km, 2개차로):태평R → 대한문R → 을1R → 광교남단 →",태평로 1가 등,1,1
2024-09-28,18:00,21:00,500,종로,동화면세점 앞 인도,세종대로,0,0
2024-09-28,19:00,21:00,1000,용산,대한문 앞 인도,정동,0,0
2024-09-29,09:30,11:00,1000,구로,평강제일교회 앞,오류동,0,0
2024-09-29,09:30,11:00,50,구로,평강교회 정문 좌측 공터,오류동,0,0
2024-09-29,10:00,12:00,200,양천,서서울호수공원 → CU신월광영점,신월동,1,0
2024-09-29,11:00,14:00,10000,종로|남대문,"동화면세점~시의회 편도 全차로 ※행진(1.2km, 인도) : 서서울호수공원 ⟶ 메가커피 양천양서중점",세종대로,1,1
2024-09-29,14:00,15:00,100,용산,"이태원키친 ⇄ 이태원광장 ※행진(0.8km, 인도): 이태원키친 앞 → 이태원역 → 이태원광장",이태원동,1,0
2024-09-29,15:00,18:00,300,종로,교보빌딩 앞 인도 및 1개차로,세종대로,0,1
2024-09-29,18:00,21:00,500,종로,동화면세점 앞 인도,세종대로,0,0
2024-09-30,10:00,11:00,500,구로,평강제일교회 앞,오류동,0,0
2024-09-30,10:00,11:00,50,구로,평강제일교회,오류동,0,0
2024-09-30,10:00,16:00,100,종로,종로구청 앞,수송동,0,0
2024-09-30,10:30,11:30,50,남대문,서울시청 서편 앞,태평로1가,0,0
2024-09-30,11:00,11:30,50,용산,전쟁기념관 앞,용산동1가,0,0
2024-09-30,11:30,13:00,100,종로|남대문|서대문,"시청역 5出 → 마포경찰서 ※ 경로(3.8km, 1개차로):시청역5出→세종R→서대문R→아현R→마포경찰서",태평로1가 등,1,1
2024-09-30,12:00,18:00,100,서초|마포,정곡빌딩 남관 앞 인도 및 1개 차로,서초동,0,1
2024-09-30,12:00,18:00,100,서초,정곡빌딩 서관 앞 인도 및 1개 차로,서초동,0,1
2024-09-30,15:00,17:30,100,광진,테크노마트 ⇆ 광진구청,구의동,1,0
2024-09-30,16:30,17:00,100,마포,월드타운 대림@ 건너편,성산동,0,0
2024-09-30,17:30,18:30,100,남대문,한국은행 정문 앞,남대문로3가,0,0
2024-09-30,18:00,19:30,100,구로,신도림역 광장 ⇄ 디큐브시티아파트,신도림동,0,0
2024-09-30,19:00,20:00,100,종로,광화문역 ⟶ 종로구청,세종대로,0,0
2024-10-01,13:50,15:00,30000,용산|서초|동작|수서,"세곡R → 숭례문R ※행진(30km,전차로):세곡R→헌릉로→동작대로→한강대로→ 숭례문R",헌릉로 등,1,1
2024-10-01,15:00,17:00,30000,종로|남대문,숭례문R → 광화문R,세종대로 등,1,0
2024-10-02,10:00,11:30,5000,동작,"전문건설회관 앞 ※ 행진(2개차로, 0.5km): 전문건설회관 → 보라매파크스퀘어 → 삼성보라매 옴니타워 → 전문건설회관",신대방 동,1,1
2024-10-02,11:30,13:00,60,용산,"삼각지 교통섬 4개소 → 전쟁기념관 앞 ※행진(0.3km,인도):삼각지역12出→전쟁기념관서문→전쟁기념관상징탑",용산동,1,0
2024-10-02,12:00,13:00,300,종로,경복궁주유소 좌우측 인도 및 1개차로,수송동,0,1
2024-10-02,12:00,14:00,2000,종로,"동화면세점 앞 2개차로 → 종로3가역 14出 ※행진(1.5km, 2개차로) : 동화면세점 ⟶ 세종R ⟶ 종로1R ⟶ 종로2R ⟶ 종로3가역14出",세종대로,1,1
2024-10-02,13:00,17:00,7000,종로|남대문|중부,"전문건설회관 앞 ※행진(3개차로, 3.5km): 태평R → 시청R → 세종R → 고용청 → 을1R → 개풍R → 태평R",신대방동,1,1
2024-10-02,14:00,15:00,200,혜화,"연동교회 인도 및 1개차로 ⇄ 향군R ※행진(0.4km, 1개차로) : 연동교회 ⟶ 향군R ⟶ 연동교회",연지동,1,1
2024-10-02,19:00,20:00,500,종로,"보신각 → 종로3가역 ※ 행진(1개차로, 1km): 보신각→종로2R→낙원상가→종로3가역",종로1가,1,1
2024-10-02,19:00,20:00,500,구로,평강제일교회 정문 앞 이면도로,오류동,0,0
2024-10-02,19:00,20:00,50,구로,평강제일교회 정문 좌측 공터,오류동,0,0
2024-10-03,10:00,12:30,1000,종로,광화문 시민열린마당 → 보신각,세종대로,1,0
2024-10-03,12:00,17:00,5000,종로|남대문|혜화,"서울역 광장 → 종로5가 R ※행진경로(2.9km, 2개차로): 서울역광장 → 숭례문R → 한국은행R → 을지로1가 →종로1R → 종로5R",봉래동 등,1,1
2024-10-03,13:00,15:00,500,용산,전쟁기념관 앞 인도,용산동,0,0
2024-10-03,13:00,17:00,21000,종로|남대문|용산,동화면세점~도시건축전시관 편도 全차로 집회 後 행진(→삼각지 PB),세종대로 등,1,1
2024-10-03,15:00,17:00,1000,마포,홍대입구역 3出 → 합정역 10出,동교동,1,0
2024-10-04,13:00,14:00,50,강서,한국음악저작권협회 앞 인도,내발산동,0,0
2024-10-04,16:00,18:30,400,서초,사랑의교회 앞 / 서초역 1~3出 일대,서초동,0,0
2024-10-04,19:00,20:00,100,서초,강남역 9出~10出 인도,서초동,0,0
2024-10-05,10:30,12:00,3000,동작,신라스테이~우성스포닉센터 인도,신대방동,0,0
2024-10-05,11:00,15:30,2000,남대문,서울역광장 → 효령빌딩,봉래동,1,0
2024-10-05,14:00,17:00,0,종로|남대문,"동화면세점 앞 인도 ⇄ 을1R ※ 행진(2.7km, 1개차로): 동화면세점⟶종1R→을1R→대한문R→동화면세점 10,000",세종대로,1,1
2024-10-05,14:00,17:00,2000,종로|남대문,"대한문 앞 ⇄ 종로1R ※행진(2.3km,1개차로):대한문→서린R→종로1R→한은R→소공로→대한문",세종대로 등,1,1
2024-10-05,14:00,17:00,2000,종로|남대문,도시건축전시관 앞 ⇄ 종로1R,세종대로 등,0,0
2024-10-05,14:00,17:00,1200,종로|남대문|중부,"보신각 앞 인도 → SK서린빌딩 ※ 행진(2.8km, 2개차로): 보신각→삼일교→성모R→명동길→을1R→개풍R→ 광통교→SK서린빌딩",관철동,1,1
2024-10-05,14:00,18:00,500,용산,"한남뜨락 內 → 전쟁기념관 앞 ※행진(2.8km, 인도): 한남뜨락→이태원역→녹사평역→전쟁기념관앞",이태원로 등,1,0
2024-10-05,14:30,16:00,120,종로|남대문,"청계광장 남측 ⇄ 을1R ※ 행진(2km, 1개차로): 소라탑→세종R→종1R→을1R→한은R→숭례문R →대한문→시청 서편→청계광장 남측",세종대로,1,1
2024-10-05,15:00,17:30,100,종로|서대문,"의정부터 서측 인도 → 경찰청 앞 ※행진(2.0km,1개차로):의정부터서측건너편→새종R→서대문R→경찰청",세종대로 등,1,1
2024-10-05,15:30,17:00,3000,동작,우성스포닉센터~경남교수아파트 후문 앞 인도,신대방동,0,0
2024-10-05,17:00,18:30,10000,용산,삼각지역 1出 앞 2개 차로,한강대로,0,1
2024-10-05,17:00,20:00,2000,종로|남대문|중부,"태평R~숭례문R 편도 全 차로 → 광화문kt ※행진(2.6km, 2개차로):태평R→시청R→을지로2R→종로2R→세종R→ 광화문KT 건너편",태평로 1가 등,1,1
2024-10-05,18:00,21:00,500,종로,동화면세점 앞 인도,세종대로,0,0
2024-10-05,19:00,21:00,1000,남대문,대한문 앞 인도 및 1개차로,정동,0,1
2024-10-06,09:30,11:00,1000,구로,평강제일교회 앞,오류동,0,0
2024-10-06,09:30,11:00,50,구로,평강교회 정문 좌측 공터,오류동,0,0
2024-10-06,11:00,14:00,10000,종로|남대문,동화면세점~시의회 편도 全차로,세종대로,0,1
2024-10-06,13:50,15:10,200,종로,"향린교회 → 보신각 ※행진(2.2km, 1개차로): 향린교회⟶내자R⟶광화문R⟶세종R⟶보신각",내수동,1,1
2024-10-06,14:00,16:30,1000,남대문|용산,서울역 광장 → 전쟁기념관,봉래동 등,1,0
2024-10-06,14:00,17:00,1000,종로|남대문,"종각역 5出 앞 인도 및 2개 차로 → 효령빌딩 ※행진(2.7km, 2개차로):종각역5出→청계북로→서린빌딩 서측→세종R 1,000 →광화문R→안국R→인사동길→종로2R→종로1R→효령빌딩",역 진 세종대로 등,1,1
2024-10-06,15:00,18:00,300,종로,교보빌딩 앞 인도 및 1개 차로,세종대로,0,1
2024-10-06,18:00,21:00,500,종로,동화면세점 앞 인도,세종대로,0,0
2024-10-07,08:00,18:00,150,영등포,국회 앞 등,여의도,0,0
2024-10-07,08:30,11:00,100,종로,SK서린빌딩 앞 인도,서린동,0,0
2024-10-07,10:00,11:00,500,구로,평강제일교회 앞,오류동,0,0
2024-10-07,10:00,11:00,50,구로,평강제일교회 좌측 공터,오류동,0,0
2024-10-07,10:00,11:00,200,영등포,국회 앞,여의도,0,0
2024-10-07,10:00,14:00,120,남대문,"시청 동편 인도 ⇄ 서울광장 남측 ※행진(0.5km, 인도) : 시청동편⟶서울광장남측⟶시청역5出⟶시청동편",태평로1가,1,0
2024-10-07,11:00,12:00,50,영등포,KB본사 신관 앞,여의도,0,0
2024-10-07,11:30,12:30,50,종로|남대문,"대한문 앞 인도 ※경로(2.6km, 인도): 대한문→정동길→경향신문→광화문광장 이순신장군像",정동,1,0
2024-10-07,12:00,13:00,100,성북,성북구청 앞,삼선동,0,0
2024-10-07,14:00,16:00,100,강서,귀뚜라미 빌딩 앞 인도,화곡동,0,0
2024-10-07,14:00,16:30,100,성북,성북구청 앞,삼선동,0,0
2024-10-07,16:00,16:40,100,마포,정00의원 사무실 앞,서교동,0,0
2024-10-07,17:00,20:00,100,구로,"신도림역 광장 ⇄ 디큐브시티아파트 ※경로(0.8km, 인도): 신도림역 광장 → 현대백화점 → 디큐브시티@ → 신도림역 광장",신도림동,1,0
2024-10-07,19:30,21:30,100,성북,성북구청 앞,삼선동,0,0
2024-10-08,07:00,20:00,100,마포,서울신용보증재단 앞,공덕동,0,0
2024-10-08,09:00,10:00,60,성북,성북구청 앞 인도,삼선동,0,0
2024-10-08,10:30,11:00,100,종암,"길음역 10出 → 신월곡1구역 88정화위원회 ※ 행진(0.5km, 인도): 길음역10出⟶서희스타힐스아파트⟶휘닉스모텔 ⟶도도애견샾⟶88정화위원회",하월곡동,1,0
2024-10-08,13:00,14:00,50,서대문,경찰청 앞 인도,미근동,0,0
2024-10-08,13:00,16:00,500,용산,전쟁기념관 앞 인도,용산동,0,0
2024-10-08,14:00,16:00,400,강남,캐논 K타워 앞,삼성동,0,0
2024-10-08,18:30,19:30,300,강서,서울도시가스 본사 앞,염창동,0,0
2024-10-09,08:00,11:00,5000,남대문|용산,"시청 광장 → 효창공원 ※행진(4.7km, 2개차로) : 시청광장→숭례문R→용중R→원효로→효창공원",태평로1가,1,1
2024-10-09,10:00,13:00,1800,마포,서교동R~동교동R 인도,서교동,0,0
2024-10-09,10:00,13:00,540,마포|서대문,"동교동R 인도 → 신청지 서대문교회 ※행진(0.3km, 1개차로): 동교동R ⟶ 신천지 서대문교회",동교동,1,1
2024-10-09,12:00,13:00,300,종로,경복궁 주유소 인도 및 1개차로,수송동,0,1
2024-10-09,12:30,14:30,300,남대문,"명동성당 ⇄ 중앙우체국 ※ 행진(1.4km, 인도): 명동성당→ 눈스퀘어 → 중앙우체국 → 명동역 6出 → 명동성당",명동,1,0
2024-10-09,13:00,18:00,19000,종로|남대문,"동화면세점~시의회 앞 인도 및 편도 全차로 ⇄ 을1R ※행진(2.9km, 2개차로): 동화면세점→ 종1R → 을1R → 한은R → 숭례문R → 동화면세점",세종대로,1,1
2024-10-09,14:30,17:00,10000,남대문,시청 광장 및 동 ‧ 서측 1개차로,태평로1가,0,1
2024-10-09,15:00,15:30,500,서대문,신천지 서대문교회~희 소프트빌 앞 인도,서교동,0,0
2024-10-09,17:00,18:30,100,영등포,국회 앞 인도,여의도,0,0
2024-10-09,18:30,19:30,500,구로,평강제일교회 정문 앞 이면도로,오류동,0,0
2024-10-09,18:30,19:30,50,구로,평강제일교회 정문 좌측 공터,오류동,0,0
2024-10-10,10:00,11:00,500,구로,평강제일교회 정문 앞 이면도로,오류동,0,0
2024-10-10,10:00,11:00,50,구로,평강제일교회 정문 좌측 공터,오류동,0,0
2024-10-10,10:00,13:00,100,서대문,서대문구청 앞 좌우 인도,연희동,0,0
2024-10-10,12:00,15:00,200,강서,"CP3-2 공사현장 앞 ※ 행진(2km, 인도): CP3 → 마곡역 1出 → 마곡나루역6出 → CP3-2",마곡동,1,0
2024-10-10,14:00,16:30,100,영등포,영등포구청 앞 인도,당산동,0,0
2024-10-10,17:00,18:00,100,영등포,"영등포구청 → 당산역4出 ※행진(2.2km, 1개차로) : 영등포구청 → 구민회관 → 당산삼성2차@ → 당산역 4出",당산동,1,1
2024-10-10,18:30,19:30,100,광진,세종대학교 앞,군자동,0,0
2024-10-10,18:30,20:00,70,용산,"용산역 광장 앞 → 전쟁기념관 ※행진(1.5km, 인도): 정부서울청사→서울역R→용산 우체국→삼각지역",한강대로 등,1,0
2024-10-10,19:30,21:00,100,영등포,영등포구청,당산동,0,0
2024-10-11,09:00,15:00,200,서대문,경찰청 앞,미근동,0,0
2024-10-11,10:00,13:00,100,서대문,서대문구청 앞 좌우 인도,연희동,0,0
2024-10-11,12:00,15:00,200,강서,"CP3-2 공사현장 앞 ※ 행진(2km, 인도): CP3→ 마곡역 1出→마곡나루역6出→CP3-2",마곡동,1,0
2024-10-11,14:00,15:00,100,도봉,"도봉금호어울림 아파트 건축 현장 앞 인도→서진약국 ※행진(1km, 인도): 도봉금허어울림 현장→도봉중교사거리→서진약국",창동,1,0
2024-10-11,15:00,16:00,100,도봉,도봉구청 앞 인도,방학동,0,0
2024-10-11,16:30,17:00,100,마포,성산동 월드타운 대림@ 건너편 인도,성산동,0,0
2024-10-11,17:00,18:30,400,서초,대법원 정문 / 서초역1~3出 인도,서초동,0,0
2024-10-11,17:30,20:00,500,종로,동화면세점 앞 인도,세종대로,0,0
2024-10-11,18:00,20:00,100,송파,쿠팡본사 앞,신천동,0,0
2024-10-11,19:00,20:00,500,남대문,서울시청 서편,태평로1가,0,0
2024-10-11,19:00,20:00,100,서초,강남역 9出~10出 인도,서초동,0,0
2024-10-12,10:00,11:00,7000,송파,올림픽파크텔~한성백제박물관 앞 인도,신천동,0,0
2024-10-12,10:00,17:00,100,용산,"전쟁기념관 앞 인도 ⇄ 삼각지R ※행진(1km, 인도): 전쟁기념관→삼각지R→전쟁기념관",용산동,1,0
2024-10-12,13:00,17:00,0,종로|남대문,"동화면세점 앞 인도 ⇄ 을1R ※행진(2km, 1개차로): 동화면세점⟶종1R→을1R →개풍R→대한문R 10,000 → 동화면세점",세종대로,1,1
2024-10-12,14:00,17:00,2000,종로|남대문,"대한문 앞 ⇄ 종로1R ※행진(2.3km,1개차로):대한문→서린R→종로1R→한은R→소공로→대한문",세종대로 등,1,1
2024-10-12,14:00,17:00,2000,종로|남대문,"도시건축전시관 앞 ⇄ 종로1R ※행진(2.3km,1개차로):대한문→서린R→종로1R→한은R→소공로→대한문",세종대로 등,1,1
2024-10-12,14:00,16:30,500,종로|남대문,"교보빌딩 남측 인도 → 효령빌딩 ※행진(2.8km, 1개차로):교보빌딩→세종R→인사동길→종로2R→→종로 1R→광교→효령빌딩",세종대로 등,1,1
2024-10-12,15:00,15:30,100,종로,대한역사박물관 앞 교통섬,세종대로,0,0
2024-10-12,16:00,17:30,10000,용산,삼각지역 1出 앞 2개 차로,한강대로,0,1
2024-10-12,16:00,18:00,300,용산,"한강대교 북단 → 전쟁기념관 앞 ※ 행진(2.6km, 인도): 한강대교 북단→신용산역 3出→삼각지역 12出→전쟁기념관",용산동,1,0
2024-10-12,16:00,18:00,100,서초,대검찰청 정문 앞 인도 및 1개 차로,서초동,0,1
2024-10-12,17:00,18:30,100,영등포,국회의사당 1~2門 앞 인도,여의도동,0,0
2024-10-12,17:00,20:00,2000,종로|남대문,"태평R~숭례문R 편도 全 차로 → 광화문 KT ※행진(2km, 2개차로):태평R→시청R→을지로1R→광교남단→청계남로→ 파이낸스→태평R",태평로 1가 등,1,1
2024-10-12,18:00,21:00,500,종로,동화면세점 앞 인도,세종대로,0,0
2024-10-12,19:00,21:00,2000,종로|남대문,"대한문 앞 인도 및 2개 차로 →내자R ※행진(1.5km, 2개차로): 대한문⟶시청 서편⟶세종R→광화문R→내자R",정동,1,1
2024-10-13,09:30,11:00,1000,구로,평강제일교회 앞,오류동,0,0
2024-10-13,09:30,11:00,50,구로,평강교회 정문 좌측 공터,오류동,0,0
2024-10-13,11:00,13:00,10000,종로|남대문,동화면세점~코리아나호텔 편도 全 차로,세종대로,0,1
2024-10-13,12:00,14:30,2000,영등포,"여의도공원 10出 → 여의도공원 1出 ※행진(1.5km, 1개차로): 여의도공원 10出⟶ 여의도공원 1出",여의도,1,1
2024-10-13,15:00,18:00,300,종로,교보빌딩 앞 인도 및 1개 차로,세종대로,0,1
2024-10-13,17:00,18:30,100,영등포,국회의사당 1~2門 앞 인도,여의도동,0,0
2024-10-13,18:00,21:00,500,종로,동화면세점 앞 인도,세종대로,0,0
2024-10-14,09:00,16:00,150,중부,대우건설 앞,을지로4가,0,0
2024-10-14,09:30,12:00,100,동대문,동대문구청 광장 앞 인도,용두동,0,0
2024-10-14,10:00,11:00,500,구로,평강제일교회 앞,오류동,0,0
2024-10-14,10:00,11:00,50,구로,평강제일교회 좌측 공터,오류동,0,0
2024-10-14,10:00,17:00,100,서초|수서|방배,"엠엠모터스 → SH본사 앞 ※행진(2.2KM, 1개차로): 엠엠 모터스→예술의전당→서초구청 →매봉역→학여울역→SH본사",방배동 등,1,1
2024-10-14,14:00,15:30,1000,종로|남대문,"금융위원회 → 예금보험공사 ※행진(1.2KM, 2개차로): 정부청사→광화문R→세종R→청계남로 →예금보험공사",세종로 등,1,1
2024-10-14,14:30,17:00,80,남대문|영등포|서초|강남|수서,여의도공원 11G 앞 → 동작역 4出,여의도 등,1,0
2024-10-14,16:00,17:00,100,종로|용산|마포|동작,정00의원 사무실 앞,서교동,0,0
2024-10-14,17:00,20:00,100,구로,"신도림역 광장 ⇄ 디큐브시티아파트 ※행진(0.8km, 인도): 신도림역 광장 → 현대백화점 → 디큐브 시티@ → 신도림역 광장",신도림동,1,0
2024-10-14,19:00,20:00,500,남대문,시청 서편,태평로1가,0,0
2024-10-15,08:00,09:00,1000,남대문,"서울시청 동편 ※행진(0.7km, 인도): 동편→시청R→시청역4出→무교R→동편",태평로1가,1,0
2024-10-15,09:00,16:00,150,중부,대우건설 앞,을지로4가,0,0
2024-10-15,10:00,17:00,100,남대문|중부|광진|성동,"KTSC → 세종호텔 ※행진(11km, 1개차로): KTSC(진방) → 어린이대공원역R → 세종대학교 →화양R →한양대역→왕십리역→신당역→세종호텔",능동 등,1,1
2024-10-15,10:30,12:20,1000,남대문,"서울시청 동편 ※행진(0.9km, 1개차로): 시청동편→남측→서편→파이낸스북측목길→ 무교R→시청동편",태평로1가,1,1
2024-10-15,10:30,14:00,230,영등포,"코스콤 → 한국거래소 앞 ※행진(0.3km, 1개차로): 코스콤 본사 → 여의나루로 4길→한국거래소",여의도,1,1
2024-10-15,13:00,14:00,800,송파,올림픽회관 앞,신천동,0,0
2024-10-15,14:00,16:00,100,종로,서울노동권익센터,관수동,0,0
2024-10-15,19:00,20:30,200,서초,강남역 8出 → 삼성전자 C동,서초동,1,0
2024-10-16,08:20,08:50,80,영등포,동아빌딩 앞,여의도,0,0
2024-10-16,09:00,16:00,150,중부,대우건설 앞,을지로4가,0,0
2024-10-16,10:00,13:30,100,서대문,서대문구청 앞 좌우 인도,연희동,0,0
2024-10-16,10:00,17:00,100,종로|남대문|마포|서대문,"세종호텔 → 의사당역 1出 행진(9.9km, 1개차로): 세종호텔→고용청→서대문역→충정로역→국회",명동 등,1,1
2024-10-16,12:00,13:00,300,종로|영등포,경복궁 주유소 좌우측 인도 및 2개차로,중학동,0,1
2024-10-16,16:00,,300,종로,KT 신관 ‧ 본관 앞 翌12:00,청진동,0,0
2024-10-16,17:30,19:00,100,종로,시교육청 앞,신문로,0,0
2024-10-16,18:30,19:30,500,구로,평강제일교회 정문 앞 이면도로,오류동,0,0
2024-10-16,18:30,19:30,50,구로,평강제일교회 정문 좌측 공터,오류동,0,0
2024-10-16,19:00,20:00,500,종로|남대문,"보신각 → 서울고용청 ※행진(1.5km, 1개차로): 종각역→세종R→청계남로→서울고용청",장교동,1,1
2024-10-17,09:00,16:00,150,중부,대우건설 앞,을지로4가,0,0
2024-10-17,09:00,10:00,60,성북,성북구청 앞,삼선동,0,0
2024-10-17,10:00,11:00,500,구로,평강제일교회 정문 앞 이면도로,오류동,0,0
2024-10-17,10:00,11:00,50,구로,평강제일교회 정문 좌측 공터,오류동,0,0
2024-10-17,11:00,13:00,200,영등포,금융감독원 앞,여의도동,0,0
2024-10-17,11:30,13:00,100,종로,덕수궁 돌담길,정동,0,0
2024-10-17,14:00,17:00,0,종로|남대문,"르메이에르빌딩 → 파이낸스빌딩 ※행진(약 2.2km, 1개차로): 르메이에르→종로1가→을지로입구→소 1,500",종로 등,1,1
2024-10-17,14:00,17:00,100,중랑,"중랑구청 앞 인도 ※행진(2.4km, 1개차로): 중랑구청→구청R→신내지하차도R→",신내동,1,1
2024-10-17,16:00,17:00,50,동대문,동부교육청 앞,전농동,0,0
2024-10-17,16:00,18:00,100,도봉,북부교육청 앞,창동,0,0
2024-10-17,16:00,19:00,50,영등포,남부교육청 앞,문래동,0,0
2024-10-17,18:30,19:30,1000,영등포,KBS홀 서편 건너편,여의도동,0,0
2024-10-17,18:30,19:30,50,용산,전쟁기념관 상징탑 앞 인도,용산동 1가,0,0
2024-10-17,19:00,21:00,100,중랑,중랑구청 앞 인도,신내동,0,0
2024-10-18,07:00,09:00,50,강남,삼성로120길 16-49,삼성동,0,0
2024-10-18,08:00,11:00,100,남대문,은행연합회 앞,명동,0,0
2024-10-18,09:00,16:00,150,중부,대우건설 앞,을지로4가,0,0
2024-10-18,10:30,12:30,50,구로,구로구청 후문 좌측 인도,구로동,0,0
2024-10-18,11:30,12:00,100,용산,전쟁기념관 앞,용산동,0,0
2024-10-18,13:00,15:00,100,남대문,한화빌딩 앞,장교동,0,0
2024-10-18,14:00,17:00,1000,영등포,의사당역 4出 ~ 잠사회관 3개 차로,여의도,0,1
2024-10-18,16:00,16:40,100,마포,월드타운대림@ 건너편 인도,성산동,0,0
2024-10-18,16:00,18:00,500,영등포,KBS본관 앞,여의도,0,0
2024-10-18,16:00,18:30,400,서초,대법원 정문 앞 / 서초역 1~3出 일대,서초동,0,0
2024-10-18,17:00,18:00,400,영등포,"이룸센터 앞 → 민주당사 ※행진(0.6km, 이면도로): 이룸센터→글래드호텔→ 국민은행 동 · 서관 사잇길 → 민주당사",여의도,1,0
2024-10-18,18:30,20:00,500,종로,동화면세점 앞 인도,세종대로,0,0
2024-10-18,19:00,20:00,200,서초,정곡빌딩 남관 앞 인도 및 1개 차로,서초동,0,1
2024-10-18,19:00,20:00,100,서초,강남역 3出 ~ 10出 인도,서초동,0,0
2024-10-19,13:00,16:00,0,종로|남대문,"동화면세점 앞 인도 ⇄ 을1R ※ 행진(2km, 1개차로): 동화면세점⟶종1R→을1R →개풍R→대한문R 10,000 → 동화면세점",세종대로,1,1
2024-10-19,13:00,15:00,300,남대문,정동길,정동,0,0
2024-10-19,14:00,16:30,500,종로|남대문,"교보빌딩 남측 인도 → 효령빌딩 ※행진(2.7km, 1개차로): 광화문R→안국R→인사동길→종로2R→→종로1R→",세종대로 등,1,1
2024-10-19,14:00,16:30,600,종로,"보신각 ⇄ 광화문R ※ 행진(2.3km, 1개차로) : 보신각→안국R→광화문R→ 세종R→보신각",관철동,1,1
2024-10-19,15:00,17:30,0,남대문|용산,"정동길 → 삼각지PB ※ 행진(약 3.3km, 1개차로): 정동길→태평R →숭례문R→남영R→ 1,000",정동 등,1,1
2024-10-19,15:00,17:30,300,종로|남대문,"정동길 ⇄ 종로1가 ※ 행진(약 3.3km, 1개차로): 정동길→시청R→세종R→종각→을1R",정동 등,1,1
2024-10-19,15:00,18:30,2000,남대문,"태평R~舊삼성본관 건너편 4개차로 ⇄ 파이낸스센터 ※행진(2.4km, 2개차로):태평R→파이낸스센터→청계남로→광교→한은R→ 숭례문R→태평R",태평로1가 등,1,1
2024-10-19,16:00,17:30,10000,용산,삼각지역 1出 앞 2개 차로 / 솔밭어린이공원 앞 인도,한강대로,0,1
2024-10-19,17:00,18:30,300,남대문,정동분수대 인근,정동,0,0
2024-10-19,17:00,19:30,2000,종로|남대문,"대한문 앞 인도 및 1개 차로 → 적선현대빌딩 앞 ※행진(1.5km, 1개차로): 대한문⟶시청 서편⟶세종R→광화문R→ 적선현대빌딩",정동,1,1
2024-10-20,09:30,11:00,1000,구로,평강제일교회 앞,오류동,0,0
2024-10-20,09:30,11:00,50,구로,평강교회 정문 좌측 공터,오류동,0,0
2024-10-20,11:00,13:00,10000,종로|남대문,동화면세점~코리아나호텔 편도 全 차로,세종대로,0,1
2024-10-20,11:00,16:30,300,서대문,가재울어린이공원 앞 인도,남가좌동,0,0
2024-10-20,15:00,18:00,300,종로,교보빌딩 앞 인도 및 1개 차로,세종대로,0,1
2024-10-20,18:00,21:00,500,종로,동화면세점 앞 인도,세종대로,0,0
2024-10-21,10:00,11:00,500,구로,평강제일교회 앞,오류동,0,0
2024-10-21,10:00,11:00,50,구로,평강제일교회 좌측 공터,오류동,0,0
2024-10-21,10:50,11:20,1000,영등포,KBS홀 건너편,여의도,0,0
2024-10-21,11:00,12:30,1000,종로,타워8 앞,청진동,0,0
2024-10-21,14:30,15:10,200,서부,은평구청 앞,녹번동,0,0
2024-10-21,15:00,16:00,150,혜화,혜화역 3出 앞 인도,동숭동,0,0
2024-10-21,15:50,17:00,400,서대문,"홍제천폭포마당 → 서대문구청 앞 ※행진(약 3.3km, 1개차로): 홍제천 폭포마당→사랑약국→E마트24 →서대문구청",연희동,1,1
2024-10-21,17:00,18:30,150,서대문,신촌 유플렉스 주변,창천동,0,0
2024-10-21,18:00,20:00,100,구로,"신도림역 광장 ⇄ 디큐브시티아파트 ※ 행진(0.8km, 인도): 신도림역 광장 → 현대백화점 → 디큐브시티@ → 신도림역 광장",신도림동,1,0
2024-10-22,09:00,11:00,60,광진,"KTSC 앞 → 세종사이버대학교 ※ 행진(약 1km, 1개차로): KTSC → 아차산역R → 세종 사이버대 왕건관",능동,1,1
2024-10-22,09:30,10:00,2000,서초,현대차 본사 앞,양재동,0,0
2024-10-22,12:30,14:00,120,영등포,"현대카드 앞 → 더불어민주당사 ※ 행진(약 0.7km, 1개차로): 현대카드 → 국회대로 → 국민의힘 → 더불어민주당사",녹번동,1,1
2024-10-22,13:00,18:00,100,양천,서울남부지방법원 후문,신정동,0,0
2024-10-22,14:00,18:00,100,종로,GS본사 서측 인도 앞,청진동,0,0
2024-10-22,15:00,16:00,100,송파,송파구청 앞,신천동,0,0
2024-10-22,16:00,18:00,100,송파,"송파구청 → 잠실역 6出 ※ 행진(약 1.6km, 1개차로): 송파구청 → 방이R → 석촌 호수 → 잠실역R → 잠실역 6出",신천동,1,1
2024-10-22,15:00,16:30,100,성북,"성북구청 → 성신여대역 2出 앞 ※ 행진(약 0.5km, 1개차로): 성북구청 → 성북경찰서 → 성신여대입구역 2出 앞",삼선동,1,1
2024-10-22,16:00,18:30,100,용산,"전쟁기념관 앞 인도 ⇄ 삼각지R ※ 행진(약 1km, 인도): 전쟁기념관 → 삼각지R → 전쟁 기념관",용산동,1,0
2024-10-22,17:00,18:30,100,강북,강북구청 앞,수유동,0,0
2024-10-23,07:00,16:00,5000,수서,포스코센터 앞,대치동,0,0
2024-10-23,09:00,10:00,100,성북,성북구청 앞 인도,삼선동,0,0
2024-10-23,09:00,16:00,150,중부,대우건설 앞,을지로4가,0,0
2024-10-23,10:00,11:00,100,영등포,국회 앞,여의도,0,0
2024-10-23,11:00,11:30,50,용산,전쟁기념관 앞,용산동1가,0,0
2024-10-23,11:00,12:00,100,영등포,"국민은행서관 ⇄ 與 ‧ 野 당사 ※ 행진(1km, 이면도로): 국민은행 서관→동·서관 목길→민주당→ 국민의힘→국민은행 서관",여의도,1,0
2024-10-23,11:30,15:30,100,강북,강북구청 앞 인도,수유동,0,0
2024-10-23,12:00,13:00,300,종로,경복궁 주유소 좌‧우측 인도 및 1개차로,중학동,0,1
2024-10-23,13:00,14:00,200,용산,코레일네트웍스 앞,한강로2가,0,0
2024-10-23,13:00,15:00,100,영등포,국민의힘 당사 앞,여의도,0,0
2024-10-23,14:00,16:00,4000,남대문,서울역 3出 앞,남대문로5가,0,0
2024-10-23,14:00,16:00,400,강남,캐논k타워 앞,삼성동,0,0
2024-10-23,14:00,17:00,100,서대문,서대문구청 앞 인도,연희동,0,0
2024-10-23,16:00,17:00,300,종로,영풍빌딩 앞,서린동,0,0
2024-10-23,19:00,20:00,500,종로,보신각 → 종로3가역 ※행진(1차로): 보신각→종로2가→낙원상가→종로3가7出,관철동,1,1
2024-10-23,19:00,20:00,500,구로,평강제일교회 정문 앞 이면도로,오류동,0,0
2024-10-23,19:00,20:00,50,구로,평강제일교회 정문 좌측 공터,오류동,0,0
2024-10-23,19:00,20:30,100,남대문,"시의회 본관 앞 인도 → 부림빌딩 ※행진(0.8km, 인도): 시의회→도시건축전시관→시청역5出→ 금세기빌딩→무교R→부림빌딩",태평로1가 등,1,0
2024-10-24,10:00,12:30,100,수서,강남역 주변,역삼동,0,0
2024-10-24,12:00,15:00,200,강서,"CP3-2 앞 ※행진경로(인도,2km): 게이스퀘어마곡 → 마곡역1出→마",마곡동,1,0
2024-10-24,12:30,12:50,500,영등포,국민의힘 당사 앞,여의도,0,0
2024-10-24,13:00,15:00,150,종로,광화문 KT EAST 서측,세종대로,0,0
2024-10-24,14:00,16:00,100,서초|수서,강남역 → 삼성본관,역삼동,1,0
2024-10-24,15:00,17:00,1000,동작,"전문건설회관 앞 ※행진경로(1개차로,1km): 건설회관⇄삼성보라매옴니타워",신대방동,1,1
2024-10-24,18:30,19:30,1000,영등포,KBS 건너편,여의도,0,0
2024-10-25,10:00,11:00,50,용산,전쟁기념관 앞 인도,용산동1가,0,0
2024-10-25,11:00,18:00,70,남대문|용산|영등포|마포|서대문,B마트 신길점 → 몽촌토성역 1出,문래동 등,1,0
2024-10-25,11:30,15:30,100,송파|광진|성동|강북,강북구청 앞 인도,수유동,0,0
2024-10-25,12:00,14:00,400,강남,캐논k타워 앞,삼성동,0,0
2024-10-25,17:00,18:30,400,서초,대법원 정문 앞 / 서초역3 ‧ 4出 일대,서초동,0,0
2024-10-25,17:30,19:30,100,구로,코오롱싸이언스 밸리광장,구로2동,0,0
2024-10-25,19:00,20:00,100,서초,강남역 9出~10出 인도,서초동,0,0
2024-10-26,13:00,16:30,10000,종로|남대문,동화면세점 앞 인도 ⇄ 을1R,세종대로,0,0
2024-10-26,14:00,16:00,10000,영등포,산업은행 측면,여의도,0,0
2024-10-26,14:00,16:00,3000,종로,정부서울청사 → 영풍빌딩 ※ 행진(2개차로) : 정부서울청사→광화문R→세종R→각1,,1,1
2024-10-26,14:00,16:00,2000,서초,,서초동,0,0
2024-10-26,14:00,18:00,3000,남대문|중부|용산,"이태원역1出 → 서울광장 서편 ※행진(8km,1∼2개 차로):이태원역1出→삼각지역→숭례문R→을입구 →을2R→퇴계2R→회현R→소공로",역 역 이태원로 등,1,1
2024-10-26,15:00,18:00,3000,남대문,"서울역광장 ※행진(1.8km, 2개차로):서울역광장→한은R→을1R→광교R 남단",봉래동,1,1
2024-10-26,17:00,18:30,10000,용산,삼각지역 1出 앞 2개 차로,한강대로,0,1
2024-10-26,17:00,19:30,1000,종로|남대문,"대한문 앞 인도 및 2개 차로 → 적선현대빌딩 앞 ※행진(1.5km, 1개차로): 대한문⟶시청 서편⟶세종R→광화문R→",정동,1,1
2024-10-26,17:00,20:00,2000,남대문,"태평R~舊삼성본관 건너편 4개 차로 ⇄ 숭례문R ※행진(1.9km, 2개차로):태평R→을입구R→한은R→숭례문R→태평R",태평로1가 등,1,1
2024-10-26,18:30,21:00,3000,남대문,서울광장,태평로1가,0,0
2024-10-27,09:30,11:00,1000,구로,평강제일교회 앞,오류동,0,0
2024-10-27,09:30,11:00,50,구로,평강교회 정문 좌측 공터,오류동,0,0
2024-10-27,11:00,13:00,150,수서,능인선원 앞,역삼동,0,0
2024-10-27,11:00,14:00,10000,종로|남대문,동화면세점~원표공원 앞 편도 全 차로,세종대로,0,1
2024-10-27,12:00,19:00,200,강북,강북구청 소녀상 앞,수유동,0,0
2024-10-27,13:30,17:00,200000,종로|남대문,광화문R~서울역R 양방 全 차로(2개차로 제외) 등 도심권 일대,세종대로,0,1
2024-10-28,08:00,15:00,690,종암,장위6구역 현장 앞,장위동,0,0
2024-10-28,10:00,11:00,500,구로,평강제일교회 앞,오류동,0,0
2024-10-28,10:00,11:00,50,구로,평강제일교회 좌측 공터,오류동,0,0
2024-10-28,11:00,11:30,300,남대문,서울시립미술관 앞 인도,정동,0,0
2024-10-28,11:00,11:30,50,남대문,AK타워 앞,회현동,0,0
2024-10-28,13:30,14:30,2000,서초,현대자동차 본사 앞,양재동,0,0
2024-10-28,14:00,16:00,2000,종로,동화면세점 앞 인도 및 3개 차로,세종대로,0,1
2024-10-28,14:00,17:00,500,성북,"성북구청 ⇄ 보문역R ※행진(1.8km, 1개차로): 구청 → 구청R(U턴/동소문로) → 보문역R → 구청",삼선동,1,1
2024-10-28,14:00,,100,마포,"DDMC 앞 ※ 행진(0.5km, 인도): 신도림역 광장 → 현대백화점 翌11:00 → 디큐브시티아파트",상암동,1,0
2024-10-28,18:00,20:00,100,구로,신도림역 광장 → 디큐브시티아파트,신도림동,1,0
2024-10-29,11:30,13:00,100,서대문,경찰청 앞 좌측 인도,미근동,0,0
2024-10-29,12:00,14:00,400,강남,캐논K타워 앞,삼성동,0,0
2024-10-29,14:00,15:30,300,종로,정부서울청사 북측 인도 및 1개 차로,사직로,0,1
2024-10-29,17:00,18:00,400,종로,서울시교육청 앞,신문로2가,0,0
2024-10-29,19:00,20:00,100,용산,이태원광장 인도,이태원동,0,0
2024-10-30,11:00,14:00,400,강남,캐논K타워 앞,삼성동,0,0
2024-10-30,11:30,13:00,60,서초,중앙지검 동문 앞,서초동,0,0
2024-10-30,12:00,13:00,300,종로,경복궁 주유소 좌 ‧ 우측 인도 및 1개 차로,중학동,0,1
2024-10-30,13:00,16:00,100,영등포,국민의힘 당사 앞,여의도,0,0
2024-10-30,15:00,16:30,300,종로,동화면세점 앞 인도,세종대로,0,0
2024-10-30,18:30,21:00,150,혜화|성북,"한성대입구역 2出 앞 → 혜화역 4出 ※ 행진(0.7km, 1개 차로): 한성대입구역 2出→혜화문→혜화R →혜화역4出",성북동 등,1,1
2024-10-30,19:00,20:00,500,종로|남대문,"영풍빌딩 북측 → 숭례문 ※행진(1.4km, 1개차로): →을입구→한국은행→숭례문",서린동,1,1
2024-10-30,19:00,20:00,500,구로,평강제일교회 정문 앞 이면도로,오류동,0,0
2024-10-30,19:00,20:00,50,구로,평강제일교회 정문 좌측 공터,오류동,0,0
2024-10-31,10:00,11:00,500,구로,평강제일교회 정문 앞 이면도로,오류동,0,0
2024-10-31,10:00,11:00,50,구로,평강제일교회 정문 좌측 공터,오류동,0,0
2024-10-31,11:00,14:00,400,강남,캐논K타워 앞,삼성동,0,0
2024-10-31,12:30,12:50,500,영등포,국힘 당사 앞,여의도,0,0
2024-10-31,17:00,18:30,1000,영등포,KBS홀 건너편,여의도,0,0
2024-10-31,17:50,20:30,300,용산,"효창공원역 3出 앞 인도 ⇄ 용산꿈나무종합타운 ※행진(1.5km, 인도): 효창공원역 3出→2出용산꿈나무종합타운→ 라면전문점→용산풍천장어마을→효창공원역 3出",효창동 등,1,0
2024-11-01,10:00,11:00,500,송파,몽촌토성역 1出 앞 인도,신천동,0,0
2024-11-01,11:00,17:00,120,강남,코람코자산신탁 앞 인도,삼성동,0,0
2024-11-01,17:00,18:30,400,서초,대법원 정문 앞 / 서초역 3~4出 일대,서초동,0,0
2024-11-01,17:00,24:00,100,강남,압구정현대아파트 정문 앞 인도,압구정동,0,0
2024-11-01,18:30,21:00,300,서초,"강남역 삼성스토어 앞 인도 ⇄ 신논현역 8出 ※행진(1.2km, 인도):삼성스토어⇄강남역 10出⇄신논현역 8出",역삼동 등,1,0
2024-11-01,19:00,20:30,200,도봉,창동역 1出 앞,창동,0,0
2024-11-01,19:00,20:30,100,서초,강남역 9出~10出 인도,서초동,0,0
2024-11-02,13:00,16:00,10000,종로|남대문,"동화면세점 앞 인도 ⇄ 을1R ※행진(2km, 1개차로): 동화면세점⟶종1R→을1R →개풍R→대한문R → 동화면세점",세종대로,1,1
2024-11-02,14:00,16:00,10000,남대문,서울역 4出~숭례문R 상햏 전차로,한강대로 등,0,1
2024-11-02,14:00,16:00,300,종로|남대문,"보신각 ⇄ 개풍R ※행진(약1.6km, 1개차로): 보신각→을1R→개풍R→서린R→보신각",관철동 등,1,1
2024-11-02,14:00,16:30,1000,종로|남대문,"서울시청 동편 ⇄ 광교 ※행진(약1.9km, 2개차로): 시청동편→모전교→광교→한은R→시청동편",태평로 등,1,1
2024-11-02,14:00,17:00,500,종로|남대문,"교보빌딩 남측 인도 → 효령빌딩 ※행진(3km, 1개 차로):교보빌딩 남측→종로2R→인사동길→안국R →광화문R→세종R→파이낸스→청계남로→효령빌딩",세종대로 등,1,1
2024-11-02,14:00,17:00,500,종로|남대문,SK서린빌딩 남측 ⇄ 안국R,서린동,0,0
2024-11-02,17:00,19:30,1000,종로|남대문,"대한문 앞 인도 및 2개차로 → 적선현대빌딩 앞 ※ 행진(1.5km, 1개차로): 대한문⟶시청 서편⟶세종R→광화문R→ 적선현대빌딩",정동,1,1
2024-11-02,17:00,20:00,2000,종로|남대문,"태평R~舊삼성본관 건너편 4개차로 ⇄ 을입구 ※행진(1.9km, 2개 차로): 태평R→청계광장 남단→광교→을입구 →프레지던트호텔→태평R",태평로1가 등,1,1
2024-11-02,17:00,18:30,10000,용산,삼각지역 1出 앞 2개 차로,한강대로,0,1
2024-11-03,09:30,11:00,1000,구로,평강제일교회 앞,오류동,0,0
2024-11-03,09:30,11:00,50,종로|구로,평강교회 정문 좌측 공터,,0,1
2024-11-03,11:00,13:00,10000,남대문,,세종대로,0,0
2024-11-03,15:00,18:00,300,종로,교보빌딩 앞 인도,세종대로,0,0
2024-11-03,18:00,21:00,500,종로,동화면세점 앞 인도,세종대로,0,0
2024-11-04,09:00,16:00,200,강남,강남구청 앞 인도,삼성동,0,0
2024-11-04,10:00,11:00,500,구로,평강제일교회 앞,오류동,0,0
2024-11-04,10:00,11:00,50,구로,평강제일교회 좌측 공터,오류동,0,0
2024-11-04,11:00,11:30,50,남대문,AK타워 앞,회현동,0,0
2024-11-04,18:00,20:00,100,구로,"신도림역 광장 →디큐브시티아파트 ※행진(0.5km, 인도): 신도림역 광장→현대백화점→디큐브시티아파트",신도림동,1,0
2024-11-05,11:00,11:30,100,용산,전쟁기념관 앞,용산동1가,0,0
2024-11-05,11:15,12:15,50,남대문,시의회 본관 앞 인도,태평로1가,0,0
2024-11-05,11:30,12:30,230,영등포,코스콤 본사 앞,여의도,0,0
2024-11-05,14:00,17:00,500,서부,은평구청 앞 ⇄ 녹번역R,녹번동,0,0
2024-11-05,14:30,16:00,250,영등포,이룸센터 앞 인도 및 보조도로,여의도,0,0
2024-11-05,19:00,20:30,200,서초,"강남역 8出 → 강남역 6出 ※행진(약 550m, 인도): 강남역8出→6出→삼전 C동 →글로리서울 빌딩→강남역8出→6出",역삼동,1,0
2024-11-06,08:00,15:00,690,종로,돈의문 디타워 앞,평동,0,0
2024-11-06,10:30,11:30,100,용산,전쟁기념관 앞,용산동1가,0,0
2024-11-06,11:00,16:00,200,송파,올림픽회관 앞,신천동,0,0
2024-11-06,11:30,12:00,200,영등포,파크원빌딩 앞,여의도,0,0
2024-11-06,12:00,13:00,200,영등포,FKI빌딩 앞,여의도,0,0
2024-11-06,13:30,15:30,300,강남,경남제약 앞,논현동,0,0
2024-11-06,19:00,20:00,500,종로,보신각 → 안국역 6出 ※행진(1개차로): 보신각북측→종로2R→남인사→북인사→안국역6出,관철동,1,1
2024-11-06,19:00,20:00,500,구로,평강제일교회 정문 앞 이면도로,오류동,0,0
2024-11-06,19:00,20:00,50,구로,평강제일교회 정문 좌측 공터,오류동,0,0
2024-11-07,10:00,11:00,100,용산,전쟁기념관 앞 인도,용산동1가,0,0
2024-11-07,11:30,14:00,50,영등포,민주당사 앞 ⇄ 국민의힘 당사,여의도,0,0
2024-11-07,12:30,12:50,500,영등포,국민의힘 당사 앞,여의도,0,0
2024-11-07,14:00,16:00,500,남대문,시청 서편 인도 및 1개차로,태평로1가,0,1
2024-11-07,19:00,20:30,150,동작,삼성보라매옴니타워 ⇄ 전문건설회관,신대방동,0,0
2024-11-08,10:30,12:30,50,구로,구로구청 후문 좌측 인도,구로동,0,0
2024-11-08,11:15,12:15,50,남대문,시청 동편 인도,태평로1가,0,0
2024-11-08,17:00,18:30,400,서초,대법원 정문 앞 / 서초역3 ‧ 4出 일대,서초동,0,0
2024-11-08,18:00,21:00,150,서부,"응암역 3出 은평너른마당 ⇄ 은평세무서R ※행진(2.1km, 1개차로):은평너른마당→이마트→본서부병원R→ 국민은행→은평세무서R→국민은행→본서부병원R→이마트→",신사동,1,1
2024-11-08,19:00,20:30,100,서초,강남역 9~10出 인도,서초동,0,0
2024-11-08,19:00,21:00,200,서부,혁신파크 정문 앞 ⇄ 혁신파크 후문,녹번동,0,0
2024-11-08,19:00,21:30,100,송파,쿠팡 본사 앞,신천동,0,0
2024-11-09,13:00,15:30,500,종로|남대문,농협중앙회 → 숭례문R ※행진경로(2.4km 2개차로): 세종R→종2R→을2R→을1R→ 종1R→세종R→숭례문R,충정로1가 등,1,1
2024-11-09,13:00,20:00,20000,종로|남대문,동화면세점~시청역 2出 편도 全차로,세종대로,0,1
2024-11-09,13:30,15:30,0,남대문|중부,"서울고용청 → 숭례문R ※행진경로(1.5km, 2개차로): 을2R→을1R→개풍R→대한문R 6,000",,1,1
2024-11-09,13:30,14:30,1000,종로,,종로1가,0,0
2024-11-09,14:00,15:30,50000,영등포,여의대로 상,여의도,0,0
2024-11-09,14:00,15:30,0,남대문|서대문,"경찰청R → 숭례문R ※행진경로(1km, 3개차로): 경찰청R→통일로(역)→서소문로(진)→ 15,000",,1,1
2024-11-09,14:00,15:30,4000,남대문,※행진경로(1km. 2개차로): 을1R→개풍R→대한문R→태평R,을지로1가,1,1
2024-11-09,14:00,15:30,6000,남대문|용산,서울역11出 → 숭례문R ※행진경로(1.1km 2개차로): 서울역 11出→서울역R→염천교 →칠패로→숭례문R,동자동 등,1,1
2024-11-09,14:00,15:30,2000,남대문,삼일교 → 숭례문R ※행진경로(1.8km 2개차로): 청계남로→무교R→개풍R→,삼각동 등,1,1
2024-11-09,14:00,15:30,1000,종로|남대문,"광화문D타워 동측 목길 2개 차로 → 숭례문R ※행진경로(1.3km, 2개차로): 광화문D타워⟶종1R⟶을1R⟶한은R⟶숭례문R",청진동,1,1
2024-11-09,16:00,17:00,80000,남대문,대한문남단~숭례문R,남대문로4가,0,0
2024-11-09,16:00,18:00,10000,용산,전쟁기념관 북문 앞 2개 차로,한강대로,0,1
2024-11-09,17:00,21:00,0,남대문,"태평R~숭례문R 편도 全차로 ⇄ 광교 ※행진경로(1.6km, 2개차로): 태평R→숭례문R→한은R→광교→쳥계광장→태평R 10,000",태평로 1가 등,1,1
2024-11-09,17:30,20:00,10000,종로|남대문|중부,"세종R~크레센도빌딩 편도 全차로 → 내자R ※행진경로(4km, 2개차로):세종R→종2R→을2R→을1R→종1R→세종R→ 광화문R→내자R",신문로 1가 등,1,1
2024-11-09,18:30,19:30,10000,남대문,태평R~숭례문R 편도 全 차로,세종대로 등,0,1
2024-11-10,09:30,11:00,1000,구로,평강제일교회 앞,오류동,0,0
2024-11-10,09:30,11:00,50,구로,평강제일교회 정문 좌측 공터,오류동,0,0
2024-11-10,11:00,14:00,10000,종로|남대문,동화면세점~코리아나호텔 앞 편도 全차로,세종대로,0,1
2024-11-10,14:00,17:00,500,종로|남대문,"효령빌딩 앞 ⇄ 인사동 ※행진경로(2.8km, 1개 차로):효령빌딩→청계남로→광교→보신각→ 세종R→광화문R→인사동→보신각→청계남로→효령빌딩",세종대로 등,1,1
2024-11-10,15:00,18:00,300,종로,교보빌딩 앞 인도,세종대로,0,0
2024-11-10,15:00,20:00,100,마포,SKT홍대역점 앞 등 20개소,서교동,0,0
2024-11-11,10:00,11:00,500,구로,평강제일교회 앞,오류동,0,0
2024-11-11,10:00,11:00,50,구로,평강제일교회 좌측 공터,오류동,0,0
2024-11-11,12:00,13:00,100,마포,효성빌딩 앞,공덕동,0,0
2024-11-11,18:00,20:00,100,구로,"신도림역 광장 → 디큐브시티아파트 ※행진경로(0.5km, 인도):신도림역 광장→현대백화점→디큐브시티아파트",신도림동,1,0
2024-11-12,00:00,08:00,1000,영등포,산업은행 주변,여의도,0,0
2024-11-12,08:00,09:00,1000,영등포,① 국회 및 현대카드 ② 의사당대로 주변,여의도,0,0
2024-11-12,08:00,,200,남대문,남대문경찰서 앞,남대문로5가,0,0
2024-11-12,09:00,11:30,400,남대문,서울시의회 별관,정동,0,0
2024-11-12,09:30,10:00,600,마포,월드컵경기장 서문 앞 인도 및 1개 차로,상암동,0,1
2024-11-12,10:00,11:00,200,영등포,"의사당역2出 → 산업은행 측면 ※ 행진경로(1.5km, 1개차로): 의사당역2出→민주당→국민의힘",여의도,1,1
2024-11-12,10:00,15:00,200,강남,강남구청 앞 인도,삼성동,0,0
2024-11-12,11:30,12:30,100,서초,정곡빌딩 북관 앞 인도 및 1개 차로,서초동,0,1
2024-11-12,13:30,14:30,1000,영등포,① 국회 및 현대카드 ② 의사당대로 주변,여의도,0,0
2024-11-12,14:00,15:00,100,서대문,경찰청 앞 좌측 인도,미근동,0,0
2024-11-12,14:00,16:00,8000,영등포,의사당역 2出~산업은행 측면 3개 차로 ⇄ 순복음R,여의도,0,1
2024-11-12,15:00,16:00,500,영등포,국민의힘 당사 앞,여의도,0,0
2024-11-12,18:00,19:00,500,종로,동화면세점 앞 인도,세종대로,0,0
2024-11-13,08:00,,200,남대문,남대문경찰서 앞,남대문로5가,0,0
2024-11-13,08:00,09:00,1000,영등포,①국회 및 현대카드 ②의사당대로 주변,여의도,0,0
2024-11-13,12:00,14:00,50,영등포,여의도공원 6出,여의도,0,0
2024-11-13,13:00,15:00,100,서대문,서대문구청 앞,연희동,0,0
2024-11-13,13:00,16:00,500,영등포,국민의힘 당사 앞,여의도,0,0
2024-11-13,14:00,17:00,150,강서,KCC오토그룹 앞,염창동,0,0
2024-11-13,17:30,19:00,100,종로,시교육청 앞,신문로,0,0
2024-11-13,19:00,21:30,300,강동,힐스테이트 젠트리스 앞 → 나비쇼핑몰,천호동,1,0
2024-11-14,08:00,10:00,200,강남,강남구청 앞,삼성동,0,0
2024-11-14,09:00,10:00,199,남대문,서울시별관 앞,정동,0,0
2024-11-14,11:00,18:00,2000,영등포,롯데건설 본사 앞,잠원동,0,0
2024-11-14,11:30,13:00,1000,서초,정곡빌딩 북관 앞 인도 및 1개차로,서초동,0,1
2024-11-14,12:30,12:50,500,영등포,국힘 당사 앞,여의도,0,0
2024-11-14,14:00,15:30,50,종로,보신각 앞,관철동,0,0
2024-11-14,18:00,21:30,150,관악,"가마구이찌(봉천로457) ⇄ 서울대입구역 5出 ※행진경로(0.6km, 인도 및 1개 차로):가마구이찌→에이스에이존 오피스텔→서울대입구역6出→파리바게트→가마구이찌",봉천동,1,1
2024-11-15,08:00,15:00,690,중부,대우건설 앞,을지로4가,0,0
2024-11-15,09:00,17:00,200,강남,강남구청 앞 인도,삼성동,0,0
2024-11-15,09:00,,1000,서초,정곡빌딩 북관 앞 2개 차로,서초동,0,1
2024-11-15,09:00,,100,서초,정곡빌딩 남관 앞 1개 차로,서초동,0,1
2024-11-15,09:30,11:30,50,영등포,CCMM빌딩 앞 인도,여의도,0,0
2024-11-15,11:00,,3000,서초,중앙지검 서문 좌측 2개 차로,서초동,0,1
2024-11-15,11:15,12:15,50,남대문,시청 동편 인도,태평로1가,0,0
2024-11-15,14:00,14:40,50,남대문,AK타워 앞,회현동,0,0
2024-11-15,19:00,20:00,100,서초,강남역 9出~10出 인도,서초동,0,0
2024-11-16,15:00,17:00,5000,종로|남대문,"태평R~舊삼성본관 건너편 4개차로 → 광화문R ※행진경로(1.6km, 2개 차로):태평R→개풍R→→서린R→포시즌스호텔→ 적선R→광화문R",태평로1가 등,1,1
2024-11-16,15:00,21:00,20000,종로|남대문,동화면세점~도시건축전시관 편도 全 차로,세종대로,0,1
2024-11-16,16:00,17:00,5000,종로,적선R~영추문 3개차로,효자동 등,0,1
2024-11-16,16:00,18:30,10000,용산,삼각지역 1出 앞 2개차로,한강대로,0,1
2024-11-16,16:00,17:00,40000,종로,"광화문D타워 2개차로 ※행진경로(0.6km, 2개 차로): 세종R→광화문R→동십자R",역 사직로 등,1,1
2024-11-16,16:30,17:10,10000,종로,동십자R~적선 편도 全차로 및 역방 3개차로,사직로,0,1
2024-11-16,17:30,21:00,0,종로|남대문,"동십자R~적선R 편도 全차로 및 역방 3개차로 → 명동역 3出 ※행진경로(3km, 편도 全 차로): 동십자R→적선R→사직파출소→안국R 40,000",역 사직로 등,1,1
2024-11-17,09:30,11:00,1000,구로,평강제일교회 앞,오류동,0,0
2024-11-17,09:30,11:00,50,구로,평강제일교회 정문 좌측 공터,오류동,0,0
2024-11-17,11:00,14:00,10000,종로|남대문,동화면세점~코리아나호텔 앞 편도 全차로,세종대로,0,1
2024-11-17,12:00,14:00,200,용산,이태원 광장,이태원동,0,0
2024-11-17,15:00,18:00,300,종로,교보빌딩 앞 인도,세종대로,0,0
2024-11-18,08:00,15:00,690,중부,대우건설 앞,을지로4가,0,0
2024-11-18,09:00,17:00,200,강남,강남구청 앞,삼성동,0,0
2024-11-18,10:00,11:00,500,구로,평강제일교회 앞,오류동,0,0
2024-11-18,10:00,11:00,50,구로,평강제일교회 좌측 공터,오류동,0,0
2024-11-18,10:00,13:00,100,남대문,농협중앙회 앞,충정로1가,0,0
2024-11-18,11:00,11:30,50,남대문,AK타워 앞,회현동,0,0
2024-11-18,18:00,20:00,100,구로,"신도림역 광장 → 디큐브시티아파트 ※행진경로(0.5km, 인도): 신도림역 광장→현대백화점→디큐브시티아파트",신도림동,1,0
2024-11-19,08:00,15:00,690,중부,대우건설 앞,을지로4가,0,0
2024-11-19,08:00,19:00,100,영등포,국회 주변 여야 당사 등,여의도,0,0
2024-11-19,09:00,12:00,200,영등포,"유진빌딩 앞 ※ 행진경로(1개차로, 약 2.4km): 유진빌딩→여의도역→여의대로 →파크원R→유진빌딩",여의도,1,1
2024-11-19,10:30,11:30,1500,노원,노원경찰서 건너편 인도 및 1개 차로,하계동,0,1
2024-11-19,11:15,12:15,50,남대문,시의회 본관 앞 인도,태평로1가,0,0
2024-11-19,12:00,15:00,2000,영등포,국회의사당역 4出~잠사회관 앞 2개 차로,여의도동,0,1
2024-11-19,13:30,15:30,150,남대문,시청 동편 인도,태평로1가,0,0
2024-11-19,14:00,17:00,50,용산,용산구청 정문 앞 인도,이태원동,0,0
2024-11-20,08:00,15:00,690,중부,대우건설 앞,을지로4가,0,0
2024-11-20,08:00,20:00,100,영등포,국회 주변 여야 당사 등,여의도,0,0
2024-11-20,10:30,12:00,200,남대문,시청 동편,태평로1가,0,0
2024-11-20,12:00,13:00,300,종로,경복궁 주유소 좌 ‧ 우측 인도 및 1개 차로,중학동,0,1
2024-11-20,13:00,14:00,10000,남대문,태평R~ 숭례문R 인도 및 편도 全차로,,1,1
2024-11-20,13:00,14:30,1000,남대문,"※경로(1.2km, 2개차로) : 농협중앙회→의주R→시청역 8出",충정로1가,1,1
2024-11-20,13:00,14:30,300,남대문|서대문,"오피시아 빌딩 → 시청역 8出 ※ 행진경로(1km, 1개차로) : 웨스트게이트타워→바비엥2→의주R→ 시청역 8出",미근동,1,1
2024-11-20,13:00,16:00,500,영등포,국민의힘 당사 앞,여의도,0,0
2024-11-20,13:30,14:30,200,영등포,국민은행 서관 앞,여의도,0,0
2024-11-20,14:00,15:00,5000,종로|남대문|중부,"서울고용청 → 태평R ※ 행진경로(1km, 2개차로): 을2R→을1R→개풍R→대한문R→태평R",관철동 등,1,1
2024-11-20,14:00,15:30,2000,서초,현대차 본사 앞,양재동,0,0
2024-11-20,14:00,16:00,500,영등포,"산업은행 측면 좌 ⇄ 與野당사 ※ 행진경로(진방 1개차로, 1.3km): 산업은행 측면 → 더불어 민주당 → 국회대로 → 국민의힘 → 산업은행 측면",여의도,1,1
2024-11-20,15:00,17:00,10000,남대문|용산,"태평R~숭례문R 인도 및 현도 全차로 → 삼각지PB ※행진경로(2.7km, 2개차로) :숭례문R(역)→서울역→숙대입구→삼각지PB",세종대로,1,1
2024-11-20,15:00,17:00,10000,용산,전쟁기념관 북문 앞 2개 차로,한강로1가,0,1
2024-11-20,15:00,17:00,10000,용산,한진중공업 앞 포켓차로,한강로1가,0,1
2024-11-20,17:00,20:30,200,서부,"응암역 3出 은평너른마당 ⇄ 은평세무서R ※행진경로(2.1km, 인도): 은평너른마당→이마트→본서부병원→ 국민은행→은평세무서R→국민은행→본서부병원R→이마트→",신사동,1,0
2024-11-20,19:00,20:00,500,구로,평강제일교회 정문 앞 이면도로,오류동,0,0
2024-11-20,19:00,20:00,50,구로,평강제일교회 정문 좌측 공터,오류동,0,0
2024-11-20,19:00,20:00,200,서대문,독립문 앞 인도,현저동,0,0
2024-11-21,09:00,10:00,100,성북,성북구청 앞 인도,삼선동,0,0
2024-11-21,10:00,11:00,500,구로,평강제일교회 정문 앞 이면도로,오류동,0,0
2024-11-21,10:00,11:00,50,구로,평강제일교회 정문 좌측 공터,오류동,0,0
2024-11-21,10:30,11:00,100,종암,"길음역 10出 → 신월곡1구역 88정화위원회 ※ 행진경로(0.5km, 인도): 길음역10出⟶서희스타힐스아파트⟶ 휘닉스모텔⟶도도애견샾⟶88정화위원회",하월곡동,1,0
2024-11-21,10:30,12:00,150,남대문,시청서편 → 덕수궁 돌담길 ※ 행진경로(인도): 시청서편→대한문→덕수궁돌담길,태평로1가,1,0
2024-11-21,11:00,15:00,300,영등포,의사당대로 2出 앞 보조도로,여의도,0,0
2024-11-21,13:30,15:30,1000,서초,정곡빌딩 북관 앞 인도 및 2개 차로,서초동,0,1
2024-11-21,13:30,16:00,60,동대문,동대문구청 광장 앞 좌측 인도,용두동,0,0
2024-11-21,13:00,18:00,100,용산,하얏트호텔 정문 좌측,한남동,0,0
2024-11-21,17:30,18:30,100,종로,서울시교육청 앞,신문로2가,0,0
2024-11-22,10:00,12:00,2000,구로,신도림디큐브시티 후문 앞 인도,신도림 등,0,0
2024-11-22,10:30,11:30,100,남대문,시청 서편,태평로1가,0,0
2024-11-22,11:00,16:00,200,강서,강서구청 앞,화곡동,0,0
2024-11-22,12:00,15:00,200,송파,HL디앤아이한라 앞,서초동,0,0
2024-11-22,14:00,18:00,200,강남,딜라이브 정·후문 앞,삼성동,0,0
2024-11-22,18:30,20:30,200,종로,"동화면세점 → 소녀상 ※행진경로(1.2km, 역방 1개 차로):동화면세점→세종R→광화문R→ 송현공원→소녀상",세종대로 등,1,1
2024-11-22,19:00,20:00,100,서초,강남역 9~10出 인도,서초동,0,0
2024-11-22,19:00,20:30,200,동대문,청량리역 4出 앞 인도,전농동,0,0
2024-11-23,13:00,15:00,500,종로,"보신각 → 세운상가 ※행진경로(1km, 1개차로): 보신각⟶종2R⟶종3R⟶세운상가",관철동,1,1
2024-11-23,14:00,16:00,10000,영등포,의사당역 3出~삼희빌딩,여의도,0,0
2024-11-23,14:00,16:30,500,종로|남대문,"효령빌딩 앞 ⇄ 인사동길 ※행진경로(3.4km, 1개 차로):청계남로→종로1R→종로1길→공평R →인사동길→종1R→효령빌딩",세종대로 등,1,1
2024-11-23,14:00,17:00,2000,종로|남대문,대한문 앞 인도 ⇄ 종로1R,세종대로 등,0,0
2024-11-23,15:00,17:00,200,서초|강남,강남역 10出~신논현역 7出 앞 인도,역삼동 등,0,0
2024-11-23,15:00,17:30,500,종로,청와대 분수대광장,청와대로,0,0
2024-11-23,15:00,20:00,20000,종로|남대문,동화면세점~도시건축전시관 편도 全차로,세종대로,0,1
2024-11-23,16:00,18:00,5000,종로|남대문,"태평R~舊삼성본관 건너편 4개 차로 → 광화문역 2出 ※경로(1.2km, 2개차로):태평R→모전교→서린R→세종R→광화문역 2出",태평로 1가 등,1,1
2024-11-23,16:30,17:10,20000,종로,"동십자R~적선 편도 全차로 및 역방 3개 차로 ※행진경로(2.6km,1개차로):대한문→세종R→종로1R→한은R→",사직로,1,1
2024-11-23,17:00,18:30,10000,용산,전쟁기념관 북문 앞 2개 차로,한강대로,0,1
2024-11-23,17:00,20:00,1000,종로|남대문,"대한문 앞 2개 차로 → 내자R ※경로(2km, 1개차로) : 대한문R(역)→개풍R→무교R→서린R→ 세종R→광화문R→내자R",정동,1,1
2024-11-24,09:30,11:00,1000,구로,평강제일교회 앞,오류동,0,0
2024-11-24,09:30,11:00,50,구로,평강교회 정문 좌측 공터,오류동,0,0
2024-11-24,11:00,13:30,10000,종로|남대문,동화면세점~코리아나호텔 앞 편도 全 차로,세종대로,0,1
2024-11-24,11:00,15:00,200,남대문,"서울역 광장 → 중앙우체국 ※행진경로(2.5km, 인도): 서울역 8出→퇴계로→회현1R→회현2R→ 명동성당→명동길→눈스퀘어→중앙우체국 앞",봉래동,1,0
2024-11-24,13:00,16:00,5000,종로|남대문,"서울역4出 → CJ대한통운 ※행진경로(진방 2개차로, 2.1km): 숭례문R→한은R→한진빌딩→ 을입구→종1R→대한통운",남대문로5가,1,1
2024-11-24,15:00,18:00,300,종로,교보빌딩 앞 인도,세종대로,0,0
2024-11-24,17:00,18:30,250,송파,잠실역 2出 앞,신천동,0,0
2024-11-25,07:00,13:00,50,용산,한진중공업 앞,갈월동,0,0
2024-11-25,10:00,11:00,500,구로,평강제일교회 앞,오류동,0,0
2024-11-25,10:00,11:00,50,구로,평강제일교회 좌측 공터,오류동,0,0
2024-11-25,11:00,11:30,50,남대문,AK타워 앞,회현동,0,0
2024-11-25,11:00,17:00,300,강남,LF본사 앞 인도,신사동,0,0
2024-11-25,11:00,,2000,서초,공판 중앙지검 서문 좌‧우착 인도 및 1개 차로,서초동,0,1
2024-11-25,12:00,,2000,서초,공판 정곡빌딩 남‧북관 앞 인도 및 1개 차로,서초동,0,1
2024-11-25,12:00,,200,서초,공판 서초대가 남단 1개 차로,서초동,0,1
2024-11-25,14:00,16:00,1200,영등포,"의사당역2出 → 與野당사 ※행진경로(1개차로, 800m): 의사당역 2出→민주당→조국혁신당 →국민의힘",여의도,1,1
2024-11-25,18:00,20:00,100,구로,"신도림역 광장 → 디큐브시티아파트 ※행진경로(0.5km, 인도): 신도림역 광장→현대백화점→ 디큐브시티아파트",신도림동,1,0
2024-11-25,18:30,20:00,200,수서,HJ타워 앞,역삼동,0,0
2024-11-25,19:00,21:00,300,동대문,청량리역 광장,전농동,0,0
2024-11-26,08:00,09:00,1800,영등포,국회 주변,여의도,0,0
2024-11-26,09:00,11:00,1800,영등포,"의사당역 2出 → 與野당사 ※ 행진경로(1개차로, 800m): 의사당역 2出 → 민주당 → 조국",여의도,1,1
2024-11-26,09:00,11:00,150,강서,강서구청 앞 인도,화곡동,0,0
2024-11-26,09:30,10:00,50,용산,한진중공업 앞,갈월동,0,0
2024-11-26,11:00,12:30,400,종로,롯데카드 본사 앞,신문로,0,0
2024-11-26,11:30,13:00,1800,영등포,국회 주변,여의도,0,0
2024-11-26,12:00,15:00,2000,영등포,국회의사당역 4出~잠사회관 앞 2개 차로,여의도동,0,1
2024-11-26,13:00,15:00,60,영등포,한국거래소 앞,여의도,0,0
2024-11-26,14:00,16:00,1000,영등포,산업은행 측면 → 與野당사,여의도,1,0
2024-11-26,14:00,16:00,500,남대문,농협중앙회 앞 인도 및 2개 차로,충정로1가,0,1
2024-11-26,17:00,18:00,200,영등포,국민은행 서관 앞,여의도,0,0
2024-11-26,18:00,20:00,200,서초,"강남역 8出 → 강남역 6出 ※행진경로(약 550m, 인도): 강남역8出→6出→삼전 C동 →글로리 서울빌딩→강남역8出→6出",역삼동,1,0
2024-11-26,19:30,20:30,200,구로,구로역 3出 앞,구로동,0,0
2024-11-27,10:30,12:30,150,서대문,서대문구의회 앞 인도,연희동,0,0
2024-11-27,11:00,17:00,300,강남,LG패션 본사 앞 인도,신사동,0,0
2024-11-27,12:00,13:00,300,종로,경복궁 주유소 좌·우측 인도 및 1개 차로,중학동,0,1
2024-11-27,13:00,16:00,500,영등포,국민의힘 당사 앞,여의도,0,0
2024-11-27,17:00,18:00,70,동대문,청량리역 롯데캐슬 SKY-L65 앞 인도,전농동,0,0
2024-11-27,19:00,20:00,500,구로,평강제일교회 정문 앞 이면도로,오류동,0,0
2024-11-27,19:00,20:00,50,구로,평강제일교회 정문 좌측 공터,오류동,0,0
2024-11-28,09:00,11:00,100,성북,성북구청 앞 인도,삼선동,0,0
2024-11-28,10:00,11:00,500,구로,평강제일교회 정문 앞 이면도로,오류동,0,0
2024-11-28,10:00,11:00,50,구로,평강제일교회 정문 좌측 공터,오류동,0,0
2024-11-28,10:00,12:00,200,남대문,시청 서편,태평로1가,0,0
2024-11-28,11:00,13:30,70,남대문,"서울중앙우체국 앞 인도 ⇄ 명동예술극장 ※ 행진경로(1km, 인도): 중앙우체국→눈스퀘어→명동예술극장→명동 네이처리퍼블릭→중앙우체국",명동,1,0
2024-11-28,11:30,12:00,100,종암,"길음역 10出 → 휘닉스모텔 ※ 행진경로(0.3km, 인도): 길음역10出⟶서희스타힐스아파트⟶휘닉스모텔",하월곡동,1,0
2024-11-28,13:30,15:30,100,서대문,서대문구의회 앞 좌측 인도,연희동,0,0
2024-11-28,17:30,19:30,500,종로,동화면세점 앞 인도,세종대로,0,0
2024-11-28,18:30,19:30,50,용산,일신빌딩 정문 앞,한남동,0,0
2024-11-28,19:00,20:00,59,도봉,창동역 1出 앞,창동,0,0
2024-11-28,19:30,20:30,200,서부,수색역 1出 앞,수색동,0,0
2024-11-29,11:00,12:30,100,광진,건국대학교 앞,화양동,0,0
2024-11-29,11:30,12:30,50,구로,구로구청 후문 좌측 인도,구로동,0,0
2024-11-29,18:00,20:00,50,마포,홍대입구역 9出 앞 인도(⇄H&M 홍대점),서교동 등,0,0
2024-11-29,19:00,20:00,300,영등포,국민은행 서관 앞,여의도,0,0
2024-11-29,19:00,21:00,150,노원,"롯데백화점 노원점 정문 앞 인도 ⇄ 와우쇼핑몰 ※ 행진경로(1.5km, 인도 및 1개 차로): 롯데백화점→노원역 3出→ 노원역 2出→문화의 거리→와우쇼핑몰→감악산(식당)→롯데백화점",상계동 등,1,1
2024-11-30,14:00,16:30,500,종로|남대문,"효령빌딩 앞 ⇄ 명동길 ※행진경로(2.6km, 1개 차로): 효령빌딩→종로2R→성모R→명동길→을1R →광교R→효령빌딩",세종대로 등,1,1
2024-11-30,14:00,17:00,20000,종로|남대문,"동화면세점 앞 인도 ⇄ 을1R ※ 행진경로(2km, 1개차로): 동화면세점→종1R→을1R→개풍R→ 대한문→동화면세점",세종대로,1,1
2024-11-30,14:00,17:00,500,종로|남대문|중부,"SK서린빌딩 남측 ⇄ 명동길 ※ 행진경로(2.9km, 1개차로): SK서린빌딩남측→삼일교→성모R→ 명동길→을1R→개풍R→청계남로→광통교→SK서린 남측",관철동,1,1
2024-11-30,15:00,16:30,10000,용산,전쟁기념관 북문 앞 2개 차로,한강대로,0,1
2024-11-30,15:00,17:00,5000,종로|남대문,"태평R~舊삼성본관 건너편 4개 차로 → 외교부 정문 ※행진경로(1.7km, 2개차로):태평R→시청R→개풍R→서린R→포시즌스→ 새문안로5길→외교부정문",태평로 1가 등,1,1
2024-11-30,17:00,17:20,20000,종로,동십자R~적선 편도 全 차로 및 역방 3개 차로,사직로,0,1
2024-11-30,17:00,19:30,0,남대문,"대한문 앞 2개 차로 → 내자R ※ 행진경로(1.8km, 1개차로): 시청 서편→ 세종R<→ 광화문R→ 내자R","→ 광화문R→ 내자R   1,000
                                        ",1,1
2024-11-30,17:30,20:00,0,종로|남대문,"동십자R~적선R 편도 全 차로 및 역방 3개 차로 → 명동역 9出 ※행진경로(3.3km, 편도 全 차로): 동십자R→안국R→종1R→을1R 40,000",사직로 등,1,1
2024-12-01,09:30,11:00,1000,구로,평강제일교회 앞,오류동,0,0
2024-12-01,09:30,11:00,50,구로,평강교회 정문 좌측 공터,오류동,0,0
2024-12-01,11:00,13:30,10000,종로|남대문,동화면세점~코리아나호텔 앞 편도 全 차로,세종대로,0,1
2024-12-01,13:00,17:00,250,혜화,"혜화역4出 → 마로니에공원 ※행진경로(0.9km,인도): 혜화역4出→대명길→성대입구R→ 대명길→혜화역4出→혜화역1出→마로니에공원",동숭동 등,1,0
2024-12-01,15:00,18:00,300,종로,교보빌딩 앞 인도,세종대로,0,0
2024-12-02,10:00,11:00,500,구로,평강제일교회 앞,오류동,0,0
2024-12-02,10:00,11:30,50,용산|구로,평강제일교회 좌측 공터 10;00~11:00  전쟁기념관 앞 인도,오류동 용산동1가,0,0
2024-12-02,11:00,11:30,50,남대문,AK타워 앞,회현동,0,0
2024-12-02,11:30,13:00,100,종로,SK서린빌딩 앞 인도,서린동,0,0
2024-12-02,13:00,13:30,200,영등포,국회 앞,여의도,0,0
2024-12-02,14:00,17:00,2000,영등포,국회의사당역 3出 → 與野 당사 등,여의도,1,0
2024-12-02,18:00,20:00,100,구로,"신도림역 광장 → 디큐브시티아파트 ※ 행진경로(0.5km, 인도): 신도림역 광장 → 현대백화점 → 디큐브시티아파트",신도림 등,1,0
2024-12-03,12:00,13:00,3000,영등포,의사당역4出~더샵아일랜드 앞 3개 차로,여의도,0,1
2024-12-03,13:00,16:00,200,강서,코엑스마곡 앞,마곡동,0,0
2024-12-03,14:00,16:00,600,서초,중앙지검 서문 앞,서초동,0,0
2024-12-03,15:00,18:00,3000,영등포,의사당역4出~더샵아일랜드 앞 3개 차로,여의도,0,1
2024-12-03,16:00,21:00,100,구로,개봉역 2出 앞,개봉동,0,0
2024-12-03,18:30,20:00,200,서초,"강남역 8出 앞 ※ 행진경로(500m,인도):강남역→삼성전자→글로리서울빌딩→강남역",서초동,1,0
2024-12-03,19:00,21:30,3000,영등포,의사당역 4出 앞 3개 차로,여의도,0,1
2024-12-04,09:00,11:00,100,성북,성북구청 앞 인도,삼선동,0,0
2024-12-04,10:00,11:00,500,영등포,시청 서편 2개 차로,태평로1가,0,1
2024-12-04,10:30,15:00,2000,노원,하계역R~상계백병원 인도,하계동,0,0
2024-12-04,11:30,12:00,100,종암,"길음역 10出 → 휘닉스모텔 ※ 행진경로(0.3km, 인도): 길음역10出⟶서희스타힐스아파트⟶휘닉스모텔",하월곡동,1,0
2024-12-04,12:00,13:00,300,종로,경복궁 주유소 좌 ‧ 우측 인도 및 1개 차로,중학동,0,1
2024-12-04,13:00,15:00,500,영등포,국민의 힘 당사 앞,여의도,0,0
2024-12-04,18:30,20:30,100,서대문,"신촌역 3出 앞 인도 → 신촌역 2出 ※행진경로(1.2km, 인도): 신촌역3出→명물데크→노브랜드 신촌점→ 비타민약국→맥도날드→신촌역2出",창천동,1,0
2024-12-04,19:00,20:00,500,구로,평강제일교회 정문 앞 이면도로,오류동,0,0
2024-12-04,19:00,20:00,50,구로,평강제일교회 정문 좌측 공터,오류동,0,0
2024-12-05,10:00,10:30,100,구로,구로역광장,구로5동,0,0
2024-12-05,10:00,11:00,500,구로,평강제일교회 정문 앞 이면도로,오류동,0,0
2024-12-05,10:00,11:00,50,구로,평강제일교회 정문 좌측 공터,오류동,0,0
2024-12-05,10:00,17:00,50,용산|영등포|마포,"국회 앞 → 전쟁기념관 ※ 행진경로(6.8km, 1개차로): 의사당역1出→마포대교→전쟁기념관",여의도 등,1,1
2024-12-05,11:00,12:00,300,용산,전쟁기념관 앞 인도,용산동1가,0,0
2024-12-05,11:00,12:00,50,용산,전쟁기념관 앞 인도,용산동1가,0,0
2024-12-05,12:00,15:00,5000,남대문|용산,"서울역 12出 → 시청 서편 ※ 행진경로(1.6km, 2개차로): 서울역 12出→숭례문R→ 태평R→시청서편",동자동 등,1,1
2024-12-05,13:00,20:00,30,남대문,대한문 시청역 2出 인도,태평로1가,0,0
2024-12-06,09:00,10:00,400,종로,시교육청 앞,신문로,0,0
2024-12-06,10:00,11:00,400,종로,시교육청 앞,신문로,0,0
2024-12-06,10:00,16:00,700,종로|남대문,예금보험공사 ⇄ 청계2가 ※ 행진경로(인도) :청계광장남단→삼일교→청계북로→모전교 →청계광장 남단,다동 등,1,0
2024-12-06,10:00,16:00,200,강동,천호대로 1221 KLPGA 빌딩 앞,길동,0,0
2024-12-06,12:30,13:00,2000,종로,시교육청 → 동화면세점,신문로,1,0
2024-12-06,14:00,16:00,200,수서,"포스코타워 앞 → 강남역 1出 ※ 행진경로(450m, 인도): 포스코타워 정문 → 강남역 1出",역삼동,1,0
2024-12-06,14:00,17:00,30000,종로|남대문,동화면세점 ⇄ 을지로1가,세종대로 등,0,0
2024-12-06,14:00,17:00,2000,영등포,국회의사당역 2出 앞,여의도,0,0
2024-12-06,15:00,20:00,30,남대문,대한문~시청역 2出 인도,태평로1가,0,0
2024-12-06,18:00,21:00,5000,종로|남대문|용산,"동화면세점 앞 인도 → 남영R ※행진경로(4km, 2개차로): 동화면세점→숭례문R→남영R",세종대로 등,1,1
2024-12-06,19:00,21:00,5000,종로|남대문|용산,"동화면세점 → 남영R ※ 행진경로(2개차로, 3.5km): 동화면세점 → 숭례문R → 서울역 → 남영R",세종로 등,1,1
2024-12-07,13:00,15:00,2000,영등포,여의공원로 2개 차로,여의도,0,1
2024-12-07,13:30,15:00,2000,남대문|중부,고용노동청 앞,장교동,0,0
2024-12-07,14:00,15:00,5000,영등포,의사당역 5出 앞,여의도,0,0
2024-12-07,14:00,16:00,5000,영등포,"마포대교 남단~환승센터 3개 차로 → 의사당대로 ※행진경로(1.1km, 3개차로): 여의대로→여의서로→은행로→의사당대로",여의대로,1,1
2024-12-07,14:00,,10000,영등포,표결 국민은행 서관 앞 보조도로 및 인도,의사당대로,0,0
2024-12-07,15:00,20:00,20000,종로|남대문,동화면세점 앞 시청역 2出 편도 全 차로,세종대로,0,1
2024-12-07,15:00,,200000,영등포,국회 앞 의사당대로 양방 全차로 → 국민의힘 표결,의사당대로 등,1,1
2024-12-07,16:00,17:00,500,용산,전쟁기념관 북문 앞 2개 차로,한강대로,0,1
2024-12-07,16:00,17:00,500,용산,한진중공업 앞 포켓차로,한강대로,0,1
2024-12-08,09:30,11:00,1000,구로,평강제일교회 앞,오류동,0,0
2024-12-08,09:30,11:00,50,구로,평강교회 정문 좌측 공터,오류동,0,0
2024-12-08,11:00,13:00,10000,종로|남대문,동화면세점~코리아나호텔 앞 편도 全 차로,세종대로,0,1
2024-12-08,14:00,16:00,500,혜화,마로니에공원 정문 앞 1개 차로 ⇄ 혜화R,동숭동,0,1
2024-12-08,14:00,16:00,100,혜화,서울대병원 정문 앞 인도,연건동,0,0
2024-12-08,14:00,16:30,500,종로|남대문,"효령빌딩 앞 ⇄ 인사동길 ※행진경로(3.4km, 1개 차로):청계남로→종로1R→세종R→인사동길→ 종1R→효령빌딩",세종대로 등,1,1
2024-12-08,14:00,17:30,100,서초,at센터 앞 인도 → 윤봉길의사기념관,양재동,1,0
2024-12-08,15:00,18:00,300,종로,교보빌딩 앞 인도,세종대로,0,0
2024-12-09,10:00,11:00,500,구로,평강제일교회 앞,오류동,0,0
2024-12-09,10:00,11:00,50,구로,평강제일교회 좌측 공터,오류동,0,0
2024-12-09,11:00,11:30,50,남대문,AK타워 앞,회현동,0,0
2024-12-09,14:00,16:00,200,수서,"포스코타워 앞 → 강남역 1出 ※ 행진경로(450m, 인도): 포스코타워 역삼→강남역 1出",역삼동,1,0
2024-12-09,14:00,16:00,500,남대문,서울역 광장 북측 계단,봉래동,0,0
2024-12-09,18:00,20:00,100,구로,"신도림역 광장 → 디큐브시티아파트 ※ 행진경로(0.5km, 인도): 신도림역 광장 → 현대백화점 → 디큐브 시티아파트",신도림동,1,0
2024-12-09,19:00,21:00,100,송파,"쿠팡본사 앞 ⇄ 월드타워 ※ 행진경로(0.5km, 인도) : 쿠팡본사→한국광고문화회관 앞→월드타워 우회→쿠팡본사",신천동,1,0
2024-12-10,09:00,18:00,300,서초,정곡빌딩 남관 앞 1개차로,서초동,0,1
2024-12-10,13:00,16:00,50,수서,도곡역 4出 앞 인도,도곡동,0,0
2024-12-10,13:00,18:00,300,구로,철도교통관제센터 앞,구로동,0,0
2024-12-10,14:00,16:00,300,용산,전쟁기념관 앞 인도,용산동1가,0,0
2024-12-10,14:00,17:00,10000,종로,동화면세점 앞 인도,세종로,0,0
2024-12-10,18:00,21:00,200000,영등포,의사당역 5出 앞 3개차로,여의도,0,1
2024-12-11,10:00,12:00,400,남대문,시청 동편,태평로1가,0,0
2024-12-11,14:00,17:00,10000,종로,동화면세점 앞 인도,세종로,0,0
2024-12-11,14:00,17:00,13000,종로|남대문,시청역 8出~숭례문R →내자R ※행진(3개차로): 시청역 8出 → 시청광장 남측 → 을입구,태평로2가 등,1,1
2024-12-11,15:00,17:00,290,강남|수서,"포스코센터 앞 집회·행진 ※경로(600m, 1개 차로): 선릉역 1出→포스코센터",대치동,1,1
2024-12-11,18:00,21:00,200000,영등포,의사당역 5出 앞 3개차로,여의도,0,1
2024-12-11,20:00,23:00,100000,영등포,의사당대로 上,여의도,0,0
2024-12-12,13:00,14:00,2000,남대문,"을1R~광교R ※행진(0.6km, 2개차로): 을지로1R→ 개풍R → 태평R",태평로2가,1,1
2024-12-12,14:00,16:00,20000,종로|남대문,시청역 7出~숭례문R → 종로5가,정동 등,1,0
2024-12-12,14:00,16:00,200000,영등포|혜화,"산업은행 측면 인도 → 국민의힘 당사 ※행진(0.5km, 인도):산업은행 측면⟶은행로⟶우",여의도,1,0
2024-12-12,14:00,17:00,10000,종로,동화면세점 앞 인도,세종로,0,0
2024-12-12,14:30,,90,영등포,국민의힘 당사 앞 未定,여의도,0,0
2024-12-12,17:00,18:00,5000,영등포,국민의힘 당사 앞,여의도,0,0
2024-12-12,17:00,21:00,200,중랑,"면목역 광장→망우역 광장 ※ 행진(1.5km, 1개 차로): 면목역광장→상봉역→망우역 광",망우동 등,1,1
2024-12-12,18:00,21:00,200000,영등포,의사당역 5出 앞 3개차로,여의도,0,1
2024-12-12,18:30,20:30,100,마포|서대문,"신촌 유플렉스 앞 인도→조00의원실 앞 ※ 행진(1.5km, 1개 차로): 신촌유플렉스→신촌역→대흥역R",창천동 등,1,1
2024-12-12,19:30,21:30,1000,도봉,"김00의원실 앞⇄정의여고 사거리 ※ 행진(2km, 1개 차로): 김00의원실 앞→우이1교→쌍문역",쌍문동 등,1,1
2024-12-12,20:00,23:00,100000,영등포,의사당대로 上,여의도,0,0
2024-12-13,11:00,15:00,210,송파,배00 의원 사무실 앞,삼전동,0,0
2024-12-13,14:00,16:00,200,송파,롯데월드타워 앞,신천동,0,0
2024-12-13,14:00,18:00,10000,종로,동화면세점 앞,세종로,0,0
2024-12-13,16:00,16:30,800,서대문,"이화여대 정문 → 신촌 유플렉스 ※ 행진경로(0.8km, 1개 차로): 이화여대 정문→신촌기차역",대현동 등,1,1
2024-12-13,16:00,22:00,10000,서대문,연세로 양방 전차로 및 스타광장 內,창천동,0,1
2024-12-13,18:00,,200000,영등포,의사당역 5出 앞 3개차로 未定,여의도,0,1
2024-12-13,20:00,23:00,100000,영등포,의사당대로 上,여의도,0,0
2024-12-14,13:00,15:00,10000,영등포,여의대로,여의도동,0,0
2024-12-14,13:00,15:00,10000,영등포,의사당역 1出 하위 2개차로,의사당대로,0,1
2024-12-14,13:30,14:30,20000,영등포,여의공원로 or 은행로(유동적),여의도동,0,0
2024-12-14,13:30,15:00,5000,영등포,광복회관 앞~KBS 편도 全차로,여의대로,0,1
2024-12-14,14:00,15:00,5000,영등포,여의대로,여의도동,0,0
2024-12-14,15:00,20:00,20000,종로,동화면세점 앞 ~ 시청역 2出 편도 全차로,세종대로,0,1
2024-12-14,15:00,,200000,영등포,"국회 앞 의사당대로·은행로·여의공원로 등 → 국민의힘 未定 ※행진 경로(1km, 편도 全 차로): 의사당대로→은행로→",의사당대로 등,1,1
2024-12-14,16:00,17:00,500,용산,전쟁기념관 북문 앞 2개차로,한강대로,0,1
2024-12-14,16:00,21:00,200,영등포,더불어민주당사 앞,여의도,0,0
2024-12-14,17:00,20:00,2000,남대문|용산,"서울역광장 → 전쟁기념관 북문 ※행진경로(2km, 1개차로) : 서울역광장→숙대입구역→",봉래동,1,1
2024-12-15,09:30,11:00,1000,구로,평강교회 정문,오류동,0,0
2024-12-15,11:00,13:00,10000,종로|남대문,동화면세점~코리아나호텔 앞 편도 全차로,세종대로,0,1
2024-12-15,13:00,15:00,300,용산,현우베스트빌 앞 인도,한남동,0,0
2024-12-15,14:00,16:30,500,종로|남대문|중부,"교보빌딩 남측⇄명동길 ※ 행진경로(3.4km, 1개 차로): 교보빌딩 남측→종로2R→",세종대로 등,1,1
2024-12-15,15:00,19:00,200,도봉,"역사문화공원 앞 ※ 행진경로(1.4km, 인도): 역사문화공원→도봉보건소R→",창동,1,0
2024-12-16,09:30,10:30,200,남대문,연세빌딩 앞,남대문로5가,0,0
2024-12-16,10:00,11:00,500,구로,평강제일교회 앞,오류동,0,0
2024-12-16,13:00,15:00,250,영등포,국회 앞,여의도동,0,0
2024-12-16,14:00,15:00,700,남대문,예금보험공사 앞,다동,0,0
2024-12-16,14:00,18:00,10000,종로,동화면세점 앞,세종로,0,0
2024-12-17,11:30,12:30,1000,남대문,기업은행 앞,을지로2가,0,0
2024-12-17,13:00,16:00,3000,종로,운형궁 앞 인도 및 1개차로,운니동,0,1
2024-12-17,14:00,16:00,2000,서초,정곡빌딩 북관 앞 1개차로,서초동,0,1
2024-12-17,14:00,17:00,10000,종로,동화면세점 앞,세종대로,0,0
2024-12-17,18:00,21:00,500000,종로,동십자R~광화문R 진방 全 차로 집회 → 도심권 또는 안국역 1出 방면 행진(경로미정),율곡로 등,1,1
2024-12-17,19:30,22:00,10000,종로,보신각 앞 → 안국역 6出,세종대로 등,1,0
2024-12-18,13:00,16:00,3000,종로,운현궁 앞 인도 및 1개차로,운니동,0,1
2024-12-18,14:00,16:00,2000,서초,정곡빌딩 북관 앞 1개 차로,서초동,0,1
2024-12-18,14:00,17:00,10000,종로,동화면세점 앞 인도,세종대로,0,0
2024-12-18,18:00,19:00,5000,남대문,농협중앙회 앞,충정로1가,0,0
2024-12-18,19:00,20:00,500,구로,평강제일교회 앞,오류동,0,0
2024-12-18,19:00,21:30,10000,종로,보신각 앞 → 안국역 6出,세종대로 등,1,0
2024-12-19,10:00,11:00,500,구로,평강제일교회 정문 앞,오류동,0,0
2024-12-19,14:00,16:00,3000,종로,운현궁 앞 인도 및 1개차로,운니동,0,1
2024-12-19,14:00,16:00,2000,서초,정곡빌딩 북관 앞 1개차로,서초동,0,1
2024-12-19,14:00,17:00,10000,종로,동화면세점 앞,세종로,0,0
2024-12-19,19:00,20:30,100,마포,DDMC 앞,상암동,0,0
2024-12-19,19:00,21:30,10000,종로,보신각 앞 → 운현하늘빌딩 ※ 경로(0.8km): 보신각안국R→운현하늘빌딩안국역 5·6出,관철동 등,1,0
2024-12-20,11:30,13:00,300,강서,김포공항 국내선 3G 앞,과해동,0,0
2024-12-20,14:00,16:00,3000,종로,노인복지센터 앞 인도 및 1개차로,경운동,0,1
2024-12-20,14:00,16:00,2000,서초,정곡빌딩 북관 앞 1개차로,서초동,0,1
2024-12-20,14:00,17:00,10000,종로,동화면세점 앞,세종로,0,0
2024-12-20,18:30,20:30,50000,종로,"동십자R 편도 全 차로 → 팔판동 126 ※ 경로(0.6km, 2개 차로): 동십자R→팔판동 126",팔판동 등,1,1
2024-12-20,19:00,21:00,10000,종로,송현공원 앞 인도,송현동,0,0
2024-12-21,12:00,15:00,40000,종로,적선R~합청R 2개차로,사직로,0,1
2024-12-21,12:00,15:00,150,종로,"보신각 앞 인도⇄청계북로 ※ 행진경로(0.9km, 1개 차로): 보신각→종2R→삼일교→청계",신사동,1,1
2024-12-21,13:30,15:00,5000,종로|남대문|중부,"서울고용청 → 안국역 5出 ※행진경로(2개차로, 1km) 고용청 → 종2R → 안국역5出",장교동 등,1,1
2024-12-21,14:00,15:30,500,용산,신동빌딩~루터교회 1개차로,한강대로,0,1
2024-12-21,15:00,19:00,40000,종로,동십자R~내자R 편도 全차로 및 역방 3개 차로 →한은R 또는 명동역 10出,사직로 등,1,1
2024-12-21,15:00,19:00,20000,종로|남대문,동화면세점~대한문 편도 全 차로 / 교보빌딩~광 화문역 2出 편도 全 차로,세종대로,0,1
2024-12-21,15:30,17:00,500,용산,"한강진역 1出 → 이태원광장 ※ 행진경로(1.6km, 1개 차로): 한강진역1出→이태원역→",이태원로,1,1
2024-12-21,16:00,18:30,10000,용산,전쟁기념관 북문 앞 2개차로,한강대로,0,1
2024-12-21,16:30,20:00,5000,종로,현대사옥 앞 편도 全차로,계동,0,1
2024-12-22,09:30,11:00,1000,구로,평강제일교회 앞,오류동,0,0
2024-12-22,11:00,13:00,10000,종로|남대문,동화면세점~코리아나호텔 앞 편도 全차로,세종대로,0,1
2024-12-22,14:00,16:30,500,종로|남대문,교보빌딩 남측 ↔ 명동길,세종대로 등,1,0
2024-12-23,11:00,15:00,200,강동,강동구청 앞 인도,성내동,0,0
2024-12-23,14:00,16:00,3000,종로,노인복지센터 앞 인도 및 1개차로,경운동,0,1
2024-12-23,14:00,17:00,10000,종로,동화면세점 앞,세종대로,0,0
2024-12-23,18:00,20:00,100,구로,신도림역 광장 → 디큐브시티아파트,신도림동,1,0
2024-12-23,19:00,21:00,10000,종로,송현공원 앞 인도,송현동,0,0
2024-12-24,14:00,16:00,3000,종로,노인복지센터 앞 인도 및 1개 차로(안국역 5出),경운동,0,1
2024-12-24,14:00,16:00,500,용산,루터교회 앞 인도 및 1개 차로,한남동,0,1
2024-12-24,14:00,16:00,2000,서초,정곡빌딩 북관 앞 1개 차로,서초동,0,1
2024-12-24,14:00,17:00,10000,종로,동화면세점 앞 인도,세종대로,0,0
2024-12-24,17:00,19:00,200,서초,"강남역 8出 앞 ※ 행진경로(인도, 550m): 강남역 8出→ 6出→삼성c동→",서초동,1,0
2024-12-24,19:00,21:00,10000,종로,송현공원 앞 인도,송현동,0,0
2024-12-24,19:00,21:30,500000,종로,적선R~광화문R 편도 전차로→명동역 또는 운현빌딩,세종대로 등,1,1
2024-12-25,11:00,13:30,10000,종로|남대문,동화면세점~코리아나호텔 인도 및 편도 全차로,세종대로,0,1
2024-12-25,12:00,13:00,300,종로,경복궁 주유소 좌‧우측 인도 및 1개 차로,중학동,0,1
2024-12-25,14:00,18:00,500,용산,루터교회 앞 인도 및 1개 차로,한남동,0,1
2024-12-25,15:00,18:00,2000,용산,벤츠전시장~신동빌딩 앞 2개 차로,한남동,0,1
2024-12-25,17:00,19:30,10000,종로,송현공원 앞 인도,송현동,0,0
2024-12-25,17:00,19:30,100,종로|중부|혜화,"국가인권위 앞 → 현대건설 본사 ※ 행진경로(2.1km, 1개차로) : 인권위→을2R→을3R→종3R→ 돈화문로→비원R→현대건설본사",저동,1,1
2024-12-26,09:00,11:00,100,성북,성북구청 앞 인도,삼선동,0,0
2024-12-26,10:00,11:00,500,구로,평강제일교회 정문 앞 이면도로,오류동,0,0
2024-12-26,10:00,11:00,50,구로,평강제일교회 정문 좌측 공터,오류동,0,0
2024-12-26,11:30,12:00,100,종암,길음역 10出 → 휘닉스모텔,하월곡동,1,0
2024-12-26,14:00,16:00,3000,종로,노인복지센터 앞 인도 및 1개 차로(안국역 5出),경운동,0,1
2024-12-26,14:00,16:00,500,용산,루터교회 앞 인도 및 1개 차로,한남동,0,1
2024-12-26,14:00,16:00,2000,서초,정곡빌딩 북관 앞 1개 차로,서초동,0,1
2024-12-26,14:00,17:00,10000,종로,동화면세점 앞 인도,세종로,0,0
2024-12-26,19:00,20:30,7000,남대문,서울역 광장,봉래동,0,0
2024-12-26,19:00,21:00,10000,종로,송현공원 앞 인도,송현동,0,0
2024-12-27,11:00,14:30,10000,종로|남대문,을지로입구∼을지로2R → 정부청사 북측,청진동,1,0
2024-12-27,14:00,16:00,3000,종로,노인복지센터 앞 인도 및 1개 차로(안국역 5出),,0,1
2024-12-27,14:00,16:00,2000,서초,,서초동,0,0
2024-12-27,14:00,17:00,800,혜화,혜화역 4出~혜화R 구간 인도 및 2개 차로,혜화동,0,1
2024-12-27,14:00,17:00,10000,종로,동화면세점 앞 인도,세종로,0,0
2024-12-27,14:00,,500,용산,루터교회 앞 인도 및 1개 차로 종료 시,한남동,0,1
2024-12-27,19:00,21:00,10000,종로,송현공원 앞 인도,송현동,0,0
2024-12-27,19:00,,10000,용산,종료 시 한강진역 2出∼제일기획 2개 차로,,0,1
2024-12-28,14:00,15:00,100,남대문|중부,서울고용청 → 보신각,장교동 등,1,0
2024-12-28,15:00,16:00,5000,종로,종로타워 → 동십자R,,1,1
2024-12-28,15:00,17:00,3000,종로,,경운동,0,0
2024-12-28,15:00,19:00,20000,종로|남대문,동화면세점~대한문 편도 全차로 / 교보빌딩~광화문역 2出 편도 全 차로,세종대로,0,1
2024-12-28,16:00,20:00,50000,종로|남대문,동십자R~내자R 편도 全차로 및 역방 3개 차로 → 명동역,사직로 등,1,1
2024-12-28,16:30,18:30,10000,용산,전쟁기념관 북문 앞 2개 차로,한강대로,0,1
2024-12-29,09:30,11:00,1000,구로,평강제일교회 앞,오류동,0,0
2024-12-29,09:30,11:00,50,구로,평강교회 정문 좌측 공터,오류동,0,0
2024-12-29,11:00,13:00,10000,종로|남대문,동화면세점~코리아나호텔 앞 편도 全차로,세종대로,0,1
2024-12-29,14:00,16:30,500,종로|남대문,교보빌딩 남측 ⇄ 명동길,세종대로 등,0,0
2024-12-29,15:00,18:00,300,종로,교보빌딩 앞 인도,세종대로,0,0
2024-12-30,10:00,11:00,500,구로,평강제일교회 앞,오류동,0,0
2024-12-30,10:00,11:00,50,구로,평강제일교회 좌측 공터,오류동,0,0
2024-12-30,10:00,12:00,100,종로,축구협회 앞,신문로2가,0,0
2024-12-30,13:00,14:00,100,영등포,국회 앞,여의도동,0,0
2024-12-30,13:00,14:30,2000,서초,정곡빌딩 북관 앞 1개 차로,서초동,0,1
2024-12-30,14:00,16:00,3000,종로,노인복지센터 앞 인도 및 1개 차로(안국역 5出),경운동,0,1
2024-12-30,14:00,16:00,500,용산,루터교회 앞 인도 및 1개 차로,한남동,0,1
2024-12-30,14:00,17:00,10000,종로,동화면세점 앞 인도,세종대로,0,0
2024-12-30,19:00,21:00,10000,종로,송현공원 앞 인도,송현동,0,0
2024-12-31,13:00,16:00,2000,중부|용산,"루터교회 앞 인도 및 2개차로 → DDP 서측 ※행진경로(3.4km, 2개차로): 루터교회 앞→북한남3R→",한남동 등,1,1
2024-12-31,14:00,16:00,500,용산,루터교회 앞 인도 및 1개차로,한남동,0,1
2024-12-31,17:30,19:00,150,종로,서울시교육청 앞,신문로,0,0
2024-12-31,19:00,21:00,10000,종로,송현공원 앞 인도,송현동,0,0
2025-01-01,12:00,13:00,300,종로,경복궁 주유소 앞,중학동,0,0
2025-01-02,10:00,11:00,1000,종로,안국역 6出 앞 2개차로,경운동,0,1
2025-01-02,11:00,12:00,1000,종로|혜화,종로소방서 → 혜화역 1出,경운동,1,0
2025-01-02,14:00,17:00,1000,남대문,시청 동편 인도 및 2개차로,태평로1가,0,1
2025-01-02,19:00,21:00,10000,종로,송현공원 앞 인도,송현동,0,0
2025-01-02,19:00,21:30,10000,용산,"한강진역 2出~제일기획 편도 2개 차로 ※ 행진경로(1.2km, 2개 차로): →한강진역2出→한남초교",한남동 등,1,1
2025-01-03,10:00,11:00,500,수서,메리츠센터 앞,역삼동,0,0
2025-01-03,12:00,,3000,용산,루터교회 앞 인도 및 2개 차로,한남동,0,1
2025-01-03,15:00,,10000,용산,한남역 2出 → 일신빌딩 별명 時,한남동,1,0
2025-01-03,19:00,21:00,10000,종로,송현공원 앞 인도,송현동,0,0
2025-01-03,19:00,21:30,10000,용산,한강진역 2出~제일기획 편도 2개 차로 → 한남초교 남단 건너편,한남동 등,1,1
2025-01-04,12:00,22:00,3000,용산,루터교회 앞 2개 차로,한남동,0,1
2025-01-04,13:00,19:00,20000,종로|남대문,동화면세점~대한문 편도 全 차로 / 교보빌딩~광화문역 2出 편도 全 차로,세종대로,0,1
2025-01-04,14:00,16:00,10000,종로,안국역 1出 편도 全차로 → 동십자R,계동,1,1
2025-01-04,14:00,16:00,300,종로,영풍빌딩 남측 → 동십자R,서린동,1,0
2025-01-04,14:00,17:00,500,서초|강남,파고다타워 앞 인도 및 3개 차로 ⇄ 강남역R,서초동 등,0,1
2025-01-04,15:00,17:00,3000,종로|수서,노인복지센터 앞 인도 및 1개 차로(안국역 5出),경운동,0,1
2025-01-04,16:00,20:00,500000,종로|남대문,동십자R~내자R 편도 全차로 및 역방 3개 차로 → 한은R,사직로 등,1,1
2025-01-05,09:30,11:00,1000,구로,평강제일교회 앞,오류동,0,0
2025-01-05,09:30,11:00,50,구로,평강교회 정문 좌측 공터,오류동,0,0
2025-01-05,11:00,13:30,10000,종로|남대문,동화면세점~코리아나호텔 앞 편도 全 차로,세종대로,0,1
2025-01-05,12:00,22:00,3000,용산,루터교회 앞 2개 차로,한남동,0,1
2025-01-05,14:00,16:30,500,종로|남대문,교보빌딩 남측 → 효령빌딩,세종대로 등,1,0
2025-01-05,15:00,18:00,300,종로|중부,교보빌딩 앞 인도,세종대로,0,0
2025-01-06,10:00,11:00,500,구로,평강제일교회 앞,오류동,0,0
2025-01-06,10:00,11:00,50,구로,평강제일교회 좌측 공터,오류동,0,0
2025-01-06,10:00,12:00,200,종로,국회 앞,여의도,0,0
2025-01-06,13:00,14:00,100,영등포,국회 앞,여의도,0,0
2025-01-06,14:00,16:00,3000,종로,노인복지센터 앞 인도 및 1개 차로(안국역 5出),경운동,0,1
2025-01-06,14:00,16:00,3000,용산,루터교회 앞 인도 및 2개 차로,한남동,0,1
2025-01-06,14:00,17:00,10000,종로,동화면세점 앞 인도,세종대로,0,0
2025-01-06,19:00,21:00,10000,종로,송현공원 앞 인도,송현동,0,0
2025-01-06,19:00,21:30,10000,용산,한강진역 2出~제일기획 편도 2개 차로 → 한남초교 남단 건너편,한남동 등,1,1
2025-01-07,14:00,16:00,3000,종로,노인복지센터 앞 인도 및 1개 차로(안국역 5出),경운동,0,1
2025-01-07,14:00,16:00,3000,용산,루터교회 앞 인도 및 2개 차로,한남동,0,1
2025-01-07,14:00,16:00,500,용산,일신빌딩 앞 인도,한남동 등,0,0
2025-01-07,14:00,17:00,10000,종로,동화면세점 앞 인도,세종대로,0,0
2025-01-07,19:00,21:00,10000,종로,송현공원 앞 인도,송현동,0,0
2025-01-08,12:00,13:00,300,종로,경복궁 주유소 좌‧우측 인도 및 1개 차로,중학동,0,1
2025-01-08,13:00,,100,서초,공판 정곡빌딩 남관 앞 인도 및 1개 차로,서초동,0,1
2025-01-08,14:00,16:00,3000,종로,노인복지센터 앞 인도 및 1개 차로(안국역 5出),경운동,0,1
2025-01-08,14:00,16:00,3000,용산,루터교회 앞 인도 및 2개 차로,한남동,0,1
2025-01-08,14:00,17:00,10000,종로,동화면세점 앞 인도,세종대로,0,0
2025-01-08,15:00,17:00,6000,용산,볼보빌딩 앞 인도 및 2개 차로,한남동,0,1
2025-01-08,17:30,19:00,150,종로,서울시교육청 앞,신문로,0,0
2025-01-08,19:00,20:00,500,구로,평강제일교회 정문 앞 이면도로,오류동,0,0
2025-01-08,19:00,20:00,50,구로,평강제일교회 정문 좌측 공터,오류동,0,0
2025-01-08,19:00,20:30,10000,종로,송현공원 앞 인도,송현동,0,0
2025-01-09,10:00,11:00,500,구로,평강제일교회 정문 앞 이면도로,오류동,0,0
2025-01-09,10:00,11:00,50,구로,평강제일교회 정문 좌측 공터,오류동,0,0
2025-01-09,11:00,12:00,500,용산,천주교 군종교구청 앞 → 한남뜨락,이태원로 등,1,0
2025-01-09,12:00,14:00,500,용산,볼보빌딩 앞 인도 및 2개 차로,한남동,0,1
2025-01-09,13:00,16:00,200,강서,원그로브 앞,마곡동,0,0
2025-01-09,14:00,16:00,3000,용산,루터교회 앞 인도 및 2개 차로,한남동,0,1
2025-01-09,14:00,16:00,3000,종로,노인복지센터 앞 인도 및 1개 차로(안국역 5出),경운동,0,1
2025-01-09,14:00,16:00,500,용산,둥지부동산 앞 2개 차로,한남동,0,1
2025-01-09,15:00,17:00,6000,용산,볼보빌딩 앞 인도 및 2개 차로,한남동,0,1
2025-01-09,19:00,20:30,10000,종로,송현공원 앞 인도,송현동,0,0
2025-01-09,19:00,21:00,300,종로|남대문,시의회 본관 → 안국역 6出,태평로1가,1,0
2025-01-10,07:00,17:00,6000,용산,볼보빌딩 앞 인도 및 2개 차로,한남동,0,1
2025-01-10,07:30,22:00,3000,용산,루터교회 앞 인도 및 2개 차로,한남동,0,1
2025-01-10,07:30,22:00,500,용산,둥지부동산 앞 2개 차로,한남동,0,1
2025-01-10,12:30,13:30,1000,남대문|중부,서울고용청 앞,장교동,0,0
2025-01-10,14:00,16:00,3000,송파,롯데타워 앞,신천동,0,0
2025-01-10,17:00,19:00,10000,용산,일신빌딩 앞,한남동,0,0
2025-01-10,19:00,20:30,10000,종로,송현공원 앞 인도,송현동,0,0
2025-01-11,06:00,22:00,3000,용산,벤츠매장~할리데이비슨 / 둥지부동산 앞 1개차로,한남동,0,1
2025-01-11,07:00,16:00,6000,용산,볼보빌딩 앞 2개차로,한남동,0,1
2025-01-11,13:00,17:00,20000,종로|남대문,동화면세점~대한문 편도 全 차로 / 교보빌딩~광화문역 2出 편도 全 차로,세종대로,0,1
2025-01-11,14:00,16:00,20000,영등포,의사당역 2出~산업은행 측면 3개 차로,여의도,0,1
2025-01-11,14:00,16:00,10000,종로,안국역1出 편도 全 차로 → 동십자R,계동 등,1,1
2025-01-11,14:00,16:00,600,종로,SK서린빌딩 남측 → 동십자R,서린동,1,0
2025-01-11,14:00,17:00,500,서초|강남,파고다타워 앞 인도 및 2개 차로 ⇄ 강남역R,서초동 등,0,1
2025-01-11,14:30,15:30,50000,종로|수서,광화문 월대 서측 인도 및 2개 차로,세종로,0,1
2025-01-11,16:00,19:30,500000,종로|남대문,동십자R~내자R 편도 全차로 및 역방 3개 차로,적선동 등,0,1
2025-01-11,16:30,18:30,10000,용산,볼보빌딩~한남오피스텔 앞 2개 차로,한남동,0,1
2025-01-11,17:00,19:00,10000,용산,일신빌딩 앞,한남동,0,0
2025-01-12,09:30,11:00,1000,구로,평강제일교회 앞,오류동,0,0
2025-01-12,09:30,11:00,50,구로,평강교회 정문 좌측 공터,오류동,0,0
2025-01-12,11:00,13:30,3000,용산,한남동 벤츠 매장~루터교회~할리데이비슨 4개 차로,한남동,0,1
2025-01-12,13:00,15:00,10000,용산,일신빌딩 앞,한남동,0,0
2025-01-12,13:30,22:00,3000,용산,벤츠매장~할리데이비슨,한남동,0,0
2025-01-13,07:00,22:00,3000,용산,루터교회 앞 인도 및 2개 차로,한남동,0,1
2025-01-13,07:00,,6000,용산,볼보빌딩 앞 2개 차로 未定,한남동,0,1
2025-01-13,10:00,11:00,500,구로,평강제일교회 앞,오류동,0,0
2025-01-13,10:00,11:00,50,구로,평강제일교회 좌측 공터,오류동,0,0
2025-01-13,11:00,,1000,서초,중앙지검 서문 앞 `12:00,서초동,0,0
2025-01-13,13:00,14:00,100,중부,국가인권위 앞,저동,0,0
2025-01-13,14:00,19:00,10000,용산,일신빌딩 앞,한남동,0,0
2025-01-13,18:00,20:00,100,구로,신도림역 광장 → 디큐브시티아파트,신도림동,1,0
2025-01-13,18:30,20:30,100,남대문,한화본사 앞,장교동,0,0
2025-01-13,19:00,21:00,10000,종로,송현공원 앞 인도,송현동,0,0
2025-01-14,07:30,24:00,3000,용산,루터교회 앞 인도 및 2개 차로,한남동,0,1
2025-01-14,07:30,24:00,500,용산,둥지부동산 앞 2개 차로,한남동,0,1
2025-01-14,11:00,24:00,6000,용산,볼보빌딩 앞 인도 및 2개 차로,한남동,0,1
2025-01-14,14:00,19:00,10000,용산,일신빌딩 앞,한남동,0,0
2025-01-14,19:00,20:30,10000,종로,송현공원 앞 인도,송현동,0,0
2025-01-15,06:00,24:00,3000,용산,루터교회 앞 인도 및 2개 차로,한남동,0,1
2025-01-15,06:00,24:00,500,용산,둥지부동산 앞 2개 차로,한남동,0,1
2025-01-15,06:00,24:00,6000,용산,볼보빌딩 앞 인도 및 2개 차로,한남동,0,1
2025-01-15,07:00,20:00,3000,용산,일신빌딩 앞,한남동,0,0
2025-01-15,09:00,15:00,500,남대문,AK타워 앞,회현동1가,0,0
2025-01-15,12:00,13:00,300,종로,경복궁 주유소 좌‧우측 인도 및 1개 차로,중학동,0,1
2025-01-15,14:00,15:00,300,송파,잠실롯데타워 앞,신천동,0,0
2025-01-15,14:00,17:00,500,종로,교보빌딩 정문 앞 ⇄ 안국R,세종대로 등,0,0
2025-01-15,19:00,20:00,500,구로,평강제일교회 정문 앞 이면도로,오류동,0,0
2025-01-15,19:00,20:00,50,구로,평강제일교회 정문 좌측 공터,오류동,0,0
2025-01-15,19:00,20:30,10000,종로,송현공원 앞 인도,송현동,0,0
2025-01-15,19:00,21:30,1000,용산,이태원 광장,이태원동,0,0
2025-01-16,08:30,11:00,100,성동,한양대학교 정문 앞,행당동,0,0
2025-01-16,10:00,11:00,500,구로,평강제일교회 정문 앞 이면도로,오류동,0,0
2025-01-16,10:00,11:00,50,구로,평강제일교회 정문 좌측 공터,오류동,0,0
2025-01-16,11:00,13:00,300,남대문,중앙우체국 앞 인도,명동,0,0
2025-01-16,13:00,15:00,3000,종로,노인복지센터 앞 인도 및 2개 차로,경운동,0,1
2025-01-16,14:00,15:00,300,송파,잠실롯데타워 앞,신천동,0,0
2025-01-16,14:30,15:30,100,영등포,한국거래소 → 금융감독원,여의도,1,0
2025-01-16,19:00,20:30,10000,종로,송현공원 앞 인도,송현동,0,0
2025-01-17,11:00,12:00,120,수서,메리츠타워 앞,역삼동,0,0
2025-01-17,11:15,12:30,50,남대문,시의회 본관 앞 인도,태평로1가,0,0
2025-01-17,11:00,14:30,200,남대문,중앙우체국 앞 인도,명동,0,0
2025-01-17,16:00,,1000,종로|남대문|영등포,한화본사 → 국민의힘 당사 翌07:00,장교동 등,1,0
2025-01-17,19:00,21:00,10000,종로|마포|서대문,송현공원 앞 인도,송현동,0,0
2025-01-17,19:30,21:00,50,은평|서부,서울혁신파크 정문 ⇄ 불광역R,녹번동,0,0
2025-01-18,12:00,15:00,300,종로,"조계사 앞 → 동십자R ※ 행진경로(1Km,1개차로): 조계사→템플스테이→안국R→",견지동,1,1
2025-01-18,13:00,17:00,20000,종로|남대문,동화면세점~대한문 편도 全차로 / 교보빌딩~ 광화문역 2出 편도 全차로,세종대로,0,1
2025-01-18,14:00,15:00,1500,종로|남대문|중부,"고용노동청 앞 → 종1R ※ 행진경로(2KM, 2개차로): 고용청→을2R→을1R→종1R",장교동,1,1
2025-01-18,14:00,15:00,500,종로,보신각 앞,관철동,0,0
2025-01-18,14:00,16:00,20000,종로,"의사당역 2出 앞 3개차로 ※행진경로(1km, 1개차로) : 영풍빌딩 남측→종1R→안국R",여의도,1,1
2025-01-18,14:00,17:00,300,종로|남대문,서울역 4出 앞 3개차로 → 종3R,한강대로 등,1,1
2025-01-18,14:30,16:00,5000,종로,"보신각 서편 → 동십자R ※ 행진경로(1.5KM, 2개차로): 보신각→안국R→동십자R",관철동,1,1
2025-01-18,16:00,19:30,500000,종로|남대문,"동십자R~내자R ※ 행진경로(2.5km, 편도전 차로): 동십자R→안국R→종로",적선동 등,1,1
2025-01-18,19:00,22:00,10000,종로,안국역 1出 편도 全차로,계동,0,1
2025-01-19,09:30,11:00,1000,구로,평강제일교회 앞,오류동,0,0
2025-01-19,11:00,13:30,10000,종로|남대문,동화면세점~코리아나호텔 앞 편도 全차로,세종대로,0,1
2025-01-19,14:00,17:00,3000,영등포,산업은행 측면 2개차로,여의도,0,1
2025-01-19,14:00,17:30,500,종로|남대문,"교보빌딩 남측 → 효령빌딩 ※행진경로(3.4km,1개차로): 교보빌딩남측→세종R→광화문R",세종대로 등,1,1
2025-01-20,11:30,13:30,60,서대문,경찰청 앞 인도,미근동,0,0
2025-01-20,13:00,17:00,10000,종로,동화면세점 앞 인도,세종대로,0,0
2025-01-20,13:00,17:00,3000,영등포,의사당역2出 앞 인도 및 2개차로,여의도,0,1
2025-01-20,19:00,21:00,10000,종로,송현공원 앞 인도,송현동,0,0
2025-01-21,08:00,17:00,100,영등포,한국거래소 앞,여의도동,0,0
2025-01-21,11:00,14:00,100,종로,시교육청 앞 인도 및 1개 차로,신문로,0,1
2025-01-21,11:15,12:15,50,남대문,시의회 본관 앞 인도,태평로1가,0,0
2025-01-21,13:00,16:00,3000,종로,노인복지센터 앞 인도 및 2개 차로,경운동,0,1
2025-01-21,17:00,18:00,100,용산,LG유플러스 앞,한강로3가,0,0
2025-01-21,19:00,20:30,10000,종로,송현공원 앞 인도,송현동,0,0
2025-01-22,11:00,12:00,300,서초,현대자동차 앞,서초동,0,0
2025-01-22,11:00,13:00,1000,종로|혜화,동덕여대 공연예술 센터 앞 → 현대건설 사옥 앞 1개 차로,동숭동,1,1
2025-01-22,11:00,13:00,100,종로,시교육청 앞 인도 및 1개 차로,신문로,0,1
2025-01-22,12:00,13:00,300,종로,경복궁 주유소 좌‧우측 인도 및 1개 차로,중학동,0,1
2025-01-22,14:00,16:00,3000,종로,노인복지센터 앞 인도 및 1개 차로,경운동,0,1
2025-01-22,14:00,16:00,300,송파,롯데월드타워 앞,신청동,0,0
2025-01-22,14:00,16:30,5000,영등포,의사당역 5出~이룸빌딩 → 국민의힘,여의도,1,0
2025-01-22,18:00,21:00,150,중랑,면목역 광장 → 망우역,면목동 등,1,0
2025-01-22,19:00,20:00,500,구로,평강제익교회 정문 앞 이면도로,오류동,0,0
2025-01-22,19:00,20:00,50,구로,평강제일교회 정문 좌측 공터,오류동,0,0
2025-01-22,19:00,20:30,100,서대문,신촌 명물쉼터 및 인도,,0,0
2025-01-22,19:00,21:00,10000,종로,,송현동,0,0
2025-01-23,08:00,17:00,100,영등포,한국거래소 앞,여의도동,0,0
2025-01-23,10:00,11:00,500,구로,평강제일교회 정문 앞 이면도로,오류동,0,0
2025-01-23,10:00,11:00,50,구로,평강제일교회 정문 좌측 공터,오류동,0,0
2025-01-23,11:00,13:00,100,종로,시교육청 앞 인도 및 1개 차로,신문로,0,1
2025-01-23,13:00,15:00,0,종로|남대문|중부|용산|서초,양재IC → 여의대로 차량,서초동 등,1,0
2025-01-23,13:00,17:00,3000,종로|영등포|마포|서대문,노인복지센터 앞 인도 및 1개 차로,경운동,0,1
2025-01-23,13:00,18:00,100,서초,정곡빌딩 남관 앞 인도 및 1개 차로,서초동,0,1
2025-01-23,15:00,16:30,1000,영등포,의사당역 2出~산업은행 측면 2개 차로,여의도,0,1
2025-01-23,14:00,16:00,200,종로,동화면세점 앞 인도 → 노인복지센터,세종대로 등,1,0
2025-01-23,18:00,21:00,50,마포,홍대입구역 7出 앞 광장,동교동,0,0
2025-01-23,19:00,20:30,10000,종로,송현공원 앞 인도,송현동,0,0
2025-01-23,19:00,21:00,200,종로|남대문,세종호텔 → 운현하늘빌딩,충무로2가,1,0
2025-01-24,08:00,11:00,100,성동,한양대학교 앞,행당동,0,0
2025-01-24,11:00,11:30,100,남대문,서울역 1出,동자동,0,0
2025-01-24,14:00,16:00,3000,종로,노인복지센터 앞 인도 및 1개 차로,경운동,0,1
2025-01-24,15:00,18:00,100,남대문,중앙우체국 앞 ⇄ 명동역6出,명동,0,0
2025-01-24,15:00,,500,영등포,국민의힘 당사 앞 翌07:00,여의도,0,0
2025-01-24,19:00,20:30,10000,종로,송현공원 앞 인도,송현동,0,0
2025-01-25,13:00,15:00,10000,종로|남대문|중부,"안국역 5出 ⟶ 대한문 ※ 행진경로(2.3km, 2개차로):안국역5出→종로2R → 을2R → 대한문",경운동,1,1
2025-01-25,13:00,17:00,20000,종로|남대문,동화면세점∼대한문 편도 全 차로 / 교보빌딩∼ 광화문역 2出 편도 全 차로,세종대로,0,1
2025-01-25,14:00,16:00,1000,종로|남대문,"시청 동편 ⇄ 을1R ※ 행진경로(1km, 2개차로): 시청동편→서린R→종1R→",태평로1가 등,1,1
2025-01-25,14:00,17:00,300,종로|남대문,"서울역 4出 앞 3개 차로 → 안국R ※ 행진경로(2.7km, 2개차로): 서울역4出→숭례문R→종1R",한강대로 등,1,1
2025-01-25,14:00,17:00,20000,영등포,의사당역 2出 앞 3개 차로,여의도,0,1
2025-01-25,14:00,18:00,1000,용산,볼보빌딩 앞 2개 차로,한남동,0,1
2025-01-25,15:00,16:00,5000,종로,"종로타워→동십자R ※ 행진경로(0.9km, 2개차로): 종로타워→안국R→동십자R",관철동,1,1
2025-01-25,16:00,19:30,500000,종로|남대문,"적선R∼광화문R 편도 全차로 및 역방 3개 차로 ※ 행진경로(2.5km, 편도 全차로): 안국R→종로1R→을지",적선동 등,1,1
2025-01-26,09:30,11:00,1000,구로,평강제일교회 앞,오류동,0,0
2025-01-26,11:00,13:30,10000,종로|남대문,동화면세점∼코리아나호텔 앞 편도 全 차로,세종대로,0,1
2025-01-26,13:00,16:00,200,마포,"MBC 광장 앞 ⇄ JTBC ※ 행진경로(2km, 인도 및 1개 차로): MBC 광장→SBS→",상암동,1,1
2025-01-29,12:00,13:00,300,종로,경복궁 주유소 좌‧우측 인도 및 1개 차로,중학동,0,1
2025-01-29,16:16,16:46,30,남대문,시의회 본관 앞 인도,태평로1가,0,0
2025-01-31,10:00,17:00,140,서초,청담고 신축 건설현장 앞,반포동,0,0
2025-01-31,19:00,20:30,10000,종로,송현공원 앞 인도,송현동,0,0
2025-02-01,13:00,18:00,20000,종로|남대문,동화면세점~대한문 편도 全 차로 / 교보빌딩~광화문역 2出 편도 全 차로,세종대로,0,1
2025-02-01,13:30,15:00,100,종로|남대문,한화빌딩 앞 → 종1R,장교동 등,1,0
2025-02-01,14:00,16:00,10000,종로,안국역 1出 편도 全 차로 → 동십자R,재동 등,1,1
2025-02-01,14:00,16:30,500,강남|수서,파고다타워 앞 인도 및 2개 차로 ⇄ 강남역R,서초동 등,0,1
2025-02-01,14:00,17:00,20000,영등포,의사당역 2出 앞 3개 차로,여의동,0,1
2025-02-01,14:00,17:00,500,서초,정곡빌딩 남관 앞 인도 및 2개 차로,서초동,0,1
2025-02-01,15:00,15:30,5000,종로,종로타워 → 동십자R,관철동,1,0
2025-02-01,16:00,19:30,500000,종로|남대문,적선R~광화문R 편도 全차로 및 역방 3개 차로,적선동 등,0,1
2025-02-01,18:00,20:00,10000,용산,볼보빌딩 앞 2개 차로,한남동,0,1
2025-02-02,09:30,11:00,1000,구로,평강제일교회 앞,오류동,0,0
2025-02-02,09:30,11:00,50,구로,평강교회 정문 좌측 공터,오류동,0,0
2025-02-02,11:00,13:30,10000,종로|남대문,동화면세점~코리아나호텔 앞 편도 全 차로,세종대로,0,1
2025-02-02,14:00,17:00,500,종로|남대문,교보빌딩 남측 → 효령빌딩,세종대로 등,1,0
2025-02-02,15:00,18:00,300,종로,교보빌딩 앞 인도,세종대로,0,0
2025-02-03,10:00,11:00,500,구로,평강제일교회 앞,오류동,0,0
2025-02-03,10:00,11:00,50,구로,평강제일교회 좌측 공터,오류동,0,0
2025-02-03,10:00,17:00,140,서초,청담고 신축 건설현장 앞,반포동,0,0
2025-02-03,14:00,16:00,500,구로,구로구청 앞,구로동,0,0
2025-02-03,18:00,20:00,100,구로,신도림역 광장 → 디큐브시티아파트,신도림동,1,0
2025-02-03,19:00,20:30,10000,종로,송현공원 앞 인도,송현동,0,0
2025-02-04,12:00,15:00,1000,종로,정부서울청사 북측 인도 및 1개 차로 ⇄ 세종R,세종대로,0,1
2025-02-04,13:00,18:00,3000,종로,안국역 5出 앞 2개 차로,경운동,0,1
2025-02-04,14:00,16:00,500,구로,구로구청 앞,구로5동,0,0
2025-02-04,19:00,20:30,10000,종로,송현공원 앞 인도,송현동,0,0
2025-02-06,10:00,11:00,500,구로,평강제일교회 정문 앞 이면도로,오류동,0,0
2025-02-06,10:00,11:00,50,구로,평강제일교회 정문 좌측 공터,오류동,0,0
2025-02-06,10:00,17:00,140,서초,청담고 신축 건설현장 앞,반포동,0,0
2025-02-06,10:00,19:00,3000,종로,안국역 5出 앞 인도 및 2개 차로,경운동,0,1
2025-02-06,11:00,13:00,300,남대문,중앙우체국 앞 인도,명동,0,0
2025-02-06,12:00,13:30,500,구로,구로구청 앞,구로5동,0,0
2025-02-06,13:00,16:00,1000,종로,정부서울청사 북측 인도 및 1개차로 ⇄ 세종R,세종대로,0,1
2025-02-06,19:00,20:30,10000,종로,송현공원 앞 인도,송현동,0,0
2025-02-06,19:00,21:00,200,종로|남대문,세종호텔 앞 → 운현하늘빌딩,명동 등,1,0
2025-02-07,09:00,11:00,100,성동,한양대학교 앞,행당동,0,0
2025-02-07,13:00,15:00,300,동작,김영삼 도서관 앞 인도,상도동,0,0
2025-02-07,13:00,17:00,3000,종로,노인복지센터 앞 인도 및 1개 차로,경운동,0,1
2025-02-07,14:00,15:30,500,구로,구로구청 앞,구로5동,0,0
2025-02-07,18:00,21:00,100,남대문,서울중앙우체국 앞 ⇄ 명동역 6出,명동,0,0
2025-02-07,19:00,20:30,10000,종로,송현공원 앞 인도,송현동,0,0
2025-02-08,12:00,14:00,20000,영등포,의사당역 2出 앞 편도 全 차로,여의도,0,1
2025-02-08,12:00,17:00,5000,종로|남대문,서울역 4出 앞 3개 차로 → 안국역 4出,한강대로 등,1,1
2025-02-08,13:00,16:00,500,남대문,중앙우체국 앞 인도 및 1개 차로 ⇄ 명동역 6出,명동 등,0,1
2025-02-08,13:00,19:00,20000,종로|남대문,동화면세점~대한문 편도 全 차로 / 교보딜딩~광화문역 2出 편도 全 차로,세종대로,0,1
2025-02-08,13:30,15:30,5000,종로|중부,안국역 5出 앞 2개 차로 → 대한문,중학동,1,1
2025-02-08,14:00,16:00,1200,종로|남대문,시청 동편 ⇄ 을1R,태평로1가 등,0,0
2025-02-08,14:00,16:30,500,서초|강남,파고다타워 앞 인도 및 2개 차로 → 강남역 9出,서초동,1,1
2025-02-08,15:00,16:00,5000,종로,종로타워 → 동십자R,관철동,1,0
2025-02-08,15:00,16:30,500,종로,SK서린빌딩 남측 → 동십자R,서린동,1,0
2025-02-08,15:00,17:00,10000,종로,안국역 1出 편도 全 차로 → 동십자R,재동 등,1,1
2025-02-08,17:00,20:30,500000,종로|중부,적선R~광화문R 편도 全차로 및 역방 3개 차로,적선동 등,0,1
2025-02-09,09:30,11:00,1000,구로,평강제일교회 앞,오류동,0,0
2025-02-09,09:30,11:00,50,구로,평강교회 정문 좌측 공터,오류동,0,0
2025-02-09,11:00,13:30,10000,종로|남대문,동화면세점~코리아나호텔 앞 편도 全 차로,세종대로,0,1
2025-02-09,13:00,15:20,200,종로,보신각 앞 인도 → 안국역 4出,세종대로 등,1,0
2025-02-09,14:00,17:00,500,종로|남대문,교보빌딩 남측 → 효령빌딩,세종대로 등,1,0
2025-02-09,14:00,20:00,3000,종로,북인사마당~운현하늘빌딩 3개 차로,관훈동,0,1
2025-02-10,09:00,16:00,500,남대문,AK타워 앞,회현동,0,0
2025-02-10,10:00,11:00,500,구로,평강제일교회 앞,오류동,0,0
2025-02-10,10:00,11:00,50,구로,평강제일교회 좌측 공터,오류동,0,0
2025-02-10,11:00,14:00,500,영등포,한국거래소 앞,여의도,0,0
2025-02-10,13:00,17:00,3000,종로,안국역 5出 앞 인도 및 1개 차로,경운동,0,1
2025-02-10,18:00,20:00,100,구로,신도림역 광장 → 디큐브시티아파트,신도림동,1,0
2025-02-10,19:00,20:30,10000,종로,송현공원 앞 인도,송현동,0,0
2025-02-11,11:00,13:30,100,마포,마포구청 앞 → 마포요양병원,성산동,1,0
2025-02-11,11:30,17:00,3000,종로,안국역 5出 앞 2개 차로,경운동,0,1
2025-02-11,13:00,16:00,1000,종로,정부서울청사 북측 인도 및 1개 차로 ⇄ 세종R,세종대로,0,1
2025-02-11,14:00,15:30,10000,서초,현대자동차 본사 앞,양재동,0,0
2025-02-11,19:00,20:30,10000,종로,송현공원 앞 인도,송현동,0,0
2025-02-12,12:00,13:00,300,종로,경복궁 주유소 좌‧우측 인도 및 1개 차로,중학동,0,1
2025-02-12,13:00,17:00,3000,종로,노인복지센터 앞 인도 및 1개 차로,경운동,0,1
2025-02-12,19:00,20:00,500,구로,평강제일교회 정문 앞 이면도로,오류동,0,0
2025-02-12,19:00,20:00,50,구로,평강제일교회 정문 좌측 공터,오류동,0,0
2025-02-12,19:00,20:30,10000,종로,송현공원 앞 인도,송현동,0,0
2025-02-12,19:00,21:00,10000,종로,적선R~광화문R 편도 全차로,,0,1
2025-02-13,10:00,11:00,500,구로,평강제일교회 앞,오류동,0,0
2025-02-13,10:30,13:00,500,남대문,"중앙우체국 → 운현하늘빌딩 ※행진경로(1.8km, 1개차로): 중앙우체국→을1R→종1R",명동,1,1
2025-02-13,12:00,,3000,종로,안국역 5出 앞 인도 및 2개차로 未定,경운동,0,1
2025-02-13,19:00,20:30,3000,종로,송현공원 앞 인도,송현동,0,0
2025-02-13,19:00,21:00,200,종로|남대문,"세종호텔 앞 → 운현하늘빌딩 ※행진경로(2km,1개차로): 세종호텔→한은R→을1R→종각R",명동 등,1,1
2025-02-14,09:00,12:00,100,성동,한양대학교 정문 앞,행당동,0,0
2025-02-14,13:00,17:00,3000,종로,노인복지센터 앞 인도 및 1개 차로,경운동,0,1
2025-02-14,18:00,21:00,100,남대문,서울중앙우체국 앞 ⇄ 명동역6出,명동,0,0
2025-02-14,18:00,22:00,700,남대문|중부,한화 본사 앞 인도 및 1개 차로 → 운현하늘빌딩,장교동 등,1,1
2025-02-14,19:00,20:30,3000,종로,송현공원 앞 인도,송현동,0,0
2025-02-15,12:00,15:00,20000,영등포,의사당역 2出 앞 편도 全차로,여의도,0,1
2025-02-15,12:00,17:00,3000,종로|남대문,서울역 4出 앞 3개 차로 → 안국역 4出,한강대로 등,1,1
2025-02-15,12:00,18:00,4000,종로|마포,아현 고려아카데미텔 앞 2개 차로 → 안국역 5出,아현동 등,1,1
2025-02-15,13:00,15:00,5000,종로|중부|서대문,안국역 5出 앞 2개 차로 → 대한문,중학동,1,1
2025-02-15,13:00,19:00,20000,종로|남대문,동화면세점~대한문 편도 全 차로 / 교보빌딩~광화문역 2出 편도 全차로,세종대로,0,1
2025-02-15,14:00,15:00,1500,종로|남대문,한은R 분수대광장 → 종로1R,충무로1가 등,1,0
2025-02-15,14:00,17:00,500,강남|수서,파고다타워 앞 인도 및 2개 차로 ⇄ 강남역R,서초동 등,0,1
2025-02-15,14:30,16:00,5000,종로|중부,서울고용청 → 동십자R,장교동 등,1,0
2025-02-15,15:00,16:00,100,종로|남대문|서대문,독립문 앞 인도 → 경복궁역 6出,현저동 등,1,0
2025-02-15,15:00,17:00,10000,종로,안국역 1出 편도 全차로 → 동십자R,재동 등,1,1
2025-02-15,15:00,17:00,1000,종로,보신각 앞 → 동십자R,관철동,1,0
2025-02-15,15:00,17:00,300,종로,영풍빌딩 → 동십자R,서린동,1,0
2025-02-15,17:00,20:30,500000,종로|중부,적선R~광화문R 편도 全차로 및 역방 3개 차로,적선동 등,0,1
2025-02-16,09:00,12:00,250,중부,DDP 서측 앞 인도,광희동,0,0
2025-02-16,09:30,11:00,50,구로,평강교회 정문 좌측 공터,오류동,0,0
2025-02-16,09:30,11:00,1000,구로,평강제일교회 앞,오류동,0,0
2025-02-16,11:00,13:30,10000,종로|남대문,동화면세점∼코리아나호텔 앞 편도 全차로,세종대로,0,1
2025-02-16,13:00,16:00,200,종로|혜화,보신각 앞 인도 및 1개 차로 → 계동 현대빌딩,세종대로 등,1,1
2025-02-16,14:00,17:00,500,종로|남대문,교보빌딩 남측 인도 → 효령빌딩,세종대로 등,1,0
2025-02-16,14:00,18:00,100,남대문,세종호텔 앞,명동,0,0
2025-02-16,15:00,18:00,300,종로,교보빌딩 앞 인도,세종대로,0,0
2025-02-17,06:30,12:00,999,종암,장위6구역 공사 현장 앞,장위동,0,0
2025-02-17,09:00,10:00,200,영등포,영등포구청 앞,당산동,0,0
2025-02-17,10:00,11:00,500,구로,평강제일교회 앞,오류동,0,0
2025-02-17,10:00,11:00,50,구로,평강제일교회 좌측 공터,오류동,0,0
2025-02-17,13:00,17:00,3000,종로,안국역 5出 앞 인도 및 1개 차로,경운동,0,1
2025-02-17,14:00,15:00,100,강동,강동구청 앞 인도,성내동,0,0
2025-02-17,18:00,20:00,100,구로,신도림역 광장 → 디큐브시티아파트,신도림동,1,0
2025-02-17,19:00,20:30,20000,종로,송현공원 앞 인도,송현동,0,0
2025-02-18,09:30,10:30,200,영등포,영등포구의회 앞,당산동,0,0
2025-02-18,13:00,18:00,3000,종로,안국역 5出 앞 2개 차로,경운동,0,1
2025-02-18,16:00,17:00,100,혜화,온지빌딩 라임사업장 앞,창경궁로,0,0
2025-02-18,18:30,19:30,100,남대문,명동역 1出 앞,명동,0,0
2025-02-18,19:00,20:30,3000,종로,송현공원 앞 인도,송현동,0,0
2025-02-19,07:30,09:00,500,종로,,,0,0
2025-02-19,18:00,20:00,0,,,,0,1
2025-02-19,12:00,13:00,300,종로,,중학동,0,0
2025-02-19,13:00,16:00,3000,종로,노인복지센터 앞 인도 및 1개 차로,경운동,0,1
2025-02-19,17:00,,500,서초,정곡빌딩 남관 앞 인도 및 1개 차로 翌12:00,서초동,0,1
2025-02-19,18:30,19:30,100,남대문,명동역 1出 앞,명동,0,0
2025-02-19,19:00,20:00,500,구로,평강제일교회 정문 앞 이면도로,오류동,0,0
2025-02-19,19:00,20:00,50,구로,평강제일교회 정문 좌측 공터,오류동,0,0
2025-02-19,19:00,20:30,3000,종로,송현공원 앞 인도,송현동,0,0
2025-02-19,19:00,21:00,100,영등포,국회 정문 앞,여의도,0,0
2025-02-20,07:00,09:00,100,강남,건설회관 앞,논현동,0,0
2025-02-20,07:30,09:00,500,종로,,,0,0
2025-02-20,18:00,20:00,0,,,,0,0
2025-02-20,09:00,10:00,200,영등포,,도림동,0,0
2025-02-20,09:30,10:30,100,남대문,명동역 1出 앞,명동,0,0
2025-02-20,10:00,11:00,500,구로,평강제일교회 정문 앞 이면도로,,0,0
2025-02-20,10:00,11:00,50,구로,평강제일교회 정문 좌측 공터,,0,0
2025-02-20,10:00,,500,서초,정곡빌딩 남관 앞 인도 및 1개 차로,서초동,0,1
2025-02-20,11:00,12:00,100,남대문,명옥역 1出 앞,명동,0,0
2025-02-20,11:00,14:30,500,남대문,중앙우체국 앞 인도,명동,0,0
2025-02-20,13:00,,3000,종로,안국역 5出 앞 인도 및 2개 차로 未定,경운동,0,1
2025-02-20,14:00,17:30,200,종로|혜화,한국기독교회관 앞 → 송현공원,연지동,1,0
2025-02-20,15:00,17:30,2000,영등포,의사당역 4出 앞 인도 및 3개 차로,여의도,0,1
2025-02-20,18:30,19:30,100,남대문,명동역 1出 앞,명동,0,0
2025-02-20,19:00,20:30,3000,종로,송현공원 앞 인도,송현동,0,0
2025-02-20,19:00,22:00,1000,종로,동화면세점 앞 인도,세종대로,0,0
2025-02-21,11:00,15:00,1000,남대문,한국거래소 앞,여의도,0,0
2025-02-21,11:30,13:30,300,용산,"삼각지역 5出 앞 → 이촌역 4出 ※행진경로(2.9km, 1개 차로): 삼각지역 5出→용산푸르지오 써밋→한강대교북단 교차로→충신교회 교육관→LG한강자이",한강로1가 등,1,1
2025-02-21,13:00,17:00,3000,종로,노인복지센터 앞 인도 및 1개차로,경운동,0,1
2025-02-21,18:30,19:30,100,남대문,명동역 1出 앞,명동,0,0
2025-02-21,19:00,20:30,3000,종로,송현공원 앞 인도,송현동,0,0
2025-02-22,12:00,15:00,20000,영등포,의사당역 2出 앞 편도 全 차로,여의도,0,1
2025-02-22,12:00,17:00,3000,종로|남대문,"서울역 4出 앞 3개 차로 → 안국역 4出 ※ 행진경로(2.7Km, 2개차로): 서울역 4出→숭례문R→종",한강대로 등,1,1
2025-02-22,13:00,14:30,5000,종로|남대문|중부,"안국역 5出 앞 2개 차로 → 대한문 ※행진경로(2.2km, 2개차로) : 안국역5出⟶종2R⟶을2R⟶",중학동,1,1
2025-02-22,13:00,15:00,500,종로,경희궁자이 3단지 후문 인도,평동,0,0
2025-02-22,13:00,19:00,20000,종로|남대문,동화면세점~대한문 편도 全 차로 / 교보빌딩~ 광화문역 2出 편도 全 차로,세종대로,0,1
2025-02-22,14:00,15:00,3000,종로|중부,"국가인권위 앞 → 동십자R ※헹진경로(2.3km, 2개차로) : 인권위⟶을2R⟶종2R⟶종",저동,1,1
2025-02-22,14:00,15:30,3000,종로,안국역 1出 편도 全 차로 → 동십자R,재동 등,1,1
2025-02-22,14:00,17:00,500,강남|수서,"파고다타워 앞 인도 및 2개차로 ⇄ 강남역R ※ 행진경로(2.8Km, 2개차로): 파고다타워→강남역R→우성",서초동 등,1,1
2025-02-22,15:00,16:00,30000,종로,종로타워 → 동십자R ※ 행진경로(2개차로): 종로타워→안국R→동십자R,관철동 등,1,1
2025-02-22,15:30,17:00,10000,종로,"안국역 1出 편도 全 차로 → 동십자R ※ 행진경로(0.5km, 편도전 차로): 안국역1出→동십자R",재동 등,1,1
2025-02-22,17:00,20:30,100000,종로|남대문,"적선R~광화문R 편도 全 차로 및 역방 3개차로 ※ 행진경로(2.7km, 편도 全 차로): 동십자R→안국R→종로",적선동 등,1,1
2025-02-23,09:30,11:00,1000,구로,평강제일교회 앞,오류동,0,0
2025-02-23,11:00,13:30,10000,종로|남대문,동화면세점~코리아나호텔 앞 편도 全 차로,세종대로,0,1
2025-02-23,13:00,16:00,200,종로,"보신각 앞 인도 및 1개차로 → 계동 현대빌딩 ※ 행진경로(1.8km, 1개 차로): 보신각→종2R→종로3R",세종대로 등,1,1
2025-02-23,14:00,17:00,500,종로|남대문,"교보빌딩 남측 → 효령빌딩 ※ 행진경로(3.4km, 2개 차로): 교보빌딩남측→세종R→ 광화문R→안국R→인사동길→종1R→광교→청계남로→",세종대로 등,1,1
2025-02-24,10:00,11:00,100,성동,서울교통공사 본사 앞,용답동,0,0
2025-02-24,13:00,17:00,3000,남대문,안국역 5出 앞 인도 및 1개차로,경운동,0,1
2025-02-24,19:00,20:30,20000,종로,송현공원 앞 인도,송현동,0,0
2025-02-25,07:30,09:00,500,종로,경희궁자이 3단지 정문 또는 후문 인도,,0,0
2025-02-25,18:00,20:00,0,,,평동,0,0
2025-02-25,10:00,17:00,300,남대문,,태평로1가,0,0
2025-02-25,12:00,13:30,50,영등포,국회 앞,여의도,0,0
2025-02-25,13:00,18:00,3000,종로,안국역 5出 앞 2개 차로,경운동,0,1
2025-02-25,18:00,21:00,100,마포,홍대익구역 9出 앞 인도,동교동,0,0
2025-02-25,18:30,19:30,100,남대문,명동역 1出 앞,명동,0,0
2025-02-25,19:00,20:30,3000,종로,송현공원 앞 인도,송현동,0,0
2025-02-26,07:30,09:00,500,종로,경희궁자이 3단지 정문 또는 후문 인도,,0,0
2025-02-26,18:00,20:00,0,,,평동,0,0
2025-02-26,08:00,16:00,300,종로,,세종대로,0,0
2025-02-26,09:00,18:00,100,서초,정곡빌딩 남관 앞 1개 차로,서초동,0,1
2025-02-26,10:00,11:00,100,남대문,명동역 1出 앞,명동,0,0
2025-02-26,11:00,12:00,100,남대문,한화 본사 앞,장교동,0,0
2025-02-26,11:00,14:00,300,서대문,이화여대 대강당 앞 계단(학내),대현동,0,0
2025-02-26,11:30,13:00,500,종로,서울경찰청 정문 건너편 인도 및 1개 차로,내자동,0,1
2025-02-26,12:00,13:00,300,종로,경복궁 주유소 좌 ‧ 우측 인도 및 1개 차로,중학동,0,1
2025-02-26,13:00,17:00,3000,종로,노인복지센터 앞 인도 및 1개 차로,경운동,0,1
2025-02-26,15:00,17:00,100,종로|혜화,중부교육지원청 앞 → 서울시교육청,효제동 등,1,0
2025-02-26,18:30,19:30,100,남대문,명동역 1出 앞,명동,0,0
2025-02-26,18:30,,200,종로,서울시교육청 앞 翌07:00,신문로2가,0,0
2025-02-26,19:00,20:00,500,구로,평강제일교회 정문 앞 이면도로,오류동,0,0
2025-02-26,19:00,20:00,50,구로,평강제일교회 정문 좌측 공터,오류동,0,0
2025-02-26,19:00,20:30,3000,종로,송현공원 앞 인도,송현동,0,0
2025-02-27,07:30,09:00,500,종로,경희궁자이 3단지 정문 또는 후문 인도,,0,0
2025-02-27,18:00,20:00,0,,,교남동,0,0
2025-02-27,08:00,09:30,200,종로,,신문로2가,0,0
2025-02-27,10:00,11:00,500,구로,평강제일교회 정문 앞 이면도로,오류동,0,0
2025-02-27,10:00,11:00,50,구로,평강제일교회 정문 좌측 공터,오류동,0,0
2025-02-27,11:00,12:00,200,구로,코웨이 신사옥 광장 앞,구로동,0,0
2025-02-27,11:00,14:30,500,종로|남대문,중앙우체국 앞 인도,명동,0,0
2025-02-27,13:00,14:30,50,영등포,금융감독원 민원실 앞,여의도동,0,0
2025-02-27,13:30,15:00,200,종로,정부서울청사 → 종로3가역,적선동 등,1,0
2025-02-27,13:00,17:00,3000,종로,안국역 5出 앞 인도 및 1개 차로,경운동,0,1
2025-02-27,14:00,15:00,100,마포,서강대 후문 앞 인도,신수동,0,0
2025-02-27,14:00,16:30,150,광진,능동로 분수광장 앞,화양동,0,0
2025-02-27,18:30,19:30,100,남대문,명동역 1出 앞,명동,0,0
2025-02-27,19:00,20:30,20000,종로,송현공원 앞 인도,송현동,0,0
2025-02-28,00:00,23:59,200,종로,서울시교육청 앞,신문로2가,0,0
2025-02-28,07:30,09:00,500,종로,경희궁자이 3단지 정문 또는 후문 인도,,0,0
2025-02-28,18:00,20:00,0,구로|금천,,교남동,1,0
2025-02-28,10:00,15:00,500,동작,,안양동 등,0,0
2025-02-28,11:30,13:30,300,용산|영등포,삼각지역 5出 앞 1개 차로 → 이촌역 4出,한강로1가 등,1,1
2025-02-28,13:00,17:00,3000,종로,노인복지센터 앞 인도 및 1개 차로,경운동,0,1
2025-02-28,14:00,16:00,100,동대문,한국외대 정문 앞 좌측 인도 및 정문 건너편 우측 인도,이문동,0,0
2025-02-28,14:00,16:00,100,동대문,한국외대 정문 앞 우측 인도,이문동,0,0
2025-02-28,14:00,16:00,100,동대문,한국외대 정문 건너편 좌측 인도,이문동,0,0
2025-02-28,16:30,18:30,50,종로,교보빌딩 정문 앞 인도,세종대로,0,0
2025-02-28,18:00,21:00,100,남대문,서울중앙우체국 앞 ⇄ 명동역 6出,명동,0,0
2025-02-28,18:30,19:30,100,남대문,명동역 1出 앞,명동,0,0
2025-02-28,19:00,20:30,20000,종로,송현공원 앞 인도,송현동,0,0
2025-02-28,19:00,21:30,900,종로,동화면세점 앞 인도,세종대로,0,0
2025-03-01,10:00,11:00,300,서대문,독립공원 앞 인도,현저동,0,0
2025-03-01,10:00,12:00,150,동대문,전농동 588-182 앞 인도 ⇄ 영휘원사거리,전농동,0,0
2025-03-01,10:00,17:00,500,남대문|영등포|마포|서대문,영등포역 → 동십자R,영등포동 등,1,0
2025-03-01,11:00,13:30,350,종로|중부,탑골공원 → 광화문R,종로2가,1,0
2025-03-01,12:00,12:40,300,종로,수운회관 → 탑골공원,경운동,1,0
2025-03-01,12:00,17:00,3000,종로|남대문,서울역 4出 앞 3개 차로 → 안국역 4出,한강대로 등,1,1
2025-03-01,12:00,15:00,5000,서대문,신촌 연세로 양방 全 차로,창천동,0,1
2025-03-01,12:30,14:00,500,종로,의정부터 서측 2개 차로 → 안국R,세종대로 등,1,1
2025-03-01,13:00,14:30,5000,종로|중부,안국역 5出 앞 2개 차로 → 대한문,중학동,1,1
2025-03-01,13:00,17:00,100000,남대문|영등포,여의대로 편도 全차로,여의도,0,1
2025-03-01,13:00,19:00,100000,종로|남대문,동화면세점~대한문 편도 全차로 / 교보빌딩~광화문역 2出 편도 全차로,세종대로,0,1
2025-03-01,14:00,15:30,3000,종로,안국역 1出 편도 全차로,재동 등,0,1
2025-03-01,14:00,16:00,300,종로|강남,연합뉴스 ⇄ 공평R,,0,1
2025-03-01,14:00,17:00,500,수서,,서초동 등,0,0
2025-03-01,15:00,16:00,3000,종로,적선R~광화문R,사직로,0,0
2025-03-01,15:00,16:30,300,종로,영풍빌딩 → 동십자R,서린동,1,0
2025-03-01,15:20,17:30,2000,종로|남대문,시청 동편 앞 2개 차로 ⇄ 을1R,태평로1가 등,0,1
2025-03-01,15:30,16:30,10000,종로,안국역 1出 편도 全차로 → 동십자R,재동 등,1,1
2025-03-01,16:00,20:00,500,남대문,중앙우체국 앞 인도 및 1개 차로 ⇄ 명동역 6出,명동 등,0,1
2025-03-01,16:30,19:00,10000,종로|중부,동화면세점~대한문 편도 全차로 → 안국역 5出,세종대로,1,1
2025-03-01,17:00,17:30,500,남대문|영등포,산업은행 측면 → 국회의사당역 2出,여의도,1,0
2025-03-01,17:00,20:30,100000,종로|남대문,적선R~광화문R 편도 全차로 및 역방 3개 차로,적선동 등,0,1
2025-03-01,17:00,00:00,100,용산|관악,대한문 앞 인도 및 1개 차로 → 서울구치소,한강대로 등,1,1
2025-03-01,17:30,18:00,100,남대문|영등포,국회의사당역 2出,여의도,0,0
2025-03-01,20:00,21:00,100,남대문,명동역 1出 앞,명동,0,0
2025-03-01,21:00,21:30,100,동작,이수역 13出 앞 인도,사당동,0,0
2025-03-01,22:00,00:00,100,관악,홈플러스 앞 인도,남현동,0,0
2025-03-02,09:30,11:00,1000,구로,평강제일교회 앞,오류동,0,0
2025-03-02,09:30,11:00,50,구로,평강교회 정문 좌측 공터,오류동,0,0
2025-03-02,10:00,16:00,1500,종로,보신각 ⇄ 삼일교,관철동,0,0
2025-03-02,11:00,13:30,10000,종로|남대문,동화면세점~코리아나호텔 앞 편도 全차로,세종대로,0,1
2025-03-02,11:00,16:00,5000,혜화,명륜 나온씨어터 앞 인도 및 이면도로,명륜동,0,0
2025-03-02,14:00,17:00,500,종로|남대문,교보빌딩 남측 인도 → 효령빌딩,세종대로 등,1,0
2025-03-02,15:00,16:00,200,서대문,독립공원 앞 인도 → 독립공원R,현저동,1,0
2025-03-02,15:00,18:00,250,용산,효창공원역 앞 인도 및 1개 차로 → 삼각지역 5出,효창동 등,1,1
2025-03-02,15:00,18:00,300,종로,교보빌딩 앞 인도,세종대로,0,0
2025-03-02,16:00,21:00,100,종로,의정부터 서측 인도,세종대로,0,0
2025-03-02,18:30,19:30,100,남대문,명동역 1出 앞,명동,0,0
2025-03-03,14:00,16:00,150,동작,중앙대학교 정문 앞 인도,흑석동,0,0
2025-03-03,16:00,21:00,5000,종로,북인사마당 앞 편도 全차로 → 경복궁역 6出,사직로 등,1,1
2025-03-03,18:30,19:30,100,남대문,명동역 1出 앞,명동,0,0
2025-03-04,07:00,18:00,100,남대문,한화빌딩 앞,장교동,0,0
2025-03-04,07:30,09:00,500,종로,경희궁자이 3단지 정문 또는 후문 인도,,0,0
2025-03-04,18:00,20:00,0,,,평동,0,0
2025-03-04,11:00,13:00,100,강남,,대치동,0,0
2025-03-04,13:00,17:00,3000,종로,안국역 5出 앞 2개 차로,경운동,0,1
2025-03-04,16:30,17:30,200,영등포,국회의사당역 3出 E/V → 與‧野 당사,여의도,1,0
2025-03-04,18:30,19:30,100,남대문,명동역 1出 앞,명동,0,0
2025-03-04,19:00,20:30,20000,종로,송현공원 앞 인도,송현동,0,0
2025-03-05,07:30,09:00,500,종로,경희궁자이 3단지 정문 또는 후문 인도,,0,0
2025-03-05,18:00,20:00,0,,,교남동,0,0
2025-03-05,10:00,13:00,300,성동,,마장동,0,0
2025-03-05,11:00,13:00,100,강남,강남경찰서 앞,대치동,0,0
2025-03-05,11:00,15:00,2000,종로,현대건설 앞 인도 및 2개 차로 → 운현궁,계동 등,1,1
2025-03-05,12:00,13:00,300,종로,경복궁 주유소 좌‧우측 인도 및 1개 차로,중학동,0,1
2025-03-05,13:00,15:00,100,남대문,서울역 광장,봉래동,0,0
2025-03-05,13:00,17:00,3000,종로,안국역5出 앞 2개 차로,경운동,0,1
2025-03-05,14:00,18:00,300,남대문,서울역 광장 계단 인도,봉래동,0,0
2025-03-05,18:30,19:30,100,남대문,명동역 1出 앞,명동,0,0
2025-03-05,19:00,20:00,500,구로,평강제일교회 정문 앞 이면도로,오류동,0,0
2025-03-05,19:00,20:00,50,구로,평강제일교회 정문 좌측 공터,오류동,0,0
2025-03-05,19:00,20:30,20000,종로,송현공원 앞 인도,송현동,0,0
2025-03-05,19:00,21:00,500,종로|혜화,마로니에공원 앞 → 탑골공원,동숭동,1,0
2025-03-05,19:30,21:30,30000,종로|중부,동십자R → 국가인권위,율곡로 등,1,0
2025-03-06,07:30,09:00,500,종로,경희궁자이 3단지 정문 또는 후문 인도,,0,0
2025-03-06,18:00,20:00,0,,,교남동,0,0
2025-03-06,10:00,11:00,500,구로,,오류동,0,0
2025-03-06,10:00,11:00,50,구로,평강제일교회 정문 좌측 공터,오류동,0,0
2025-03-06,11:00,13:00,100,강남,강남경찰서 앞,대치동,0,0
2025-03-06,11:00,15:00,2000,종로,현대건설 앞 인도 및 2개 차로 → 운현궁,계동 등,1,1
2025-03-06,12:30,14:30,70,동작,총신대학교 정문 좌측 인도,사당동,0,0
2025-03-06,13:00,14:30,200,구로,서울남부구치소 정문 앞 인도,천왕동,0,0
2025-03-06,13:00,17:00,3000,종로,안국역 5出 앞 인도 및 1개 차로,경운동,0,1
2025-03-06,14:00,16:00,50,성북,한성대입구역 분수 광장 소녀상 앞,동소문동,0,0
2025-03-06,14:00,17:00,100,용산,용산구청 정문 앞 인도,이태원동,0,0
2025-03-06,18:30,19:30,100,남대문,명동역 10出 앞,명동,0,0
2025-03-06,19:00,20:30,20000,종로,송현공원 앞 인도,송현동,0,0
2025-03-06,19:30,21:00,300,남대문,삼성본관빌딩 → 세종호텔,태평로2가,1,0
2025-03-06,19:30,21:30,30000,남대문|서대문,경찰청 앞 → 명동역 10出,미근동 등,1,0
2025-03-07,11:00,15:00,2000,종로,현대건설 앞 인도 및 2개차로 → 탑골공원 서측,계동 등,1,1
2025-03-07,13:00,17:00,3000,종로,노인복지센터 앞 인도 및 1개차로,경운동,0,1
2025-03-07,18:30,19:30,100,남대문,명동역 10出 앞,명동,0,0
2025-03-07,19:00,20:30,20000,종로,송현공원 앞 인도,송현동,0,0
2025-03-07,19:30,21:30,30000,마포|서대문,이대 정문 → 홍대 상상마당,대현동 등,1,0
2025-03-08,11:00,12:00,30000,남대문|중부,고용노동청 앞,장교동,0,0
2025-03-08,12:00,16:30,100000,종로|남대문,동화면세점~대한문 양방 全 차로 / 교보빌딩~ 광화문역 2出 편도 全 차로 → 안국역 5出,세종대로,1,1
2025-03-08,13:00,14:30,5000,종로|남대문,"안국역 5出 앞 2개차로 → 대한문 ※ 행진경로(2.2km, 2개차로) : 안국역5出⟶종2R⟶종로1R",중학동,1,1
2025-03-08,13:00,17:00,100000,영등포,"여의대로 편도 全 차로 ※ 행진경로(1.7km, 3개차로) :마포대교 남단→여의서로→",여의도,1,1
2025-03-08,14:00,15:00,3000,종로,안국역 1出 편도 全 차로,재동 등,0,1
2025-03-08,14:00,17:00,3000,종로|남대문|중부,"고용노동청 → 안국R ※ 행진경로(1.6km, 2개차로): 서울고용청 → 청계북로 →",장교동 등,1,1
2025-03-08,15:30,16:30,3000,종로,"안국역 1出 편도 全 차로 → 동십자R ※ 행진경로(0.5km, 편도전 차로): 안국역1出→동십자R",재동 등,1,1
2025-03-08,17:00,20:30,100000,종로|혜화,"적선R~광화문R 편도 全 차로 및 역방 3개차로 ※ 행진경로(3.2km, 편도전 차로): 동십자R→안국R→종로",적선동 등,1,1
2025-03-09,09:00,12:00,250,중부,DDP 서측 앞,광희동,0,0
2025-03-09,11:00,13:30,10000,종로|남대문,동화면세점~코리아나호텔 앞,세종대로,0,0
2025-03-09,13:00,16:00,500,종로,"보신각 → 현대사옥 ※ 행진경로(1.8Km, 1개 차로): 보신각→종1R→종2R→종",관철동 등,1,1
2025-03-10,10:00,11:00,500,구로,평강제일교회 앞,오류동,0,0
2025-03-10,11:00,17:00,2000,종로,"현대건설 앞 인도 및 2개차로 → 운현궁 ※ 행진경로(1km, 2개 차로): 현대건설→창덕궁R→종로3R",계동 등,1,1
2025-03-10,19:00,20:30,20000,종로,송현공원 앞,송현동,0,0
2025-03-11,07:30,09:00,500,종로,경희궁자이 3단지 정문 또는 후문 인도,,0,0
2025-03-11,18:00,20:00,0,,,평동 등,1,1
2025-03-11,11:00,15:00,2000,종로,,계동 등,0,0
2025-03-11,13:00,17:00,3000,종로,수운회관 앞 2개 차로,경운동,0,1
2025-03-11,14:00,17:00,10000,용산,볼보빌딩 앞 3개 차로,한남동,0,1
2025-03-11,15:30,16:30,1000,종로,동십자R 또는 고궁박물관 남측,세종대로,0,0
2025-03-11,16:00,18:00,500,종로,운현궁 앞 인도,운니동,0,0
2025-03-11,18:00,19:00,1000,종로,광화문R~세종R 일대,세종로,0,0
2025-03-11,18:30,21:30,10000,종로,동십자R ⇄ 종로2R,사직로 등,0,0
2025-03-11,19:00,20:30,100000,종로,송현공원 앞 인도,송현동,0,0
2025-03-11,22:00,,1000,종로,동십자R 또는 고궁박물관 남측 翼07:00,세종로,0,0
2025-03-12,08:00,09:30,10000,종로,동십자R 및 세종R 일대,세종로,0,0
2025-03-12,11:00,15:00,2000,종로,현대건설 앞 인도 및 1개 차로 → 탑골공원 서측,계동 등,1,1
2025-03-12,12:00,13:00,300,종로,경복궁 주유소 좌‧우측 인도 및 1개 차로,중학동,0,1
2025-03-12,13:00,17:00,3000,종로,수운회관 앞 2개 차로,경운동,0,1
2025-03-12,14:00,17:00,10000,용산,볼보빌딩 앞 1개 차로,한남동,0,1
2025-03-12,18:30,21:30,10000,종로,동십자R ⇄ 종로2R,사직로 등,0,0
2025-03-12,19:00,20:30,100000,종로,송현공원 앞 인도,송현동,0,0
2025-03-12,19:00,20:00,500,구로,평강제일교회 정문 앞 이면도로,오류동,0,0
2025-03-12,19:00,20:00,50,구로,평강제일교회 정문 좌측 공터,오류동,0,0
2025-03-13,10:00,11:00,50,구로,평강제일교회 정문 좌측 공터,오류동,0,0
2025-03-13,10:00,11:00,500,구로,평강제일교회 정문 앞 이면도로,오류동,0,0
2025-03-13,10:00,18:00,100,강남,코람코자산신탁 앞 인도 및 1개 차로,삼성동,0,1
2025-03-13,11:00,14:00,2000,종로,현대건설 앞 인도 및 1개 차로 → 탑골공원 서측,계동 등,1,1
2025-03-13,12:00,17:00,150,종로,보신각 → 현대사옥,관철동 등,1,0
2025-03-13,13:00,19:00,3000,종로,수운회관 앞 2개 차로,경운동,0,1
2025-03-13,14:00,17:00,10000,용산,볼보빌딩 앞 1개 차로,한남동,0,1
2025-03-13,16:00,19:00,500,종로|영등포|마포,국회 앞 → 고궁박물관 남측,여의도 등,1,0
2025-03-13,19:00,20:30,100000,종로|남대문|서대문,송현공원 앞 인도,송현동,0,0
2025-03-13,19:00,21:00,100,종로|남대문,시의회 앞 인도 → 안국역 6出,태평로1가,1,0
2025-03-13,19:00,21:30,10000,종로,동십자R ⇄ 대한문R,사직로 등,0,0
2025-03-14,08:30,18:00,100,양천,서울남부지검 앞,신정동,0,0
2025-03-14,11:00,13:00,1000,종로|남대문,중앙우체국 앞 인도 → 운현하늘빌딩,명동 등,1,0
2025-03-14,11:00,14:00,2000,종로,현대건설 앞 인도 및 1개 차로 → 탑골공원 서측,계동 등,1,1
2025-03-14,11:30,13:30,300,용산,삼각지역 5出 앞 1개 차로 → 이촌역 4出,한강로1가 등,1,1
2025-03-14,13:00,19:00,3000,종로,수운회관 앞 2개 차로,경운동,0,1
2025-03-14,13:30,15:00,150,종로,정부서울청사 → 종로3가,적선동 등,1,0
2025-03-14,14:00,17:00,10000,용산,볼보빌딩 앞 1개 차로,한남동,0,1
2025-03-14,16:00,19:00,500,남대문|영등포|마포,국회 앞 → 고궁박물관 남측,여의도 등,1,0
2025-03-14,18:00,21:00,100,종로|남대문|서대문,서울중앙우체국 앞 ⇄ 명동역6出,명동,0,0
2025-03-14,19:00,20:30,100000,종로,송현공원 앞 인도,송현동,0,0
2025-03-14,19:00,21:30,10000,종로|남대문,동십자R ⇄ 대한문R,사직로 등,0,0
2025-03-15,13:00,14:30,5000,종로|남대문|중부,"수운회관 앞 2개 차로⟶대한문 ※행진경로(2km, 2개차로):수운회관⟶종2R⟶을2R⟶을1R ⟶개풍R⟶태평R⟶대한문",중학동,1,1
2025-03-15,13:00,15:00,3000,종로|남대문,"종로타워→을1R 앞 ※ 행진경로(0.5km, 2개차로): →광교 → 을1R",공평동,1,1
2025-03-15,13:00,16:00,100000,영등포,"의사당역 2出 앞 편도 全 차로⇄ 국회대로 ※행진경로(2.7km, 2개차로) :의사당역 2出→공원로→수 출입은행→복음로→국회대로→의원회관R→여의서로→",여의도,1,1
2025-03-15,13:00,17:00,3000,종로|남대문,"서울역 4出 앞 3개 차로→안국역 4出 ※ 행진경로(2.7Km, 2개차로): 서울역 4出→숭례문R→종",한강대로 등,1,1
2025-03-15,13:00,19:00,100000,종로|남대문,동화면세점∼대한문 양방 全 차로 / 교보빌딩∼광화문역 2出 편도 全 차로,세종대로,0,1
2025-03-15,14:00,15:00,3000,남대문|중부,"고용노동청→을1R ※ 행진경로(0.5km, 2개차로):→청계남로 → 광교",장교동,1,1
2025-03-15,14:00,15:00,3000,남대문,"명동역 1出 앞→을1R ※ 행진경로(1.2km, 2개차로): 명동역 10出 →회현R →을1R",명동,1,1
2025-03-15,14:00,17:00,30000,종로|남대문,종로1R∼을1R,남대문로1가,0,0
2025-03-15,15:00,15:30,10000,종로,동십자R∼적선R 편도 全차로 및 3개 차로,적선동 등,0,1
2025-03-15,15:00,17:00,30000,종로|남대문,"종1R~을1R→동십자R ※ 행진경로(1.6KM, 3개차로): 종로1R → 우정국로 → 안국R",남대문로1가,1,1
2025-03-15,15:00,17:00,100000,종로,"안국역 1出 편도全 차로→동십자R ※ 행진경로(0.5km, 편도전차로): 안국역1出→동십자R",재동 등,1,1
2025-03-15,16:00,19:30,100000,종로|남대문,"동십자R∼적선R 편도 全차로 및 3개 차로 ⇄시청R ※ 행진경로(3.2km, 편도 全 차로): 동십자R→안국R→종로 1R→을1R→숭례문→시청R→을입구→종1R→안국R→",적선동 등,1,1
2025-03-16,11:00,13:30,10000,종로|남대문,동화면세점∼코리아나호텔 앞 편도 全 차로,세종대로,0,1
2025-03-16,13:00,16:00,500,종로|남대문|영등포|마포,"국회 앞→고궁박물관 남측 ※ 행진경로(8.7km, 인도 및 1개 차로): 국회 → 마포대교",여의도 등,1,1
2025-03-16,14:00,17:00,1000,종로|남대문|서대문,"서울역 광장→국가인권위 ※ 행진경로(2.1km, 1개차로): →퇴계로 → 명동역→퇴계",저동,1,1
2025-03-16,16:00,21:30,10000,종로|남대문,"동십자R⇄시청R ※ 행진경로(3.2km, 편도전 차로): 동십자R→안국R→종로 1R→을1R→숭례문→시청R→을입구→종1R→안국R→",사직로 등,1,1
2025-03-17,08:30,18:00,100,구로,"서울남부교도소 앞 ※ 행진경로(1.3KM, 인도): →옥길두루치기 → 비엠테크물류",천왕동,1,0
2025-03-17,09:00,15:00,500,중부,"대우건설 정문→을3R ※ 행진경로(2KM, 1개차로): →을4R → 퇴계4R→퇴계3R→",신문로2가,1,1
2025-03-17,11:00,15:00,2000,종로,"현대건설 앞 인도 및 2개 차로→운현궁 ※행진경로(1km, 2개 차로): 현대건설→창덕궁R→종로3R",계동 등,1,1
2025-03-17,13:00,19:00,3000,종로,수운회관 앞 인도 및 2개 차로,경운동,0,1
2025-03-17,19:00,21:30,10000,종로|남대문,"동십자R⇄대한문R ※ 행진경로(3.2km, 편도전 차로): 동십자R→안국R→종로 1R→을1R→숭례문→시청R→을입구→종1R→안국R→",사직로 등,1,1
2025-03-18,08:30,18:00,150,양천,서울남부지검 앞,신정동,0,0
2025-03-18,09:00,15:00,500,중부,대우건설 정문 앞,을지로4가,0,0
2025-03-18,11:00,15:00,2000,종로,현대건설 앞 인도 및 2개 차로 → 탑골공원 서측,계동 등,1,1
2025-03-18,13:00,19:00,3000,종로,수운회관 앞 2개 차로,경운동,0,1
2025-03-18,14:00,17:00,10000,용산,볼보빌딩 앞 1개 차로,한남동,0,1
2025-03-18,15:30,19:00,500,남대문|영등포|마포,국회 앞 → 고궁박물관 남측,여의도 등,1,0
2025-03-18,19:00,20:30,100000,종로|서대문,송현공원 앞 인도,송현동,0,0
2025-03-18,19:00,21:30,10000,종로|남대문,동십자R ⇄ 대한문R,사직로 등,0,0
2025-03-19,09:00,15:00,500,중부,대우건설 정문 앞,을지로4가,0,0
2025-03-19,10:00,18:00,100,강남,코람코자산신탁 앞 인도 및 1개 차로,삼성동,0,1
2025-03-19,11:00,15:00,2000,종로,현대건설 앞 인도 및 1개 차로 → 탑골공원 서측,계동 등,1,1
2025-03-19,12:00,13:00,300,종로,경복궁 주유소 좌‧우측 인도 및 1개 차로,중학동,0,1
2025-03-19,13:00,19:00,3000,종로,수운회관 앞 2개 차로,경운동,0,1
2025-03-19,14:00,15:00,200,남대문,KG타워 앞,순화동,0,0
2025-03-19,14:00,17:00,500,종로,현대건설 앞 인도 및 1개 차로,계동,0,1
2025-03-19,15:30,19:00,500,종로|영등포|마포,국회 앞 → 고궁박물관 남측,여의도 등,1,0
2025-03-19,17:00,18:00,100,남대문|서대문,고용청 앞,장교동,0,0
2025-03-19,19:00,20:00,500,구로,평강제일교회 정문 앞 이면도로,오류동,0,0
2025-03-19,19:00,20:00,50,구로,평강제일교회 정문 좌측 공터,오류동,0,0
2025-03-19,19:00,20:30,100000,종로,송현공원 앞 인도,송현동,0,0
2025-03-19,19:00,21:30,10000,종로|남대문,동십자R ⇄ 종2R,사직로 등,0,0
2025-03-20,08:00,11:00,300,수서,포스코센터 앞,대치동,0,0
2025-03-20,10:00,11:00,500,구로,평강제일교회 정문 앞 이면도로,오류동,0,0
2025-03-20,11:00,15:00,2000,종로,"현대건설 앞 인도 및 1개 차로→탑골공원 서측 ※행진경로(1km, 1개 차로): 현대건설→창덕궁R→종로3R",계동 등,1,1
2025-03-20,13:00,19:00,3000,종로,수운회관 앞 2개 차로,경운동,0,1
2025-03-20,14:00,17:00,500,종로,현대건설 앞 인도 및 1개 차로,계동,0,1
2025-03-20,15:00,19:00,500,종로|영등포|마포|서대문,"국회 앞 → 고궁박물관 남측 ※행진경로(8.3km, 2개 차로): 국회 → 마포대교 → 공덕역",여의도 등,1,1
2025-03-20,19:00,20:30,100000,종로,송현공원 앞 인도,송현동,0,0
2025-03-20,19:00,21:30,10000,종로|남대문,"동십자R⇄종2R ※행진경로(3Km, 편도 全차로): 동십자R→안국R→종1R",사직로 등,1,1
2025-03-21,08:00,16:00,200,수서,파크하얏트 앞,대치동,0,0
2025-03-21,09:00,18:00,100,강남,코람코자산신탁 앞 1개 차로 → LF본사,삼성동,1,1
2025-03-21,11:00,14:00,1000,종로|남대문,중앙우체국 앞 인도,명동,0,0
2025-03-21,11:00,15:00,2000,종로,현대건설 앞 인도 및 1개 차로 → 탑골공원 서측,계동 등,1,1
2025-03-21,11:30,13:30,300,용산,삼각지역 5出 앞 1개 차로 → 이촌역 4出,한강로1가 등,1,1
2025-03-21,11:50,12:40,60,방배,하나금융 방배 사옥 앞,방배동,0,0
2025-03-21,13:00,19:00,3000,종로,수운회관 앞 2개 차로,경운동,0,1
2025-03-21,14:00,17:00,500,종로,현대건설 앞 인도 및 1개 차로,계동,0,1
2025-03-21,15:00,19:00,500,종로|영등포|마포,국회 앞 → 고궁박물관 남측,여의도 등,1,0
2025-03-21,18:00,21:00,100,남대문|서대문,서울중앙우체국 앞 ⇄ 명동역 6出,명동,0,0
2025-03-21,19:00,20:30,100000,종로,송현공원 앞 인도,송현동,0,0
2025-03-21,19:00,21:30,10000,종로|남대문,동십자R ⇄ 종2R,사직로 등,0,0
2025-03-22,12:00,15:00,500,남대문|영등포|마포,국회 앞 → 고궁박물관 남측,여의도 등,1,0
2025-03-22,13:00,19:00,100000,종로|서대문,동화면세점~대한문 양방 全차로 / 교보빌딩~,,0,1
2025-03-22,14:00,17:00,2000,남대문,,세종대로,0,0
2025-03-22,15:00,17:00,100000,종로,안국역 1出 → 동십자R,재동 등,1,0
2025-03-22,15:50,17:00,50000,남대문|중부,고용청 → 동십자R,장교동 등,1,0
2025-03-22,16:00,17:00,20000,종로,동십자R~적선R 편도 全차로 및 역방 3개 차로,적선동 등,0,1
2025-03-22,16:00,20:00,500,남대문,중앙우체국 앞 인도 및 1개 차로 ⇄ 명동역 6出,명동 등,0,1
2025-03-22,17:00,20:30,100000,종로|남대문,동십자R~적선R 편도 全차로 및 역방 3개 차로 ⇄ 종로2R,적선동 등,0,1
2025-03-23,09:30,11:00,1000,구로,평강제일교회 앞,오류동,0,0
2025-03-23,11:00,13:00,1000,종로,SK서린빌딩 앞 인도 및 1개 차로,서린동,0,1
2025-03-23,11:00,13:30,10000,종로,동화면세점~코리아나호텔 앞 편도 全차로,세종대로,0,1
2025-03-23,13:00,16:00,500,종로|남대문|서대문,국회 앞 → 고궁박물관 남측,여의도 등,1,0
2025-03-23,14:00,19:00,3000,종로|영등포|마포,수운회관 앞 인도 및 2개 차로,경운동,0,1
2025-03-24,10:00,18:00,100,강남,코람코자산신탁 앞 인도 및 1개 차로,삼성동,0,1
2025-03-24,11:00,15:00,2000,종로,현대건설 앞 → 탑골공원 서측,계동 등,1,0
2025-03-24,13:00,19:00,3000,종로,수운회관 앞 인도 및 2개 차로,경운동,0,1
2025-03-24,14:00,17:00,100,종로,현대사옥 앞 인도 및 1개 차로,계동,0,1
2025-03-24,15:00,19:00,500,영등포|마포|서대문,국회 앞 → 고궁박물관 남측,여의도 등,1,0
2025-03-24,19:00,20:30,100000,종로|남대문,송현공원 앞 인도,송현동,0,0
2025-03-24,19:00,21:30,10000,종로|남대문,동십자R ⇄ 대한문R,사직로 등,0,0
2025-03-25,09:00,18:00,100,서초,정곡빌딩 남관 앞 1개 차로,서초동,0,1
2025-03-25,11:00,15:00,2000,종로,현대건설 앞 인도 및 1개 차로 → 탑골공원 서측,계동 등,1,1
2025-03-25,11:00,15:00,300,종로,광화문 월대 → 안국역 1出,세종로,1,0
2025-03-25,11:30,13:00,250,남대문,예금보험공사 앞,다동,0,0
2025-03-25,12:30,13:30,150,영등포,9호선 국회의사당역 2出 → 5出,여의도,1,0
2025-03-25,13:00,15:00,100,종로,정부서울청자 정문 우측,세종로,0,0
2025-03-25,13:00,19:00,3000,종로,수운회관 앞 2개 차로,경운동,0,1
2025-03-25,14:00,17:00,10000,종로|용산|동작|방배,동화면세점 앞 2개 차로 13;00~19:00  남태령 고개 → 동십자R,세종대로 방배동,1,1
2025-03-25,14:00,17:00,500,종로|남대문,현대건설 앞 인도 및 1개 차로,계동,0,1
2025-03-25,15:30,18:00,500,종로|영등포|마포,국회 앞 → 고궁박물관 남측,여의도 등,1,0
2025-03-25,18:00,24:00,3000,서대문|방배,① 사당역 3出 ② 남태령 쉼터 150m 앞,방배동 등,0,0
2025-03-25,19:00,20:30,100000,종로,송현공원 앞 인도,송현동,0,0
2025-03-25,19:00,21:30,10000,종로,동십자R ⇄ 종2R,사직로 등,0,0
2025-03-26,08:00,12:00,200,종로,KT 신관 앞,세종로,0,0
2025-03-26,09:00,,300,서초,우리은행 법조타운 인도 및 1개 차로,서초동,0,1
2025-03-26,10:00,12:00,1500,남대문,시청 동편 2개 차로,태평로1가,0,1
2025-03-26,10:00,,3000,서초,북해도~서초역 8出앞 인도 및 2개 차로,서초동,0,1
2025-03-26,10:00,,100,서초,중앙지검 서문 앞 인도 및 2개 차로,서초동,0,1
2025-03-26,11:00,15:00,2000,종로,현대건설 앞 인도 및 1개 차로 → 탑골공원 서측,계동 등,1,1
2025-03-26,12:00,13:00,300,종로,경복궁 주유소 좌‧우측 인도 및 1개 차로,중학동,0,1
2025-03-26,13:00,17:00,1500,남대문,시청 동편 2개 차로,태평로1가,0,1
2025-03-26,13:00,17:00,1500,남대문,시청 동편 2개 차로 ⇄ 한화빌딩,태평로1가,0,1
2025-03-26,13:00,19:00,3000,종로,수운회관 앞 2개 차로,경운동,0,1
2025-03-26,15:00,17:00,5000,종로,동십자R~광화문R → 안국역 1出,세종로 등,1,0
2025-03-26,15:30,18:00,500,종로|영등포|마포,국회 앞 → 고궁박물관 남측,여의도 등,1,0
2025-03-26,19:00,20:00,500,서대문|구로,평강제일교회 정문 앞 이면도로,오류동,0,0
2025-03-26,19:00,20:00,50,구로,평강제일교회 정문 좌측 공터,오류동,0,0
2025-03-26,19:00,20:30,100000,종로,송현공원 앞 인도,송현동,0,0
2025-03-26,19:00,21:00,1500,남대문,시청 동편 2개 차로,태평로1가,0,1
2025-03-26,19:00,21:30,10000,종로,동십자R ⇄ 종2R,사직로 등,0,0
2025-03-26,21:00,22:00,1500,남대문,시청 동편 2개 차로 → 적선R,태평로1가,1,1
2025-03-27,08:00,09:00,100000,종로,송현공원 앞 인도,송현동,0,0
2025-03-27,10:00,11:00,500,구로,평강제일교회 정문 앞 이면도로,오류동,0,0
2025-03-27,10:00,11:00,50,구로,평강제일교회 정문 좌측 공터,오류동,0,0
2025-03-27,11:00,12:00,2000,종로,정부서울청사 앞 인도,세종대로,0,0
2025-03-27,11:00,15:00,2000,종로,현대건설 앞 인도 및 1개 차로 → 탑골공원 서측,계동 등,1,1
2025-03-27,13:00,19:00,3000,종로,수운회관 앞 2개 차로,경운동,0,1
2025-03-27,14:30,16:00,30000,종로,서울역12出 → 동십자R,한강대로 등,1,0
2025-03-27,15:00,16:00,5000,종로|서대문,서울역11出 → 광화문R,동자동 등,1,0
2025-03-27,15:00,16:00,11000,중부|용산,고용청 → 광화문R,장교동 등,1,0
2025-03-27,15:00,17:00,5000,종로|남대문,명동역1出 → 광화문R,명동 등,1,0
2025-03-27,15:00,17:00,1000,종로|남대문,시청 서편 인도 및 2개 차로 → 광화문R,태평로1가,1,1
2025-03-27,15:30,18:00,500,종로|영등포|마포,국회 앞 → 고궁박물관 남측,여의도 등,1,0
2025-03-27,16:00,17:00,7000,종로|서대문,동십자R~광화문R,세종대로,0,0
2025-03-27,19:00,21:00,100000,종로,송현공원 앞 인도,송현동,0,0
2025-03-27,19:00,21:30,100000,종로,통의R~내자R 인도 및 양방 全차로 ⇄ 종2R,송현동,0,1
2025-03-28,08:00,12:00,60,영등포,한국투자증권 앞,여의도동,0,0
2025-03-28,11:00,14:00,1000,종로|남대문,중앙우체국 앞 인도,명동,0,0
2025-03-28,11:00,15:00,2000,종로,현대건설 앞 1개 차로 → 탑골공원 서측,계동 등,1,1
2025-03-28,11:30,13:30,300,용산,삼각지역 5出 앞 1개 차로 → 이촌역 4出,한강로1가 등,1,1
2025-03-28,13:00,19:00,3000,종로,수운회관 앞 2개 차로,경운동,0,1
2025-03-28,15:00,18:00,50,강동,강동구청 앞,성내동,0,0
2025-03-28,15:30,17:00,500,종로|영등포|마포,국회 앞 → 고궁박물관 남측,여의도 등,1,0
2025-03-28,18:00,21:00,100,남대문|서대문,서울중앙우체국 앞 ⇄ 명동역 6出,명동,0,0
2025-03-28,19:00,20:30,100000,종로,송현공원 앞 인도,송현동,0,0
2025-03-28,19:00,21:30,100000,종로,동십자R~적선R 편도 全차로 ⇄ 종2R,사직로 등,0,1
2025-03-29,11:00,17:00,1000,종로,갤러리 누하 앞,필운대로,0,0
2025-03-29,13:00,14:30,5000,종로|중부,수운회관 앞 편도 全 차로 → 대한문,중학동,1,1
2025-03-29,13:00,16:00,20000,남대문|영등포,의사당역 2出 앞 편도 全 차로 ⇄ 국회대로,여의도,0,1
2025-03-29,13:00,16:00,500,남대문|영등포|마포,국회 앞 → 고궁박물관 남측,여의도 등,1,0
2025-03-29,13:00,17:00,3000,종로|남대문|서대문,서울역 4出 앞 3개 차로 → 종로3R,한강대로 등,1,1
2025-03-29,13:00,19:00,30000,종로|남대문,동화면세점~대한문 양방 全 차로 / 교보빌딩~광화문역 2出 편도 全 차로,세종대로,0,1
2025-03-29,13:00,21:00,5000,서대문,신촌 연세로 양방 全 차로 집회,창천동,0,1
2025-03-29,14:00,16:00,2000,종로|남대문,시청 동편 앞 2개 차로 ⇄ 을1R,태평로1가 등,0,1
2025-03-29,14:00,17:00,800,종로|중부,보신각 앞 → 동십자R,서린동,1,0
2025-03-29,15:00,17:00,100000,종로|남대문,안국역 1出 편도 全 차로 → 동십자R,재동 등,1,1
2025-03-29,15:30,17:00,11000,종로|중부,명동역 1出 → 동십자R,명동 등,1,0
2025-03-29,16:00,17:00,20000,종로|남대문,동십자R~적선R 편도 全차로 및 역방 3개 차로,적선동 등,0,1
2025-03-29,17:00,20:30,100000,종로|남대문,동십자R~적선R 편도 全차로 및 역방 3개 차로 → 헌재 방면,적선동 등,1,1
2025-03-30,09:30,11:00,1000,구로,평강제일교회 앞,오류동,0,0
2025-03-30,09:30,11:00,50,구로,평강교회 정문 좌측 공터,오류동,0,0
2025-03-30,11:00,13:30,10000,종로|남대문,동화면세점~코리아나호텔 앞 편도 全 차로,세종대로,0,1
2025-03-30,13:00,16:00,500,남대문|영등포|마포,국회 앞 → 고궁박물관 남측,여의도 등,1,0
2025-03-30,13:00,16:00,500,종로|서대문,보신각 → 현대사옥,관철동 등,1,0
2025-03-30,13:00,19:00,3000,종로,수운회관 앞 인도 및 2개 차로,경운동,0,1
2025-03-30,14:00,17:00,500,종로|남대문,교보빌딩 남측 인도 → 효령빌딩,세종대로 등,1,0
2025-03-30,15:00,18:00,300,종로,교보빌딩 앞 인도,세종대로,0,0
2025-03-30,16:00,18:30,100000,종로|남대문,동십자R~적선R 편도 全 차로 및 역방 3개 차로 ⇄ 종로2R,적선동 등,0,1
2025-03-31,10:00,11:00,500,구로,평강제일교회 앞,오류동,0,0
2025-03-31,10:00,11:00,50,구로,평강제일교회 좌측 공터,오류동,0,0
2025-03-31,10:00,11:00,200,종로,중앙우체국 앞 인도,명동,0,0
2025-03-31,11:00,15:00,2000,종로,현대건설 앞 인도 및 1개 차로 → 탑골공원 서측,계동 등,1,1
2025-03-31,13:00,19:00,3000,종로,수운회관 앞 인도 및 2개 차로,경운동,0,1
2025-03-31,13:30,15:30,200,강서,굽네치킨 본사 앞,내발산동,0,0
2025-03-31,14:00,15:00,1000,서초,청호나이스 본사 앞,서초동,0,0
2025-03-31,14:00,16:00,150,광진,대순진리회 중곡도장 앞,중곡동,0,0
2025-03-31,15:00,18:00,50,강동,강동구청 앞,성내동,0,0
2025-03-31,15:00,19:00,500,남대문|영등포|마포,국회 앞 → 고궁박물관 남측,여의도 등,1,0
2025-03-31,18:00,20:00,100,종로|서대문|구로,백미당 현대백화점 디큐브시티 앞,신도림동,0,0
2025-03-31,19:00,20:30,100000,종로,송현공원 앞 인도,송현동,0,0
2025-03-31,19:00,20:30,100,남대문,시의회 본관 앞 인도,태평로1가,0,0
2025-03-31,19:00,21:30,10000,종로|남대문,동십자R → 헌재방면,사직로 등,1,0
2025-04-01,11:00,15:00,2000,종로,현대건설 앞 인도 및 1개 차로 → 탑골공원 서측,계동 등,1,1
2025-04-01,13:00,19:00,3000,종로,수운회관 앞,경운동,0,0
2025-04-01,18:00,19:00,4500,종로,동십자각~광화문,세종로,0,0
2025-04-01,19:00,20:30,100000,종로,송현공원 앞,송현동,0,0
2025-04-01,19:00,23:59,100000,종로,동십자R~적선R → 안국역 6出,율곡로 등,1,0
2025-04-02,11:00,15:00,2000,종로,현대사옥 동측 횡단보도,계동,0,0
2025-04-02,11:00,18:00,30,종로,운현하늘빌딩 앞 인도,경운동,0,0
2025-04-02,12:00,13:00,300,종로,경복궁 주유소 좌·우측 인도 및 1개 차로,중학동,0,1
2025-04-02,12:00,13:00,30,종로,연합뉴스 앞 인도 및 1개 차로,수송동,0,1
2025-04-02,13:00,22:00,3000,종로,수운회관 앞 2개 차로,경운동,0,1
2025-04-02,14:00,15:00,30,종로,한벽원미술관 → 우정총국,팔판동 등,1,0
2025-04-02,14:00,17:00,10000,용산,볼보빌딩 앞 1개 차로,한남동,0,1
2025-04-02,16:00,18:00,100,종로,북인사마당 → 남인사마당,인사동,1,0
2025-04-02,18:00,21:00,100,종암,동덕여대 정문 동인관 앞 인도,하월곡동,0,0
2025-04-02,19:00,23:59,100000,종로,안국역 6出,율곡로,0,0
2025-04-02,19:00,20:30,100000,종로,송현공원 앞 인도,송현동,0,0
2025-04-03,14:00,17:00,4500,종로,광화문R∼적선R,,1,0
2025-04-03,19:00,20:30,100000,종로,송현공원 앞,,0,0
2025-04-03,19:00,,100000,종로,안국역 6出,,0,0
2025-04-03,13:00,22:00,3000,종로,수운회관 앞,,0,0
2025-04-03,20:00,,10000,종로,동화면세점 앞,,0,0
2025-04-04,09:00,,100000,종로,안국역 6出 全차로,율곡로,0,1
2025-04-04,09:00,,2000,종로,현대건설 동측,계동,0,0
2025-04-04,09:00,,5000,종로,탐골공원 서측,종로2가,0,0
2025-04-04,09:00,,10000,용산,볼보빌딩,한남동,0,0
2025-04-04,10:00,,2000,용산,일신빌딩,한남동,0,0
2025-04-04,10:00,18:00,500,용산,전쟁기념관 앞,용산동,0,0
2025-04-04,14:00,16:00,3000,용산,전쟁기념관 앞,용산동,0,0
2025-04-04,18:00,21:00,150,남대문,서울중앙우체국 ⇄ 명동역 6出 남대문0,명동 등,0,0
2025-04-04,19:00,21:00,10000,남대문,시청역 7出 편도 全차로,세종대로,0,1
2025-04-05,13:00,19:00,30000,종로|남대문,동화면세점~대한문 앞,,1,0
2025-04-05,14:00,15:30,500,종로,,서린동 등,0,0
2025-04-05,14:00,17:00,2000,남대문,대한문 앞 인도,세종대로,0,0
2025-04-05,15:30,16:00,50000,종로,광화문R → 동십자R,세종로 등,1,0
2025-04-05,16:00,18:00,100000,종로,동십자R~적선R 편도 全차로 및 역방 3개 차로,적선동 등,0,1
2025-04-05,16:00,18:00,10000,남대문,태평R~숭례문R 편도 全차로,세종대로,0,1
2025-04-06,09:30,11:00,1000,구로,평강제일교회 앞,오류동,0,0
2025-04-06,09:30,11:00,50,구로,평강제일교회 앞 제일빌딩 주차장,오류동,0,0
2025-04-06,11:00,13:30,10000,종로|남대문,동화면세점~코리아나호텔 앞 편도 全차로,세종대로,0,1
2025-04-06,13:00,15:00,5000,종로|남대문,회현R~한은R → 적선R,충무로1가 등,1,0
2025-04-06,14:00,17:00,500,종로|남대문,교보빌딩 남측 인도 → 효령빌딩,세종대로 등,1,0
2025-04-06,15:00,18:00,300,종로,교보빌딩 앞 인도,세종대로,0,0
2025-04-07,09:30,11:00,1000,구로,평강제일교회 앞,오류동,0,0
2025-04-07,09:30,11:00,50,구로,평강제일교회 앞 제일빌딩 주차장,오류동,0,0
2025-04-07,09:00,14:00,1000,영등포,국민의힘 중앙당사 앞,여의도동,0,0
2025-04-07,12:00,13:00,30,남대문,중앙우체국 앞,명동,0,0
2025-04-07,13:00,13:30,30,마포,합정역 → 극동방송,합정동,1,0
2025-04-07,18:00,20:00,100,구로,백미당 현대백화점 디큐브시티 앞,신도림동,0,0
2025-04-08,09:00,18:00,100,서초,정곡빌딩 남관,서초동,0,0
2025-04-08,20:00,22:00,1000,용산,이태원역 3出 → 볼보빌딩,한남동 등,1,0
2025-04-09,08:00,16:00,100,용산,용산역 광장 100명,한강로3가,0,0
2025-04-09,12:00,13:00,300,종로,경복궁 주유소 좌·우측 300명,중학동,0,0
2025-04-09,19:00,20:00,100,남대문,연세 세브란스빌딩 앞 100명,남대문로5가,0,0
2025-04-09,19:00,20:00,500,구로,평강제일교회 정문 좌우측 500명,오류동,0,0
2025-04-10,10:00,11:00,500,구로,평강제일교회 앞 500명,오류동,0,0
2025-04-10,13:00,16:00,300,남대문,한전 경기본부 300명,남산동3가,0,0
2025-04-10,18:30,21:00,200,남대문,세종호텔 → 베를린광장 200명,명동 등,1,0
2025-04-10,19:00,20:30,400,마포,LG헬로비전 본사 400명,상암동,0,0
2025-04-10,20:00,22:00,1000,용산,"이태원역 3出 → 루터교회 1,000명",한남동 등,1,0
2025-04-11,18:00,21:00,200,종로,이태원역 3出 → 볼보빌딩,경운동,1,0
2025-04-11,19:30,22:00,10000,종로,적선R~광화문R 인도,사직로,0,0
2025-04-12,13:00,19:00,30000,종로|남대문,"동화면세점~대한문 양방 전차로 30,000명",세종대로,0,1
2025-04-12,13:30,16:00,5000,종로,"안국~동심자 → 숭례문 5,000명",사직로 등,1,0
2025-04-12,14:00,20:00,5000,서초,"교대역 8출 ⇄ 강남역 8출 5,000명",서초대로 등,0,0
2025-04-12,14:00,18:00,10000,종로,"적선R~광화문R 편도 전차로 10,000명",사직로 등,0,1
2025-04-12,16:00,18:00,10000,종로|남대문,"시청역 7출~숭례문R → 춘추문 10,000명",세종대로,1,0
2025-04-13,11:00,13:30,10000,종로|남대문,"동화면세점~코리아나호텔 앞 전차로 10,000명",세종대로,0,1
2025-04-13,14:00,17:00,5000,종로,"교보빌딩 ⇄ 효령빌딩 5,000명",세종대로 등,0,0
2025-04-14,09:00,,3000,서초,"정곡빌딩 북관 3,000명",서초동,0,0
2025-04-14,09:30,11:00,500,구로,평강제일교회 앞 500명,오류동,0,0
2025-04-14,14:00,15:30,200,종로,청진공원 앞 200명,청진동,0,0
2025-04-15,14:00,15:30,500,영등포,여의도 국민은행 서관 앞 500명,여의도,0,0
2025-04-15,15:00,17:30,1000,방배,"반포124주구 공사현장 ⇄ 고속터미널R 1,000명",반포동,0,0
2025-04-15,20:00,21:30,1500,마포,"합정역 3出 → 홍대입구역 4出 1,500명",,1,0
2025-04-16,11:30,12:30,3000,남대문,기업은행 본점 앞,을지로,0,0
2025-04-16,12:00,13:00,300,종로,경복궁 주유소 좌·우측 인도 및 1개 차로,중학동,0,1
2025-04-16,14:00,15:00,100,영등포,대하빌딩 앞,여의도동,0,0
2025-04-16,14:00,16:00,150,남대문,한화 본사 앞,장교동,0,0
2025-04-16,14:00,17:00,1000,영등포,국회의사당역 4번 출구 앞 하위 3개 차로,여의도동,0,1
2025-04-16,16:16,17:15,30,남대문,서울시의회 본관 앞 인도,태평로1가,0,0
2025-04-16,18:00,19:00,200,남대문,서울시의회 본관 앞 인도,태평로1가,0,0
2025-04-17,10:00,11:00,500,구로,평강제일교회 앞,오류동,0,0
2025-04-17,19:00,21:30,500,남대문,한화본사 → 세종호텔,장교동 등,1,0
2025-04-17,20:00,21:30,5000,광진|성동,뚝섬역 5出 → 건대입구역 6出,성수동 등,1,0
2025-04-18,10:00,14:00,1000,영등포,"페어몬트 호텔 앞 1,000명",여의도,0,0
2025-04-18,11:30,13:30,300,용산,삼각지역5出 → 이촌역 4出 300명,한강대로,1,0
2025-04-18,12:30,15:00,200,마포,망원역 1出 → 홍대 상상마당 200명,망원동 등,1,0
2025-04-18,18:00,21:00,200,종로,노인복지센터 → 광화문역 4出 200명,경운동 등,1,0
2025-04-19,13:00,19:00,100000,종로|남대문,"동화면세점~대한문 100,000명",신문로1가,0,0
2025-04-19,14:00,19:30,5000,서초,"교대역 8出 ⇄ 강남역 9出 5,000명",서초대로,0,0
2025-04-19,14:00,17:00,2000,영등포,"여의도 산업은행 측면 2,000명",여의도동,0,0
2025-04-19,15:00,16:00,5000,서초|강남,"신사역 4出 → 강남역 9出 5,000명",강남대로,1,0
2025-04-19,15:30,17:00,2000,종로|중부,"명동역 1出 → 동십자R 2,000명",명동 등,1,0
2025-04-19,15:00,18:00,10000,종로|남대문,"태평R~숭례문R ⇄ 한은R 10,000명",,1,0
2025-04-19,17:30,20:30,100000,남대문,"100,000명",사직로 등,0,0
2025-04-20,11:00,13:30,10000,종로|남대문,"동화면세점~코리아나호텔 앞 10,000명",세종대로,0,0
2025-04-20,12:00,19:00,3000,혜화,"마로니에공원 앞 3,000명",동숭동 등,0,0
2025-04-20,14:00,16:30,10000,남대문,"시청역 8出~숭례문R 10,000명",태평로 1가 등,0,0
2025-04-20,15:30,17:00,500,영등포,여의도 국민은행 서관 500명,여의도동,0,0
2025-04-21,09:00,15:00,500,강서,대방건설 ⇄ 수명파크 2단지 500명,마곡동,0,0
2025-04-21,09:30,11:00,500,구로,평강 제일교회 앞 500명,오류동,0,0
2025-04-21,13:00,16:00,1000,영등포,"의사당역 3出~삼희빌딩 1,000명",여의도동,0,0
2025-04-22,20:00,22:00,5000,관악|동작,사당역 7出 → 서울대입구역 8出,남부순환로 등,1,0
2025-04-23,12:00,13:00,300,종로,경복궁 주유소 좌·우측 인도 및 1개 차로,중학동,0,1
2025-04-23,13:00,13:50,5000,남대문,서울고용청 앞,장교동,0,0
2025-04-23,14:00,15:30,2000,종로|중부,서울고용청 앞 → 광화문R 북측,장교동 등,1,0
2025-04-23,16:00,19:00,200,남대문|서대문,서대문구청 앞,연희동,0,0
2025-04-23,17:30,19:00,100,종로,서울시교육청 앞,신문로2가,0,0
2025-04-23,19:00,20:00,200,종로,보신각 앞 인도,관철동,0,0
2025-04-23,19:00,20:00,1000,서초,교대역 6出 앞 2개 차로,서초동,0,1
2025-04-23,19:30,20:30,80,서초,고속터미널역 1出 앞 인도 및 1개 차로 → 반포동 OSB저축은행,반포동 등,1,1
2025-04-24,07:00,19:00,300,종로,감사원 정문 앞,삼청동,0,0
2025-04-24,11:00,20:00,50,영등포,국민의힘 당사 앞,여의도동,0,0
2025-04-24,13:00,16:00,100,영등포,국민의힘 당사 앞,여의도동,0,0
2025-04-24,13:00,16:00,200,송파|강동,천호역 3出 → 강동구청,풍납동 등,1,0
2025-04-24,13:00,19:00,300,종로,채널A 앞 인도,서린동,0,0
2025-04-24,14:00,17:30,300,방배,반포124주구 1-3G 앞,반포동,0,0
2025-04-24,18:30,21:00,200,남대문,세종호텔 → 베를린광장,명동 등,1,0
2025-04-25,11:30,13:30,300,용산,삼각지역 5出 → 이촌역 4出 300명,한강대로 등,1,0
2025-04-25,13:00,19:00,300,종로,동아일보 남측 인도 300명,서린동,0,0
2025-04-26,13:00,19:00,100000,종로|남대문,"동화면세점~대한문 편도 全차로 100,000명",세종대로,0,1
2025-04-26,13:00,17:00,7000,용산,"전쟁기념관 북문 앞 7,000명",한강대로,0,0
2025-04-26,14:00,17:00,2000,영등포,"산업은행 측면 편도 全차로 2,000명",여의도,0,1
2025-04-26,14:00,20:00,5000,서초,"교대역 8出 ⇄ 서초역 5,000명",서초동 등,0,0
2025-04-26,16:00,19:30,5000,서초,"대검찰청 → OSB 은행 5,000명",서초동 등,1,0
2025-04-27,11:00,13:30,90000,종로|남대문,"동화면세점~코리아나호텔 90,000명",세종대로,0,0
2025-04-27,14:00,16:30,500,종로|남대문,교보빌딩 남측 → 효령빌딩 500명,세종대로 등,1,0
2025-04-27,14:00,17:00,500,종로|남대문,보신각 → 서울고용청 500명,관철동 등,1,0
2025-04-28,10:30,11:00,500,구로,평강제일교회 앞 500명,오류동,0,0
2025-04-28,17:00,18:30,400,구로,구로구청 앞 400명,구로동,0,0
2025-04-29,14:00,16:30,600,송파,몽촌토성역 1出 → 쿠팡본사 600명,신천동,1,0
2025-04-29,16:00,21:00,1000,강남,"조선팰리스 호텔 앞 1,000명",역삼동,0,0
2025-04-29,19:30,21:00,300,서초,교대역 8出 → 교대역 12出 300명,서초동,1,0
2025-04-30,10:00,11:00,250,남대문,중앙우체국 ⇄ 명동역 250명,명동 등,0,0
2025-04-30,13:00,17:00,100,종로|남대문|중부|서대문,금산빌딩 → 시청동편 100명,여의도 등,1,0
2025-04-30,13:00,17:00,30000,종로|남대문|영등포|마포|혜화,"동화면세점 ⇄ 을1R 30,000명",세종대로,0,0
2025-04-30,15:30,16:30,200,종로|혜화,종로3가역 ⇄ 종묘공원 200명,종로3가,0,0
2025-04-30,17:00,18:30,200,남대문,시청동편 → 한화 본사 200명,태평로 1가 등,1,0
2025-04-30,14:00,17:00,1000,영등포,국회의사당역 4번 출구 앞 하위 3개 차로,여의도동,0,1
2025-04-30,16:16,17:15,30,남대문,서울시의회 본관 앞 인도,태평로1가,0,0
2025-04-30,18:00,19:00,200,남대문,서울시의회 본관 앞 인도,태평로1가,0,0
2025-04-30,19:00,21:00,300,서초,교대역 8出 ⇄ 교대역 12出 300명,서초동,0,0
2025-05-01,10:00,,200,서초,SSI 아트센터 앞 인도 및 1개 차로 未定,반포대로,0,1
2025-05-01,10:00,12:00,700,종로|혜화,로얄빌딩 → 마로니에공원,당주동 등,1,0
2025-05-01,11:30,13:00,1000,남대문,회현역 7出 → 시청R,회현동 등,1,0
2025-05-01,12:30,14:30,5000,종로|남대문,서린R → 숭례문R,서린동 등,1,0
2025-05-01,12:30,14:30,2500,남대문,을지로입구 → 숭례문R,을지로1가 등,1,0
2025-05-01,13:00,14:30,3000,종로|남대문,舊)삼성본관 ⇌ 종1R,태평로2가 등,0,0
2025-05-01,13:00,14:30,5000,남대문|용산,서울역 12出 → 숭례문R,동자동 등,1,0
2025-05-01,13:00,14:30,200,남대문,모전교 → 숭례문R,무교동 등,1,0
2025-05-01,13:00,15:30,1000,남대문|중부,명동성당 앞 → 숭례문R,명동 등,1,0
2025-05-01,13:00,17:00,30000,종로|남대문|혜화,동화면세점 앞 ⇌ 을지로1R,세종대로,0,0
2025-05-01,14:00,,5000,서초,중앙지검 서문 좌측 인도 및 2개 차로 未定,반포대로,0,1
2025-05-01,14:00,15:30,30000,종로,동십자R~적선R,적선동,0,0
2025-05-01,14:30,17:30,20000,종로|남대문,태평R~숭례문R → 광화문R,태평로2가 등,1,0
2025-05-01,20:00,21:30,1000,중부|영등포,여의도공원 10門 → 산업은행 정문,여의도동,1,0
2025-05-02,11:30,13:30,300,용산,삼각지역 5出 → 이촌역 4出 300명,한강로 1가 등,1,0
2025-05-02,13:00,17:00,600,혜화,혜화동성당 ⇄ 혜화R 600명,동숭동 등,0,0
2025-05-02,13:00,17:00,30000,종로|남대문,"동화면세점 ⇄ 을1R 30,000명",세종대로,0,0
2025-05-02,19:00,21:00,300,서초,교대역 8出 ⇄ 교대역 12出 300명,서초동,0,0
2025-05-03,13:00,19:00,100000,종로|남대문,"동화면세점~대한문 편도 全차로 100,000명",신문로 1가,0,1
2025-05-03,14:00,15:30,500,종로|중부,SK서린빌딩 → 동십자R 500명,서린동 등,1,0
2025-05-03,14:00,20:00,5000,남대문|서초,"교대역 8出 ⇄ 서초역 5,000명",,1,0
2025-05-03,16:00,19:30,5000,서초,"5,000명",반포대로 등,0,0
2025-05-04,11:00,13:30,90000,종로|남대문,"동화면세점~코리아나호텔 편도 全차로 90,000명",세종대로,0,1
2025-05-04,12:00,16:00,300,남대문,서울역 광장 → 중앙우체국 300명,봉래동,1,0
2025-05-04,19:30,21:00,500,서초,교대역 8出 ⇄ 남부터미널역 1出 500명,서초동 등,0,0
2025-05-05,10:00,12:00,100,남대문|용산,용산가족공원 → 시청역 5出 100명,용산동 등,1,0
2025-05-05,13:00,17:00,100000,종로|남대문,"동화면세점 ⇄ 을1R 100,000명",세종대로,0,0
2025-05-05,19:30,21:00,500,서초,교대역 8出 ⇄ 남부터미널역 1出 500명,서초동 등,0,0
2025-05-06,13:00,15:00,300,남대문,배제어린이공원 300명,정동,0,0
2025-05-06,13:00,17:00,100000,종로|남대문,"동화면세점 ⇄ 을1R 100,000명",세종대로,0,0
2025-05-06,14:00,16:00,5000,마포,"합정역 4出 → 홍대입구역 4出 5,000명",양화로 등,1,0
2025-05-06,19:30,21:00,500,서초,교대역 8出 ⇄ 남부터미널역 1出 500명,서초동 등,0,0
2025-05-07,12:00,13:00,300,종로,경복궁 주유소 좌우측 300명,중학동,0,0
2025-05-07,13:00,17:00,100000,종로|남대문,"동화면세점 ⇄을1R 100,000명",세종대로,0,0
2025-05-07,19:00,21:00,1000,서초,"교대역 11出 ⇄ 서초역 8出 1,000명",서초동 등,0,0
2025-05-07,19:30,21:00,500,서초,교대역 8出 ⇄ 남부터미널역 1出 500명,서초동 등,0,0
2025-05-08,10:00,11:00,500,구로,평강제일교회 앞 500명,오류동,0,0
2025-05-08,09:30,15:00,100,남대문|중부|서대문,세종호텔 → 국회의사당 100명,명동 등,1,0
2025-05-08,14:00,16:00,1000,종로|남대문|영등포|마포,"중앙우체국 → 교보빌딩 1,000명",명동 등,1,0
2025-05-09,11:30,13:30,260,용산,삼각지역 5出 → 이촌역 4出 260명,한강로1가 등,1,0
2025-05-09,14:00,17:00,30000,종로,"동화면세점 앞 인도 30,000명",세종대로,0,0
2025-05-09,18:00,21:00,4000,종로,"고궁박물관 남측 인도 4,000명",효자로,0,0
2025-05-09,19:00,20:30,50000,종로,"고궁박물관 서측 편도 全차로 50,000명",효자로,0,1
2025-05-09,19:00,22:30,700,남대문|중부,한화본사 ⇄ 세종호텔 700명,장교동 등,0,0
2025-05-09,22:30,,700,남대문,한화본사 앞 翌 700명,장교동,0,0
2025-05-10,00:00,10:00,500,남대문,한화본사 앞 500명,장교동,0,0
2025-05-10,09:00,,200,종로|영등포|동작|금천,석수역 1出 → 경복궁역 6出 / 미정 남태령 → 동십자R 200명,시흥대로 등,1,0
2025-05-10,13:00,19:00,100000,종로|남대문|방배,"동화면세점~대한문 양방 全차로 100,000명",세종대로,0,1
2025-05-10,14:00,16:30,3000,종로|남대문,"전쟁기념관 → 동십자R 3,000명",한강대로 등,1,0
2025-05-10,14:00,17:00,500,용산|강남|수서,파고다타워 ⇄ 신논현역 500명,강남대로 등,0,0
2025-05-10,14:00,17:00,20000,영등포,"여의대로 → 의사당역 20,000명",여의도,1,0
2025-05-10,15:30,17:00,2000,종로|중부,"명동역 1出 → 동십자R 2,000명",신문로2가,1,0
2025-05-10,16:00,19:30,5000,남대문|서초,"서초역 2出 → 미정 5,000명",서초대로 등,1,0
2025-05-10,17:00,20:00,10000,종로|남대문,"동십자R → 한은R 10,000명",사직로 등,1,0
2025-05-11,11:00,13:30,90000,종로|남대문,"동화면세점~시의회 편도 全차로 90,000명",세종대로,0,1
2025-05-11,13:00,16:30,5000,종로|남대문,"서울역 4出 → 타워8빌딩 5,000명",남대문로5가 등,1,0
2025-05-11,14:00,16:30,500,종로|남대문,교보빌딩 → 효령빌딩 500명,세종대로 등,1,0
2025-05-11,14:00,16:00,5000,마포,"상암사거리 → MBC 거인동상 5,000명",상암동 등,1,0
2025-05-11,14:30,16:30,200,종로|남대문,광화문 비각 → 명동역 7出 200명,세종대로 등,1,0
2025-05-12,09:00,,200,서초,정곡빌딩 남관 미정 200명,서초동,0,0
2025-05-12,12:00,15:30,500,남대문,서울역 광장 500명,봉래동,0,0
2025-05-12,14:00,17:00,30000,종로,"동화면세점 앞 30,000명",세종대로,0,0
2025-05-13,09:00,09:30,100,혜화,헤화역 2出 → 서울대병원 후문 앞 인도,동숭동,1,0
2025-05-13,10:00,13:00,50,수서,개원초등학교 앞 인도,개포동,0,0
2025-05-13,11:00,18:00,50,영등포,국민의힘 당사 앞,여의도동,0,0
2025-05-13,12:00,13:00,2000,영등포,이룸센터 앞,여의도동,0,0
2025-05-13,13:00,16:00,50,수서,삼성역 1出 · 2出 그랜드힐컨벤션 앞 인도,개포동,0,0
2025-05-13,14:00,16:00,300,영등포,국민의힘 당사 앞,여의도동,0,0
2025-05-13,14:00,17:00,30000,종로,동화면세점 앞,세종로,0,0
2025-05-13,15:00,19:00,20,용산,전쟁기념관 앞 인도,용산동1가,0,0
2025-05-13,18:00,19:30,200,종로,청진공원 앞,청진동,0,0
2025-05-13,19:00,20:30,200,남대문,서울시의회 본관 앞,태평로1가,0,0
2025-05-14,10:00,12:00,299,남대문,덕수궁 돌담길 299명,정동,0,0
2025-05-14,12:00,13:00,300,종로,경복궁 주유소 좌우측 300명,중학동,0,0
2025-05-14,19:00,21:00,1000,서초,"교대역 11出 ⇄ 서초역 8出 1,000명",서초대로,0,0
2025-05-15,08:00,11:30,100,종로|혜화,이문동성당 → 광화문광장 남측 100명,세종대로 등,1,0
2025-05-15,10:00,11:00,500,동대문|구로,평강제일교회 앞 500명,오류동,0,0
2025-05-15,17:00,19:00,1000,종로,"서울시교육청 앞 1,000명",신문로2가,0,0
2025-05-15,20:00,21:00,100,남대문,세종호텔 → 한화본사 100명,장교동 등,1,0
2025-05-16,08:30,11:30,70,양천,서울남부지검 앞 70명,신정동,0,0
2025-05-16,11:30,13:30,260,용산,삼각지역 5出 → 이촌역 4出 260명,한강로1가 등,1,0
2025-05-16,14:00,18:00,300,영등포,문래동 홈플러스 앞 300명,영등포동,0,0
2025-05-16,19:00,21:00,200,종로,교보빌딩 → 소녀상 200명,세종대로 등,1,0
2025-05-17,09:30,11:00,1000,구로,평강제일교회 앞,오류동,0,0
2025-05-17,09:30,11:00,50,구로,평강제일교회 앞 제일빌딩 주차장,오류동,0,0
2025-05-17,11:00,13:30,100000,종로|남대문,동화면세점~코리아나호텔 앞 편도 全차로,세종대로,0,1
2025-05-17,10:00,20:00,500,마포,YTN 정문 앞 인도 및 1개 차로,상암동,0,1
2025-05-17,14:00,16:00,500,종로|중부,교보빌딩 남측 인도 → 효령빌딩,세종대로 등,1,0
2025-05-17,17:00,22:00,1000,남대문|마포,SBS 정문 좌측 인도 및 1개 차로,상암동,0,1
2025-05-18,09:30,11:00,1000,구로,평강제일교회 앞,오류동,0,0
2025-05-18,09:30,11:00,50,구로,평강제일교회 앞 제일빌딩 주차장,오류동,0,0
2025-05-18,11:00,13:30,100000,종로|남대문,동화면세점~코리아나호텔 앞 편도 全차로,세종대로,0,1
2025-05-18,10:00,20:00,500,마포,YTN 정문 앞 인도 및 1개 차로,상암동,0,1
2025-05-18,14:00,16:00,500,종로|중부,교보빌딩 남측 인도 → 효령빌딩,세종대로 등,1,0
2025-05-18,17:00,22:00,1000,남대문|마포,SBS 정문 좌측 인도 및 1개 차로,상암동,0,1
2025-05-19,08:00,16:00,690,남대문,단암빌딩 앞,남대문로5가,0,0
2025-05-19,09:00,09:30,100,혜화,혜화역 2出 → 서울대병원 후문 앞 인도,동숭동,1,0
2025-05-19,11:00,12:00,200,구로,G타워 앞,구로동,0,0
2025-05-19,12:30,13:30,5000,영등포,삼희빌딩 앞,여의도동,0,0
2025-05-19,13:30,13:50,1500,영등포,여의도공원 5門 앞 → 삼희빌딩,여의도동,1,0
2025-05-19,14:00,15:30,5000,영등포,삼희빌딩 앞,여의도동,0,0
2025-05-19,15:30,16:30,1000,혜화,한국 기독교회관 정문 앞,연지동,0,0
2025-05-20,09:30,11:00,50,중부,신평화상가 4G → 1G 50명,신당동,1,0
2025-05-20,10:00,13:00,100,강남,강남구청 앞 인도 100명,삼성동,0,0
2025-05-20,11:00,11:30,150,종로,보신각·종로빌딩·종로3가역 150명,관철동 등,0,0
2025-05-20,11:00,12:00,50,구로,구로지플러스타워 → 코오롱싸이언밸리 50명,구로동,1,0
2025-05-20,15:00,17:00,100,용산,이태원로27라길 2-4 100명,이태원동,0,0
2025-05-20,18:00,19:30,200,종로,청진공원 앞 200명,청진동,0,0
2025-05-21,10:00,13:00,100,강남,강남구청 앞 인도 100명,삼성동,0,0
2025-05-21,12:00,13:00,300,종로,경복궁 주유소 300명,중학동,0,0
2025-05-21,14:00,17:00,200,중부,남산스퀘어 200명,충무로3가,0,0
2025-05-21,19:00,20:00,500,구로,평강제일교회 앞 500명,오류동,0,0
2025-05-21,19:00,20:00,100,남대문,연세세브란스 빌딩 앞 100명,남대문로 5가,0,0
2025-05-21,19:00,21:00,1000,서초,"교대역 ⇄ 정곡빌딩 1,000명",서초대로,0,0
2025-05-22,10:00,11:00,500,구로,평강제일교회 500명,오류동,0,0
2025-05-22,11:00,12:00,70,종암,길음역 10出 → 휘닉스 모텔 70명,하월곡동 등,1,0
2025-05-22,11:00,11:40,65,종로,광화문광장 남측 ⇄ 광화문역 65명,세종대로,0,0
2025-05-22,11:00,15:00,100,강남,강남구청 앞 100명,삼성동,0,0
2025-05-22,13:00,16:00,300,종로|남대문,보신각 ⇄ 시청역 4出 300명,관철동 등,0,0
2025-05-22,16:00,18:00,150,성동,서울교통공사 정문 앞 150명,용답동,0,0
2025-05-23,11:30,13:30,260,용산,삼각지역 5出 → 이촌역 4出 260명,한강로1가 등,1,0
2025-05-23,13:30,14:00,50,용산,이슬람 성원 ⇄ 용산소방서 119센터 50명,이태원동,0,0
2025-05-23,14:00,22:00,1000,영등포,"KBS 본관 앞 1,000명",여의도,0,0
2025-05-23,14:00,16:30,500,종로|남대문,서울중앙우체국 → 교보빌딩 500명,명동 등,1,0
2025-05-23,19:00,,100,,세종호텔 앞 100명 집회,명동,0,0
2025-05-23,21:00,22:30,500,남대문|중부,세종호텔 ⇄ 한화본사 500명,명동 등,0,0
2025-05-24,13:00,16:00,20000,남대문,"코리아나호텔~대한문 편도 全차로 20,000명",태평로 1가,0,1
2025-05-24,14:00,16:30,500,강남|수서,파고다 타워 앞 ⇄ 신논현역 500명,강남대로,0,0
2025-05-24,14:00,16:40,3000,종로|남대문,"고궁박물관 → 한빛광장 3,000명",효자동 등,1,0
2025-05-24,14:00,20:00,5000,서초,"중앙지검 → OSB 은행 5,000명",반포대로 등,1,0
2025-05-24,16:00,19:30,50000,서초|강남,"교대역 9出 → 신논현역 50,000명",서초동,1,0
2025-05-24,17:00,21:00,240,마포,신촌역 7出 → 홍대입구역 3出 240명,양화로 등,1,0
2025-05-24,17:30,19:00,100,종로|남대문,프란치스코 교육회관 → 배재학당 100명,정동 등,1,0
2025-05-25,09:00,18:00,1000,구로,"평강제일교회 앞 1,000명",오류동,0,0
2025-05-25,11:00,13:30,90000,종로|남대문,"동화면세점~시의회 편도 全차로 90,000명",신문로1가,0,1
2025-05-25,13:00,18:00,1800,남대문,"정동분수대~덕수궁 돌담길 1,800명",정동,0,0
2025-05-25,14:00,16:30,500,종로|남대문,교보빌딩 → 효령빌딩 500명,세종대로 등,1,0
2025-05-25,14:00,17:00,2000,종로,"서울경찰청 북측 2,000명",사직로,0,0
2025-05-26,09:00,18:00,200,서초,정곡빌딩 북관 앞 200명,서초동,0,0
2025-05-26,10:00,11:30,500,광진,동서울 우편집중국 앞 500명,자양동,0,0
2025-05-26,10:00,11:00,500,구로,평강제일교회 앞 500명,오류동,0,0
2025-05-26,11:00,12:00,1000,남대문,"우리은행 본점 앞 1,000명",회현동,0,0
2025-05-26,15:00,17:30,2000,송파,"서울교통회관 앞 2,000명",신천동,0,0
2025-05-26,18:00,20:00,100,구로,현대백화첨 디큐브 시티 앞 100명,신도림동,0,0
2025-05-27,10:00,22:00,1000,마포,"MBC 2G 좌측 인도 1,000명",상암동,0,0
2025-05-27,13:00,16:00,500,영등포,의사당역 4出 ⇄ 삼희R 500명,여의도,0,0
2025-05-27,17:00,21:00,100,남대문,중앙우체국 ⇄ 명동예술극장 100명,충무로1가,0,0
2025-05-27,17:00,22:00,500,마포,MBC 2G 우측 인도 500명,상암동,0,0
2025-05-27,18:00,19:30,200,종로,청진공원 앞 200명,청진동,0,0
2025-05-28,08:00,22:00,100,강남,현대모비스 앞 100명,역삼동,0,0
2025-05-28,10:00,15:00,200,용산,용산역 잔디광장 200명,한강로3가,0,0
2025-05-28,12:00,13:00,300,종로,경복궁 주유소 좌·우측 300명,수송동,0,0
2025-05-28,14:00,15:00,200,영등포,유진그룹 앞 200명,여의도,0,0
2025-05-28,14:00,16:00,99,서초|강남,영풍빌딩 → 강남빌딩 99명,서초동,1,0
2025-05-28,19:00,21:00,1000,서초,"교대역 11出 ⇄ 정곡빌딩 남관 1,000명",서초대로,0,0
2025-05-28,19:30,21:30,100,서초|강남,DS빌딩 ⇄ 신논현역 5出 100명,강남대로,0,0
2025-05-29,10:00,14:00,350,남대문,시청 동편 350명,태평로1가,0,0
2025-05-29,10:30,12:00,300,성동,서울교통공사 정문 300명,용답동,0,0
2025-05-29,11:00,13:00,1000,강동,"강동경찰서 앞 1,000명",성내동,0,0
2025-05-29,14:00,16:00,500,서대문,국민연금공단 서울북부지역본부 앞 500명,충정로,0,0
2025-05-29,14:30,15:30,800,종로,정부서울청사 북측 800명,적선동,0,0
2025-05-29,19:00,20:00,500,영등포,용산빌딩 앞 500명,여의도,0,0
2025-05-29,19:30,22:00,500,남대문|중부|서대문,①충정로역 4出 → 을지로2R ②동대문역사문화공원 → 을지로 2R 各500명,중림동 등,1,0
2025-05-30,11:00,15:00,100,영등포,한국거래소 / 민주당사 앞 100명,여의도,0,0
2025-05-30,11:30,13:30,200,용산,삼각지역 5出 → 이촌역 4出 200명,한강로1가 등,1,0
2025-05-30,12:30,14:30,500,영등포,국회의사당역 4出 ⇄ 복음로 500명,여의도,0,0
2025-05-30,14:00,16:00,500,종로,광화문 비각 앞 500명,세종대로,0,0
2025-05-30,14:00,22:00,400,마포,홍대입구역 7出 400명,동교동,0,0
2025-05-30,19:00,22:30,150,종로|남대문,보신각 → 종로1R 150명,종로 등,1,0
2025-05-31,13:30,14:20,200,종로|중부,고용노동청 → 보신각 200명,관철동 등,1,0
2025-05-31,13:00,16:00,20000,남대문,"시청역 8出~舊삼성본관 20,000명",태평로1가,0,0
2025-05-31,13:30,16:00,250,마포,홍대입구역 4出 → 홍대입구역 3出 250명,양화로 등,1,0
2025-05-31,13:00,18:00,100000,종로|남대문,"동화면세점~대한문 편도 全차로 100,000명",세종대로,0,1
2025-05-31,14:00,20:00,5000,서초|강남,"중앙지검 → OSB 은행 5,000명",반포대로 등,1,0
2025-05-31,15:00,16:00,1000,종로,"보신각 앞 1,000명",관철동,0,0
2025-05-31,16:00,19:30,50000,서초|강남,"교대역 → 신논현역 50,000명",서초동,1,0
2025-05-31,17:00,21:00,250,마포,신촌역 7出 → 홍대입구역 3出 250명,양화로 등,1,0
2025-06-01,11:00,13:30,90000,종로|남대문,"동화면세점~시의회 편도 全차로 90,000명",세종대로,0,1
2025-06-01,13:00,16:00,200,종로,탑골공원 → 포시즌스 호텔 200명,종로2가 등,1,0
2025-06-01,14:00,16:30,500,종로|중부,보신각 → 인권위 500명,관철동 등,1,0
2025-06-01,14:00,16:30,500,종로|남대문,교보빌딩 → 효령빌딩 500명,세종대로 등,1,0
2025-06-01,23:00,,250,마포,마포자원회수시설 앞 翌03:00 250명,상암동,0,0
2025-06-02,07:00,18:00,20,영등포,대산빌딩 앞 이면도로,여의도동,0,0
2025-06-02,09:00,09:30,100,혜화,혜화역 2出 → 서울대병원 후문 앞 인도,동숭동,1,0
2025-06-02,09:00,17:00,100,강남,현대모비스 앞,역삼동,0,0
2025-06-02,13:00,14:00,50,강남,MG손해보험 본사 앞,역삼동,0,0
2025-06-02,14:00,16:00,1000,남대문,우리은행 앞,회현동,0,0
2025-06-02,14:00,17:00,100,중랑,중랑구청 앞 인도 → 중랑구 선거관리위원회,신내동 등,1,0
2025-06-02,14:00,17:00,1000,강남,국민연금공단 남부지역본부 → 신사역R,신사동 등,1,0
2025-06-02,15:00,16:00,50,강남,새마을금고 중앙회 앞,역삼동,0,0
2025-06-02,18:00,20:00,100,구로,현대백화점 디큐브시티 앞,신도림동,0,0
2025-06-03,19:00,,10000,종로,"동화면세점 앞 10,000명",신문로1가,0,0
2025-06-03,19:00,,5000,남대문,"청계남로~모전교 5,000명",무교동,0,0
2025-06-03,20:00,,10000,종로,"고궁박물관 남측 편도 全차로 10,000명",사직로,0,1
2025-06-04,09:00,12:00,200,종로,그랑서울빌딩 서측 앞 200명,청진동,0,0
2025-06-04,10:00,13:00,300,강남,벤쳐캐슬빌딩 앞 300명,논현동,0,0
2025-06-04,10:00,15:00,100,마포,드림타워 앞 100명,상암동,0,0
2025-06-04,14:00,16:00,500,종로|남대문,중앙우체국 → 교보빌딩 500명,명동 등,1,0
2025-06-04,12:00,13:00,300,종로,경복궁 주유소 좌우측 300명,수송동,0,0
2025-06-04,19:00,21:00,200,종로,연합뉴스 앞 200명,수송동,0,0
2025-06-05,08:00,18:00,100,강남,현대모비스 앞 100명,역삼동,0,0
2025-06-05,08:00,17:00,100,강남,딜라이브 본사 앞 100명,삼성동,0,0
2025-06-05,09:00,11:00,70,성북|종암,성북구청 / 길음역 10出 → 휘닉스모텔 70명,하월곡동,1,0
2025-06-05,14:00,16:00,100,송파,송파구청 ⇄ 국민연금공단 송파지사 100명,신천동 등,0,0
2025-06-05,19:00,22:00,500,남대문,한화본사 → 세종호텔 500명,장교동 등,1,0
2025-06-06,15:00,17:00,500,용산,KDB타워 → 전쟁기념관 500명,동자동 등,1,0
2025-06-07,11:00,12:30,100,남대문,명동예술극장 ⇄ 중앙우체국 100명,이태원동 등,0,0
2025-06-07,13:00,14:00,100,용산,이태원광장 ⇄ 쿼논길 100명,이태원동 등,0,0
2025-06-07,13:00,16:00,10000,종로,"동화면세점 앞 인도 10,000명",신문로1가,0,0
2025-06-07,14:00,20:00,5000,서초,"중앙지검 서문 → OSB은행 5,000명",반포대로 등,1,0
2025-06-07,17:00,20:00,50000,서초|강남,"교대역 9出 → 신논현역 5出 50,000명",서초동,1,0
2025-06-08,09:30,11:00,1000,구로,"평강제일교회 앞 1,000명",오류동,0,0
2025-06-08,11:00,13:30,90000,종로|남대문,"동화면세점~시의회 편도 全차로 90,000명",신문로1가,0,1
2025-06-08,14:00,16:30,500,종로|남대문,교보빌딩 남측 → 효령빌딩 500명,세종대로 등,1,0
2025-06-08,12:50,16:10,100,중부,DDP서측 앞 100명,을자로6가,0,0
2025-06-09,09:00,,200,서초,정곡빌딩 북관 앞 200명,서초동,0,0
2025-06-09,10:00,11:00,500,구로,평강제일교회 앞 500명,오류동,0,0
2025-06-09,10:00,15:00,100,마포,드림타워 앞 100명,상암동,0,0
2025-06-09,11:00,11:30,500,용산,전쟁기념관 앞 500명,용산동,0,0
2025-06-09,14:00,,2000,서초,"정곡빌딩 남관 앞 2,000명",서초동,0,0
2025-06-09,14:00,15:00,300,영등포,영등포 경찰서 앞 300명,국회대로,0,0
2025-06-10,08:00,22:00,100,서초,서희건설 본사 앞 100명,서초동,0,0
2025-06-10,10:00,10:30,500,용산,전쟁기념관 앞 500명,용산동 1가,0,0
2025-06-10,10:30,12:30,150,서초,SPC 앞 150명,양재동,0,0
2025-06-10,18:00,19:30,200,종로,청진공원 앞 200명,청진동,0,0
2025-06-10,18:00,20:30,100,마포,문화광장 거인동상 앞 100명,상암동,0,0
2025-06-10,19:30,21:30,100,서초|강남,삼성 강남스토어 ⇄ 신논현역 5出 100명,강남대로,0,0
2025-06-11,10:00,11:00,100,용산,전쟁기념관 앞 100명,용산동1가,0,0
2025-06-11,12:00,13:00,300,종로,경복궁 주유소 좌우측 300명,중학동,0,0
2025-06-11,12:30,14:00,400,서초,자동차회관 앞 400명,서초동,0,0
2025-06-11,13:00,14:00,500,남대문,서울고용청 앞 500명,장교동,0,0
2025-06-11,14:00,15:00,10000,영등포,"샛강역 / LG트윈타워 → 의사당역 4出 10,000명",여의도,1,0
2025-06-12,10:00,11:00,500,용산,전쟁기념관 앞 500명,용산동,0,0
2025-06-12,11:00,12:00,70,종암,길음역 10出 → 휘닉스모텔 70명,하월곡동,1,0
2025-06-12,11:30,13:00,50,강남,역삼역 5出 ⇄ 신논현역 5出 50명,역삼동,0,0
2025-06-12,14:00,15:30,200,용산,전쟁기념관 앞 200명,용산동,0,0
2025-06-12,14:00,17:00,150,용산,이태원로 55길 앞 150명,한남동,0,0
2025-06-12,19:00,21:00,100,남대문,세종호텔 → 한화본사 100명,명동 등,1,0
2025-06-13,09:30,10:30,1000,송파,"가락시장 동문 앞 인도 1,000명",가락동,0,0
2025-06-13,11:00,12:00,200,영등포,유진빌딩 앞 200명,11:00~12:00,0,0
2025-06-13,13:00,16:00,3000,남대문,"시청서편 ⇄ 무교R 3,000명",태평로1가 등,0,0
2025-06-13,14:00,16:00,300,강남,SK쉴더스 앞 300명,삼성동,0,0
2025-06-13,15:30,17:30,250,중랑,신현중학교 → 망우역 광장 250명,상봉동 등,1,0
2025-06-13,18:30,20:30,200,혜화,마로니에 공원 앞 200명,동숭동,0,0
2025-06-13,18:30,21:30,500,남대문,세종호텔 → 한화빌딩 500명,명동 등,1,0
2025-06-13,18:30,22:00,100,남대문,중앙우체국 ⇄ 성모R 100명,명동 등,0,0
2025-06-14,13:00,15:00,2000,영등포,"트윈타워 앞 2,000명",여의도,0,0
2025-06-14,13:00,19:30,30000,종로|남대문|서대문,"대한문~코리아나호텔 진방 全차로 ⇄ 서대문R 30,000명",세종대로 등,0,1
2025-06-14,14:00,16:00,3000,종로,고궁박물관 서측 3000명,세종로,0,0
2025-06-14,14:00,15:30,300,종로,의정부터 → 종로3가 15出 300명,사직로 등,1,0
2025-06-14,14:00,19:00,30000,종로|중부,"종1~을1R 진방 全차로 ⇄ 회현R 30,000명",남대문로1가,0,1
2025-06-14,15:00,20:00,5000,남대문|서초,"중앙지검 서문 → OSB 은행 5,000명",반포대로 등,1,0
2025-06-14,16:30,17:30,500,용산,전쟁기념관 앞 500명,용산동,0,0
2025-06-14,17:00,20:00,10000,서초|강남,"교대역 9出 → 신논현역 5出 10,000명",서초동,1,0
2025-06-14,19:00,22:00,1000,마포,"합정역 4出 → 홍대입구역 4出 1,000명",양화로 등,1,0
2025-06-15,11:00,13:30,90000,,"동화면세점 앞 편도 全차로 90,000명 집 회",세종대로,0,1
2025-06-15,13:00,17:30,500,종로|남대문,송현공원 → 시청동편 500명,세종대로 등,1,0
2025-06-15,14:00,16:30,500,종로|남대문,교보빌딩 → 효령빌딩 500명,세종대로 등,1,0
2025-06-16,08:00,15:00,200,강남,강남구청 앞 200명,삼성동,0,0
2025-06-16,09:00,,200,서초,정곡빌딩 북관 앞 200명,서초동,0,0
2025-06-16,10:00,11:00,500,구로,평강제일교회 앞 500명,오류동,0,0
2025-06-16,14:00,22:00,100,남대문,롯데호텔 앞 100명,소공동,0,0
2025-06-16,18:00,20:00,100,구로,현대백화점 디큐브시티 앞 100명,신도림동,0,0
2025-06-17,08:20,08:50,70,종로,송현공원 남측 인도 70명,송현동,0,0
2025-06-17,09:00,09:30,100,혜화,혜화역 2出 → 서울대병원 후문 앞 인도 100명,동숭동,1,0
2025-06-17,09:30,10:30,300,수서,강남구의회 앞 인도 300명,대치동,0,0
2025-06-17,11:30,12:30,500,용산,전쟁기념관 앞 500명,용산동,0,0
2025-06-17,14:00,16:30,200,영등포,국민의힘 당사 앞 200명,여의도동,0,0
2025-06-17,17:00,20:00,30,종로,교보빌딩 정문 앞 인도 30명,세종대로,0,0
2025-06-17,18:00,19:00,200,종로,청진공원 앞 200명,청진동,0,0
2025-06-17,18:00,19:30,50,광진,건국대 상허문 앞 → 더클래식 500 50명,화양동 등,1,0
2025-06-17,19:00,22:00,1000,남대문,"중앙우체국 ⇆ 명동역 6出 1,000명",퇴계로 등,1,0
2025-06-18,08:00,13:00,150,영등포,KB국민은행 신관 ⇄ 국제금융로 150명,여의도,0,0
2025-06-18,10:00,13:30,100,강북,강북구청 ⇄ 수유3주민센터 100명,수유동,0,0
2025-06-18,12:00,13:00,300,종로,경복궁 주유소 좌우측 300명,중학동,0,0
2025-06-18,14:30,15:30,50000,종로|중부,"고궁박물관 남측 → 고용노동청 50,000명",효자로 등,1,0
2025-06-18,14:00,17:00,1000,남대문|강남,"국민연금공당 남부본부 ⇄ 신사역R 1,000명",논현동,0,0
2025-06-18,15:30,17:00,50000,남대문|중부,"서울고용청 앞 50,000명",장교동,0,0
2025-06-18,16:00,18:30,50,강남,현대백화점 ⇄ 봉은사역 50명,삼성동,0,0
2025-06-18,18:00,19:00,300,수서,오토웨이타워 앞 300명,대치동,0,0
2025-06-19,11:00,13:00,120,영등포,금감원 ⇄ 한투증권 120명,여의도,0,0
2025-06-19,13:30,16:00,500,종로,르메이에르빌딩 → 창성동 별관 500명,창성동 등,1,0
2025-06-19,14:00,15:00,100,남대문,베를린 광장 100명,장교동,0,0
2025-06-19,14:00,16:00,200,종로,이순신像 → 창성동 별관 200명,세종대로,1,0
2025-06-19,14:30,16:30,500,종로|남대문,중앙우체국 → 교보빌딩 500명,남대문로 등,1,0
2025-06-19,16:00,18:30,50,강남,현대백화점 ⇄ 봉은사역 7出 50명,삼성동,0,0
2025-06-19,20:00,22:30,3000,영등포,"샛강역 → 산업은행 3,000명",여의도,1,0
2025-06-20,09:00,13:00,200,강남,강남구청 앞 인도 200명,삼성동,0,0
2025-06-20,18:00,22:00,500,남대문,서울역 광장 500명,봉래동,0,0
2025-06-20,19:00,20:30,100,남대문,서울중앙우체국 → 서울역 광장 100명,명동,1,0
2025-06-21,12:30,13:00,3000,종로,"서십자R~동십자R 3,000명",세종대로,0,0
2025-06-21,13:00,16:00,10000,종로,"동화면세점 앞 10,000명",신문로1가,0,0
2025-06-21,14:00,15:30,30000,종로,"서십자R~동십자R 30,000명",세종대로,0,0
2025-06-21,14:00,17:00,3000,용산,"이태원 광장 → 루터교회 3,000명",이태원로 등,1,0
2025-06-21,15:00,20:00,5000,서초,"중앙지검 서측 → OSB 은행 5,000명",반포대로 등,1,0
2025-06-21,16:00,18:00,50000,남대문,"서울역 광장 50,000명",동자동,0,0
2025-06-21,16:00,19:30,10000,서초|강남,"교대역 10出 → 신논현역 5出 10,000명",서초동,1,0
2025-06-21,18:00,21:00,300,종로,의정부터 서측 → SK서린빌딩 300명,세종대로,1,0
2025-06-22,11:00,13:00,100,종로,SK서린빌딩 남측 100명,서린동,0,0
2025-06-22,11:00,13:30,90000,종로|남대문,"동화면세점 앞 편도 全차로 90,000명",신문로1가,0,1
2025-06-22,14:00,16:30,500,종로|남대문,교보빌딩 남측 → 효령빌딩 500명,세종대로 등,1,0
2025-06-22,18:00,22:00,500,남대문,서울역 광장 500명,봉래동,0,0
2025-06-22,19:00,20:30,100,남대문,중앙우체국 앞 → 서울역광장 100명,명동,1,0
2025-06-23,09:00,,200,서초,정곡빌딩 남단 200명,서초동,0,0
2025-06-23,10:00,11:00,500,구로,평강제일교회 앞 500명,오류동,0,0
2025-06-23,14:00,15:00,100,종로|남대문,원표공원 ⇄ 서울시의회 100명,세종대로,0,0
2025-06-23,18:00,20:00,100,구로,현대백화점 디큐브시티 앞 100명,신도림동,0,0
2025-06-24,14:00,19:00,200,송파,롯데마트 본사 앞 200명,신천동,0,0
2025-06-24,17:00,19:00,300,수서,오토웨이타워 앞 300명,대치동,0,0
2025-06-24,18:00,19:00,200,종로,청진공원 앞 200명,청진동,0,0
2025-06-24,19:00,21:30,1000,남대문,"중앙우체국 앞 ⇄ 명동 예술극장 1,000명",명동,0,0
2025-06-24,19:30,22:00,100,서초|강남,강남 삼성스토어 ⇄ 신논현역5出 100명,강남대로,0,0
2025-06-25,11:30,13:00,500,용산,전쟁기념관 앞 500명,용산동1가,0,0
2025-06-25,12:00,13:00,300,종로,경복궁 주유소 좌우측 300명,중학동,0,0
2025-06-25,19:00,20:00,500,구로,평강제일교회 정문 500명,오류동,0,0
2025-06-25,19:30,20:00,1000,용산,"전쟁기념관 앞 1,000명",용산동1가,0,0
2025-06-25,20:00,22:30,1000,용산,"전쟁기념관 → 한강진역 2出 1,000명",이태원로,1,0
2025-06-26,12:00,13:00,1000,남대문|중부,"세종호텔 → 서울고용청 1,000명",명동 등,1,0
2025-06-26,13:00,15:00,7000,종로|남대문,"고궁박물관 별관 → 태평R 7,000명",통의동 등,1,0
2025-06-26,13:00,15:00,4000,남대문|중부,"서울고용청 → 태평R 4,000명",장교동 등,1,0
2025-06-26,14:00,17:00,100,종로|용산,전쟁기념관 → 용산구청 100명,용산동 1가,1,0
2025-06-26,15:00,16:00,7000,남대문,"태평R~숭레문R 7,000명",태평로2가,0,0
2025-06-26,19:00,20:00,300,용산,전쟁기념관 앞 300명,용산동 1가,0,0
2025-06-26,19:00,21:00,500,종로|남대문,교보빌딩 남측 → 정부서울청사 500명,세종대로 등,1,0
2025-06-26,19:00,21:00,100,남대문,세종호텔 → 서울고용청 100명,명동 등,1,0
2025-06-26,22:00,,500,남대문,서울역 광장 500명,봉래동,0,0
2025-06-27,09:00,18:00,100,서초,양재역 12出 앞 100명,양재동,0,0
2025-06-27,11:00,12:30,50,영등포,국회 앞 50명,여의도,0,0
2025-06-27,14:00,15:00,100,중랑,중랑구청 앞 100명,신내동,0,0
2025-06-27,14:00,16:00,200,강남|수서,언주역 2出 → 까르티에@ 200명,역삼동,1,0
2025-06-27,18:00,,200,구로,넷마블 코웨이 앞 翌07:00 200명,구로3동,0,0
2025-06-27,18:00,19:00,80,강서,강서 홈플러스 앞 80명,등촌동,0,0
2025-06-27,18:00,22:00,500,남대문,서울역 광장 500명,봉래동,0,0
2025-06-27,19:00,20:30,100,남대문,중앙우체국 → 서울역광장 100명,장교동 등,1,0
2025-06-27,19:30,22:00,1000,서초|강남,"고속터미널역 1出 → 강남역 올리브영 1,000명",강남대로 등,1,0
2025-06-28,13:00,14:20,47200,남대문,"舊 삼성본관 47,200명",태평로2가,0,0
2025-06-28,13:00,14:30,1000,남대문|서대문,"舊서대문 경찰서 → 숭례문R 1,000명",미근동 등,1,0
2025-06-28,13:00,14:40,1000,남대문,"예금보험공사 → 숭례문R 1,000명",다동 등,1,0
2025-06-28,13:30,14:40,3000,남대문,"서울역 3出 → 숭례문R 3,000명",동자동,1,0
2025-06-28,14:00,16:00,5000,남대문|용산,"서울역 12出 → 삼각지 파출소 5,000명",동자동 등,1,0
2025-06-28,14:00,16:00,800,종로,보신각 → 적선R 800명,종로1가,1,0
2025-06-28,14:00,16:00,500,종로,SK서린빌딩 → 효령빌딩 500명,서린동,1,0
2025-06-28,15:00,17:00,47200,종로|남대문,"舊 삼성본관 → 삼각지 파출소 / 창성동 별관 47,200명",세종대로 등,1,0
2025-06-28,15:00,20:00,5000,용산|영등포,"국회의사당역 2出 → 국민의힘 5,000명",여의대로 등,1,0
2025-06-28,16:30,18:00,300,서초,윤봉길의사 기념관 → 양재역 12出 300명,양재동,1,0
2025-06-28,18:00,21:00,10000,서초|강남,"교대역 9出 → CGV 강남 10,000명",서초동 등,1,0
2025-06-29,09:30,11:00,1000,구로,"평강제일교회 앞 1,000명",오류동,0,0
2025-06-29,11:00,13:30,50000,종로|남대문,"동화면세점 앞 50,000명",신문로1가,0,0
2025-06-29,14:00,16:30,500,종로|남대문,교보빌딩 남측 → 효령빌딩 500명,세종대로 등,1,0
2025-06-30,09:00,15:00,500,종로,SK에코플랜트 앞 500명,수송동,0,0
2025-06-30,11:00,20:00,500,용산,전쟁기념관 앞 500명,용산동1가,0,0
2025-06-30,13:30,14:30,260,마포,마포 T타운 앞 260명,공덕동,0,0
2025-06-30,13:30,16:00,1500,종로,"적선R~광화문R 1,500명",적선동,0,0
2025-06-30,14:00,16:00,2000,용산,"삼각지 파출소∼전쟁기념관 북문 2,000명",용산동1가,0,0
2025-07-01,08:00,,2000,서초,"정복빌딩 남관 / 중앙지검 서문 앞 2,000명",서초동,0,0
2025-07-01,13:00,14:00,100,영등포,국회 앞 100명,여의도,0,0
2025-07-01,14:00,16:30,1000,영등포,"의사당대로 1,000명",여의도,0,0
2025-07-01,14:00,18:30,1000,종로,"광화문R~적선R 1,000명",세종로 등,0,0
2025-07-01,18:00,19:00,200,종로,청진공원 앞 200명,청진동,0,0
2025-07-01,20:00,22:00,400,강남,국민연금공단 남부지부 앞 400명,논현동,0,0
2025-07-02,10:30,12:30,500,동대문,경희의료원 앞 500명,회기동 등,0,0
2025-07-02,13:30,16:00,10000,남대문,"태평R~숭례문R 편도 全차로 10,000명",세종대로,0,1
2025-07-02,13:00,16:00,360,송파,젠코아 빌딩 → 잠실새내역 7出 360명,삼전동 등,1,0
2025-07-02,19:00,20:00,500,구로,평강제일교회 앞 500명,오류동,0,0
2025-07-02,19:30,22:00,1000,남대문,"중앙우체국 ⇄ 명동예술극장 1,000명",명동 등,0,0
2025-07-03,09:00,,2000,서초,"정곡빌딩 남관 앞 2,000명",서초동,0,0
2025-07-03,09:00,10:00,100,종로,고궁박물관 ⇄ 창성동 별관,,0,0
2025-07-03,15:00,16:00,0,,,효자동 등,0,0
2025-07-03,10:00,11:00,400,도봉,400명,방학동,0,0
2025-07-03,11:20,11:50,200,마포,YTN본사 앞 200명,상암동,0,0
2025-07-03,11:30,12:30,200,광진,더클래식 500 앞 200명,자양동,0,0
2025-07-03,15:30,16:30,1000,강남,"딜라이브 본사 앞 1,000명",삼성동,0,0
2025-07-03,18:30,19:30,200,남대문,세종호텔 앞 200명,명동,0,0
2025-07-03,19:00,20:00,300,용산,전쟁기념관 앞 300명,용산동 1가,0,0
2025-07-03,19:30,20:30,300,서초,교대역 8出 ⇄ 남부터미널역 300명,서초동 등,0,0
2025-07-03,19:30,20:30,100,서초,신논현역 8出 → 정곡빌딩 남관 100명,강남대로 등,1,0
2025-07-04,09:00,10:00,100,종로,고궁박물관 ⇄ 창성동 별관,,0,0
2025-07-04,15:00,16:00,0,,,효자동 등,0,0
2025-07-04,10:30,11:20,200,남대문,200명,동자동,0,0
2025-07-04,11:00,11:30,50,용산,서울역 서부광장 → 코레일 유통 서울본부 50명,청파동 등,1,0
2025-07-04,14:30,15:30,200,마포,MBC 신사옥 앞 200명,상암동,0,0
2025-07-04,14:30,16:00,200,남대문,서소문2청사 → 시청서편 200명,서소문동,1,0
2025-07-04,15:00,17:00,500,종로|중부,광화문 KT → 을1R 500명,세종대로 등,1,0
2025-07-04,16:00,18:00,400,남대문|마포,드림타워 맞은편 400명,상암동,0,0
2025-07-04,16:00,16:30,100,남대문,시청동편 ⇄ 개풍R 100명,남대문,0,0
2025-07-04,19:00,20:30,200,남대문,중앙우체국 → 서울역 광장 200명,명동 등,1,0
2025-07-04,20:00,21:30,1000,종로|남대문,"종로타워 → 서울역 광장 1,000명",세종대로 등,1,0
2025-07-05,08:00,,2000,서초,"정곡빌딩 남관 앞 2개 차로 未定 2,000명",서초동,0,1
2025-07-05,08:00,,200,서초,정곡빌딩 북관 앞 2개 차로 未定 200명,서초동,0,1
2025-07-05,13:00,16:00,10000,종로,"동화면세점 앞 인도 10,000명",신문로1가,0,0
2025-07-05,14:00,16:30,2000,영등포,"산업은행 정문 앞 인도 2,000명",여의도동,0,0
2025-07-05,14:00,17:00,2000,남대문,"대한문 앞 인도 2,000명",,0,1
2025-07-05,15:00,20:00,5000,서초,"5,000명",반포대로 등,0,0
2025-07-05,16:00,20:00,50,영등포,국민의힘 당사 앞 ⇄ 산업은행 50명,여의도동,0,0
2025-07-05,18:00,18:30,100,종로,광화문역 2出 앞 100명,세종대로 등,0,0
2025-07-05,18:00,21:00,10000,서초|강남,"교대역 9出 앞 3개차로 → CGV 강남 10,000명",서초동,1,1
2025-07-06,11:00,13:30,50000,종로|남대문,"동화면세점~코리아나 호텔 편도 全차로 50,000명",신문로1가,0,1
2025-07-06,09:30,11:00,1000,구로,"평강제일교회 앞 1,000명",오류동,0,0
2025-07-06,09:30,11:00,50,구로,평강제일교회 앞 제일빌딩 주차장 50명,오류동,0,0
2025-07-06,12:00,18:00,200,영등포,국민의힘 당사 앞 200명,여의도동,0,0
2025-07-06,14:00,16:30,500,종로|남대문,교보빌딩 남측 인도 → 효령빌딩 500명,세종대로 등,1,0
2025-07-06,15:00,18:00,300,종로,교보빌딩 앞 인도 및 1개차로 300명,세종대로,0,1
2025-07-07,09:00,10:00,100,종로,고궁박물관 ⇄ 창성동 별관,,0,0
2025-07-07,15:00,16:00,0,,,효자동 등,0,0
2025-07-07,10:00,17:00,100,노원,100명,월계동,0,0
2025-07-07,10:00,12:00,40,용산,전쟁기념관 앞 인도 40명,용산동1가,0,0
2025-07-07,12:00,18:00,200,영등포,국민의힘 당사 앞 200명,여의도동,0,0
2025-07-07,15:00,17:00,500,종로|중부,광화문KT 앞 인도 → 을지로입구역 500명,세종대로 등,1,0
2025-07-07,17:00,20:00,30,종로|남대문,교보빌딩 정문 앞 인도 30명,세종대로,0,0
2025-07-08,07:10,09:00,100,종로,서울경찰청 ⇄ 안보수사대 100명,내자동 등,0,0
2025-07-08,09:00,10:00,100,종로,고궁박물관 ⇄ 창성동 정부청사 별관,,0,0
2025-07-08,16:00,17:00,0,,,효자동 등,0,0
2025-07-08,12:00,13:00,150,강서,150명,등촌동,0,0
2025-07-08,20:00,22:00,1000,남대문,"중앙우체국 ⇄ 명동 예술극장 1,000명",명동 등,0,0
2025-07-09,09:00,10:00,100,종로,고궁박물관 ⇄ 창성동 별관,,0,0
2025-07-09,15:00,16:00,0,,,효자동 등,0,0
2025-07-09,12:00,,2000,서초,"2,000명",서초동,0,0
2025-07-09,12:00,13:00,300,종로,경복궁 주유소 좌우측 300명,수송동,0,0
2025-07-09,15:00,17:00,500,종로|중부,광화문KT → 을1R 500명,세종대로 등,1,0
2025-07-09,16:30,18:00,100,종로|남대문,서울시교육청 → 창성동 별관 100명,창성동 등,1,0
2025-07-10,09:00,,2000,서초,"정곡빌딩 남관 2,000명",서초동,0,0
2025-07-10,17:00,,1000,강남,"딜라이브 본사 앞 翌 09:00 1,000명",삼성동,0,0
2025-07-10,19:00,20:00,300,용산,전쟁기념관 앞 300명,용산동1가,0,0
2025-07-10,19:00,20:00,200,남대문,세종호텔 앞 200명,명동,0,0
2025-07-10,19:00,21:00,300,서초,교대역 8出 → 교대역 12出 300명,서초동,1,0
2025-07-11,08:00,14:00,300,강서,대방건설 앞 300명,마곡동,0,0
2025-07-11,09:30,11:00,300,용산,전쟁기념관 앞 300명,용산동1가,0,0
2025-07-11,16:00,20:00,300,용산,전쟁기념관 앞 300명,용산동 1가,0,0
2025-07-11,18:30,21:00,50,영등포,복지장례 문화원 → 광명당 50명,영등포,1,0
2025-07-11,19:00,21:00,500,종로|남대문,교보빌딩 → 내자R 500명,세종대로 등,1,0
2025-07-11,19:00,21:00,100,남대문,중앙우체국 → 서울역광장 100명,명동,1,0
2025-07-11,19:30,22:00,50,영등포,뚜레쥬르 대림 우성점 → 보라매역 4出 50명,대림동 등,1,0
2025-07-11,20:00,22:00,1000,용산,"이태원 광장 → 루터교회 앞 1,000명",한남동,1,0
2025-07-11,22:00,,250,마포,마포 광역자원 회수 시설 앞 翌03:00 250명,상암동,0,0
2025-07-12,15:00,18:00,5000,종로|남대문,"시청역8出~숭례문R → 합청R 5,000명",세종대로,1,0
2025-07-12,16:00,18:00,500,종로|남대문,교보빌딩 → 효령빌딩 500명,세종대로 등,1,0
2025-07-12,17:00,19:00,200,종로|남대문,SK서린빌딩 → 효령빌딩 200명,서린동,1,0
2025-07-12,17:00,21:00,300,중부|마포,홍대역 7出 → 홍대입구역 3出 300명,양화로 등,1,0
2025-07-12,18:00,21:00,10000,서초|강남,"교대역 9出 → CGV 강남 10,000명",서초동,1,0
2025-07-14,09:00,10:00,100,종로,고궁박물관 ⇄ 창성동 정부청사 별관,,0,0
2025-07-14,15:00,16:00,0,,,효자동 등,1,0
2025-07-14,11:00,13:30,150,영등포,150명,양평동 등,0,0
2025-07-14,13:00,17:00,500,강남,청담동 벤츠전시장 앞 500명,펑담동,0,0
2025-07-14,14:00,17:00,200,종로,정부서울청사 후문 앞 200명,적선동,0,0
2025-07-15,09:00,10:00,100,종로,고궁박물관 ⇄ 창성동 별관 100명,효자동 등,0,0
2025-07-15,11:00,14:00,100,종로,정부서울청사 정문 앞 100명,적선동,0,0
2025-07-15,15:00,18:00,200,종로,잠실역 8出 앞 200명,신천동,0,0
2025-07-15,15:00,16:00,500,남대문|용산,서울역광장 → T타워 500명,남대문로5가 등,1,0
2025-07-15,19:00,20:30,500,용산,전쟁기념관 앞 500명,용산동1가,0,0
2025-07-15,19:00,22:00,500,관악,서울대 정문 → 버들골풍산마당 500명,신림동,1,0
2025-07-15,19:30,22:00,100,서초|강남,강남 삼성스토어 ⇄ 신논현역 5出 100명,강남대로,0,0
2025-07-16,09:00,10:00,100,종로,고궁박물관 ⇄ 창성동 별관 100명,효자동 등,0,0
2025-07-16,12:00,13:00,700,구로,넷마블 본사 앞 700명,구로3동,0,0
2025-07-16,12:00,13:00,300,종로,수송동 테라로사 건너편 300명,수송동,0,0
2025-07-16,13:00,14:00,500,남대문|중부,서울고용노동청 앞 500명,장교동,0,0
2025-07-16,13:00,15:00,200,용산|마포,전쟁기념관 → 국회의사당역 2出 200명,용산동1가 등,1,0
2025-07-16,13:30,14:30,15500,영등포,의사당역 5出 편도 全차로,,0,1
2025-07-16,15:00,16:00,0,남대문,,여의도,1,0
2025-07-16,15:00,16:00,500,용산,500명,남대문로5가,0,0
2025-07-17,09:00,10:00,500,남대문,서울역 광장 → 중구T타워,,1,0
2025-07-17,15:00,16:00,0,용산,,남대문로5가,0,0
2025-07-17,09:00,,2000,서초,"2,000명",서초동,0,0
2025-07-17,10:00,11:30,150,용산,전쟁기념관 앞 150명,용산동1가,0,0
2025-07-17,11:00,12:00,300,용산,전쟁기념관 앞,,0,0
2025-07-17,18:00,20:00,0,,,용산동1가,0,0
2025-07-17,13:00,18:00,100,은평,100명,진관동,0,0
2025-07-18,11:00,,2000,서초,"정곡빌딩 남관 앞 2,000명",서초동,0,0
2025-07-18,14:00,15:30,500,종로,고궁박물관 → 창성동 별관 500명,세종로 등,1,0
2025-07-18,14:00,16:00,3000,영등포,"의사당역 2出 → 더불어민주당 3,000명",여의도,1,0
2025-07-18,16:00,17:30,400,마포,LG헬로비전 앞 400명,상암동,0,0
2025-07-18,19:00,21:00,5000,종로|중부,"중앙우체국 → 서울역 광장 5,000명",명동 등,1,0
2025-07-18,19:00,24:00,200,남대문,서울역 광장 남측 200명,동자동,0,0
2025-07-18,20:00,21:30,1000,종로|남대문,"종로타워 → 서울역 광장 1,000명",세종대로 등,1,0
2025-07-18,21:00,24:00,3000,남대문,"서울역 광장 3,000명",동자동,0,0
2025-07-19,11:30,12:30,5000,마포,"S-OIL 앞 5,000명",공덕동,0,0
2025-07-19,13:45,14:30,20000,종로,종1R~을1R,,0,0
2025-07-19,15:00,16:00,0,남대문,,종로1가 등,1,0
2025-07-19,15:00,20:00,5000,서초,"5,000명",반포대로 등,0,0
2025-07-19,16:00,17:00,20000,종로|남대문,"종1R~을1R → ①정부서울청사 북측 ②SK서린 빌딩 ③세종호텔 20,000명",종로1가 등,1,0
2025-07-19,16:00,19:30,10000,종로|남대문,"시청역 7出 → 교보빌딩 10,000명",세종대로,1,0
2025-07-20,09:30,15:00,1000,종로|남대문,"서울광장 ⇄ 광화문R 1,000명",세종로,0,0
2025-07-20,09:30,11:00,1000,구로,"1,000명 평강제일교회 정문 ⇄ 등촌칼국수",오류동,0,0
2025-07-20,11:00,13:00,100,종로|남대문,"100명 동화면세점~코리아나호텔 50,000명",신문로1가,0,0
2025-07-20,13:00,16:00,300,종로|남대문,전쟁기념관 → 보신각 300명,용산동1가 등,1,0
2025-07-21,10:00,11:00,1000,구로,"평강제일교회 앞 → 등촌칼국수 1,000명",오류동,1,0
2025-07-21,10:00,11:30,2000,영등포,"국회의사당역 3出 2,000명",여의도,0,0
2025-07-21,13:00,17:00,500,종로,서울경찰청 ⇄ 정부서울청사 500명,내자동,0,0
2025-07-21,14:00,17:00,200,종로,정부서울청사 후문 200명,적선동,0,0
2025-07-22,08:30,12:30,300,용산,전쟁기념관 앞 300명,용산동1가,0,0
2025-07-22,08:30,18:30,100,영등포,국회 앞 100명,여의도,0,0
2025-07-22,15:00,16:00,1000,종로,"고궁박물관 ⇄ 정부청사 창성동 별관 1,000명",효자동 등,0,0
2025-07-22,18:30,20:00,500,용산,전쟁기념관 앞 500명,용산동1가,0,0
2025-07-22,20:00,22:00,1000,남대문,"중앙우체국 ⇄ 명동역 6出 1,000명",명동,0,0
2025-07-23,08:30,,100,영등포,국회 앞 100명,여의도,0,0
2025-07-23,08:30,14:00,300,강서,대방건설 앞 300명,마곡동,0,0
2025-07-23,09:00,10:00,100,종로,고궁박물관 ⇄ 창성동 별관,,0,0
2025-07-23,15:00,16:00,0,,,효자동 등,0,0
2025-07-23,12:00,13:00,300,종로,300명,수송동,0,0
2025-07-23,14:00,16:00,300,영등포,국민의힘 당사 앞 300명,여의도,0,0
2025-07-23,18:00,20:00,300,서초,OSB빌딩 앞 300명,반포동,0,0
2025-07-23,19:00,20:00,500,구로,평강제일교회 → 등촌칼국수 500명,오류동,1,0
2025-07-24,08:30,14:00,300,강서,대방건설 앞 300명,마곡동,0,0
2025-07-24,09:00,10:00,100,종로,고궁박물관 ⇄ 창성동 별관 100명,효자동 등,0,0
2025-07-24,09:00,24:00,1000,남대문,"한양대 정문 앞 1,000명",행당동,0,0
2025-07-24,10:00,11:00,500,구로,평강제일교회 → 등촌칼국수 500명,오류동,1,0
2025-07-24,12:00,12:30,300,남대문,대한적십자사 서울사무소 앞 300명,남산동,0,0
2025-07-24,18:00,19:30,200,남대문,세종호텔 앞 200명,명동,0,0
2025-07-24,19:00,20:00,300,용산,전쟁기념관 앞 300명,용산동1가,0,0
2025-07-25,08:00,18:00,100,서초,양재역 12出 앞 100명,양재동,0,0
2025-07-25,08:30,18:30,100,영등포,국회 앞 100명,여의도,0,0
2025-07-25,09:00,10:00,100,종로,고궁박물관 ⇄ 창성동별관 100명,효자동 등,0,0
2025-07-25,11:00,12:30,500,용산,삼각지PB~전쟁기념관 북문 앞 500명,한강로1가,0,0
2025-07-25,17:00,19:00,200,종로,교보빌딩 앞 200명,세종대로,0,0
2025-07-25,19:00,21:00,100,남대문,중앙우체국 → 서울역광장 100명,장교동 등,1,0
2025-07-25,20:00,22:00,1000,마포,"합정역 4出 → 홍대입구역 4出 1,000명",양화로,1,0
2025-07-26,16:00,18:00,500,종로|남대문,교보빌딩 → 명동역 6出 500명,세종대로 등,1,0
2025-07-26,17:00,18:30,350,종로,광화문KT → 광화문KT 건너편 350명,세종대로,1,0
2025-07-26,17:00,19:00,500,남대문|중부,SK서린빌딩 ⇄ 회현R 500명,세종대로 등,0,0
2025-07-26,17:00,20:30,500,남대문,서울역 광장 → 중앙우체국 500명,한강대로 등,1,0
2025-07-26,17:00,21:00,300,마포,홍대역 7出 → 홍대입구역 3出 300명,양화로 등,1,0
2025-07-26,18:00,21:00,5000,종로|남대문,"의정부터 서측 → 광화문R 5,000명",사직로 등,1,0
2025-07-26,18:00,21:00,10000,종로|남대문,"교보빌딩 ⇄ 파이낸스 빌딩 북측 10,000명",세종대로 등,0,0
2025-07-27,09:30,11:00,300,종로,송현공원 → 세종R 300명,세종대로 등,1,0
2025-07-27,11:00,13:00,5000,종로|남대문,"동화면세점~코리아나 호텔 편도 全차로 5,000명",세종대로,0,1
2025-07-27,13:30,15:30,1500,종로|혜화,"혜화역 2出 → 방통대 1,500명",동숭동,1,0
2025-07-28,08:30,11:30,200,남대문,IM빌딩 앞 200명,다동,0,0
2025-07-28,14:00,15:00,200,종로,청진공원 앞 200명,청진동,0,0
2025-07-28,14:00,15:30,1000,종로,"삼각지PB~전쟁기념관 북문 1,000명",한강로1가,0,0
2025-07-28,14:00,17:30,6500,영등포,"의사당역 5出 앞 6,500명",여의도,0,0
2025-07-28,17:30,19:00,200,남대문,서울고용노동청 앞 200명,장교동,0,0
2025-07-28,19:00,22:00,100,송파,젠코아 빌딩 → 종합운동장 9出 100명,삼전동 등,1,0
2025-07-29,09:00,10:00,1000,종로,고궁박물관 ⇄ 창성동 별관,,0,0
2025-07-29,15:00,16:00,0,,,효자동 등,0,0
2025-07-29,14:00,15:00,200,용산,200명,용산동 1가,0,0
2025-07-29,19:30,21:30,100,강남,강남역 삼성스토어 ⇄ 신논현역 5出 100명,강남대로,0,0
2025-07-29,20:00,22:00,1000,남대문,"중앙우체국 ⇄ 소테츠프라자인서울 1,000명",명동,0,0
2025-07-30,09:00,10:00,1000,종로,"고궁박물관 ⇄ 창성동 별관 1,000명",효자동 등,0,0
2025-07-30,10:00,15:00,50,용산,전쟁기념관 / 삼각지역 인근 50명,용산동,0,0
2025-07-30,12:00,13:00,300,종로,테라로사 건너편 300명,수송동,0,0
2025-07-30,14:00,15:30,1000,종로,"창성동 별관 앞 1,000명",창성동,0,0
2025-07-30,18:30,20:00,25,종로,정부서울청사 → SK서린빌딩 25명,세종대로 등,1,0
2025-07-30,19:00,20:00,500,구로,평강제일교회 → 등촌칼국수 500명,오류동,1,0
2025-07-30,19:00,21:00,500,종로,광화문KT → 광화문R 500명,세종대로 등,1,0
2025-07-31,10:30,11:30,100,동대문,동대문구청 광장 앞 100명,용두동,0,0
2025-07-31,11:30,20:00,300,용산,전쟁기념관 앞 300명,용산동 1가,0,0
2025-07-31,15:00,17:00,300,방배,한성자동차 본사 앞 300명,방배동,0,0
2025-07-31,17:00,19:00,200,종로,교보빌딩 정문 앞 200명,세종대로,0,0
2025-08-01,11:00,12:00,300,서초,교대역 10~11出 앞 300명,서초동,0,0
2025-08-01,15:00,17:00,100,송파,쿠팡 본사 앞 100명,신천동,0,0
2025-08-01,19:00,21:00,500,남대문,중앙우체국 → 서울역 광장 500명,명동 등,1,0
2025-08-01,20:00,22:00,1000,종로|혜화,"흥인지문 공원 → 교보빌딩 1,000명",종로6가 등,1,0
2025-08-02,08:00,17:00,70,마포,"정상JLS 빌딩, 마포소방서, 신수어린이공원 앞 70명",창전동,0,0
2025-08-02,08:00,17:00,50,마포,하나님의교회 앞 50명,신수동,0,0
2025-08-02,08:00,18:00,100,관악,하나님의교회 북측 인도 100명,봉천동,0,0
2025-08-02,08:00,18:00,100,관악,하나님의교회 서측 인도 100명,봉천동,0,0
2025-08-02,13:00,17:00,10000,종로,"동화면세점 앞 인도 10,000명",신문로1가,0,0
2025-08-02,14:00,16:30,2000,영등포,"산업은행 측면 인도 2,000명",여의도동,0,0
2025-08-02,14:00,15:00,100,종로,정부서울청사 정문 앞 ⇄ 적선R 100명,적선동 등,0,0
2025-08-02,15:00,19:40,5000,서초,"중앙지검 서문 좌측 3개차로 → OSB 은행 5,000명",반포대로 등,1,1
2025-08-02,18:00,21:00,10000,종로,"교보빌딩 앞 2개 차로 ⇄ 안국R 10,000명",세종대로 등,0,1
2025-08-02,17:00,20:30,500,남대문,서울역광장 → 중앙우체국 500명,한강대로 등,1,0
2025-08-03,00:00,23:59,100,용산,전쟁기념관 동문 앞 인도 100명,용산동1가,0,0
2025-08-03,09:30,11:00,1000,구로,"평강제일교회 앞 1,000명",오류동,0,0
2025-08-03,09:30,11:00,50,구로,평강제일교회 앞 제일빌딩 주차장 50명,오류동,0,0
2025-08-03,13:00,18:00,200,영등포,국민의힘 당사 앞 200명,여의도동,0,0
2025-08-03,14:00,17:30,150,용산|성동,옥수동 리버젠@상가 → 일신빌딩 150명,옥수동,1,0
2025-08-03,15:00,18:00,300,종로,정부서울청사 북측 인도 및 1개 차로 300명,적선동,0,1
2025-08-04,09:00,09:30,100,혜화,서울대병원 후문 앞 인도 100명,동숭동,0,0
2025-08-04,10:00,15:00,50,용산,"전쟁기념관 앞, 삼각지역 인근 50명",용산동1가,0,0
2025-08-04,11:30,13:00,50,종로,SK서린빌딩 앞 50명,서린동,0,0
2025-08-04,16:00,17:00,100,종로,광화문KT 남측 인도 100명,세종대로,0,0
2025-08-04,17:30,19:00,200,남대문,서울고용노동청 앞 200명,장교동,0,0
2025-08-04,19:00,22:00,200,용산,한강진역 2出 앞 인도 200명,한남동,0,0
2025-08-04,19:30,22:30,5000,노원|도봉,도봉산역 2出 → 노원구청,도봉동 등,1,0
2025-08-05,10:00,11:00,200,영등포,유진그룹 앞 200명,여의도,0,0
2025-08-05,19:30,21:30,100,강남,강남역 삼성스토어 ⇄ 신논현역 5出 100명,강남대로,0,0
2025-08-05,20:00,22:00,1000,남대문,"중앙우체국 ⇄ 소테츠프라자 1,000명",명동 등,0,0
2025-08-06,09:00,11:30,500,종로,광화문KT 본관 앞 500명,세종대로,0,0
2025-08-06,12:30,,500,종로,광화문KT 별관 서측 500명,세종대로,0,0
2025-08-06,14:00,15:00,800,강남,현대모비스 본사 앞 800명,역삼동,0,0
2025-08-06,14:00,16:00,3000,용산,"삼각지PB~전쟁기념관 북문 3,000명",용산동,0,0
2025-08-07,12:00,12:30,70,종암,길음역 → 휘닉스모텔 70명,하월곡동,1,0
2025-08-07,18:00,20:00,300,용산,전쟁기념관 앞 300명,용산동1가,0,0
2025-08-08,11:30,12:30,100,강남,국민연금공단 남부지부 앞 100명,신사동,0,0
2025-08-08,11:30,13:00,50,종로,SK서린빌딩 앞 50명,서린동,0,0
2025-08-08,14:00,15:30,300,용산,전쟁기념관 앞 300명,용산동1가,0,0
2025-08-08,18:30,19:30,300,남대문,세종호텔 앞 300명,명동,0,0
2025-08-08,18:30,20:00,100,용산,전쟁기념관 앞 100명,용산동1가,0,0
2025-08-08,19:00,22:00,500,남대문,중앙우체국 → 서울역 광장 500명,명동 등,1,0
2025-08-09,05:00,08:00,300,용산,르엘 공사현장 1 · 2G 앞 300명,이촌동,0,0
2025-08-09,08:00,17:00,100,동대문,하나님의 교회 건너편 인도 100명,휘경동,0,0
2025-08-09,08:00,17:00,100,송파,하나님의 교회 건너편 인도 100명,문정동,0,0
2025-08-09,14:00,15:30,20,종로,외교부청사 → 우리은행 효자동점 20명,창천동 등,1,0
2025-08-09,14:00,16:30,2000,영등포,"산업은행 측면 인도 2,000명",여의도,0,0
2025-08-09,16:00,18:00,500,종로|남대문,교보빌딩 → 명동역 6出 500명,세종대로 등,1,0
2025-08-09,17:00,20:30,500,남대문,서울역광장 → 중앙우체국 500명,한강대로 등,1,0
2025-08-09,17:00,19:00,500,종로|남대문,SK서린빌딩 남측 ⇄ 세종R 500명,세종대로 등,0,0
2025-08-09,18:30,21:30,10000,종로,"교보빌딩 앞 2개 차로 ⇄ 안국R 10,000명",세종대로 등,0,1
2025-08-10,00:00,23:59,100,용산,전쟁기념관 동문 앞 인도 100명,용산동1가,0,0
2025-08-10,09:30,11:00,1000,구로,"평강제일교회 앞 1,000명",오류동,0,0
2025-08-10,09:30,11:00,100,구로,평강제일교회 앞 제일빌딩 주차장 100명,오류동,0,0
2025-08-10,10:00,15:00,300,종로,정부서울청사 북측 인도 및 1개 차로 300명,적선동,0,1
2025-08-10,16:00,20:00,200,종로,광화문우체국 및 동아일보 앞 인도 200명,서린동,0,0
2025-08-10,17:30,20:30,100,용산|서초,신협 고속터미널역점 → 루터교회 100명,,1,0
2025-08-11,06:00,12:00,300,용산,르엘 공사현장 1·2G 앞 300명,이촌동,0,0
2025-08-11,09:00,11:00,100,강서,강서구청 앞 인도 100명,화곡동,0,0
2025-08-11,10:00,15:00,50,용산,"전쟁기념관 앞, 삼각지역 인근 50명",용산동1가,0,0
2025-08-11,10:00,10:30,200,용산,전쟁기념관 앞 200명,용산동,0,0
2025-08-11,11:00,11:30,200,용산,전쟁기념관 앞 200명,용산동,0,0
2025-08-11,16:00,17:00,100,종로,광화문KT 남측 인도 100명,세종대로,0,0
2025-08-11,17:30,19:00,200,남대문,서울고용노동청 앞 200명,장교동,0,0
2025-08-11,19:30,22:00,100,송파,송파역 3出 → 동부구치소 앞 인도 100명,문정동,1,0
2025-08-11,20:00,23:00,5000,노원|도봉,"창포원 입구 → 노원구청 5,000명",도봉동 등,1,0
2025-08-12,10:00,12:00,1200,강서,"김포공항 1층 국내선 1,200명",공항동,0,0
2025-08-12,14:00,15:00,200,용산|서초,남태령역 → 전쟁기념관 200명,용산동1가 등,1,0
2025-08-12,16:10,17:30,200,종로|남대문|방배,경향신문사 → 전쟁기념관 200명,정동 등,1,0
2025-08-12,18:00,19:00,300,용산,전쟁기념관 앞 300명,용산동1가,0,0
2025-08-12,19:00,21:00,100,광진,건대 롯데 백화점 → 조양시장 100명,자양동,1,0
2025-08-12,20:00,22:00,1000,남대문,"중앙우체국 ⇄ 소테츠프라자인서울 1,000명",명동,0,0
2025-08-13,10:00,12:00,300,용산,전쟁기념관 앞 300명,용산동1가,0,0
2025-08-13,12:00,13:00,300,종로,테라로사 건너편 300명,수송동,0,0
2025-08-13,14:00,15:00,300,서초,교대역 11出 300명,서초동,0,0
2025-08-13,19:00,20:00,500,구로,평강제일교회 → 등촌칼국수 500명,오류동,1,0
2025-08-14,09:30,,300,구로,평강제일교회 앞 등 300명,오류동,0,0
2025-08-14,13:00,16:30,150,남대문|서대문,전쟁기념관 → 경찰청 150명,용산동1가 등,1,0
2025-08-14,16:30,17:00,200,남대문|용산,세종호텔 앞 200명,명동,0,0
2025-08-14,17:00,18:30,300,종로,의정부터 서측 300명,세종로,0,0
2025-08-14,19:00,20:30,500,종로,송현공원 앞 500명,송현동,0,0
2025-08-14,19:10,21:30,120,종로|남대문,광화문KT ⇄ 소라탑 120명,세종대로,0,0
2025-08-14,20:00,23:00,3000,노원|도봉,"창포원 → 노원구청 3,000명",도봉동 등,1,0
2025-08-14,20:00,,300,구로,서울남부교도소 앞 300명,천왕동,0,0
2025-08-15,12:00,13:30,1000,남대문|중부,"동대문역사공원역 14出 → 서울역 광장 1,000명",을지로 등,1,0
2025-08-15,12:00,18:00,10000,남대문|용산,서울역 광장,봉래동,0,0
2025-08-15,12:00,18:00,5000,종로|남대문,"서울역 4出 → 종3R 5,000명",봉래동 등,1,0
2025-08-15,12:00,14:00,5000,종로|혜화,"혜화역 1出 → 종1R 5,000명",종로 등,1,0
2025-08-15,14:00,16:00,1000,종로|남대문,"향린교회 → 숭례문R 1,000명",세종대로 등,1,0
2025-08-15,14:00,17:00,5000,서초|강남,"양재시민의숲역 2出 → CGV 강남 5,000명",강남대로 등,1,0
2025-08-15,15:00,16:30,1000,남대문|수서,"모전교 → 숭례문R 1,000명",세종대로 등,1,0
2025-08-15,17:00,18:00,500,종로|남대문,탑골공원 → 세종R 500명,세종대로 등,1,0
2025-08-15,17:00,18:30,500,남대문,대한상의 앞 500명,남대문로4가,0,0
2025-08-15,17:30,18:30,10000,남대문,"숭례문R~태평R 10,000명",태평로1가,0,0
2025-08-15,19:00,23:00,1000,종로|남대문,"태평R → 안국R → 광화문R → 세종R 1,000명",세종대로 등,1,0
2025-08-16,11:30,18:30,90000,종로|중부,"동화면세점 → 종로2R → 대한문 90,000명",신문로1가 등,1,0
2025-08-16,15:00,18:00,2000,남대문,"서울시청 동편 ⇄ 숭례문R 2,000명",세종대로 등,0,0
2025-08-16,16:00,17:00,300,남대문|서대문,대한문 → 서울역 광장 300명,태평로1가,1,0
2025-08-16,16:00,20:30,10000,종로|남대문,"소녀상 ⇄ 시청역 7出 10,000명",세종대로 등,0,0
2025-08-17,13:30,17:00,500,용산,삼각지PB 앞 500명,적선동,0,0
2025-08-17,16:00,19:00,300,용산,전쟁기념관 앞 300명,용산동 1가,0,0
2025-08-17,09:00,10:30,800,구로,평강제일교회 앞 800명,오류동,0,0
2025-08-18,14:00,17:00,300,용산,전쟁기념관 앞 300명,용산동 1가,0,0
2025-08-18,19:30,22:00,100,송파,송파역 3出 → 동부구치소 100명,문정동,1,0
2025-08-18,20:00,22:30,5000,노원|도봉,"창포원 → 노원구청 5,000명",도봉동 등,1,0
2025-08-19,20:00,22:00,1000,남대문,"중앙우체국 ⇄ 명동역 6出 1,000명",명동,0,0
2025-08-20,08:00,15:00,300,영등포,FKI 타워 앞 300명,여의도,0,0
2025-08-20,12:00,13:00,300,종로,테라로사 건너편 300명,수송동,0,0
2025-08-20,19:00,,300,구로,평강제일교회 앞 등 3개소 300명,오류동,0,0
2025-08-21,10:00,11:00,500,구로,평강제일교회 → 등촌칼국수 500명,오류동,1,0
2025-08-21,14:00,17:00,1500,용산,"서울역 12出 → 삼각지PB 1,500명",용산동1가 등,1,0
2025-08-21,18:00,19:00,300,서초,정곡빌딩 남관 300명,서초동,0,0
2025-08-22,10:00,12:00,300,용산,전쟁기념관 앞 300명,용산동1가,0,0
2025-08-22,19:00,20:00,500,남대문,중앙우체국 → 서울역 광장 500명,명동 등,1,0
2025-08-23,13:00,17:00,90000,종로,"중 북 동화면세점 / 교보빌딩 → 종로2R → 대한문 90,000명",신문로1가 등,1,0
2025-08-23,14:00,16:30,500,남대문|용산,전쟁기념관 → 한강진역 500명,이태원로,1,0
2025-08-23,14:00,19:00,5000,용산,"한강진역 2出 → 녹사평역 5,000명",이태원로,1,0
2025-08-23,17:00,20:30,500,남대문,서울역광장 → 중앙우체국 500명,한강대로 등,1,0
2025-08-23,18:00,21:00,10000,종로,"의정부터 ⇄ 종각R 10,000명",세종대로 등,0,0
2025-08-24,09:30,10:30,1000,구로,"평강제일교회 → 등촌칼국수 1,000명",오류동,1,0
2025-08-25,19:00,21:00,500,종로|남대문,교보빌딩 → 광화문R 500명,세종대로 등,1,0
2025-08-25,20:00,22:30,3000,노원|도봉,"창포원 입구 → 노원사거리 3,000명",도봉동 등,1,0
2025-08-26,19:30,21:30,100,서초|강남,삼성스토어 ⇄ 신논현역 5出 100명,강남대로 등,0,0
2025-08-26,20:00,22:00,1000,남대문,"중앙우체국 ⇄ 소테츠프라자인서울 1,000명",명동 등,0,0
2025-08-27,09:00,12:00,500,강남,대한건설협회 앞 500명,논현동,0,0
2025-08-27,10:00,22:00,400,영등포,더불어민주당사 400명,여의도,0,0
2025-08-27,10:30,11:30,1000,서초,"중앙지검 서문 앞 1,000명",서초동,0,0
2025-08-27,14:00,15:30,2000,용산,"삼각지PB 앞 2,000명",용산동 1가,0,0
2025-08-27,14:00,16:00,1000,남대문|중부,"시그니처 타워 → 을입구역 4出 1,000명",수표동,1,0
2025-08-27,17:00,18:00,300,서초,정곡빌딩 남관 앞 300명,서초동,0,0
2025-08-28,10:00,11:00,500,구로,평강제일교회 → 등촌칼국수 500명,오류동,1,0
2025-08-28,13:00,14:00,300,용산,전쟁기념관 앞 300명,용산동1가,0,0
2025-08-28,14:00,15:00,200,종로,흥국생명 앞 200명,신문로1가,0,0
2025-08-28,14:30,16:00,500,남대문,프레스센터 앞 500명,태평로1가,0,0
2025-08-28,15:00,16:30,1000,남대문,"명동역 10出 1,000명",명동,0,0
2025-08-28,17:00,19:00,200,종로,교보빌딩 앞 200명,세종대로,0,0
2025-08-28,20:00,22:00,5000,용산,"한강진역 2出 ⇄ 이태원 광장 5,000명",이태원로,0,0
2025-08-28,20:00,22:00,5000,노원,"수락문 → 교보빌딩 5,000명",도봉동 등,1,0
2025-08-29,17:00,19:00,200,종로,교보빌딩 정문 앞 200명,세종대로,0,0
2025-08-29,20:00,22:00,1000,남대문|중부,"중앙우체국 ⇄ 명동역 6出 1,000명",명동,0,0
2025-08-30,13:00,18:00,90000,종로|남대문|중부,"동화면세점~대한문 편도 全차로 → 종로2R → 을1R → 동화면세점 90,000명",신문로1가 등,1,1
2025-08-30,14:00,15:00,100,종로,정부청사 ⇄ 도렴R 100명,적선동,0,0
2025-08-30,14:00,17:00,500,남대문|용산,삼각지PB → 을1R 500명,이태원로,1,0
2025-08-30,14:00,19:30,5000,서초|강남,"교대역 9出 → 신논현역 5出 5,000명",이태원로,1,0
2025-08-30,16:00,18:00,500,종로|남대문,송현공원 → 효령빌딩 500명,종로 등,1,0
2025-08-30,17:00,20:30,500,남대문,서울역광장 → 중앙우체국 500명,한강대로 등,1,0
2025-08-30,18:00,21:00,10000,종로|남대문,"교보빌딩 ⇄ 종각R 10,000명",세종대로 등,0,0
2025-08-31,09:30,10:30,1000,구로,"평강제일교회 앞 1,000명",오류동,0,0
2025-08-31,11:00,13:30,90000,종로|남대문,"동화면세점~코리아나호텔 앞 편도 全차로 90,000명",세종대로,0,1
2025-09-01,18:00,20:00,100,구로,현대백화점 디큐브 시티 앞 100명,신도림동,0,0
2025-09-01,19:00,20:00,300,용산,전쟁기념관 앞 300명,용산동 1가,0,0
2025-09-01,20:00,22:00,100,도봉,방학동사거리 → 창동역 2出 앞 100명,방학동,1,0
2025-09-02,20:00,22:00,1000,남대문|중부,"중앙우체국 ⇄ 명동역 6出 1,000명",명동,0,0
2025-09-03,12:00,13:00,300,종로,연합뉴스 앞 300명,수송동,0,0
2025-09-03,19:00,20:00,500,구로,평강제일교회 → 등촌칼국수 500명,오류동,1,0
2025-09-04,11:00,17:00,150,용산|영등포,삼각지PB → 국회의사당역 2出 150명,용산동1가 등,1,0
2025-09-04,14:00,15:30,1000,영등포|마포,"의사당역 5出 앞 1,000명",여의도,0,0
2025-09-04,20:00,22:00,5000,용산,"한각징역 2出 ⇄ 이태원광장 5,000명",이태원로,0,0
2025-09-05,11:30,13:00,500,남대문,이룸센터 → 국민의힘 500명,여의도,1,0
2025-09-05,13:00,16:30,500,중부,중구청 ⇄ 중구의회 500명,예관동,0,0
2025-09-05,13:30,16:00,150,방배,남태령 시계 ⇄ 이수역 5出 150명,방배동,0,0
2025-09-05,19:30,21:00,200,남대문,중앙우체국 → 서울역 광장 200명,명동 등,1,0
2025-09-06,10:00,15:00,150,종로|남대문,동작대교 → 경복궁역 150명,세종대로 등,1,0
2025-09-06,13:00,17:00,90000,종로|중부|용산,"동화면세점~대한문 편도 全차로 90,000명",세종대로 등,0,1
2025-09-06,14:00,17:00,2000,남대문|용산,"삼각지PB → 을1R 2,000명",한강대로 등,1,0
2025-09-06,16:00,18:00,500,종로|남대문,교보빌딩 → 효령빌딩 500명,세종대로,1,0
2025-09-06,17:00,20:30,500,남대문,서울역 광장 → 중앙우체국 500명,한강대로 등,1,0
2025-09-06,18:00,21:00,10000,종로,"교보빌딩 → 광화문역 3出 10,000명",세종대로 등,1,0
2025-09-07,11:00,13:00,50000,종로|남대문,"동화면세점~대한문 편도 全차로 50,000명",세종대로 등,0,1
2025-09-07,13:30,16:00,200,마포,신촌 현대백화점 → 홍대입구역 2出 200명,동교동 등,1,0
2025-09-08,09:30,12:00,150,서초|방배,사당역 → 서울행정법원 150명,방배동,1,0
2025-09-09,10:30,12:00,100,영등포,금감원 → 한투증권 100명,여의도,1,0
2025-09-09,10:00,16:00,100,용산|서초|강남,서울행정법원 → 전쟁기념관 앞 100명,서초동 등,1,0
2025-09-09,14:00,16:00,200,용산|수서,용산역 잔디광장 → 전쟁기념관 앞 200명,용산동 등,1,0
2025-09-09,20:00,22:00,1000,남대문|중부,"중앙우체국 ⇄ 명동역 6出 1,000명",명동,0,0
2025-09-10,10:30,16:00,500,남대문,신세계백화점 본점 앞 500명,소공동,0,0
2025-09-10,14:00,16:00,100,종로|남대문|서대문,전쟁기념관 → 서울시교육청 100명,용산동1가 등,1,0
2025-09-10,14:00,16:00,500,종로|남대문|용산,용산역 잔디광장 → 전쟁기념관 앞 500명,새문안로 등,1,0
2025-09-10,14:00,17:00,500,종로|남대문,농협중앙회 → 동화면세점 500명,새문안로 등,1,0
2025-09-10,19:00,21:30,100,광진,롯대백화점 건대점 ⇄ 건대 맛의 거리 100명,자양동 등,0,0
2025-09-11,15:00,15:30,1000,종로,"SK서린빌딩 → SK에코플랜트 1,000명",서린동 등,1,0
2025-09-11,20:00,21:30,5000,용산,"한강진역 2出 ⇄ 이태원 PB 5,000명",이태원로,0,0
2025-09-12,13:00,18:00,100,남대문,시의회 본관 앞 100명,태평로1가,0,0
2025-09-12,13:30,,200,남대문,서울고용노동청 앞 200명,장교동,0,0
2025-09-12,19:00,21:00,500,종로|남대문,교보빌딩 → 광화문R 500명,세종대로 등,1,0
2025-09-12,19:30,22:00,200,남대문|중부,중앙우체국 → 서울역광장 200명,명동 등,1,0
2025-09-13,13:00,14:30,1000,남대문|중부,"서울고용청 → 숭례문R 1,000명",장교동 등,1,0
2025-09-13,13:00,14:30,1000,남대문|용산,"삼각지역 5出 → 숭례문R 1,000명",용산동1가 등,1,0
2025-09-13,13:00,18:00,90000,종로|중부,"동화면세점~대한문 ⇄ 을지로2가 90,000명",신문로1가 등,0,0
2025-09-13,14:00,15:00,1000,남대문,"세종호텔 → 숭례문R 1,000명",명동 등,1,0
2025-09-13,14:00,15:00,500,용산,전쟁기념관 앞 500명,용산동1가,0,0
2025-09-13,14:00,16:30,2000,영등포,"산업은행 측면 2,000명",여의도동,0,0
2025-09-13,14:00,17:00,2000,남대문|용산,"삼각지파출소 앞 → 을지로입구역 2,000명",한강로1가 등,1,0
2025-09-13,14:00,20:00,5000,서초|강남,"교대역 9出 ⇄ 신논현역 5,000명",강남대로 등,0,0
2025-09-13,15:00,17:30,1000,송파,"잠실역 1出 ⇄ 석촌호수R 1,000명",신천동 등,0,0
2025-09-13,16:00,17:30,100,성북,성북천 분수광장 → 길음역 롯데캐슬 100명,삼선동1가 등,1,0
2025-09-13,17:00,20:30,500,남대문,서울역광장 → 중앙우체국 500명,동자동 등,1,0
2025-09-13,18:00,20:30,10000,종로,"광화문 교보빌딩 앞 → 세종R 10,000명",세종대로,1,0
2025-09-14,09:30,10:30,1000,구로,"평강제일교회 앞 1,000명",오류동,0,0
2025-09-14,09:30,10:30,100,구로,평강제일교회 앞 제일빌딩 주차장 100명,오류동,0,0
2025-09-14,10:00,15:30,1000,종로,"보신각 ⇄ 종로2가 1,000명",종로 등,0,0
2025-09-14,11:00,13:00,50000,종로|남대문,"동화면세점~코리아나호텔 50,000명",세종대로,0,0
2025-09-14,12:00,14:00,20,종로|남대문,전쟁기념관 → 광화문R 20명,용산동1가 등,1,0
2025-09-14,17:00,19:00,20,중부|용산,DDP 서측 앞 인도 ⇄ 굿모닝시티 20명,을지로7가,0,0
2025-09-15,07:00,16:00,690,강서,대방건설 앞 ⇄ 수명산파크 2단지 690명,마곡동,0,0
2025-09-15,09:00,09:30,100,혜화,서울대병원 후문 앞 100명,동숭동,0,0
2025-09-15,16:00,17:30,100,마포,DDMC 정문 앞 100명,상암동,0,0
2025-09-15,16:30,19:00,69,영등포,금융감독원 앞 69명,여의도동,0,0
2025-09-15,18:00,19:30,200,남대문,서울고용노동청 앞 200명,장교동,0,0
2025-09-15,18:00,20:00,100,구로,현대백화점 앞 → 디큐브시티 아파트 정문 100명,신도림동,1,0
2025-09-15,19:00,21:00,100,마포,문화광장 거인동상 앞 ⇄ 올리브영 상암MBC점 100명,상암동,0,0
2025-09-15,19:30,21:30,100,성북,성북구청 바람마당 → 한성대입구역 분수마루 100명,삼선동 등,1,0
2025-09-16,10:00,13:00,200,남대문|중부,서울고용노동청 → 전쟁기념관 200명,장교동 등,1,0
2025-09-16,12:00,15:00,1000,용산,"KCC본사 앞 1,000명",서초동,0,0
2025-09-16,13:00,15:30,350,용산,전쟁기념관 앞 350명,용산동1가,0,0
2025-09-16,14:00,15:00,1500,용산,"삼각지PB~전쟁기념관 북문 1,500명",용산동1가,0,0
2025-09-16,15:00,16:00,500,마포,합정역 1出 → 서교양경회관 500명,서교동,1,0
2025-09-16,19:00,20:30,10000,영등포,"의사당역 2出~산업은행 측면 10,000명",여의도,0,0
2025-09-16,20:00,22:00,1000,남대문|중부,"중앙우체국 ⇄ 퇴2R 1,000명",명동,0,0
2025-09-17,13:30,14:30,12000,남대문,"숭례문R~시청역 8出 12,000명",세종대로,0,0
2025-09-17,15:00,17:00,12000,남대문|용산,"숭례문R → 삼각지PB 12,000명",세종대로 등,1,0
2025-09-17,19:00,21:30,150,영등포|구로,대림역 4出 → 문래근린공원 150명,구로동 등,1,0
2025-09-17,19:00,22:00,50,서초,강남역 10出 ⇄ 올리브영 서초 우성점 50명,강남대로 등,0,0
2025-09-17,20:00,21:30,100,강서,발산역 ⇄ 마커스 빌딩 100명,마곡동,0,0
2025-09-18,11:30,12:30,30,종로|남대문,광화문역 2出 → 정동길 월곡문 30명,세종대로 등,1,0
2025-09-18,12:00,13:00,2000,영등포,"산업은행 측면 2,000명",여의도동,0,0
2025-09-18,13:00,15:00,150,종로,LG생활건강빌딩 앞 150명,신문로2가,0,0
2025-09-18,13:30,15:00,1200,남대문,"서울스퀘어 앞 1,200명",남대문로,0,0
2025-09-18,14:00,16:30,2000,용산,"KDB타워~트윈시티 남산 앞 → 삼각지PB 2,000명",용산동1가 등,1,0
2025-09-18,15:00,17:00,200,강남,현대모비스 본사 앞 200명,역삼동,0,0
2025-09-18,15:00,17:00,1000,서초,"서초역 8出 → 강남역 8出 1,000명",서초대로,1,0
2025-09-18,17:00,19:00,50,남대문|용산,서울역 광장 → 삼각지역 9出 50명,한강대로,1,0
2025-09-18,20:00,21:30,5000,용산,"한강진역 2出 앞 ⇄ 이태원광장 5,000명",이태원로 등,0,0
2025-09-19,14:00,16:00,1000,혜화|성북,"마로니에 공원 ⇄ 한성대입구역 1,000명",동숭동,0,0
2025-09-19,17:00,19:00,200,종로|남대문,중앙우체국 → 대한문 200명,세종대로 등,1,0
2025-09-20,12:30,18:00,250,종로,성균관대 ⇄ 동십자R 250명,세종로 등,0,0
2025-09-20,13:00,18:00,90000,종로|중부,"동화면세점~대한문 ⇄ 을2R 90,000명",신문로1가 등,0,0
2025-09-20,14:00,17:00,2000,남대문|용산,"삼각지PB → 을1R 2,000명",한강대로 등,1,0
2025-09-20,16:00,19:00,10000,종로|남대문,"시청역 7出 ⇄ 안국R 10,000명",종로 등,0,0
2025-09-20,17:00,20:30,500,남대문,서울역 광장 → 을2R 500명,세종대로 등,1,0
2025-09-21,11:00,13:00,50000,종로|남대문,"동화면세점~코리아나호텔 편도 全차로 50,000명",세종대로,0,1
2025-09-21,14:00,17:00,1000,종로|중부,"서울고용노동청 → 정부서울청사 1,000명",장교동 등,1,0
2025-09-21,14:30,17:30,1000,남대문|혜화,"마로니에 공원~방통대 정문 1,000명",동숭동,0,0
2025-09-22,14:00,15:30,300,서초,신호빌딩 앞 300명,서초동,0,0
2025-09-22,15:00,17:00,1000,서초,"서초역 8出 → 강남역 8出 1,000명",서초대로,1,0
2025-09-23,15:00,16:00,500,마포,합정역 1出 → 서교양경회관 500명,서교동,1,0
2025-09-23,19:30,22:00,250,종로|남대문,중앙우체국 → 대한문 250명,명동 등,1,0
2025-09-24,12:00,,2000,서초,"정곡빌딩 북관 앞 2,000명",서초동,0,0
2025-09-24,14:00,15:20,200,종로,정부서울청사 → 안국역 1出 200명,적선동 등,1,0
2025-09-24,15:00,17:00,1000,서초,"서초역 8出 → 강남역 8出 1,000명",서초대로,1,0
2025-09-24,18:00,20:30,3000,영등포,"금감원 → 국회의사당역 3出 3,000명",여의도,1,0
2025-09-25,09:00,,500,종로,광화문KT 별관 서측 인도 1개차로 未定 500명,청진동,0,1
2025-09-25,10:30,18:00,100,남대문,원자력안전위원회 앞 인도 100명,남창동,0,0
2025-09-25,09:00,11:00,1500,광진,"광진구청 정문 앞 1,500명",자양동,0,0
2025-09-25,10:00,12:00,299,남대문,서울시청 별관 앞 299명,태평로1가,0,0
2025-09-25,10:30,11:30,500,남대문,남산 롯데캐슬 앞 500명,회현동2가,0,0
2025-09-25,13:00,14:00,50,용산,전쟁기념관 앞 인도 50명,용산동1가,0,0
2025-09-25,14:00,16:00,200,영등포,KB국민은행 신관 앞 200명,여의도동,0,0
2025-09-25,14:00,16:00,500,영등포,국회의사당역 3出 앞 500명,여의도동,0,0
2025-09-25,18:30,20:00,300,용산,전쟁기념관 앞 300명,용산동1가,0,0
2025-09-25,19:00,21:00,150,영등포|구로,대림역 4出 → 문래근린공원 앞 150명,영등포동,1,0
2025-09-26,11:00,14:30,30000,종로|남대문,"동화면세점~대한문 → 전쟁기념관 30,000명",세종대로 등,1,0
2025-09-26,13:00,17:30,1000,용산|강남|수서,"강남구 견인차량보관소 → 삼성동 186-4 1,000명",대치동 등,1,0
2025-09-26,15:00,17:00,2000,강남,"현대모비스 본사 앞 2,000명",역삼동,0,0
2025-09-26,19:00,21:00,5000,종로|남대문,"동화면세점 → 광화문R 5,000명",세종대로 등,1,0
2025-09-26,19:30,22:00,250,종로|남대문,중앙우체국 → 대한문 250명,명동 등,1,0
2025-09-27,13:00,16:00,20000,영등포,"의사당대로 양방 全차로 20,000명",여의도,0,1
2025-09-27,13:00,18:00,90000,종로|중부,"동화면세점~대한문 편도 全차로 ⇄ 을1R 90,000명",세종대로 등,0,1
2025-09-27,14:00,17:00,2000,남대문|용산,"삼각지PB → 을1R 2,000명",한강대로 등,1,0
2025-09-27,15:00,18:00,30000,종로,"동십자R~내자R 편도 全차로 → 광화문R 30,000명",우정국로 등,1,1
2025-09-27,16:00,19:00,10000,남대문,"시청역 7出 → 태평R 10,000명",세종대로 등,1,0
2025-09-27,16:00,19:00,400,송파,젠코아빌딩 → 송파구청R 400명,삼전동 등,1,0
2025-09-27,16:00,19:30,500,남대문,서울역 광장 → 하나금융 명동점 500명,세종대로 등,1,0
2025-09-28,11:00,13:00,50000,종로|남대문,"동화면세점~코리아나호텔 편도 全차로 50,000명",세종대로,0,1
2025-09-28,14:00,15:00,400,남대문,서울역 광장 → 숭례문R 400명,봉래동 등,1,0
2025-09-28,14:00,18:00,15000,남대문,"시청역 7出~숭례문R 편도 全차로 15,000명",세종대로,0,1
2025-09-29,08:00,11:00,300,영등포,KB금융지주 신관 앞 300명,여의도,0,0
2025-09-29,15:00,17:00,1000,서초,"서초역 8出 → 강남역 8出 1,000명",서초대로,1,0
2025-09-30,15:00,16:00,500,종로,서울시청 → 정부서울청사 500명,세종대로 등,1,0
2025-09-30,19:30,21:30,100,서초|강남,강남역 삼성스토어 ⇄ 신논현역 5出 100명,강남대로,0,0
2025-10-01,09:00,16:30,2500,강서,"김포공항 국내선 4G → 한국공항공사 2,500명",방화동,1,0
2025-10-01,11:00,14:00,150,서초,우면동 성당 앞 150명,우면동,0,0
2025-10-01,13:00,16:00,60,남대문|용산,서울시청 ⇄ 전쟁기념관 60명,태평로1가 등,0,0
2025-10-01,15:00,17:00,1000,서초,"서초역 8出 → 강남역 8出 1,000명",서초대로,1,0
2025-10-01,16:00,19:00,300,영등포,여의도 국민은행 서관 앞 300명,여의도,0,0
2025-10-01,19:00,20:30,300,서초,SSI아트디자인학원 앞 300명,서초동,0,0
2025-10-01,19:00,20:00,500,구로,평강제일교회 앞 500명,오류동,0,0
2025-10-02,10:00,11:00,500,구로,평강제일교회 앞 500명,오류동,0,0
2025-10-02,10:00,12:00,200,남대문,서울역 1出 앞 200명,봉래동,0,0
2025-10-02,10:00,18:00,2000,서초,"정곡빌딩 남관 앞 2,000명",서초동,0,0
2025-10-02,19:30,22:00,250,종로|남대문,중앙우체국 → 대한문 250명,명동,1,0
2025-10-03,11:00,13:00,250,종로,송현공원 → 보신각 250명,송현동 등,1,0
2025-10-03,11:00,16:30,500,종로|남대문|용산,현충원 입구 → 광화문 월대 500명,한강대로 등,1,0
2025-10-03,12:00,18:00,3000,종로|남대문|동작,"서울역 4出 → 종로5R 3,000명",동자동 등,1,0
2025-10-03,12:30,14:00,5000,종로|혜화,"혜화역 1出 → 서린R 5,000명",동숭동 등,1,0
2025-10-03,13:00,18:00,90000,종로|남대문|용산,"동화면세점~대한문 / 교보빌딩 광화문 2出 편도 全차로 90,000명",세종대로 등,0,1
2025-10-03,14:30,16:00,10000,종로|혜화,"동대문역 10出 → 광화문 월대 10,000명",종로 등,1,0
2025-10-03,15:00,17:00,1500,종로|남대문,"시청 동편 ⇄ 한은R 1,500명",종로 등,0,0
2025-10-03,16:00,20:00,10000,종로,"고궁박물관 앞 2개차로 10,000명",사직로,0,1
2025-10-04,13:00,16:00,300,종로|남대문,베를린 광장 ⇄ 종1R 300명,장교동 등,0,0
2025-10-04,14:00,19:30,300,종로|서초,"종로타워 → 송현공원 14:0~17:00 300명  교대역 9出 ⇄ 신논현역 5,000명",우정국로 등 강남대로,1,0
2025-10-04,16:00,18:00,300,종로|남대문,SK서린빌딩 ⇄ 안국R 300명,서린동 등,0,0
2025-10-04,18:00,21:00,300,마포,홍대입구역 7出 ⇄ 홍대 정문 300명,서교동 등,0,0
2025-10-05,09:30,10:30,1000,구로,"평강제일교회 앞 1,000명",오류동,0,0
2025-10-05,11:00,13:00,50000,종로|남대문,"동화면세점~코리아나 호텔 앞 편도 全차로 50,000명",세종대로,0,1
2025-10-06,16:16,17:30,30,남대문,시의회 본관 앞 30명,태평로1가,0,0
2025-10-07,18:00,,300,종로,SK서린빌딩 남측 300명,서린동,0,0
2025-10-08,12:00,13:00,300,종로,연합뉴스 앞 300명,수송동,0,0
2025-10-08,12:00,13:00,90,종로,소녀상 좌우측 인도 90명,수송동,0,0
2025-10-09,09:00,11:00,5000,남대문|용산,"시청광장 → 효창운동장 5,000명",태평로1가 등,1,0
2025-10-09,14:00,17:00,100,영등포,국회 앞 100명,여의도,0,0
2025-10-10,17:00,19:00,50,남대문|용산,서울역 광장 → 삼각지역 9出 50명,한강대로,1,0
2025-10-10,19:30,21:30,100,관악,서울대입구역 5出 ⇄ 경기수협관악점 100명,봉천동 등,0,0
2025-10-10,19:30,22:00,250,종로|남대문,중앙우체국 → 대한문 250명,명동 등,1,0
2025-10-11,13:00,17:00,90000,종로|남대문,"동화면세점~시의회 편도 全차로 90,000명",신문로1가 등,0,1
2025-10-11,14:00,17:00,2000,남대문|용산,"삼각지PB → 하나금융그룹 2,000명",한강대로 등,1,0
2025-10-11,16:00,20:30,500,남대문,서울역 광장 → 명동역 1出 500명,봉래동 등,1,0
2025-10-11,17:00,20:00,5000,서초|강남,"서초역 8出 → 신논현역 5,000명",반포대로 등,1,0
2025-10-12,11:00,13:00,50000,종로|남대문,"동화면세점~코리아나 호텔 편도 全차로 50,000명",세종대로,0,1
2025-10-12,14:00,17:30,500,종로|남대문,송현공원 → 효령빌딩 500명,세종대로 등,1,0
2025-10-13,10:00,17:00,100,영등포,국회 앞 100명,여의도,0,0
2025-10-13,11:00,13:00,100,마포,마포구청 → 마포요양병원 100명,성산동,1,0
2025-10-13,19:30,22:30,500,노원,수락산역 3出 → 노원 교보빌딩 500명,상계동 등,1,0
2025-10-14,08:00,13:00,100,종로,정부서울청사 정문 앞 우측 인도상 100명,적선동,0,0
2025-10-14,08:00,18:00,1000,영등포,"KB금융지주 신관 앞 인도 및 하위 2개차로 1,000명",여의도동,0,1
2025-10-14,11:30,12:00,500,종로,광화문 KT 본관 서측 인도상 500명,세종로,0,0
2025-10-14,12:00,14:00,180,종로|남대문,덕수궁 월곡문 → 광화문 KT 180명,정동 등,1,0
2025-10-14,12:00,13:00,100,마포,상암문화광장 거인동상 앞 100명,상암동,0,0
2025-10-14,13:00,16:00,450,용산,전쟁기념관 앞 인도 450명,용산동1가,0,0
2025-10-14,14:00,15:30,1500,영등포,"국민은행 서관 앞 인도 및 보조도로 1,500명",여의도동,0,0
2025-10-14,14:30,,200,남대문,서울고용노동청 앞 인도 未定 200명,장교동,0,0
2025-10-14,18:00,19:00,100,용산,전쟁기념관 앞 인도 100명,용산동1가,0,0
2025-10-14,20:00,21:00,500,종로|남대문,SC제일은행 → 서울역 광장 500명,세종대로 등,1,0
2025-10-14,21:00,,500,남대문,서울역 광장 翌05:00 500명,봉래동,0,0
2025-10-15,12:00,14:00,360,송파,젠코리아 빌딩 → 잠실새내역 7出 360명,삼전동,1,0
2025-10-15,15:00,17:00,1000,서초,"서초역 8出 → 강남역 8出 1,000명",서초대로,1,0
2025-10-15,14:00,17:00,300,영등포,샛강역 1出 → 국민은행 서관 300명,여의도,1,0
2025-10-15,19:00,21:00,100,광진,구의공원 → 건대롯데 백화점 100명,자양동,1,0
2025-10-15,19:30,22:00,100,관악,봉림교 ⇄ 신림역 3出 100명,신림동,0,0
2025-10-16,14:00,16:00,3000,관악|동작,"롯데백화점 관악점 → 전문건설회관 앞 3,000명",신대방동 등,1,0
2025-10-16,14:00,16:00,5000,용산,"삼각지PB → 전쟁기념관 앞 5,000명",한강로1가,1,0
2025-10-16,19:00,22:00,180,영등포|구로,대림역 4出 → 문래근린공원 180명,대림동 등,1,0
2025-10-17,19:30,22:00,250,종로|남대문,중앙우체국 → 서울역 광장 250명,명동 등,1,0
2025-10-17,20:00,22:30,100,서초,강남역 10出 ⇄ 무신사스토어 100명,강남대로,0,0
2025-10-18,11:00,15:30,1000,남대문,"효령빌딩 ⇄ 숭례문R 1,000명",무교동 등,0,0
2025-10-18,13:00,17:00,90000,종로|남대문,"동화면세점~시의회 ⇄ 종1R 90,000명",신문로1가 등,0,0
2025-10-18,14:00,17:00,2000,남대문|용산,"삼각지PB → 을1R 2,000명",한강대로 등,1,0
2025-10-18,15:00,18:00,10000,종로|남대문,"적선R → 광화문R 10,000명",세종대로 등,1,0
2025-10-18,16:00,17:30,2000,서초|강남,"삼성역 K타워 → 서초 능라도 2,000명",반포대로 등,1,0
2025-10-18,16:00,18:00,3000,종로|남대문,"보신각 ⇄ 세종R 3,000명",종로1가,0,0
2025-10-18,16:00,20:30,500,남대문,서울역 광장 → 명동역 1出 500명,한강대로 등,1,0
2025-10-18,17:00,20:00,5000,서초|강남,"서초역 2出 → 강남CGV 5,000명",반포대로 등,1,0
2025-10-18,17:30,20:00,1000,용산,"이태원 광장 → 루터교회 1,000명",한남대로 등,1,0
2025-10-19,09:30,10:30,1000,구로,"평강제일교회 앞 1,000명",오류동,0,0
2025-10-19,11:00,13:00,50000,종로|남대문,"동화면세점~코리아나호텔 편도 全차로 50,000명",세종대로,0,1
2025-10-19,16:00,18:00,300,구로,철산역 4出 → 남부구치소 300명,천왕동 등,1,0
2025-10-20,08:30,15:30,1000,남대문,"시청 등 3개소 1,000명",태평로1가,0,0
2025-10-20,16:00,23:59,400,마포,LG헬로비전 본사 앞 400명,상암동,0,0
2025-10-21,14:00,15:30,2000,영등포,"국회 → 산업은행 2,000명",여의도,1,0
2025-10-21,16:00,23:59,400,마포,LG헬로비전 본사 앞 400명,상암동,0,0
2025-10-21,19:00,20:00,300,수서,오토웨이 타워 앞 300명,대치동,0,0
2025-10-22,11:30,13:00,300,수서,롯데 하이마트 ⇄ 도곡역 300명,대치동,0,0
2025-10-22,12:00,13:00,300,종로,연합뉴스 앞 300명,수송동,0,0
2025-10-22,19:00,21:00,50,종로|남대문,서울시의회 → 적선 현대빌딩 50명,세종대로,1,0
2025-10-22,19:30,21:30,100,관악,봉림동 ⇄ 신림역 1出,신림동,0,0
2025-10-23,08:50,11:00,1000,남대문,"시청 동편 1,000명",태평로,0,0
2025-10-23,11:30,13:00,200,서초,삼성화재 본사 앞 200명,서초동,0,0
2025-10-23,16:00,18:30,50,남대문|용산,서울역 광장 → 삼각지역 9出 50명,한강대로,1,0
2025-10-23,19:00,22:00,10000,종로,"동화면세점 앞 10,000명",신문로1가,0,0
2025-10-23,19:30,21:00,100,성동,성수역 4出 → 성수사거리 100명,성수동 2가,1,0
2025-10-23,20:00,21:30,100,강북,강북구청 앞 → 상산 어린이 공원 100명,수유동 등,1,0
2025-10-24,06:00,22:00,10000,종로,"동화면세점 앞 10,000명",신문로 1가,0,0
2025-10-24,13:00,15:00,100,종로|남대문,서울시청 � 정부서울청사 100명,세종대로,0,0
2025-10-24,19:30,22:00,250,종로|남대문,중앙우체국 → 서울역 광장 250명,명동 등,1,0
2025-10-24,19:30,22:00,150,성동,구두테마공원 � 성수2가 3주민센터 150명,성수동 등,0,0
2025-10-24,20:00,22:00,100,서초,강남역 10出 � 무신사 스토어 100명,강남대로,0,0
2025-10-24,20:00,22:00,1000,서초,"사랑의교회 앞 1,000명",서초동,0,0
2025-10-25,13:00,17:00,50000,종로|남대문,"동화면세점~서울시의회 편도 全차로 50,000명",신문로1가 등,0,1
2025-10-25,13:30,17:00,2000,종로|혜화,"동대문역 10出 → 동십자R 2,000명",사직로 등,1,0
2025-10-25,14:00,15:00,5000,남대문,"숭례문R~태평R 편도 全차로 5,000명",태평로1가,0,1
2025-10-25,14:00,15:30,1000,남대문,"예금보험공사 앞 1,000명",다동,0,0
2025-10-25,14:00,15:30,2000,용산,"삼각지역 1出 앞 2,000명",한강로1가,0,0
2025-10-25,14:00,15:30,500,종로,효자치안센터 앞 → 적선R 500명,효자동 등,1,0
2025-10-25,14:00,17:00,1000,종로|중부,"서울시청 동편 → 신한은행 본점 1,000명",태평로1가 등,1,0
2025-10-25,14:00,17:00,2000,남대문|용산,"삼각지파출소 앞 → 을지로입구역 2,000명",한강로1가 등,1,0
2025-10-25,14:00,17:00,2000,남대문|용산,"이태원역 1出 → 서울시청 2,000명",이태원동 등,1,0
2025-10-25,15:00,17:30,5000,종로|남대문,"숭례문R~태평R 편도 全차로 → 광화문역 2出 5,000명",태평로1가 등,1,1
2025-10-25,16:00,19:00,5000,서초|강남,"서초역 1出 → 강남 CGV 5,000명",서초동 등,1,0
2025-10-25,16:30,18:00,200,남대문|용산,삼각지파출소 → 서울역 광장 200명,한강로1가 등,1,0
2025-10-26,09:30,11:00,1000,구로,"평강제일교회 앞 1,000명",오류동,0,0
2025-10-26,09:30,11:00,100,구로,평강제일교회 앞 제일빌딩 주차장 100명,오류동,0,0
2025-10-26,10:30,13:00,10,남대문,파이낸스 소공원 앞 인도 10명,태평로1가,0,0
2025-10-26,11:00,13:00,50000,종로|남대문,"동화면세점~서울시의회 편도 全차로 50,000명",세종대로,0,1
2025-10-26,14:00,16:30,200,종로|남대문,종각역 6出 → 명동역 6出 200명,서린동,1,0
2025-10-26,15:00,18:00,300,종로,교보빌딩 앞 인도 300명,세종대로,0,0
2025-10-27,09:30,10:30,300,남대문,연세빌딩 앞 300명,남대문로4가,0,0
2025-10-27,11:00,13:00,1000,영등포,"KB국민은행 신관 앞 1,000명",여의도,0,0
2025-10-27,12:00,,300,영등포,영등포경찰서 정문 앞 未定 300명,국회대로,0,0
2025-10-27,13:00,16:00,1000,서초,"사랑의교회 서측 2개 차로 1,000명",서초동,0,1
2025-10-27,14:00,17:00,50,용산,신동아건설 북측 50명,이촌동,0,0
2025-10-27,15:00,17:00,50,서초,서초역 8出 → 강남역 8出 50명,서초동 등,1,0
2025-10-27,19:00,20:30,300,용산,이태원광장 → 이태원역 4出 300명,이태원동,1,0
2025-10-27,20:00,22:00,1000,서초,"사랑의교회 서측 2개 차로 1,000명",서초동,0,1
2025-10-28,13:00,15:00,100,종로,LG광화문 빌딩 앞 100명,신문로2가,0,0
2025-10-28,16:00,18:00,100,서초,AT센터 앞 100명,양재동,0,0
2025-10-28,18:00,19:00,200,남대문,서울고용청 앞 200명,장교동,0,0
2025-10-29,11:30,14:00,360,송파,젠코아빌딩 ⇄ 종합운동장사거리 360명,삼전동,0,0
2025-10-29,14:00,17:00,1000,종로|중부,"서울고용청 → 정부서울청사 1,000명",장교동,1,0
2025-10-29,20:00,21:30,100,남대문|관악,서울대입구역 5出 ⇄ 경기수협관악점 100명,봉천동 등,0,0
2025-10-29,20:00,22:00,1000,서초,"사랑의교회 앞 1,000명",서초동,0,0
2025-10-30,10:00,11:00,500,구로,평강제일교회 → 등촌칼국수 500명,오류동,1,0
2025-10-30,11:30,13:00,200,서초,삼성화재 본사 앞 200명,서초동,0,0
2025-10-30,16:00,18:30,50,남대문|용산,서울역 광장 → 삼각지역 9出 50명,한강대로 등,1,0
2025-10-30,20:00,22:00,1000,서초,"사랑의교회 서측 1,000명",서초동,0,0
2025-10-31,14:00,21:00,1000,서초,"사랑의교회 앞 1,000명",서초동,0,0
2025-10-31,19:30,22:00,180,종로|남대문,중앙우체국 → 서울역 광장 180명,세종대로,1,0
2025-10-31,19:30,21:30,100,동작,노량진역 1出 ⇄ 장승배기역 5出 100명,노량진동,0,0
2025-10-31,20:00,22:00,50,서초|강남,삼성스토어 ⇄ CGV강남 50명,강남대로,0,0
2025-11-01,13:00,15:30,200,용산,용산역 광장 → 전쟁기념관 200명,용산동 1가,1,0
2025-11-01,13:00,17:00,50000,종로|남대문,"동화면세점~시의회 편도 全차로 50,000명",신문로1가 등,0,1
2025-11-01,14:00,17:00,2000,남대문|용산,"삼각지PB → 을1R 2,000명",한강대로 등,1,0
2025-11-01,14:00,17:00,1000,종로,"보신각 ⇄ 적선R 1,000명",관철동,0,0
2025-11-01,14:00,18:00,3000,서초|강남,"조선팰리스 호텔 → 교대역 9出 3,000명",서초대로 등,1,0
2025-11-01,14:00,19:30,1500,종로|남대문|중부,"서울역 광장 ⇄ 동십자R 1,500명",세종대로,0,0
2025-11-01,15:30,17:30,1000,마포|혜화,"합정동 웰빙할인마트 → 홍대입구역 4出 1,000명",양화로,1,0
2025-11-01,16:00,19:00,5000,서초|강남,"서초역 2出 → 강남CGV 5,000명",강남대로 등,1,0
2025-11-01,18:00,20:00,500,마포|수서,홍대입구역 7出 ⇄ 서교동R 500명,동교동 등,0,0
2025-11-02,12:00,15:30,400,영등포|구로,고대구로병원 후문 → 대림역 6出 400명,구로동,1,0
2025-11-02,11:00,13:00,50000,종로|남대문,"동화면세점~시의회 편도 全차로 50,000명",신문로1가 등,0,1
2025-11-02,15:00,17:00,5000,남대문,"대한문~시의회 3개차로 5,000명",태평로1가,0,1
2025-11-03,13:00,14:00,50,방배,엘루체컨벤션 → 반포 플라자 50명,반포동,1,0
2025-11-03,20:00,22:00,500,노원,등나무 근린공원 → 노원역 교보빌딩 500명,중계동,1,0
2025-11-04,10:00,11:00,300,용산,전쟁기념관 앞 300명,용산동1가,0,0
2025-11-04,11:30,12:30,3000,남대문,"기업은행 본점 앞 3,000명",저동,0,0
2025-11-04,16:00,17:30,100,영등포,의사당역 2出 ⇄ 여의도 공원 100명,여의도,0,0
2025-11-05,12:00,13:00,300,종로,연합뉴스 앞 300명,수송동,0,0
2025-11-05,16:00,17:00,500,서초|강남,강남파고다 ⇄ 신논현역 500명,역삼동,0,0
2025-11-05,19:30,20:30,50,종로|수서,광화문KT → 정부서울청사 50명,세종대로,1,0
2025-11-05,19:30,21:30,100,동작,노량진역 1出 ⇄ 노량진 삼거리 100명,노량진동 등,0,0
2025-11-06,10:30,,500,서초,서희건설 앞 17:0 500명,서초동,0,0
2025-11-06,15:00,16:00,500,서초,현대차 본사 앞 500명,양재동,0,0
2025-11-06,19:00,21:00,200,종로,글로벌센터 → 정부서울청사 200명,서린동,1,0
2025-11-06,19:30,21:30,200,송파,송파역 3出 → 동부구치소 200명,가락동 등,1,0
2025-11-07,19:00,,300,종로|남대문|중부,전태일 다리 → 명동역 1出 翌08:00 300명,종로5가 등,1,0
2025-11-07,19:30,22:00,180,종로|중부|혜화,중앙우체국 → 교보빌딩 180명,세종대로,1,0
2025-11-07,20:00,22:00,50,남대문|서초|강남,삼성스토어 ⇄ CGV강남 50명,강남대로,0,0
2025-11-07,20:00,21:30,100,강서,발산역 → 마곡나루역 100명,마곡동,1,0
2025-11-08,12:00,14:00,750,종로|중부,예금보험공사 → DDP사거리 750명,다동 등,1,0
2025-11-08,13:00,15:00,700,남대문|중부,남산스퀘어 → 맥스타일 앞 700명,충무로3가,1,0
2025-11-08,13:00,17:00,50000,종로|남대문,"동화면세점~시의회 편도 全차로 50,000명",신문로1가 등,0,1
2025-11-08,13:00,23:59,2000,용산,"삼각지PB~전쟁기념관 북문 2,000명",한강로1가,0,0
2025-11-08,13:30,14:30,1000,종로,"정부서울청사 북측 1,000명",세종대로,0,0
2025-11-08,13:30,14:20,12000,종로|혜화,"종로5가역 → 흥인지문R 12,000명",종로5가 등,1,0
2025-11-08,13:30,15:10,800,종로|중부,세운광장 → DDP 사거리 800명,종로3가 등,1,0
2025-11-08,14:00,15:30,50000,영등포|혜화,"마포대교 남단~서울교 50,000명",여의대로,0,0
2025-11-08,13:30,14:20,50000,중부|혜화,"흥인지문R~DDP사거리 50,000명",을지로6가 등,0,0
2025-11-08,15:00,17:30,50000,종로|남대문|중부,"흥인지문R~DDP사거리 50,000명",을지로6가 등,0,0
2025-11-08,16:00,19:00,5000,서초|강남|혜화,"서초역 8出 → 강남CGV 5,000명",강남대로 등,1,0
2025-11-09,11:30,13:00,50000,종로|남대문,"동화면세점~시의회 앞 편도 全차로 50,000명",신문로1가 등,0,1
2025-11-09,18:30,21:00,100,광진,구의공원 → 자양R 신한은행 100명,자양동,1,0
2025-11-10,14:00,16:00,1000,중부,"서울고용노동청 앞 1,000명",장교동,0,0
2025-11-10,19:30,21:00,100,강북,강북구청 → 상산 어린이공원 100명,수유동,1,0
2025-11-11,11:30,13:00,1000,영등포,"KB국민은행 신관 앞 1,000명",여의도,0,0
2025-11-11,14:00,18:00,1000,영등포,"의사당역 3出 ⇄ 국민의힘 1,000명",여의도,0,0
2025-11-11,19:30,21:30,100,서초|강남,강남역 삼성스토어 ⇄ 신논현역 5出 100명,강남대로,0,0
2025-11-12,07:30,10:00,100,종로,정부서울청사 ⇄ 적선R 100명,적선동,0,0
2025-11-12,09:00,18:00,3000,남대문,"서울시청 서소문 별관 앞 3,000명",정동,0,0
2025-11-12,11:30,14:00,300,송파,신흥빌딩 → 젠코아빌딩 300명,삼전동,1,0
2025-11-13,16:00,,1000,서초,"중앙지검 서문 앞 1,000명",반포대로,0,0
2025-11-13,18:30,20:00,200,마포,카라 더불어숨센터 ⇄ 망원역 1出 200명,서교동 등,0,0
2025-11-13,19:00,21:00,200,종로,글로벌센터 → 정부서울청사 200명,서린동,1,0
2025-11-13,19:00,,10000,종로,"동화면세점 앞 翌07:00 10,000명",신문로1가,0,0
2025-11-14,06:00,23:59,10000,종로,"동화면세점 앞 10,000명",신문로1가,0,0
2025-11-14,16:00,18:30,500,남대문|용산,서울역 광장 → 삼각지역 9出 500명,한강대로,1,0
2025-11-14,19:30,21:30,100,성동,성수역 4出 ⇄ 구두테마공원 100명,성수동 2가,0,0
2025-11-14,19:30,22:00,180,종로|중부,중앙우체국 → 교보빌딩 180명,세종대로,1,0
2025-11-15,13:00,17:00,50000,종로|남대문,"동화면세점~시의회 편도 全차로 50,000명",신문로1가 등,0,1
2025-11-15,13:30,18:00,5000,서초|강남,"조선팰리스호텔 → 교대역 9出 5,000명",강남대로 등,1,0
2025-11-15,14:00,16:00,200,종로|남대문,시청동편 → 세운상가 200명,태평로 등,1,0
2025-11-15,14:00,16:00,300,용산|혜화,전쟁기념관 앞 300명,용산동1가,0,0
2025-11-15,14:00,17:00,1000,종로,"의정부터 서측 → 광화문R 1,000명",세종대로,1,0
2025-11-15,14:00,17:00,2000,남대문|용산,"삼각지PB → 을입구R 2,000명",한강대로 등,1,0
2025-11-15,14:00,17:00,5000,강남,"K타워 앞 → 강남 CGV 5,000명",강남대로 등,1,0
2025-11-15,15:00,18:30,5000,서초|강남,"서초역 2出 → 강남CGV 5,000명",강남대로 등,1,0
2025-11-15,16:00,20:00,500,남대문|수서,서울역 광장 → 명동역 1出 500명,세종대로,1,0
2025-11-15,18:00,20:00,500,마포,홍대입구역 7出 → 서교동R 500명,소교동 등,1,0
2025-11-16,11:00,13:00,50000,종로|남대문,"동화면세점~시의회 50,000명",신문로1가 등,0,0
2025-11-16,11:00,13:00,5000,남대문,"태평R~숭례문R 5,000명",태평로1가,0,0
2025-11-16,14:00,16:00,600,영등포,KB국민은행 서관 → 국민의힘 → 더불어민주당 600명,여의도,1,0
2025-11-17,09:30,11:00,1500,광진,"광진구청 앞 1,500명",자양동,0,0
2025-11-17,10:00,11:30,300,남대문,시청 서편 300명,태평로,0,0
2025-11-17,14:00,15:30,300,마포,LG헬로비전 앞 300명,상암동,0,0
2025-11-17,17:30,18:30,1000,종로,"서울시 교육청 앞 1,000명",신문로2가,0,0
2025-11-18,11:00,12:30,1000,영등포,"KB국민은행 신관 앞 1,000명",여의도,0,0
2025-11-18,12:00,13:00,250,마포,SK스토아 앞 250명,상암동,0,0
2025-11-18,19:00,21:00,200,종로,글로벌센터 → 정부서울청사 200명,서린동,1,0
2025-11-18,19:30,21:30,100,서초|강남,강남역 삼성스토어 ⇄ 신논현역 100명,강남대로,0,0
2025-11-19,14:00,15:00,150,영등포,민주당 → 국민의힘 150명,여의도,1,0
2025-11-19,14:00,17:00,300,영등포,국회의사당역 2出 ⇄ 국민의힘 앞 300명,여의도,0,0
2025-11-19,19:30,21:30,100,동작,노량진역 1出 ⇄ 장성교회 100명,노량진동,0,0
2025-11-20,09:00,18:00,500,영등포,한양증권 앞 500명,여의도,0,0
2025-11-20,11:00,12:00,1500,영등포,"산업은행 앞 1,500명",여의도,0,0
2025-11-20,12:30,14:30,8000,영등포,"의사당역 5出~더샾 아일랜드 8,000명",여의도,0,0
2025-11-20,14:30,16:30,200,영등포,산업은행 측면 200명,여의도,0,0
2025-11-20,15:00,17:30,50,남대문|용산,서울역 광장 → 삼각지역 9出 50명,한강대로,1,0
2025-11-21,14:00,16:00,8000,영등포,"의사당역 5出~더샾 아일랜드 8,000명",여의도,0,0
2025-11-21,19:30,22:00,50,남대문|용산|성동,서울역 광장 → 삼각지역 9出 1500~17:30 50명  성수역 4出 ⇄ 구두테마공원 100명,한강대로 성수동2가,1,0
2025-11-22,10:00,12:30,1000,남대문|중부,"시청동편 → 자유총연맹 1,000명",세종대로 등,1,0
2025-11-22,13:00,18:00,50000,종로|남대문,"동화면세점~시의회 편도 全차로 50,000명",세종대로 등,0,1
2025-11-22,14:00,17:00,2000,서초,"논현역 7出 → 중앙지검 2,000명",강남대로 등,1,0
2025-11-22,14:00,17:00,2000,남대문|용산,"삼각지PB → 을입구R 2,000명",한강대로 등,1,0
2025-11-22,15:00,17:00,10000,남대문,"태평R~숭례문R ⇄을1R 10,000명",태평로1가,0,0
2025-11-22,16:00,19:00,5000,서초|강남,"서초역 8出 → 강남CGV 5,000명",강남대로 등,1,0
2025-11-23,11:00,13:00,50000,종로|남대문,"동화면세점~시의회 앞 편도 全차로 50,000명",세종대로 등,0,1
2025-11-23,13:30,16:00,5000,종로|혜화,"동십자R~광화문 ⇄ 종3R 5,000명",세종로 등,0,0
2025-11-23,14:00,18:00,500,서초|강남,강남역 11出 ⇄ 신논현역 8出 500명,서초동,0,0
2025-11-23,15:30,17:30,120,마포,합정역 9出 → 딜라이트스퀘어 2차 120명,서교동,1,0
2025-11-24,08:00,16:00,690,방배,이수건설 앞 690명,반포동,0,0
2025-11-24,14:00,15:00,300,영등포,산업은행 정문 300명,여의도,0,0
2025-11-25,07:30,18:00,300,중부,동대입구역 앞 300명,장충동,0,0
2025-11-25,11:00,12:30,1000,영등포,"KB국민은행 신관 앞 1,000명",여의도,0,0
2025-11-25,12:00,15:00,300,강남,현대모비스 본사 앞 300명,역삼동,0,0
2025-11-25,14:00,15:00,200,종로,흥국생명 빌딩 앞 200명,새문안로,0,0
2025-11-25,14:00,15:30,400,용산,전쟁기념관 앞 400명,용산동 1가,0,0
2025-11-25,15:00,17:30,500,송파,몽촌토성역 1出 ⇄ 쿠팡본사 500명,신천동,0,0
2025-11-26,11:00,13:00,500,남대문,SKT 타워 앞 500명,을지로2가,0,0
2025-11-26,14:00,16:00,1000,영등포,"국회의사당역 5出 → 더불어민주당·국민의힘 당사 1,000명",여의도,1,0
2025-11-26,14:00,16:00,1000,남대문|중부,"서울고용청 앞 1,000명",장교동,0,0
2025-11-26,14:00,17:00,300,영등포,국회의사당역 3出 ⇄ 국민의힘 당사 300명,여의도,0,0
2025-11-26,19:30,21:30,100,동작,노량진역 ⇄ 장성교회 100명,노량진동,0,0
2025-11-27,10:30,11:30,3000,남대문,"도시건축전시관~대한문 3,000명",태평로1가,0,0
2025-11-27,13:00,15:00,1000,영등포,"의사당역 3出~삼희빌딩3R 1,000명",여의도,0,0
2025-11-27,18:30,20:30,2000,남대문,"농협중앙회 앞 2,000명",충정로2가,0,0
2025-11-28,09:00,18:00,500,영등포,한양증권 앞 500명,여의도,0,0
2025-11-28,14:00,16:00,200,서초,현대차 본사 앞 200명,양재동,0,0
2025-11-28,19:00,20:00,300,용산,전쟁기념관 앞 300명,용산동1가,0,0
2025-11-28,19:30,22:00,180,종로|남대문,종앙우체국 → 종로3가역 8出 180명,서린동 등,1,0
2025-11-29,12:50,13:50,2000,용산,"삼각지역 1出 2,000명",한강로1가,0,0
2025-11-29,13:00,18:00,50000,종로|남대문,"동화면세점~시의회 편도 全차로 50,000명",신문로1가 등,0,1
2025-11-29,14:00,15:00,2000,용산,"삼각지역 1~3出 앞 2,000명",한강로1가,0,0
2025-11-29,14:00,16:00,5000,종로,"동십자R~광화문 월대 5,000명",사직로,0,0
2025-11-29,14:30,16:30,1000,서초,"정곡빌딩 → 서초역 2出 1,000명",서초동 등,1,0
2025-11-29,15:00,,5000,서초|강남,"조선팰리스호텔 → 법원3R 0~16:30 5,000명",강남대로 등,1,0
2025-11-29,15:00,19:00,3000,종로|남대문,"서울역 4出 → 종로3가역 3,000명",한강대로 등,1,0
2025-11-29,16:00,19:00,5000,서초|강남,"서초역 8出 → 강남 CGV 5,000명",강남대로 등,1,0
2025-11-30,11:00,13:00,50000,종로|남대문,"동화면세점~시의회 편도 全차로 50,000명",신문로1가 등,0,1
2025-11-30,14:00,16:00,200,종로,글로벌센터 → 정부서울청사 200명,세종대로 등,1,0
2025-11-30,14:00,16:30,200,종로,글로벌센터 → 종각역 6出 200명,우정국로 등,1,0
2025-12-01,08:00,10:00,100,종로,정부서울청사 ⇄ 적선R 100명,적선동,0,0
2025-12-01,14:30,15:30,1500,영등포,"의사당역 3出 앞 1,500명",여의도,0,0
2025-12-02,18:30,20:30,2000,남대문,"농협중앙회 앞 2,000명",충정로2가,0,0
2025-12-02,19:30,21:00,500,용산,용산역 광장 앞 500명,한강로3가,0,0
2025-12-03,12:00,17:00,3000,영등포,"의사당역 5出 ⇄ 여의도역 3,000명",여의도,0,0
2025-12-03,13:00,15:00,500,용산,전쟁기념관 ⇄ 미8군 2G 500명,용산동1가,0,0
2025-12-03,14:00,16:30,500,영등포,국회의사당역 3出 ⇄ 국민의힘 당사 500명,여의도,0,0
2025-12-03,16:00,17:00,5000,영등포,"의사당역 5出 5,000명",여의도,0,0
2025-12-03,19:00,21:30,10000,영등포,"금산빌딩 → 국민의힘 당사 10,000명",여의도,1,0
2025-12-04,09:00,,3000,종로,"광화문KT 본관 서측 인도 未定 3,000명",세종대로,0,0
2025-12-04,11:00,12:00,1000,영등포,"이룸센터 앞 보조도로 1,000명",여의도,0,0
2025-12-04,11:00,12:00,250,마포,DDMC 정문 앞 250명,상암동,0,0
2025-12-04,12:30,15:00,10000,영등포,"①의사당역 2出~산업은행 앞 → 금융감독원 ②의사당역 2出~산업은행 앞 → 더현대 서울 10,000명",여의도,1,0
2025-12-04,14:00,14:50,200,남대문,세종호텔 앞 200명,명동,0,0
2025-12-04,15:00,17:00,50,남대문|용산,서울역 광장 → 삼각지역 9出 50명,한강대로,1,0
2025-12-04,19:00,20:00,300,용산,전쟁기념관 앞 300명,용산동1가,0,0
2025-12-04,19:30,21:00,500,동대문,청량리역 광장 앞 500명,전농동,0,0
2025-12-05,14:00,15:30,500,용산,전쟁기념관 앞 500명,용산동1가,0,0
2025-12-05,14:00,16:30,10000,영등포,"의사당역 2出 → 금감원 10,000명",여의도,1,0
2025-12-05,19:30,22:00,180,종로|남대문,중앙우체국 → 종로3가역 8出 180명,종로 등,1,0
2025-12-06,13:00,18:00,50000,종로|남대문,"동화면세점~시의회 편도 全차로 50,000명",신문로1가 등,0,1
2025-12-06,14:00,16:00,500,종로|남대문,교보빌딩 → 효령빌딩 500명,세종대로,1,0
2025-12-06,14:00,19:00,2000,종로|혜화,"동대문역 10出 → 동십자R 2,000명",종로 등,1,0
2025-12-06,15:00,19:00,500,남대문|중부,서울역 광장 → 명동역 8出 500명,세종대로,1,0
2025-12-06,16:00,20:30,5000,영등포,"국민의힘 → 의사당역 → 민주당사 5,000명",여의도,1,0
2025-12-06,18:00,20:00,500,마포,홍대입구역 7出 → 서교동R 500명,서교동 등,1,0
2025-12-07,11:00,13:00,50000,종로|남대문,"동화면세점~시의회 편도 全차로 50,000명",신문로1가 등,0,1
2025-12-07,15:30,17:30,120,마포,합정역 9出 ⇄ 마포구청역 5出 120명,서교동,0,0
2025-12-08,08:00,10:00,200,종로,정부서울청사 ⇄ 적선R 200명,적선동,0,0
2025-12-08,19:30,21:00,100,강북,강북구청 ⇄ 효성인텔리안 100명,수유동,0,0
2025-12-09,10:00,17:00,200,용산,LS용산타워 앞 200명,한강로2가,0,0
2025-12-09,11:00,18:00,400,영등포,국회의사당 앞 400명,여의도,0,0
2025-12-09,12:00,12:30,500,용산,전쟁기념관 앞 500명,용산동1가,0,0
2025-12-09,18:30,20:00,200,남대문,세종호텔 앞 200명,명동,0,0
2025-12-09,19:00,20:00,1000,영등포,"민주당사 앞 1,000명",여의도,0,0
2025-12-09,19:00,21:00,500,동작|방배,사당역 11出 ⇄ 이수역 500명,사당동 등,0,0
2025-12-09,19:00,21:00,100,서초|강남,강남역 삼성스토어 앞 인도 ⇄ 신논현역 5出 100명,강남대로,0,0
2025-12-10,09:00,11:00,40,남대문,안중근의사 기념관 앞 40명,남대문로,0,0
2025-12-10,09:30,11:00,40,남대문,안중근의사 기념관 앞 40명,남대문로,0,0
2025-12-10,13:00,14:00,360,영등포,수출입은행 정문 앞 360명,여의도,0,0
2025-12-10,14:00,15:00,300,용산,전쟁기념관 앞 300명,용산동1가,0,0
2025-12-10,14:00,17:00,500,영등포,국회의사당역 3出 앞 ⇄ 국민의힘 당사 500명,여의도,0,0
2025-12-10,15:00,16:30,5000,용산,"삼각지역 1~2出 앞 5,000명",한강로1가,0,0
2025-12-10,19:00,21:00,500,종로|남대문,보신각 앞 → 세종호텔 500명,관철동 등,1,0
2025-12-10,19:30,21:00,100,영등포,영등포역 광장 ⇄ 영등포시장R 100명,영등포동,0,0
2025-12-11,10:30,12:00,230,남대문,시청 동편 230명,태평로1가,0,0
2025-12-11,12:00,13:00,5000,용산,"삼각지역 1出 앞 5,000명",한강로1가,0,0
2025-12-11,14:30,15:00,100,남대문,시청 동편 ⇄ 시청 서편 100명,태평로1가,0,0
2025-12-12,10:00,11:00,500,남대문,시청 동편 500명,을지로1가,0,0
2025-12-12,10:30,11:30,5000,남대문,"대한문~시의회 3개차로 5,000명",세종대로,0,1
2025-12-12,19:00,21:00,200,종로|중부,도시건축 전시관 → 세종호텔 200명,태평로1가 등,1,0
2025-12-12,19:30,22:00,180,종로|남대문,중앙우체국 → 종로3가역 8出 180명,명동 등,1,0
2025-12-13,13:00,16:00,3000,마포,"웰빙할인마트 → 홍대입구역 4出 3,000명",양화로 등,1,0
2025-12-13,13:00,18:00,50000,종로|남대문,"동화면세점~시의회 50,000명",신문로1가 등,0,0
2025-12-13,14:00,16:00,500,종로|남대문,교보빌딩 → 명동역 6出 500명,세종대로 등,1,0
2025-12-13,14:00,18:00,3000,서초|강남,"조선팰리스 호텔 → 교대역 9出 3,000명",서초대로 등,1,0
2025-12-13,14:30,16:30,1000,서초,"정곡빌딩 남관 → 교대입구R 1,000명",,1,0
2025-12-13,15:00,19:00,500,남대문|중부,서울역 광장 → 명동역 8出 500명,세종대로,1,0
2025-12-13,16:00,19:00,5000,서초|강남,"서초역 2出 → CGV강남 5,000명",강남대로 등,1,0
2025-12-13,18:00,20:00,500,마포|수서,홍대입구역 7出 → 서교동R 500명,서교동 등,1,0
2025-12-14,11:00,13:00,50000,종로|남대문,"동화면세점~시의회 50,000명",신문로1가 등,0,0
2025-12-14,14:00,17:00,500,남대문|용산,서울역광장 → 전쟁기념관 500명,용산동 1가 등,1,0
2025-12-15,08:00,10:00,200,종로,정부서울청사 ⇄ 적선R 200명,적선동,0,0
2025-12-15,19:30,22:00,100,노원,수락산역 3出 → 교보빌딩 100명,상계동 등,1,0
2025-12-16,15:00,16:30,800,종로|남대문,파이낸스 빌딩 → 청와대 사랑채 800명,세종대로 등,1,0
2025-12-16,19:00,21:00,200,서초|강남,강남역 삼성스토어 ⇄ 신논현역 5出 200명,강남대로,0,0
2025-12-16,19:00,21:00,180,동작|방배,사당역 12出 ⇄ 이수역 180명,사당동 등,0,0
2025-12-17,12:00,14:00,500,서초|강남,강남 파고다타워 ⇄ 신논현역 500명,강남대로,0,0
2025-12-17,12:00,14:00,100,영등포|수서,금감원 → 한투증권 100명,여의도,1,0
2025-12-17,12:00,15:00,500,용산,전쟁기념관 앞 500명,용산동1가,0,0
2025-12-17,13:00,17:00,200,남대문,서울역 광장 200명,봉래동,0,0
2025-12-17,14:00,17:00,500,영등포,국회의사당역 3出 ⇄ 국민의힘 500명,여의도,0,0
2025-12-18,11:30,12:00,70,종암,길음역 → 휘닉스 모텔 70명,하월곡동,1,0
2025-12-18,11:30,13:00,100,강남,강남구청 → 선릉역 8出 100명,삼성동 등,1,0
2025-12-18,16:00,18:00,400,도봉,도봉구청 ⇄ 삼성래미안아파트 400명,방학동,0,0
2025-12-18,19:30,22:00,100,성북,성북구청 → 한성대입구역 100명,돈암동 등,1,0
2025-12-19,17:00,21:00,500,서초,현대차 본사 앞 500명,양재동,0,0
2025-12-19,19:30,21:30,100,종로,삼일문 ⇄ 젊음의거리 100명,종로2가 등,0,0
2025-12-19,19:30,22:00,180,종로|남대문,중앙우체국 → 종로3가역 8出 180명,명동 등,1,0
2025-12-20,13:00,18:00,50000,종로|남대문,"동화면세점~시의회 편도 全차로 50,000명",신문로1가 등,0,1
2025-12-20,14:00,16:00,500,종로|남대문,교보빌딩 → 명동역 6出 500명,세종대로 등,1,0
2025-12-20,14:00,16:30,1000,서초|강남,"정곡빌딩 → 신사역 1,000명",강남대로 등,1,0
2025-12-20,15:00,18:00,5000,서초|강남,"서초역 8出 → CGV강남 5,000명",강남대로 등,1,0
2025-12-20,15:00,19:00,500,남대문|중부,서울역 광장 → 명동역 8出 500명,봉래동 등,1,0
2025-12-20,18:00,20:00,500,마포,홍대입구역 7出 → 서교동R 500명,서교동 등,1,0
2025-12-21,11:00,13:00,50000,종로|남대문,"동화면세점~시의회 편도 全차로 50,000명",신문로1가 등,0,1
2025-12-22,08:00,10:00,200,종로,정부서울청사 ⇄ 적선R 200명,적선동,0,0
2025-12-22,19:00,21:00,200,종로|남대문,고궁박물관 남측 → 시청 서측 200명,세종대로 등,1,0
2025-12-22,19:00,21:00,100,남대문|용산,서울역 광장 → 해든센터 100명,봉래동,1,0
2025-12-23,14:00,16:00,10000,종로|남대문,"동화면세점 앞 10,000명",세종대로,0,0
2025-12-23,19:00,21:00,200,종로,서울글로벌센터 → 정부서울청사 200명,서린동 등,1,0
2025-12-23,19:30,21:00,180,동작|방배,사당역 12出 ⇄ 이수역 180명,사당동 등,0,0
2025-12-24,08:00,10:30,100,종로|남대문,전쟁기념관 → 사랑채 동편 100명,용산동1가 등,1,0
2025-12-24,09:00,10:00,200,종로|용산,시 교육청 앞 200명,신문로2가,0,0
2025-12-24,12:00,13:00,300,종로,연합뉴스 앞 300명,수송동,0,0
2025-12-24,14:00,17:00,500,영등포,국회의사당역 ⇄ 국민의힘 당사 500명,여의도,0,0
2025-12-25,11:00,14:00,50000,종로|남대문,"동화면세점~시의회 편도 全차로 50,000명",세종대로,0,1
2025-12-25,15:30,17:00,500,종로,보신각 앞 인도 500명,관철동,0,0
2025-12-27,13:00,18:00,50000,종로|남대문,"동화면세점~시의회 편도 全차로 50,000명",신문로1가 등,0,1
2025-12-27,14:00,19:00,3000,서초|강남,"역삼조선팰리스호텔 → 교대역 9出 3,000명",강남대로 등,1,0
2025-12-27,15:00,19:00,500,남대문|중부,서울역 광장 → 명동역 8出 500명,한강대로 등,1,0
2025-12-27,16:00,19:00,5000,서초|강남,"서초역 8出 → CGV강남 5,000명",강남대로 등,1,0
2025-12-27,18:00,20:00,500,마포|수서,홍대입구역 7出 ⇄ 서교동R 500명,서교동 등,0,0
2025-12-28,11:00,12:00,150,종로,가회동 성당 ⇄ 석정보름우물 150명,,0,1
2025-12-28,11:00,13:00,50000,남대문,"50,000명",신문로1가 등,0,0
2025-12-28,16:00,19:00,180,구로,철산역 4出 → 남부구치소 180명,천왕동 등,1,0
2025-12-29,10:30,12:00,100,종로,광화문광장 남측 → 사랑채 동측 100명,세종대로 등,1,0
2025-12-29,12:00,13:00,2000,남대문,"기업은행 본점 앞 2,000명",을지로2가,0,0
2025-12-30,16:00,17:30,2000,남대문,"세종호텔 앞 2,000명",명동,0,0
2025-12-30,19:30,22:00,180,광진,동서울터미널 → 건대롯데백화점 180명,자양동 등,1,0
2025-12-31,14:00,17:00,500,영등포,국회의사당역 3出 ⇄ 국민의힘 500명,여의도,0,0
2025-12-31,20:00,23:59,300,종로|중부,서울고용청 → 세종호텔 300명,장교동,1,0
2026-01-01,13:00,15:00,100,남대문,서울역 광장 → 남산팔각정 100명,봉래동 등,1,0
2026-01-02,10:00,11:30,300,남대문,서울시청 동편 → 국가인권위원회 300명,태평로 등,1,0
2026-01-02,11:30,13:00,500,중부,국가인권위원회 앞 500명,저동,0,0
2026-01-02,14:00,15:00,150,종로,정부서울청사 후문 앞 150명,적선동,0,0
2026-01-02,19:30,21:30,100,종로,삼일문 ⇄ 젊음의거리 100명,종로2가 등,0,0
2026-01-02,19:30,22:00,180,종로|남대문,중앙우체국 → 종로3가역 8出 180명,명동 등,1,0
2026-01-03,13:00,17:00,50000,종로|남대문,"동화면세점~시의회 → 효자PB 50,000명",신문로1가 등,1,0
2026-01-03,16:00,19:00,5000,서초|강남,"서초역 8出 → CGV강남 5,000명",강남대로 등,1,0
2026-01-03,14:30,20:00,500,마포,웰빙할인마트 ⇄ 홍대입구R 500명,서교동 등,0,0
2026-01-03,15:00,18:00,500,남대문|중부,서울역광장 → 중앙우체국 500명,한강대로 등,1,0
2026-01-03,17:00,19:00,180,종로|남대문,경복궁역 6出 → 탑골공원 180명,세종대로 등,1,0
2026-01-04,11:00,14:00,50000,종로|남대문,"동화면세점~시의회 편도 全차로 50,000명",신문로1가 등,0,1
2026-01-04,12:00,14:30,700,종로,보신각 → 광화문역 3出 700명,관철동,1,0
2026-01-05,19:30,21:30,70,노원,등나무문화공원 → 노원역 교보빌딩 70명,중계동,1,0
2026-01-06,19:30,21:30,180,동작|방배,사당역 12出 ⇄ 이수역 12出 180명,사당동 등,0,0
2026-01-06,18:00,20:30,200,서초|강남,강남 삼성스토어 ⇄ 신논현역 5出 200명,강남대로,0,0
2026-01-07,10:00,17:00,500,종로,SK서린빌딩 앞 500명,서린동,0,0
2026-01-07,14:00,17:00,500,영등포,국회의사당역 3出 ⇄ 국민의힘 500명,여의도,0,0
2026-01-07,19:00,19:30,50,용산,용산역 잔디광장 → 삼각지역 1出 50명,한강대로 등,1,0
2026-01-07,19:50,20:20,50,동작,이수역 14出 → 사당역 7出 50명,사당동 등,1,0
2026-01-08,11:30,14:00,100,강남,강남구청 → 선릉역 8出 100명,삼성동 등,1,0
2026-01-08,17:30,19:00,1000,종로,"서울시교육청 1,000명",신문로1가,0,0
2026-01-08,19:30,21:30,70,성북,성북구청 → 한성대입구역 70명,삼선동5가,1,0
2026-01-09,09:00,,300,서초,정곡빌딩 남관 앞 300명,서초동,0,0
2026-01-10,13:00,17:00,50000,종로|남대문,"동화면세점~시의회 편도 全차로 → 효자PB 50,000명",신문로1가 등,1,1
2026-01-10,14:00,16:00,2000,서초|강남,"신논현역 7出 ⇄ 교대역 9出 2,000명",강남대로 등,0,0
2026-01-10,14:00,17:00,300,서초|강남,정곡빌딩 남관 → 신사역 300명,서초대로,1,0
2026-01-10,15:30,18:00,10000,종로|남대문,"광화문KT → 광화문R 10,000명",세종대로 등,1,0
2026-01-10,16:00,19:00,5000,서초|강남,"서초역 8出 → CGV강남 5,000명",강남대로 등,1,0
2026-01-10,18:00,20:00,500,마포,홍대입구역 7出 ⇄ 홍대입구R 500명,서교동 등,0,0
2026-01-11,11:00,13:00,50000,종로|남대문,"동화면세점~시의회 편도 全차로 50,000명",신문로1가 등,0,1
2026-01-12,11:00,13:00,200,남대문,롯데글로벌로지스 본사 앞 200명,남대문로,0,0
2026-01-12,19:30,21:00,70,강북,강북구청 ⇄ 효성인텔리안 70명,수유동,0,0
2026-01-13,09:30,16:00,200,남대문|중부|성동,서울고용노동청 → 건보공단 강동지사 200명,장교동 등,1,0
2026-01-13,18:00,20:30,200,서초|강남|광진|강동,삼성스토어 ⇄ 신논현역 5出 200명,강남대로,0,0
2026-01-14,13:00,14:00,500,남대문,명동역 1出 앞 500명,명동,0,0
2026-01-14,14:00,16:30,5000,종로|중부,"서울고용노동청 → 청와대 사랑채 5,000명",장교동 등,1,0
2026-01-14,14:00,17:00,500,남대문|영등포,국회의사당역 3出 ⇄ 국민의힘 당사 500명,여의도,0,0
2026-01-14,16:00,18:00,150,동작,장승배기역 2出 ⇄ 동작 문화복지센터 150명,상도동 등,0,0
2026-01-15,12:00,16:00,1000,영등포,"삼희빌딩 앞 1,000명",여의도,0,0
2026-01-15,11:30,13:00,200,서초,삼성화재 본사 앞 200명,서초동,0,0
2026-01-15,14:00,22:00,2000,서초,"정곡빌딩 남관 앞 2,000명",서초동,0,0
2026-01-16,09:00,,2000,서초,"정곡빌딩 남관 앞 2,000명",서초동,0,0
2026-01-17,11:30,16:00,50000,종로|남대문,"동화면세점~시의회 편도 全차로 50,000명",신문로1가 등,0,1
2026-01-17,13:00,15:30,2000,서초|강남,"신논현역 7出 → 교대역 9出 2,000명",강남대로 등,1,0
2026-01-17,14:00,16:00,500,영등포,여의도 국민은행 서관 ⇄ 국민의힘 당사 500명,여의도,0,0
2026-01-17,14:00,17:00,300,서초|강남,정곡빌딩 → 신사역 300명,서초대로,1,0
2026-01-17,15:00,18:30,5000,서초|강남,"서초역 8出 → CGV강남 5,000명",강남대로 등,1,0
2026-01-17,18:00,20:00,500,마포,홍대입구역 7出 ⇄ 홍대입구R 500명,서교동 등,0,0
2026-01-18,10:00,18:00,300,은평,은평제일교회 정문 앞 300명,진관동,0,0
2026-01-18,11:00,13:00,50000,종로|남대문,"동화면세점~시의회 편도 全차로 50,000명",신문로1가 등,0,1
2026-01-19,09:30,12:30,1000,동작|방배,"남태령 시계 → 노량진역 1,000명",방배동 등,1,0
2026-01-20,08:00,13:00,1000,종로|용산|동작,"노량진역 → 청와대 사랑채 1,000명",세종로 등,1,0
2026-01-20,18:30,20:30,200,서초|강남|혜화,강남역 삼성스토어 앞 ⇄ 신논현역 5出 200명,강남대로,0,0
2026-01-20,19:30,21:30,150,동작,노량진역 1出 ⇄ 장성교회 150명,노량진동,0,0
2026-01-21,10:00,12:00,200,종로,청진공원 → 사랑채 200명,효자로 등,1,0
2026-01-21,14:00,17:00,500,영등포,국회의사당역 3出 ⇄ 국민의힘 당사 500명,여의도,0,0
2026-01-21,19:00,21:00,50,영등포|동작,디큐브시티·영등포역·노량진역 등 50명,신도림 등,0,0
2026-01-22,10:00,12:00,1000,남대문,"시청 동편 ⇄ 시청 서편 1,000명",태평로,0,0
2026-01-23,19:30,22:00,180,종로|남대문|중부,중앙우체국 → 종로3가역 8出 180명,종로 등,1,0
2026-01-24,11:30,16:00,5000,종로|남대문,"동화면세점~시의회 → 효자PB 5,000명",신문로1가 등,1,0
2026-01-24,13:00,16:00,2000,영등포,"잠사회관 ⇄ 국민의힘 2,000명",여의도,0,0
2026-01-24,14:00,18:00,1000,영등포,"샛강역 1出 → 순복음교회 1,000명",여의도,1,0
2026-01-24,14:00,18:00,2000,서초|강남,"역삼동 조선팰리스 →교대역 9出 2,000명",테헤란로 등,1,0
2026-01-24,16:00,19:00,5000,서초,"중앙지검 서문 → 반포지구대 5,000명",반포대로 등,1,0
2026-01-24,18:00,20:00,500,마포,홍대입구역 7出 ⇄ 홍대입구R 500명,서교동 등,0,0
2026-01-25,11:00,13:00,10000,종로,"동화면세점 앞 인도 10,000명",신문로1가 등,0,0
2026-01-26,13:00,14:30,1000,영등포,"국회의사당역 3出 1,000명",여의도,0,0
2026-01-26,13:40,16:00,200,종로,광화문R → 효자PB 200명,세종로 등,1,0
2026-01-27,14:00,17:30,1000,종로,"효자PB → 서울경찰청 1,000명",내자동 등,1,0
2026-01-28,14:00,17:00,500,영등포,국회의사당역 3出 ⇄ 국민의힘 500명,여의도,0,0
2026-01-29,14:00,15:00,200,남대문,세종호텔 앞 200명,명동,0,0
2026-01-30,09:00,10:00,200,종로|남대문|송파,쿠팡본사 → 청와대 사랑채 건너편 200명,신천동 등,1,0
2026-01-30,19:30,22:00,180,종로|남대문|중부,중앙우체국 → 종로3가역 8出 180명,종로 등,1,0
2026-01-31,11:30,15:30,50000,종로|남대문,"동화면세점~대한문 → 舊효자PB 50,000명",신문로1가 등,1,0
2026-01-31,13:30,17:30,5000,영등포,"여의도 산업은행 ⇄ 국민의힘 당사 5,000명",여의도,0,0
2026-01-31,14:00,16:00,7000,영등포,"여의도공원 1門 ⇄ 더샵 아일랜드 7,000명",여의도,0,0
2026-01-31,16:00,19:00,5000,서초|강남,"서초역 8出 → 할리스 강남역점 5,000명",서초대로 등,1,0
2026-01-31,18:30,20:30,500,마포,홍대입구역 7出 ⇄ 홍대입구R 500명,서교동 등,0,0
2026-02-01,11:00,13:00,10000,종로,"동화면세점 앞 10,000명",신문로1가 등,0,0
2026-02-01,12:00,15:00,300,종로|중부,보신각 앞 ⇄ 퇴계로2R 300명,을지로 등,0,0
2026-02-01,13:00,16:00,1000,남대문|송파,"쿠팡 본사 앞 1,000명",신천동,0,0
2026-02-02,14:00,15:00,1000,종로,"사랑채 건너편 1,000명",효자로,0,0
2026-02-03,08:00,09:00,1000,종로,"舊효자 PB 1,000명",효자로,0,0
2026-02-03,14:00,15:00,1000,종로,사랑채 동측 건너편,,0,0
2026-02-03,19:00,20:00,0,,,효자로,0,0
2026-02-04,14:00,16:00,1000,종로,"사랑채 동측 건너편 → 舊효자PB 1,000명",효자로,1,0
2026-02-04,14:00,17:00,500,영등포,국회의사당역 3出 ⇄국민의힘 당사 500명,여의도,0,0
2026-02-05,14:00,16:30,4000,종로|남대문,"사랑채 동측 건너편 4,000명",효자로,0,0
2026-02-06,19:00,20:00,2000,영등포,"여의도 국민은행 신관 앞 2,000명",여의도,0,0
2026-02-06,19:30,21:00,180,종로|중부,중앙우체국 → 젊음의거리 180명,을지로 등,1,0
2026-02-06,19:30,21:30,100,종로|남대문,탑골공원 ⇄ YBM어학원 100명,종로2가,0,0
2026-02-07,14:00,16:30,4000,종로|남대문,"사랑채 동측 건너편 4,000명",효자로,0,0
2026-02-08,11:00,13:00,10000,종로,"동화면세점 앞 인도 10,000명",신문로1가 등,0,0
2026-02-09,13:00,18:00,1000,종로,"광화문D타워 → 사랑채 건너편 1,000명",청진동 등,1,0
2026-02-10,07:30,10:00,70,영등포,금융감독원 앞 70명,여의도,0,0
2026-02-10,11:00,13:00,20,종로,정부서울청사 정문 앞 ⇄ 도렴사거리 20명,도렴동 등,0,0
2026-02-10,14:00,20:00,1000,종로,"사랑채 동측 건너편 1,000명",효자로,0,0
2026-02-10,19:00,21:00,200,서초|강남,강남역 삼성스토아 앞 ⇄ 신논현역 5出 200명,강남대로,0,0
2026-02-11,11:30,13:00,300,서초,법원 삼거리 ⇄ 교대역 10出 300명,서초동,0,0
2026-02-11,13:00,14:00,200,종로,세종像 → 사랑채 동측 200명,세종대로 등,1,0
2026-02-11,14:00,17:00,500,영등포,국회의사당역 3出 ⇄ 국민의힘 당사 500명,여의도,0,0
2026-02-12,09:00,,50,서초,정곡빌딩 북관 앞 인도 未定 50명,서초동,0,0
2026-02-12,10:00,11:00,500,구로,평강제일교회 앞 500명,오류동,0,0
2026-02-12,10:00,11:00,100,구로,평강제일교회 앞 좌측 공터 100명,오류동,0,0
2026-02-12,10:00,12:00,70,,성북구청 앞 인도 70명,삼선동,0,0
2026-02-12,17:00,18:00,400,도봉,도봉구청 정문 앞 400명,방학동,0,0
2026-02-13,14:00,15:00,500,남대문|용산,서울역 → 남산 브라운스톤 500명,봉래동 등,1,0
2026-02-13,19:30,21:00,180,종로|중부,서울중앙우체국 → 탑골공원 180명,을지로 등,1,0
2026-02-13,19:30,21:30,100,종로|남대문,탑골공원 � YBM어학원 100명,종로2가,0,0
2026-02-14,11:30,15:30,50000,종로|남대문,"동화면세점~코리아나호텔 → 舊효자PB 50,000명",신문로 1가 등,1,0
2026-02-14,13:30,17:00,5000,서초|강남,"신논현역 7出 → 교대역 5,000명",서초대로 등,1,0
2026-02-14,14:00,19:00,5000,서초|강남,"교대역 9出 → 강남역 10出 5,000명",서초대로 등,1,0
2026-02-14,14:00,15:30,5000,서초,"서울중앙지검 앞 5,000명",서초동,0,0
2026-02-15,11:00,13:00,10000,종로,"동화면세점 앞 인도 10,000명",신문로1가 등,0,0
2026-02-16,13:00,15:00,100,송파,송파역 -> 동부구치소 100명,문정동,0,0
2026-02-18,13:00,16:00,300,구로,철산역 3出 → 남부구치소 300명,구로동,1,0
2026-02-18,14:00,,2000,서초,"정곡빌딩 남관 앞 2,000명",서초동,0,0
2026-02-19,09:00,,2000,서초,"정곡빌딩 남관 앞 2,000명",서초동,0,0
2026-02-19,14:00,,5000,서초,"서초역 8出 또는 중앙지검 서문 앞 5,000명",서초동,0,0
2026-02-20,19:30,21:00,100,종로,탑골공원 ⇄ YBM어학원 100명,종로2가,0,0
2026-02-21,13:00,16:00,50000,종로|남대문,"동화면세점~대한문 -> 舊효자PB 50,000명",세종대로 등,0,0
2026-02-21,15:00,16:30,300,서초,고속터미널역 -> 진흥아파트R 300명,강남대로 등,0,0
2026-02-21,15:00,18:30,5000,서초|강남,"서초역 8出 -> CGV강남 5,000명",강남대로 등,0,0
2026-02-21,18:00,20:00,500,마포,홍대입구역 7出  홍대입구R 500명,- 서교동 등,0,0
2026-02-22,13:00,14:00,100,종로,정부서울청사 후문 앞 100명,적선동,0,0
2026-02-23,13:00,14:00,100,종로,정부서울청사 후문 앞 100명,적선동,0,0
2026-02-24,11:00,14:00,150,종로,사랑채 동측 건너편 150명,효자로,0,0
2026-02-25,14:00,16:30,500,종로,舊효자PB → 정부서울청사 500명,자하문로 등,1,0
2026-02-25,14:00,17:00,2000,서초,"중앙지검 서문 앞 2,000명",서초동,0,0
2026-02-26,10:00,11:00,500,구로,평강제일교회 앞 500명,오류동,0,0
2026-02-27,11:00,12:00,200,구로,코웨이 본사 ⇄ 고용노동부 관악지청 200명,구로동,0,0
2026-02-27,15:00,17:00,500,종로|남대문,그랑서울 → 서울시청 동편 500명,청진동 등,1,0
2026-02-27,19:00,20:30,150,남대문,세종호텔 앞 150명,명동,0,0
2026-02-27,19:30,21:30,100,종로,탑골공원 ⇄ YBM어학원 100명,종로2가,0,0
2026-02-27,19:30,21:30,180,종로|중부,서울중앙우체국 → 탑골공원 180명,을지로 등,1,0
2026-02-28,13:00,18:00,50000,종로|남대문,"동화면세점 → 舊효자PB 50,000명",세종대로 등,1,0
2026-02-28,14:00,18:30,10000,종로|혜화,"마로니에공원 → 적선 교차로 10,000명",종로 등,1,1
2026-02-28,14:30,17:00,2000,종로|남대문,"시청 동편 ⇄ 숭례문 2,000명",세종대로 등,0,0
2026-02-28,18:30,20:00,500,마포,홍대입구역 7出 ⇄ 홍대입구R,서교동 등,0,0
2026-02-28,19:30,22:00,200,용산,신용산역 2出 → 한강진역 2出,한강대로,1,0
2026-02-28,16:00,19:00,5000,서초|강남,서초역 8出 → CGV강남,강남대로 등,1,0
2026-03-01,12:30,18:00,3000,종로|혜화,마로니에공원 → 고궁박물관,종로 등,1,0
2026-03-01,11:00,18:00,5000,종로|남대문,서울역 4出 → 프레스센터,세종대로 등,1,0
2026-03-01,12:00,16:00,300,종로|남대문|중부,탑골공원 →동화면세점,세종대로 등,1,0
2026-03-01,10:30,14:00,300,종로|서대문,탑골공원 →의정부터 서측,종로 등,1,0
2026-03-01,13:30,14:00,500,남대문,서울역 광장 →프레스센터,세종대로 등,1,0
2026-03-01,11:00,12:30,10000,종로,동화면세점 앞 인도,신문로1가 등,0,0
2026-03-01,09:30,11:00,1000,구로,평강제일교회 앞,오류동,0,0
2026-03-02,19:00,21:00,300,영등포,민주당사 앞,여의도,0,0
2026-03-03,19:00,21:00,300,영등포,민주당사 앞,여의도,0,0
2026-03-03,18:30,20:00,200,남대문,세종호텔 앞,명동,0,0
2026-03-04,06:00,16:00,300,강동,고덕 강일 대성베르힐 앞 300명,상일동,0,0
2026-03-04,14:00,17:00,500,영등포,의사당역 3번출구 앞 의사당대로 500명,여의도,0,0
2026-03-04,14:00,16:30,1000,종로,"동화면세점 앞 인도 및 차로 1,000명",신문로1가,0,1
2026-03-04,19:40,20:10,50,영등포,영등포역 5出 ⇄ 영등포시장R 50명,영등포동 등,0,0
2026-03-04,19:00,20:00,500,구로,평강제일교회 앞 500명,오류동,0,0
2026-03-05,10:00,11:00,500,구로,평강제일교회 앞 500명,오류동,0,0
2026-03-05,11:00,12:30,100,영등포,영등포역 광장 앞,영등포동,0,0
2026-03-05,15:00,16:30,30,종로,광화문광장 이순신장군상 앞 30명,세종로,0,0
2026-03-06,14:00,16:00,3000,종로|남대문,"KDB생명타워->동십자R 3,000명",동자동 등,0,0
2026-03-06,15:00,16:30,30,종로|용산,광화문광장 이순신동상 앞 30명,세종로,0,0
2026-03-06,19:30,22:00,180,종로|남대문,중앙우체국 앞→탑골공원 삼일문 180명,종로 등,1,0
2026-03-07,16:00,19:00,5000,서초|강남,"서초역 8出→CGV강남 5,000명",강남대로 등,1,0
2026-03-07,15:00,17:30,500,남대문,서울역 광장→명동역 1出 500명,한강대로 등,1,0
2026-03-07,15:30,17:00,2000,종로|남대문,"동십자R→중앙우체국 2,000명",종로 등,1,0
2026-03-07,18:30,20:00,500,마포,홍대입구역 7出⇄홍대입구R 500명,서교동 등,0,0
2026-03-07,18:00,22:00,200,용산,신용산역 2出→한강진R,한강대로,1,0
2026-03-07,14:00,16:00,500,종로,교보빌딩 남측→효령빌딩,종로 등,1,0
2026-03-08,11:00,12:30,10000,종로,"동화면세점 앞 10,000명",신문로1가 등,0,0
2026-03-08,09:30,11:00,1000,구로,"평강제일교회 앞 1,000명",오류동,0,0
2026-03-08,17:00,18:00,100,종로,향린교회 앞 100명,내수동,0,0
2026-03-09,09:00,15:00,50,용산,SPC빌딩 앞 50명,한남동,0,0
2026-03-09,19:00,20:00,200,마포,카라더불어숨센터 앞 200명,망원동,0,0
2026-03-09,16:30,18:30,69,영등포,금감원 앞 69명,여의도동,0,0
2026-03-10,14:00,16:30,15000,종로|남대문,"동화면세점~대한문 앞 -> 한화본사 15,000명",세종대로 등,0,0
2026-03-10,15:00,16:30,100,종로|남대문,동화면세점 앞 -> 현대건설 100명,세종대로 등,0,0
2026-03-10,18:30,20:30,180,중부|강남,강남역 11번 출구 앞 180명,역삼동,0,0
2026-03-10,13:00,16:00,500,영등포,이룸센터 앞 500명,여의도동,0,0
2026-03-10,14:00,16:00,500,종로,서울노인복지센터 앞 500명,경운동,0,0
2026-03-11,11:30,14:00,300,송파,젠코아빌딩 앞⇄종합운동장 사거리 300명,삼전로 등,0,0
2026-03-11,13:00,15:00,500,종로,세종문화회관 계단 500명,세종로,0,0
2026-03-11,14:00,16:00,500,서초|강남,정곡빌딩 남관 앞→강남역 10出 500명,서초대로 등,1,0
2026-03-11,19:00,20:00,500,구로,평강제일교회 앞->등촌칼국수 500명,오류동,0,0
2026-03-12,10:00,11:00,500,구로,평강제일교회 앞->등촌칼국수 500명,오류동,0,0
2026-03-12,15:00,16:00,500,영등포,국회의사당역 3출 앞 500명,여의도,0,0
2026-03-12,18:20,18:40,100,종로,청계광장 남측->광화문역 4出 100명,청계천로 등,0,0
2026-03-12,18:30,19:30,200,남대문,세종호텔 앞 200명,명동,0,0
2026-03-13,11:00,13:00,50,영등포,국회 앞,여의도,0,0
2026-03-13,17:00,20:00,50,서초|강남,강남 삼성스토어 앞 인도,서초동,0,0
2026-03-13,19:30,22:00,300,남대문|중부,중앙우체국 앞 → 탑골공원,퇴계로 등,1,0
2026-03-14,11:30,16:00,10000,종로|남대문,"동화면세점∼시의회->舊 효자PB 10,000명",세종로,0,0
2026-03-14,14:00,17:00,2000,영등포,"산업은행 정문 앞 2,000명",여의도,0,0
2026-03-14,15:00,18:00,500,남대문,서울역 광장->명동역 1出 500명,봉래동,0,0
2026-03-14,15:00,17:00,500,마포,웰빙할인마트->홍대입구역 7出 500명,서교동 등,0,0
2026-03-15,09:30,11:00,1000,구로,"평강제일교회 앞 1,000명",오류동,0,0
2026-03-15,10:00,16:00,600,혜화,대학로 마로니에 공원 앞서울대병원 후문 600명,- 동숭동,0,0
2026-03-15,11:00,12:30,10000,종로,"동화면세점 앞 10,000명",신문로1가 등,0,0
2026-03-15,14:00,15:00,3000,종로,"보신각 앞 → 사랑채 동측 3,000명",관철동 등,1,0
2026-03-16,10:00,13:00,500,영등포,국민의힘 당사 앞 ⇄ 산업은행 500명,여의도,0,0
2026-03-16,11:50,12:30,500,영등포,파크원 빌딩 앞 500명,여의도,0,0
2026-03-16,18:00,20:00,200,용산,하이브 정문 앞 200명,한강로3가,0,0
2026-03-17,08:00,16:00,100,용산,용산역 잔디광장 남측 100명,한강로동,0,0
2026-03-17,13:30,15:00,100,종로,조계사 앞 100명,수송동,0,0
2026-03-17,14:00,15:30,5000,영등포,"국회의사당역 2出∼산업은행 측면 5,000명",여의도,0,0
2026-03-17,19:00,20:00,200,남대문,세종호텔 앞 200명,명동,0,0
2026-03-18,14:00,16:00,500,서초,정곡빌딩 남관->강남역 10出 500명,강남대로 등,0,0
2026-03-18,19:00,20:30,500,종로,영풍문고 종각본점->보신각 500명,남대문로 등,0,0
2026-03-18,19:00,20:00,500,구로,평강제일교회 앞 500명,오류동,0,0
2026-03-18,19:30,22:00,100,마포,합정역 5出애플(홍대점) 100명,- 양화로 등,0,0
2026-03-19,10:00,11:00,500,구로,평강제일교회 앞 500명,오류동,0,0
2026-03-19,13:00,18:00,300,영등포,의사당역 5出 앞 300명,여의도,0,0
2026-03-19,18:30,19:30,100,남대문,세종호텔 앞 100명,명동,0,0
2026-03-19,19:00,20:30,30,남대문,시의회 본관 앞 30명,정동,0,0
2026-03-20,17:00,20:00,50,서초|강남,강남 삼성스토어 앞 50명,서초동,0,0
2026-03-20,18:00,20:00,200,용산,하이브 정문 앞 200명,한강로3가,0,0
2026-03-20,19:00,21:00,100,종로,탑골공원→르메이에르 100명,태평로1가,1,0
2026-03-20,19:30,22:00,300,남대문,중앙우체국을3R 300명,- 퇴계로 등,0,0
2026-03-21,14:00,16:30,500,종로|중부,탑골공원을3R 500명,- 을지로 등,0,0
2026-03-21,14:00,16:00,500,중부,명동역5出 앞 1차로->한화빌딩 500명,명동,0,1
2026-03-21,15:00,18:00,5000,영등포,"국회의사당역 4出켄싱턴호텔 5,000명",- 의사당대로 등,0,0
2026-03-21,15:00,18:00,500,남대문,서울역광장->명동역 1出 500명,봉래동,0,0
2026-03-21,16:30,20:00,2000,마포,"웰빙할인마트->홍대입구4出 2,000명",양화로 등,0,0
2026-03-22,10:00,11:00,1000,구로,"평강제일교회 앞 1,000명",오류동,0,0
2026-03-22,11:00,12:30,10000,종로,"동화면세점 앞 10,000명",신문로1가 등,0,0
2026-03-22,12:00,15:00,500,동대문,경동시장 입구 / 경동시장 4出 500명,제기동,0,0
2026-03-22,16:00,19:00,60,송파,쿠팡 본사 앞 인도송파구청 60명,- 송파대로 등,0,0
2026-03-23,09:30,10:30,100,영등포,국희의사당 1ᆞ2문 앞 100명,여의도,0,0
2026-03-23,11:00,12:00,100,영등포,국민의힘 당사 앞 100명,여의도,0,0
2026-03-23,16:30,18:30,69,영등포,금감원 앞 69명,여의도동,0,0
2026-03-23,19:00,21:30,100,은평|서부,연신내진원와이타운->은평이마트 100명,연서로 등,0,0
2026-03-24,07:00,11:00,300,수서,포스코센터 앞 300명,대치동,0,0
2026-03-24,08:00,18:00,200,남대문,하나금융그룹 명동사옥 앞 200명,명동,0,0
2026-03-24,12:30,14:00,300,서대문,경찰청 앞 300명,미근동,0,0
2026-03-24,19:00,20:00,200,남대문,세종호텔 앞 200명,명동,0,0
2026-03-25,08:00,17:00,100,동작,제일건설 서울지사 앞 100명,사당동,0,0
2026-03-25,14:00,16:20,500,서초|강남,정곡빌딩 남관 앞→강남역 10出 500명,강남대로 등,1,0
2026-03-25,15:00,17:00,100,종로|용산,시교육청 舊 청사→新청사 100명,신문로2가,1,0
2026-03-25,19:00,20:00,500,구로,평강제일교회 앞 500명,오류동,0,0
2026-03-26,08:30,10:00,300,용산,서울시교육청 앞 300명,후암동,0,0
2026-03-26,10:00,11:00,500,구로,평강제일교회 앞 500명,오류동,0,0
2026-03-26,11:00,17:00,2000,종로|남대문,서울시청 서편->(구)효자치안센터 2000명,태평로1가,0,0
2026-03-26,13:00,16:00,300,영등포,국민의힘 당사 앞정우빌딩 300명,- 여의도,0,0
2026-03-27,10:00,12:00,2000,종로,"(구)효자PB 앞 2,000명",궁정동,0,0
2026-03-27,14:00,16:00,1000,강남,"BGF리테일 본사 앞 1,000명",삼성동,0,0
2026-03-27,17:00,20:00,50,서초|강남,강남 삼성스토어 앞 50명,서초동,0,0
2026-03-27,19:30,22:00,300,남대문|중부,중앙우체국->동화면세점 300명,퇴계로 등,0,0
2026-03-28,11:30,16:00,10000,종로|남대문,"동화면세점∼시의회 10,000명",세종대로,0,0
2026-03-28,13:00,16:00,2000,영등포,"국민의힘 당사 앞산업은행 2,000명",- 여의도,0,0
2026-03-28,13:00,18:00,30000,남대문,"시의회∼대한문 30,000명",태평로1가,0,0
2026-03-28,14:00,18:30,5000,서초|강남,"교대역 9出->강남역 10出 5,000명",강남대로 등,0,0
2026-03-28,15:00,18:00,500,남대문,서울역광장->명동역 1出 500명,퇴계로 등,0,0
2026-03-28,16:00,19:00,5000,서초,"중앙지검 서문 앞고속터미널 5,000명",- 반포대로 등,0,0
2026-03-28,16:30,20:00,1500,마포,"웰빙할인마트->홍대입구4出 1,500명",양화로 등,0,0
2026-03-29,10:00,11:00,500,구로,평강제일교회 앞 500명,오류동,0,0
2026-03-29,11:00,12:30,10000,종로,"동화면세점 앞 10,000명",신문로1가 등,0,0
2026-03-29,14:00,17:00,500,종로|남대문,송현공원 앞 인도 →효령빌딩 500명,세종대로 등,1,0
2026-03-29,15:00,17:00,200,양천,화곡역 5出 앞 →남부필타운빌딩 200명,신월로 등,1,0
2026-03-30,06:00,23:59,1000,중랑,"더샵 포스코 건설현장 앞 1,000명",상봉동,0,0
2026-03-30,09:00,11:30,200,용산,서울시 교육청 앞 남측 200명,후암동,0,0
2026-03-30,16:30,18:30,69,영등포,금감원 앞 69명,여의도동,0,0
2026-03-30,19:00,21:30,100,은평|서부,연신내진원와이타운->은평이마트 100명,연서로 등,0,0
2026-03-31,09:00,10:00,100,용산,서울시 교육청 앞 100명,후암동,0,0
2026-03-31,14:30,16:00,200,종로,광화문 월대->구 효자치안센터 200명,사직로 등,0,0
2026-03-31,19:00,20:00,200,남대문,세종호텔 앞 200명,명동,0,0
2026-03-31,19:30,21:00,250,종로,舊효자PB 앞 250명,궁정동,0,0
2026-04-01,11:30,13:00,100,수서,롯데하이마트 앞도곡역 100명,- 남부순환로 등,0,0
2026-04-01,12:30,16:00,300,영등포,한국거래소 앞 300명,여의도,0,0
2026-04-01,14:00,16:20,500,서초|강남,정곡빌딩 남관 앞->강남역 10出 500명,강남대로 등,0,0
2026-04-01,19:00,19:30,50,영등포|구로,신도림 디큐브시티 앞 등 50명,신도림동 등,0,0
2026-04-01,19:00,20:00,500,구로|동작,평강제일교회 앞 500명,오류동,0,0
2026-04-02,11:00,13:00,300,영등포,한국거래소 앞 300명,여의도,0,0
2026-04-02,14:00,15:30,500,영등포,LG트윈타워 앞 500명,여의도,0,0
2026-04-02,14:30,16:00,300,종로,광화문 월대->구 효자치안센터 300명,사직로 등,0,0
2026-04-02,18:30,19:30,200,남대문,세종호텔 앞 200명,명동,0,0
2026-04-03,11:00,13:00,60,종로|중부,교보빌딩 남측 인도->가톨릭회관 60명,세종대로 등,0,0
2026-04-03,11:00,18:00,400,종로|남대문,송현공원 입구 400명,송현동,0,0
2026-04-03,12:00,14:00,200,마포,마주보는정원 앞 200명,상암동,0,0
2026-04-03,19:00,20:30,300,종로,보신각 앞 300명,관철동,0,0
2026-04-04,13:30,19:00,3000,종로|혜화,"마로니에공원->안국역 5出 3,000명",종로 등,0,0
2026-04-04,14:00,18:00,5000,남대문,"서울역광장->탑골공원 5,000명",양화로 등,0,0
2026-04-04,14:00,16:00,500,남대문,명동역 5出->효령빌딩 500명,남대문로 등,0,0
2026-04-04,14:00,16:50,500,노원,500명,상계동,0,0
2026-04-04,16:00,19:00,5000,영등포,"국회의사당역 3出->KBS본관 5,000명",여의도,0,0
2026-04-05,10:00,11:00,1000,구로,"평강제일교회 앞 1,000명",오류동,0,0
2026-04-05,11:00,12:30,10000,종로,"동화면세점 앞 4차로 10,000명",신문로1가 등,0,1
2026-04-05,15:00,18:00,60,광진,신한은행 자양동점⇄자양R 60명,자양동,0,0
2026-04-06,08:00,16:00,1000,구로,"푸르지오 건설현장 1G 앞 1,000명",고척동,0,0
2026-04-06,12:00,13:00,1000,남대문,"연세세브란스 병원 앞 1,000명",남대문로5가,0,0
2026-04-06,14:00,15:00,30,동대문|서부,한미빌딩 앞 인도 30명,청량리동,0,0
2026-04-06,19:00,21:00,100,은평,연신내역 6出→이마트 은평점 100명,연서로 등,1,0
2026-04-07,11:00,13:00,100,종로,정부서울청사 앞 좌측 인도⇄도렴R 100명,사직로 등,0,0
2026-04-07,14:00,15:00,100,혜화,마로니에공원 100명,동숭동,0,0
2026-04-07,14:00,17:00,200,송파|수서,모란시장 주차장→모란역 200명,,1,0
2026-04-07,15:00,16:00,300,종로,300명,사직로 등,0,0
2026-04-07,19:00,20:00,500,구로,평강제일교회 앞 500명,오류동,0,0
2026-04-08,05:30,16:00,1000,종로|구로,"푸르지오 건설현장 앞 1,000명",고척동,0,0
2026-04-08,10:00,11:00,900,종로|남대문,시청 동편 앞 900명,태평로1가 등,0,0
2026-04-08,11:00,12:00,900,남대문,시청동편시청동편 900명,- 태평로1가 등,0,0
2026-04-08,11:30,14:00,100,송파,잠실새내역 7出젠코아빌딩 100명,- 삼전로 등,0,0
2026-04-09,10:00,11:00,500,구로,평강제일교회 앞 500명,오류동,0,0
2026-04-09,10:00,12:00,500,양천,신월로 263 앞 500명,신월동,0,0
2026-04-09,12:00,13:30,50,영등포,국회 앞 50명,여의도,0,0
2026-04-09,13:00,17:00,599,동작,남웅건설 앞 599명,대방동,0,0
2026-04-10,12:00,13:30,50,영등포,국회 앞 50명,여의도,0,0
2026-04-10,14:00,18:00,500,종로,서울경찰청 앞 500명,내자동,0,0
2026-04-10,17:00,18:00,100,종로|중부,광화문역 2出 인도 100명,세종로,0,0
2026-04-10,19:30,22:00,100,남대문,중앙우체국→동화면세점 100명,퇴계로 등,1,0
2026-04-11,10:00,13:00,1000,종로|남대문|중부,"보신각 앞 ⇄ 충무로역R 1,000명",관철동 등,0,0
2026-04-11,12:00,16:00,5000,종로|남대문|혜화,"동화면세점 앞 4개 차로 5,000명",세종대로,0,1
2026-04-11,13:00,15:00,1000,혜화,"마로니에 공원 앞 인도 및 2개 차로 1,000명",동숭동,0,1
2026-04-11,14:00,17:00,2000,서초|강남,"고속터미널역 1出 → 강남역 10出 2,000명",강남대로 등,1,0
2026-04-11,16:00,19:00,5000,영등포,"국회의사당역 3出 → KBS 본관 돌계단 5,000명",의사당대로,1,0
2026-04-11,16:00,18:30,150,종로,탑골공원 남측 인도 ⇄ 삼일교 150명,종로2가 등,0,0
2026-04-11,16:16,18:00,5000,남대문,"부영빌딩~舊삼성본관 앞 2개 차로 5,000명",서소문동,0,1
2026-04-11,18:00,21:00,500,마포,홍대입구역 7出 ⇄ 홍대입구R 500명,양화로 등,0,0
2026-04-12,11:00,12:30,10000,종로,"동화면세점 앞 10,000명",세종대로,0,0
2026-04-12,14:00,17:00,60,송파,잠실역 2出 ⇄ 석촌호수 60명,,0,0
2026-04-12,10:00,11:00,1000,구로,"평강제일교회 앞 1,000명",오류동,0,0
2026-04-12,10:00,11:00,100,구로,평강제일교회 앞 좌측 공터 100명,오류동,0,0
2026-04-13,05:30,16:00,1000,구로,"푸르지오 건설현장 1G 맞은편 1개 차로 1,000명",고척동,0,1
2026-04-13,11:30,13:00,70,영등포|마포|서대문,산업은행 측면 → 신교R 70명,여의도 등,1,0
2026-04-13,14:30,16:00,300,종로,광화문 월대 → 舊)효자PB 300명,효자동 등,1,0
2026-04-13,19:00,21:30,100,은평|서부,연신내역 6出 → 너른광장 100명,연서로 등,1,0
2026-04-14,11:00,12:30,200,영등포,민주당사 앞 200명,여의도,0,0
2026-04-14,14:00,16:00,200,종로,종로구청->해치마당 200명,사직로 등,0,0
2026-04-14,19:00,20:00,700,남대문,세종호텔 앞 700명,명동,0,0
2026-04-15,06:00,15:00,300,중랑,더샵 퍼스트월드 공사현장 300명,상봉동,0,0
2026-04-15,11:30,14:00,100,송파,잠실새내역 7出젠코아빌딩 100명,- 삼전로 등,0,0
2026-04-15,12:00,14:00,1000,서대문,"경찰청 앞 2차로 1,000명",미근동,0,1
2026-04-15,14:00,16:20,500,서초|강남,"정곡빌딩 남관 앞->강남역 10出 500명 강남, 서초",강남대로 등,0,0
2026-04-16,06:00,15:00,300,중랑,더샵퍼스트월드 공사현장 1G 앞 300명,상봉동,0,0
2026-04-16,10:00,16:00,200,중부,장충동2가 186-210 앞 200명,장충동2가,0,0
2026-04-16,14:00,16:00,100,노원,서울원아이파크 1G 좌측 인도 100명,월계동,0,0
2026-04-16,17:00,17:30,150,관악,서울대입구역 각 출구 앞 150명,봉천동,0,0
2026-04-17,06:00,15:00,300,중랑,더샵퍼스트월드 공사현장 1G 앞 300명,상봉동,0,0
2026-04-17,11:00,14:00,200,도봉,도봉구청 정문 앞 200명,방학동,0,0
2026-04-17,15:00,16:00,300,종로,광화문 월대구 효자치안센터 300명,- 세종로,0,0
2026-04-17,19:30,22:00,100,남대문|중부,중앙우체국->동화면세점 100명,퇴계로 등,0,0
2026-04-18,11:30,17:00,50000,종로|남대문,"동화면세점 앞->광화문R 등 50,000명",세종대로 등,0,0
2026-04-18,12:30,15:00,5000,종로|혜화,"동대문역 1出->광화문KT 건너편 5,000명",세종대로 등,0,0
2026-04-18,13:00,14:00,500,남대문,서울중앙우체국->시청역 7出 500명,세종대로 등,0,0
2026-04-18,15:00,18:30,5000,종로|영등포,"국회의사당역 5出->민주당사 5,000명",의사당대로 등,0,0
2026-04-18,14:00,18:00,5000,남대문,"시청역 7出안국R 5,000명",- 세종대로 등,0,0
2026-04-18,14:00,16:30,2000,남대문,"대한문 앞 2,000명",정동,0,0
2026-04-19,10:00,11:00,1000,구로,"평강제일교회 앞 1,000명",오류동,0,0
2026-04-19,11:00,12:30,10000,종로,"동화면세점 앞 10,000명",신문로1가 등,0,0
2026-04-19,12:00,15:00,200,도봉,창동역 1出 앞 200명,창동,0,0
2026-04-20,06:00,15:00,300,중랑,더샵 퍼스트월드 공사현장  300명,상봉동,0,0
2026-04-20,10:00,12:00,50,서대문,경찰청 앞  50명,미근동,0,0
2026-04-20,11:00,17:00,300,영등포,국민의힘 당사 앞  300명,여의도,0,0
2026-04-20,13:00,16:00,3000,종로,"고궁박물관 남측  3,000명",세종로,0,0
2026-04-21,06:00,15:00,300,중랑,더샵 퍼스트월드 공사현장  300명,상봉동,0,0
2026-04-21,10:00,10:30,130,영등포,국회의사당 앞  130명,여의도,0,0
2026-04-21,14:00,15:00,15000,남대문|영등포,"여의도환승센터~마포대교 남단  15,000명",여의도,0,0
2026-04-21,14:00,18:00,100,용산,세종호텔→용산경찰서  100명,명동 등,1,0
2026-04-22,06:00,15:00,300,중랑,더샵퍼스트월드 공사현장  300명,상봉동,0,0
2026-04-22,14:00,16:20,200,서초|강남,"정곡빌딩 남관->강남역 10出  200명 강남, 서초",강남대로 등,0,0
2026-04-22,15:30,16:30,500,영등포,의사당역 4出 앞  500명,여의도동,0,0
2026-04-22,19:00,20:00,5000,영등포,"민주당사 앞  5,000명",여의도,0,0
2026-04-23,06:00,15:00,300,중랑,더샵퍼스트월드 공사현장 300명,상봉동,0,0
2026-04-23,10:00,11:00,500,구로,평강제일교회 앞 500명,오류동,0,0
2026-04-23,11:00,13:00,300,종로|남대문,구 효자치안센터 앞 300명,효자로,0,0
2026-04-23,14:00,16:00,5000,종로,"5,000명","남대문로4가, 효자로 등",0,0
2026-04-24,06:00,15:00,300,종로|중랑,더샵퍼스트월드 1G -> 4G,상봉동,0,0
2026-04-24,10:00,12:30,300,남대문,금세기빌딩 -> 의정부터 서측,세종로 등,0,0
2026-04-24,11:00,13:00,300,종로,구 효자치안센터,효자로,0,0
2026-04-24,19:30,22:00,100,남대문|중부,중앙우체국 -> 동화면세점,퇴계로 등,0,0
2026-04-25,06:00,15:00,300,종로|중랑,더샵퍼스트월드 1G -> 4G,상봉동,0,0
2026-04-25,11:30,16:00,50000,남대문|혜화,동화면세점 -> 효자PB,세종로 등,0,0
2026-04-25,13:30,19:00,3000,종로,마로니에공원 -> 고궁박물관 남측,종로 등,0,0
2026-04-25,14:00,16:00,500,남대문,교보빌딩 남측 -> 효령빌딩,남대문로 등,0,0
2026-04-25,16:00,19:00,0,,국회의사당역 5出 -> 민주당사 <의사당대로,"의사당대로             5,000    영등포
              등",0,0
2026-04-25,18:00,20:30,500,마포,홍대입구역 7出  홍대입구R,- 양화로 등,0,0
2026-04-26,11:00,12:30,10000,종로,동화면세점 앞,신문로1가 등,0,0
2026-04-26,14:00,16:00,5000,남대문,고용노동청 앞 -> 사랑채,효자로 등,0,0
2026-04-27,06:00,15:00,300,중랑,더샵퍼스트월드 1G -> 4G,상봉동,0,0
2026-04-27,11:00,12:00,200,종로,사랑채 동측 건너편,효자로,0,0
2026-04-27,12:00,13:00,500,남대문,한진빌딩 앞,소공동,0,0
2026-04-27,14:00,15:00,300,남대문,고용노동청 -> 의정부터,효자로 등,0,0
2026-04-28,06:00,15:00,300,중랑,더샵퍼스트월드 1G -> 4G,상봉동,0,0
2026-04-28,10:00,12:30,300,종로|남대문,"시청 -> 사랑채 동측 건너편  남대문,",효자로 등,0,0
2026-04-28,13:30,15:30,500,구로,G타워(코웨이)  G타워(코웨이),- 구로3동,0,0
2026-04-28,14:00,16:00,20000,강남,BGF리테일 본사 앞,삼성동,0,0
2026-04-29,06:00,15:00,300,방배|중랑,더샵퍼스트월드 1G -> 4G,상봉동,0,0
2026-04-29,11:00,15:30,1000,종로|남대문,남태령 -> 사랑채 동측 건너편,효자로 등,0,0
2026-04-29,13:30,16:00,500,영등포,민주당사 앞,여의도,0,0
2026-04-29,19:00,20:00,20000,강남,BGF리테일 본사,삼성동,0,0
2026-04-30,06:00,15:00,300,중랑,더샵퍼스트월드 1G -> 4G,상봉동,0,0
2026-04-30,10:00,13:00,300,영등포,한전 남서울본부,여의도,0,0
2026-04-30,14:00,16:00,300,남대문,대한문  고용노동청,- 세종로 등,0,0
2026-04-30,17:00,19:00,300,종로,사랑채 동측 건너편 -> 고궁박물관,효자로 등,0,0
2026-05-01,12:30,13:00,2000,영등포,산업은행 측면,여의도,0,0
2026-05-01,13:00,14:40,300,남대문,노동청 앞 -> 대한문,장교동 등,0,0
2026-05-01,13:00,15:00,1000,남대문,롯데백화점 -> 시청R,소공동 등,0,0
2026-05-01,13:00,15:00,2500,종로,현대건설 -> 코리아나호텔,계동 등,0,0
2026-05-01,14:00,15:30,30000,남대문|영등포,여의대로,여의도,0,0
2026-05-01,15:00,18:00,15000,종로,동화면세점  동화면세점,- 세종로 등,0,0
2026-05-02,11:30,16:00,10000,종로|남대문,"동화면세점 -> 효자치안센터  종로,",세종로 등,0,0
2026-05-02,14:00,16:30,500,종로,SK서린빌딩 -> SK서린빌딩,종로 등,0,0
2026-05-02,15:00,18:00,500,남대문|중부,서울역광장 -> 명동역 1出,세종대로 등,0,0
2026-05-02,17:00,20:00,5000,종로|남대문,시청역 7出  광화문R,- 세종대로 등,0,0
2026-05-03,11:00,13:00,10000,종로,동화면세점 앞,신문로1가 등,0,0
2026-05-03,15:00,17:30,50,강동,굽은다리역 1出 -> 천호역 3出,양재대로 등,0,0
2026-05-04,13:00,14:00,180,강북,삼양동 주민센터 앞,삼양동,0,0
2026-05-04,16:30,18:30,69,영등포|서부,금감원 앞,여의도,0,0
2026-05-04,19:00,21:30,100,은평,연신내역 6出 -> 은평너른마당,연서로 등,0,0
2026-05-05,11:00,12:30,60,종로|남대문,서울스퀘어 -> 정부서울청사,세종대로 등,0,0
2026-05-05,11:00,17:00,100,영등포,국민의힘 당사 앞,여의도,0,0
2026-05-06,06:00,15:00,300,중랑,더샵퍼스트월드 1G -> 4G,상봉동,0,0
2026-05-06,11:00,13:00,500,영등포|강남,"국회 1,2문 앞",여의도,0,0
2026-05-06,14:00,16:00,500,서초|동작,정곡빌딩 -> 강남역 10出,강남대로 등,0,0
2026-05-06,19:00,20:10,50,관악,이수역 14出 -> 사당역 7出,동작대로 등,0,0
2026-05-07,05:30,15:00,300,중랑,더샵 퍼스트월드 공사현장 1G → 4G 앞 300명,상봉동,1,0
2026-05-07,13:00,14:00,100,종로,외교부 정문 앞 인도 100명,세종대로,0,0
2026-05-07,14:00,16:00,300,남대문|중부,대한문 앞 ⇄ 고용노동청 300명,세종대로 등,0,0
2026-05-07,17:00,18:30,250,서초,대검찰청 정문 우측 인도 250명,서초동,0,0
2026-05-07,19:00,20:00,100,종로,광화문역 2出 남측 버스정류장 100명,세종대로,0,0
2026-05-08,05:30,15:00,300,중랑,더샵 퍼스트월드 공사현장 1G 앞 -> 4G 300명,상봉동,0,0
2026-05-08,11:00,12:30,5000,종로,"사랑채 동측 건너편  5,000명",효자로,0,0
2026-05-08,16:30,20:30,50,남대문|중부,시청 2청사 앞 인도  50명,정동,0,0
2026-05-08,19:30,21:00,100,종로|남대문,중앙우체국 -> 동화면세점  100명,퇴계로 등,0,0
2026-05-09,05:30,15:00,300,종로|중랑,더샵 퍼스트월드 공사현장 1G 앞,상봉동,0,0
2026-05-09,11:30,16:00,10000,남대문,동화면세점 -> 효자PB,세종대로 등,0,0
2026-05-09,13:00,17:00,10000,종로|용산,삼각지PB ∼ 美 공보관,한강로1가,0,0
2026-05-09,13:30,19:00,3000,혜화,마로니에공원 -> 고궁박물관,율곡로 등,0,0
2026-05-09,15:00,18:00,500,남대문,서울역광장 -> 명동역 1出,세종대로 등,0,0
2026-05-09,18:00,20:30,500,마포,홍대입구역 7出,양화로 등,0,0
2026-05-10,10:00,11:00,1000,구로,평강제일교회 앞,오류동,0,0
2026-05-10,11:00,13:00,10000,종로|송파,동화면세점 앞,신문로1가 등,0,0
2026-05-10,13:00,20:00,60,광진,,"올림픽로, 양재대로 등",0,0
2026-05-11,05:30,15:00,300,중랑,더샵퍼스트월드 공사현장 1G 앞,상봉동,0,0
2026-05-11,12:30,15:30,600,남대문,서울역 2出 앞,남대문로5가,0,0
2026-05-11,13:00,14:00,180,강북|서부,삼양동 주민센터 앞,삼양동,0,0
2026-05-11,19:00,21:30,100,은평,녹번역 4出 -> 은평너른마당,연서로 등,0,0
2026-05-12,05:30,15:00,300,중랑,더샵퍼스트월드 공사현장 1G 앞,상봉동,0,0
2026-05-12,14:00,16:00,1000,영등포,민주당사 앞,여의도,0,0
2026-05-12,15:00,16:00,1000,종로,대왕빌딩 앞,관철동,0,0
2026-05-12,19:00,22:00,60,성북,,보국문로35가길 등,0,0
2026-05-13,10:00,13:00,70,종로|마포,헌법재판소 앞 -> 의사당역 2出,"세종로, 여의도 등",0,0
2026-05-13,14:00,16:00,1500,영등포|강남,영등포 등 현대모비스 앞,역삼동,0,0
2026-05-13,14:00,16:00,300,남대문,대한문 앞 -> 고용노동청,태평로 등,0,0
2026-05-13,19:00,20:00,500,구로,평강제일교회 앞,오류동,0,0
2026-05-14,10:00,11:00,500,구로,평강제일교회 앞,오류동,0,0
2026-05-14,11:00,14:00,200,종로,그랑서울 서측 인도,청진동,0,0
2026-05-14,14:00,16:00,300,남대문,대한문 앞 -> 고용노동청,태평로 등,0,0
2026-05-14,19:00,20:00,100,종로,광화문역 2出 남측 인도,세종대로,0,0
2026-05-15,11:00,13:00,100,종로,교보빌딩 남측 -> 청진공원,세종로,0,0
2026-05-15,18:30,20:00,100,서대문,신촌역 3出 -> 연세대 정문,연세로 등,0,0
2026-05-15,19:00,20:30,500,종로|중부,송현공원 앞 -> 세종R,송현동,0,0
2026-05-15,19:30,22:00,100,종로|남대문,서울중앙우체국 -> 동화면세점,세종대로 등,0,0
2026-05-16,05:30,15:00,300,종로|중부|중랑,더샵퍼스트월드 공사현장 1G 앞,상봉동,0,0
2026-05-16,10:30,12:30,200,남대문,청계광장 -> 전태일다리,태평로1가,0,0
2026-05-16,11:30,16:00,10000,종로|남대문,"동화면세점 -> 구 효자치안센터  종로,",세종대로 등,0,0
2026-05-16,13:00,18:00,1000,종로|영등포,문래역4出 -> 당산역10出,문래동3가 등,0,0
2026-05-16,14:00,16:30,1000,종로|남대문,동십자R -> 서울광장 동측,세종대로 등,0,0
2026-05-16,17:00,20:00,5000,남대문,포시즌스호텔 남측 -> 광화문R,세종대로 등,0,0
2026-05-17,10:00,11:00,1000,구로,평강제일교회 앞,오류동,0,0
2026-05-17,11:00,13:00,10000,종로,동화면세점 앞,신문로1가 등,0,0
2026-05-17,14:00,17:00,500,남대문,송현공원 앞 -> 명동역6出,세종대로 등,0,0
2026-05-18,11:00,13:00,100,종로,교보빌딩 남측 -> 청진공원,세종로,0,0
2026-05-18,11:00,17:00,1000,남대문,,남대문로5가 등,0,0
2026-05-18,12:00,16:30,69,영등포,금감원 앞,여의도,0,0
2026-05-18,19:00,20:00,200,마포,카라더불어숨센터 앞,서교동,0,0
2026-05-19,11:30,13:00,100,종로,교보빌딩 남측 -> 청진공원,세종로,0,0
2026-05-19,16:00,17:00,100,송파,성내천 물빛광장,오금동,0,0
2026-05-19,18:00,19:30,300,종로,동화면세점 앞,세종로,0,0
2026-05-19,19:00,20:00,200,남대문,세종호텔 앞,명동,0,0
2026-05-20,11:30,13:00,100,종로,교보빌딩 남측 -> 청진공원,세종로,0,0
2026-05-20,12:00,14:00,300,강남,GS리테일 본사 앞 -> GS아트센터R,역삼동,0,0
2026-05-20,14:00,16:30,500,종로,보신각 앞 -> 사랑채 동측 건너편,세종로 등,0,0
2026-05-20,19:00,20:00,500,구로,평강제일교회 앞,오류동,0,0
2026-05-21,11:30,13:00,100,종로,교보빌딩 남측 -> 청진공원,세종로,0,0
2026-05-21,15:00,19:30,50,마포,홍대레드로드 R2 앞,서교동,0,0
2026-05-21,19:00,20:00,100,종로,광화문역2출 앞 남측 인도,세종대로,0,0
2026-05-21,19:30,20:30,60,성북,성북구 보국문로29길 앞 인도,정릉동,0,0
2026-05-22,10:30,11:30,500,광진,구의역 3출 앞,자양동,0,0
2026-05-22,11:30,13:00,100,종로,교보빌딩 남측 -> 청진공원,세종로,0,0
2026-05-22,12:00,14:30,1000,중부|영등포,더샵아일랜드 앞 -> 국회의사당역5출,여의도,0,0
2026-05-22,19:30,21:30,100,종로|남대문,서울중앙우체국 -> 동화면세점,세종대로 등,0,0
2026-05-23,14:00,16:00,200,종로|남대문,시청 동편,태평로1가,0,0
2026-05-23,15:00,18:00,500,남대문,서울역광장->명동역 1出 500명,세종대로 등,0,0
2026-05-23,16:00,18:00,300,종로,송현공원 세종R,- 세종대로 등,0,0
2026-05-23,17:00,20:00,5000,남대문,교보빌딩 남측 -> 광화문R,세종대로 등,0,0
2026-05-23,18:00,20:30,500,마포,홍대입구역 7出  홍대입구R,- 양화로 등,0,0
2026-05-24,10:00,11:00,1000,구로,평강제일교회 앞,오류동,0,0
2026-05-24,11:00,13:00,2000,종로,동화면세점 앞,세종대로,0,0
2026-05-24,11:00,19:00,300,중부,명보사거리 앞,충무로,0,0
2026-05-25,10:00,12:00,1000,종로,동화면세점대왕빌딩,- 세종대로 등,0,0
2026-05-25,11:00,13:00,100,강남,영남스퀘어 빌딩 앞,학동,0,0
2026-05-25,19:00,20:00,500,종로,SK서린빌딩 앞,서린동,0,0
2026-05-26,10:00,12:00,1000,종로,동화면세점대왕빌딩,- 세종대로,0,0
2026-05-26,14:00,15:30,200,용산,오리온 앞,문배동,0,0
2026-05-26,18:00,21:00,300,종로,동화면세점 앞,세종대로,0,0
2026-05-26,19:00,20:30,100,마포,서울신용보증재단 앞,공덕동,0,0
2026-05-27,11:00,12:30,100,강남|광진,세종대학교 앞,능동,0,0
2026-05-27,14:00,16:00,1000,서초,정곡빌딩 남관  신논현역R,- 강남대로 등,0,0
2026-05-27,15:00,16:40,5000,종로,,세종대로 등,0,0
2026-05-27,19:00,20:00,500,구로,평강제일교회 앞,오류동,0,0
2026-05-28,10:00,12:00,100,종로,교보빌딩 맞은편 -> 사랑채 동측 건너편,세종로,0,0
2026-05-28,13:00,16:00,3000,종로,동화면세점 -> 사랑채 동측 건너편,세종대로 등,0,0
2026-05-28,14:00,15:30,600,종로,보신각 앞,관철동,0,0
2026-05-28,17:00,19:30,100,관악,서울대입구역3出 -> 서울대입구역2出,관악로,0,0
2026-05-29,08:00,18:00,690,송파,위례A1-14현장 앞,거여동,0,0
2026-05-29,10:30,11:00,100,종로,,세종로,0,0
2026-05-29,11:30,12:30,150,중부|영등포,금감원 정문 앞,여의도,0,0
2026-05-29,19:30,21:30,100,종로|남대문,서울중앙우체국 -> 동화면세점,세종대로 등,0,0
2026-05-30,07:30,16:00,300,중랑,더샵 퍼스트월드 공사현장 1G 앞,상봉동,0,0
2026-05-30,10:30,11:00,100,종로,,세종대로,0,0
2026-05-30,14:00,17:00,3000,종로|남대문|서초,청계남로 -> 사랑채,세종대로 등,0,0
2026-05-30,14:00,19:00,3000,강남,정곡빌딩  신논현역,- 강남대로 등,0,0
2026-05-30,15:00,18:00,500,남대문,서울역광장 -> 명동역1出,세종대로 등,0,0
2026-05-30,18:30,20:30,500,마포,홍대입구역7出  홍대입구R,- 양화로 등,0,0
2026-05-31,10:00,11:00,1000,구로,평강제일교회 앞,오류동,0,0
2026-05-31,11:00,13:00,10000,종로,동화면세점 앞,세종대로,0,0
2026-05-31,14:00,17:00,500,강남|수서,"파고다타워  강남역  강남, 수서",- 강남대로 등,0,0
2026-06-01,10:30,11:00,100,종로,교보빌딩 맞은편 -> 사랑채 동측 건너편,세종로,0,0
2026-06-01,12:00,16:00,100,종로|송파,효주빌딩 앞,거여동,0,0
2026-06-01,13:00,16:20,200,남대문,보신각 -> 태평빌딩,관철동 등,0,0
2026-06-01,19:30,21:30,100,서부,녹번역4出 -> 은평너른마당,녹번동 등,0,0
2026-06-02,06:00,15:00,1000,중랑,더샵 퍼스트월드 공사현장 1G 앞,상봉동,0,0
2026-06-02,17:30,18:30,100,남대문,고용노동청 앞,장교동,0,0
2026-06-02,18:30,21:00,100,종로,동화면세점 -> 사랑채 동측 건너편,세종로,0,0
2026-06-02,19:00,20:00,200,남대문,세종호텔 앞,명동,0,0
2026-06-03,05:30,15:00,1000,중랑,더샵 퍼스트월드 공사현장 1G 앞,상봉동,0,0
2026-06-03,12:00,13:00,300,종로|강남,소녀상 앞,수송동,0,0
2026-06-03,14:00,16:00,1000,서초,정곡빌딩 남관  신논현역R,- 강남대로 등,0,0
2026-06-04,05:30,15:00,1000,중랑,더샵 퍼스트월드 공사현장 1G 앞,상봉동,0,0
2026-06-04,13:00,14:00,1000,종로|강남,현대모비스 본사 앞,역삼동,0,0
2026-06-04,15:00,16:30,5000,남대문,,효자로,0,0
2026-06-04,19:00,20:00,100,종로,광화문역2出 앞 남측 인도,세종로,0,0
2026-06-05,10:00,18:00,1500,종로|중부,광화문광장 놀이마당 內,세종로,0,0
2026-06-05,14:00,16:00,300,남대문,대한문  고용노동청,- 세종대로 등,0,0
2026-06-05,19:30,20:30,309,강북,미아동 소민빌딩 -> 수유동 한진빌딩,,0,0
2026-06-06,08:00,16:00,300,중랑,더샵 퍼스트월드 공사현장 1G 앞  망우역,- 상봉동,0,0
2026-06-06,11:30,16:00,50000,종로|남대문|혜화,"종로, 동화면세점 -> 효자PB 등  남대문,",세종대로 등,0,0
2026-06-06,13:00,16:00,1000,영등포,국회의사당역2出 보조도로 및 인도,여의도,0,0
2026-06-06,14:00,16:00,7000,종로|영등포,의사당역5出  국민의힘 당사,- 은행로 등,0,0
2026-06-06,17:00,20:00,5000,남대문,포시즌스호텔  안국R,- 세종대로 등,0,0
2026-06-06,18:00,20:00,150,서대문,신촌역2出 -> 창천문화공원,신촌로 등,0,0
2026-06-07,10:00,11:00,1000,구로,평강제일교회 앞,오류동,0,0
2026-06-07,11:00,13:00,10000,종로,동화면세점 앞 인도,신문로1가 등,0,0
2026-06-07,14:00,16:30,500,강남|수서,"파고다타워  신논현역  강남, 수서",- 강남대로 등,0,0
2026-06-08,11:00,13:00,10000,종로|영등포,여의도환승센터~마포대교 남단,여의대로,0,0
2026-06-08,14:00,15:30,1000,남대문|중부|서대문,페럼타워 -> KG그룹 본사,수하동 등,0,0
2026-06-08,14:00,16:00,300,남대문,대한문  고용노동청,-,0,0
2026-06-08,19:00,20:30,100,마포,서울신용보증재단 앞,공덕동,0,0
2026-06-09,11:00,13:00,200,강남,건설회관 앞,논현동,0,0
2026-06-09,14:00,16:00,3000,영등포,의사당역5出  與野 당사,- 여의도,0,0
2026-06-09,18:30,21:00,100,종로,동화면세점 -> 사랑채 동측 건너편,세종로,0,0
2026-06-09,19:00,20:00,200,남대문,세종호텔 앞,명동,0,0
2026-06-10,10:00,13:00,200,강남,건설회관 앞,논현동,0,0
2026-06-10,12:00,13:00,100,남대문,한화본사 앞,장교동,0,0
2026-06-10,14:00,17:00,10000,종로,동화면세점 앞 -> 사랑채 동측,세종로 등,0,0
2026-06-10,18:00,19:30,100,용산,서울시교육청 앞,후암동,0,0
2026-06-11,06:00,16:00,300,강서,방화6구역 삼성물산 앞,방화동,0,0
2026-06-11,11:00,14:30,500,영등포,국민의힘 당사 ↔ 민주당사,여의도동,1,0
2026-06-11,16:00,18:00,400,도봉,도봉구청 정문,방학1동,0,0
2026-06-11,18:30,19:30,200,남대문,세종호텔 앞,명동,0,0
2026-06-12,09:00,18:00,2000,서초,정곡빌딩 남관 앞,서초동,0,0
2026-06-12,10:00,12:00,200,강남,건설회관 앞,논현동,0,0
2026-06-12,10:00,19:00,200,종로,보신각 앞,관철동,0,0
2026-06-12,18:30,21:00,300,종로,동화면세점 앞,세종로,0,0
2026-06-13,11:30,16:00,50000,종로|남대문,동화면세점 -> 원표공원,세종대로 등,0,0
2026-06-13,13:00,18:00,30000,남대문|서대문,시의회 -> 숭례문,태평로1가 등,0,0
2026-06-13,13:30,17:00,700,종로|남대문,송현공원 -> 시청동편,세종대로 등,0,0
2026-06-13,14:00,19:00,50000,남대문|중부,종1R -> 을1R,관철동 등,0,0
2026-06-13,17:00,19:30,1000,남대문|중부,서울중앙우체국  을2R,- 을지로 등,0,0
2026-06-13,18:00,20:00,5000,서초|강남,서초역8出 -> 강남역CGV,강남대로 등,0,0
2026-06-14,10:00,11:00,1000,구로,"평강제일교회 앞  1,000명",오류동,0,0
2026-06-14,10:00,19:00,200,종로,보신각 앞 인도  200명,관철동,0,0
2026-06-14,11:00,13:00,10000,종로,"동화면세점 앞 인도  10,000명",신문로1가 등,0,0
2026-06-15,14:00,15:30,100,용산,용산역 잔디광장 앞,용산동,0,0
2026-06-15,19:00,20:00,200,마포,카라더불어숨센터,서교동,0,0
2026-06-15,19:00,21:00,1500,종로,보신각  광화문R,- 관철동 등,0,0
2026-06-16,15:00,16:00,500,남대문,시의회 앞 인도,세종대로,0,0
2026-06-16,16:00,17:30,100,송파,루터회관 앞,신천동,0,0
2026-06-16,19:00,20:00,3000,영등포,민주당사 앞,여의도,0,0
2026-06-16,19:00,21:00,300,종로,세종R -> 사랑채 동측 건너편,세종로 등,0,0
2026-06-17,10:00,11:00,500,구로,평강제일교회 앞,오류동,0,0
2026-06-17,12:00,14:30,500,영등포,국민의힘 당사 -> 민주당사,여의도동,0,0
2026-06-17,14:00,15:30,7000,남대문,숭례문R~태평R,세종대로,0,0
2026-06-17,18:30,20:00,500,마포,홍대 레드로드R1 앞,서교동,0,0
2026-06-18,10:00,11:00,500,구로,평강제일교회 앞,오류동,0,0
2026-06-18,14:00,15:00,100,남대문,농협중앙회 앞 인도,충정로1가,0,0
2026-06-18,18:30,19:30,200,남대문,세종호텔 앞,명동,0,0
2026-06-19,09:00,17:00,100,영등포|마포|서대문|구로,온수3R -> 신촌역,신촌동 등,0,0
2026-06-19,09:00,16:00,140,중부,신당8구역 공사현장 앞,신당동,0,0
2026-06-19,12:00,13:00,690,종로,SK에코플랜트 앞,수송동,0,0
2026-06-19,13:00,16:00,100,용산,진흥기업 앞,후암동,0,0
2026-06-20,09:30,15:30,300,종로|서대문,"서대문, 신촌역 -> 사랑채 동측 건너편",효자로 등,0,0
2026-06-20,11:30,16:00,50000,종로,동화면세점 -> 원표공원,세종대로,0,0
2026-06-20,12:00,18:00,3000,종로|남대문,서울역4出 -> 종로5가역8出,퇴계로 등,0,0
2026-06-20,14:00,15:00,500,종로,영추문 앞,효자로,0,0
2026-06-20,16:00,19:00,5000,서초|강남,"중앙지검 서문 -> 시티극장  강남, 서초",강남대로 등,0,0
2026-06-20,18:30,20:30,500,마포,홍대입구역7出  홍대입구R,- 양화로 등,0,0
2026-06-21,10:00,11:00,1000,구로,평강제일교회 앞,오류동,0,0
2026-06-21,11:00,13:00,10000,종로,동화면세점 앞 인도,신문로1가 등,0,0
2026-06-21,14:00,17:00,500,서초|강남|수서,"파고다타워  신논현역  강남,",- 강남대로 등,0,0
2026-06-22,08:00,18:00,1000,강남,센터필드 앞,역삼동,0,0
2026-06-22,10:00,11:30,200,서초,서초역8出 앞,서초동,0,0
2026-06-22,11:00,19:00,100,남대문,시청 동편  무교R,- 태평로1가,0,0
2026-06-22,13:00,16:00,100,용산,진흥기업 앞,후암동,0,0
2026-06-23,10:30,12:30,1000,종로,"사랑채 동측 건너편  1,000명",효자동,0,0
2026-06-23,15:00,16:00,500,남대문,시의회 앞 인도  500명,태평로1가,0,0
2026-06-23,19:00,20:00,200,남대문,세종호텔 앞  200명,명동,0,0
2026-06-23,19:00,21:00,100,종로,광화문월대 -> 사랑채 동측 건너편  100명,효자로,0,0
2026-06-24,12:00,14:30,500,영등포,국민의힘 당사 -> 민주당사  500명,여의도동,0,0
2026-06-24,14:00,15:00,2500,서초,"현대차 본사 앞  2,500명",양재동,0,0
2026-06-24,14:00,16:00,700,영등포,LG트윈타워 앞  700명,여의도,0,0
2026-06-24,19:00,20:00,500,구로,평강제일교회 앞  500명,오류동,0,0
2026-06-25,09:00,10:30,300,용산,서울시교육청 앞 300명,,0,0
2026-06-25,10:00,11:00,500,구로,평강제일교회 앞  500명,오류동,0,0
2026-06-25,12:30,14:30,500,종로,사랑채 동측 건너편~진명R  500명,효자로,0,0
2026-06-25,14:30,16:30,200,서대문,정부서울청사 -> 신촌B마트  200명,세종로 등,0,0
2026-06-26,08:00,10:00,100,용산,서울시교육청 앞  100명,후암동,0,0
2026-06-26,10:30,11:30,200,마포,DMC 첨단산업센터 앞  200명,상암동,0,0
2026-06-26,12:00,18:00,2000,서초,"정곡빌딩 남관 앞  2,000명",서초동,0,0
2026-06-26,17:00,17:30,80,종로,한국씨티은행 지상주차장 內  80명,신문로2가,0,0
2026-06-27,12:30,16:00,50000,종로,"동화면세점 -> 구 효자치안센터  50,000명",세종대로 등,0,0
2026-06-27,12:30,16:00,1000,종로,"보신각 앞 -> 사랑채 동측  1,000명",관철동 등,0,0
2026-06-27,13:00,16:00,500,영등포|서대문,국민의힘 당사 앞 이면도로  500명,여의도동,0,0
2026-06-27,14:00,19:00,3000,마포,"신촌역 2出 -> 합정역 2出  3,000명",대학로 등,0,0
2026-06-27,15:00,17:00,3000,종로,"송현공원 앞 -> 사랑채 동측  3,000명",안국동 등,0,0
2026-06-27,18:00,21:00,5000,서초|강남,"중앙지검 서문 -> CGV 강남  5,000명 강남, 서초",강남대로 등,0,0
2026-06-28,10:00,11:00,1000,구로,"평강제일교회 앞  1,000명",오류동,0,0
2026-06-28,14:00,16:00,1000,종로,"동화면세점 앞 인도  1,000명",중학동,0,0
2026-06-28,16:00,18:00,500,남대문,대한문 앞 인도  500명,태평로1가,0,0
2026-06-29,09:00,18:00,50,마포,마포구청 앞  50명,성산1동,0,0
2026-06-29,12:00,17:00,60,송파,쌍용건설 본사 앞  60명,신천동,0,0
2026-06-29,15:00,16:30,200,수서,쿠팡 CLS 앞  200명,역삼동,0,0
2026-06-29,16:30,18:00,99,영등포,금감원 앞  99명,여의도,0,0
2026-06-30,10:30,12:00,500,남대문,시청 서편  500명,태평로1가,0,0
2026-06-30,11:00,12:30,1000,종로,"사랑채 동측 건너편  1,000명",효자동,0,0
2026-06-30,15:00,16:00,500,남대문,시의회 앞 인도  500명,태평로1가,0,0
2026-06-30,19:00,21:00,300,종로,광화문월대 -> 사랑채 동측 건너편  300명,효자로,0,0
2026-07-01,12:00,13:00,300,종로,소녀상 앞 인도  300명,수송동,0,0
2026-07-01,12:00,14:30,500,종로|영등포,국민의힘 당사 -> 민주당사  500명,여의도동,0,0
2026-07-01,14:00,16:00,1000,남대문,"1,000명",효자로 등,0,0
2026-07-01,19:00,20:00,500,구로,평강제일교회 앞  500명,오류동,0,0
2026-07-02,10:00,11:00,500,구로,평강제일교회 앞  500명,오류동,0,0
2026-07-02,10:00,12:00,3000,남대문,"한국재정정보원 앞  3,000명",남대문,0,0
2026-07-02,14:00,15:00,200,종로|송파,거여역 1·2出 -> 남인순 의원 사무소  200명,거여동,0,0
2026-07-02,15:30,17:00,100,남대문,시의회 -> 감사의정원  100명,세종로 등,0,0
2026-07-03,08:30,18:30,100,남대문,한화 본사 앞  100명,장교동,0,0
2026-07-03,09:00,11:00,50,강서,강서구청 앞  50명,화곡동,0,0
2026-07-03,16:30,17:30,500,강남,현대모비스 앞  500명,역삼동,0,0
2026-07-03,18:30,19:30,200,남대문,세종호텔 앞  200명,명동,0,0
2026-07-04,12:30,16:00,50000,종로,"동화면세점 -> 구 효자치안센터  50,000명",세종대로 등,0,0
2026-07-04,13:00,15:00,10000,남대문,"광교 -> 정부청사 북측  10,000명",을지로 등,0,0
2026-07-04,14:00,15:30,11000,남대문|서대문,"태평R~숭례문R 편도 전 차로  11,000명",태평로1가,0,1
2026-07-04,14:00,18:30,3000,마포,"신촌역 2出 -> 서교동R  3,000명",대학로 등,0,0
2026-07-04,17:00,20:00,3000,종로,"동화면세점 앞 1개 차로  3,000명",세종로,0,1
2026-07-04,18:00,21:00,5000,서초|강남,"중앙지검 서문 -> 강남 CGV  5,000명 강남, 서초",강남대로 등,0,0
2026-07-05,10:00,11:00,1000,구로,"평강제일교회 앞  1,000명",오류동,0,0
2026-07-05,11:00,13:00,10000,종로|강남,"동화면세점 앞 인도  10,000명",신문로1가 등,0,0
2026-07-05,18:00,20:00,500,서초|수서,파고다타워  신논현역  500명,- 강남대로 등,0,0
2026-07-06,08:00,18:00,1000,강남,"센터필드 앞  1,000명",역삼동,0,0
2026-07-06,08:30,18:30,100,남대문,한화 본사 앞  100명,장교동,0,0
2026-07-06,10:00,19:30,100,노원,상계보람아파트 앞 인도  100명,상계동,0,0
2026-07-06,16:30,17:30,60,남대문,연세빌딩 앞  60명,남대문로,0,0
2026-07-07,12:30,14:00,500,종로,사랑채 동측 건너편 -> 동화면세점 500명,효자로 등,0,0
2026-07-07,13:00,16:30,1000,종로,"동화면세점 -> 사랑채 동측 건너편 1,000명",세종대로 등,0,0
2026-07-07,14:00,16:00,500,남대문,시의회 앞 인도 -> 대한문  500명,태평로1가 등,0,1
2026-07-07,19:00,20:30,300,종로,300명,효자로,0,0
2026-07-08,12:00,13:00,300,종로,소녀상 앞 인도 및 2개 차로  300명,수송동,0,1
2026-07-08,12:00,14:30,500,영등포,국민의힘 당사 -> 민주당사  500명,여의도동,0,0
2026-07-08,18:30,19:30,5000,종로,"사랑채 동측 건너편~진명R  5,000명",효자로 등,0,0
2026-07-08,19:00,20:00,500,구로,평강제일교회 앞  500명,오류동,0,0
2026-07-09,10:00,11:00,500,구로,평강제일교회 앞  500명,오류동,0,0
2026-07-09,11:00,18:00,100,강남,건설회관 앞  100명,논현동,0,0
2026-07-09,17:30,19:00,300,용산,시교육청 앞  300명,후암동,0,0
2026-07-09,18:30,19:30,5000,종로,"사랑채 동측 건너편~진명R  5,000명",효자로,0,0
2026-07-10,08:00,10:00,100,마포,JTBC 본사 앞 인도  100명,상암동,0,0
2026-07-10,08:30,18:30,100,남대문,한화 본사 앞  100명,장교동,0,0
2026-07-10,14:00,17:00,150,중부,대우건설 앞 인도  150명,을지로동,0,0
2026-07-10,15:00,17:00,120,성동,120명,행당동 등,0,0
2026-07-11,09:00,12:00,290,방배,디에이치 방배 앞 인도  290명,방배동,0,0
2026-07-11,12:30,16:00,50000,종로,"동화면세점 -> 구 효자치안센터  50,000명",세종대로 등,0,0
2026-07-11,13:30,15:30,20000,남대문,"숭례문R~시청역 8出 앞  20,000명",태평로1가,0,0
2026-07-11,17:00,19:00,100,종로,SK서린빌딩 -> 광화문R  100명,서린동 등,0,0
2026-07-11,18:00,21:00,5000,서초|강남,"서초역 8出 -> 강남 CGV  5,000명 강남, 서초",강남대로 등,0,0
2026-07-11,18:30,20:30,500,마포,홍대입구역 7出  홍대입구R  500명,- 양화로 등,0,0
2026-07-12,10:00,11:00,1000,구로,"평강제일교회 앞  1,000명",오류동,0,0
2026-07-12,11:00,13:00,10000,종로|강남,"동화면세점 앞 인도  10,000명",신문로1가 등,0,0
2026-07-12,18:00,20:00,500,서초|수서,파고다타워  신논현역  500명,- 강남대로 등,0,0
2026-07-13,09:00,18:00,290,방배,디에이치 방배 앞 인도  290명,방배동,0,0
2026-07-13,13:00,18:00,5000,서초,"정곡빌딩 남관 앞 1개 차로  5,000명",서초동,0,1
2026-07-13,16:00,17:30,60,강남,현대모비스 앞  60명,역삼동,0,0
2026-07-13,16:30,18:00,99,영등포,금감원 앞  99명,여의도,0,0
2026-07-14,07:00,16:00,500,송파,서울동부지검 앞  500명,문정동,0,0
2026-07-14,08:00,15:00,100,강남,두산건설 앞  100명,논현동,0,0
2026-07-14,14:00,17:00,150,동작,동작구청 1G 앞 인도  150명,상도동,0,0
2026-07-14,16:00,00:00,250,서초,삼성화재 서초사옥 앞  250명,서초동,0,0
2026-07-15,13:00,13:30,400,종로|남대문|중부,"중부, 고용노동청 -> 동화면세점  400명 종로,",장교동 등,0,0
2026-07-15,14:00,15:00,10000,종로,"동화면세점~대한문  10,000명",세종로,0,0
2026-07-15,14:00,15:00,1000,종로,"광화문 D타워 -> 동화면세점  1,000명",청진동 등,0,0
2026-07-15,15:00,17:00,10000,종로,"동화면세점 -> 사랑채 동측 건너편 10,000명",세종로 등,0,0
2026-07-16,08:30,18:30,100,남대문,한화 본사 앞  100명,장교동,0,0
2026-07-16,10:00,11:00,500,구로,평강제일교회 앞  500명,오류동,0,0
2026-07-16,11:00,11:30,120,성동,성동빌딩 앞 인도  120명,행당동,0,0
2026-07-16,13:00,15:00,100,종로,사랑채 동측 건너편 인도 및 1개 차로 100명,효자동,0,1
2026-07-17,14:00,16:00,5000,종로,"정부서울청사 앞  5,000명",적선동,0,0
2026-07-17,14:00,16:00,200,종로|서대문,"경찰청 앞·사랑채 동측 건너편 200명 서대문,","미근동, 효자로",0,0
2026-07-17,16:00,20:00,1000,강남|송파,"파고다타워 -> 올림픽공원 남2문 1,000명 강남, 송파",강남대로 등,0,0
2026-07-18,11:00,14:30,3000,남대문,"서울역 4出 앞 2개 차로  3,000명",세종대로,0,1
2026-07-18,11:30,13:30,3000,종로|혜화,"마로니에공원 -> 서린R  3,000명 종로, 혜화",종로 등,0,0
2026-07-18,12:30,16:00,50000,종로|남대문,"동화면세점 -> 구 효자치안센터  50,000명 종로,",세종대로 등,0,0
2026-07-18,16:00,18:30,3000,송파,"몽촌토성역 1出 -> 올림픽공원 장미광장 3,000명",,0,0
2026-07-18,16:00,19:00,5000,서초|강남,"서초역 8出 -> 강남 CGV  5,000명 강남, 서초",강남대로 등,0,0
2026-07-18,18:30,20:30,500,마포,홍대입구역 7出  홍대입구R  500명,- 양화로 등,0,0
2026-07-19,10:00,11:00,1000,구로,"평강제일교회 앞  1,000명",오류동,0,0
2026-07-19,11:00,13:00,10000,종로,"동화면세점 앞 인도  10,000명",신문로1가 등,0,0
2026-07-20,08:00,12:00,300,강남,LH서울본부 앞  300명,논현동,0,0
2026-07-20,09:00,16:00,700,종로|남대문,"서울광장  광화문R  700명 남대문,",- 을지로 등,0,0
2026-07-20,19:00,20:00,200,마포,카라더불어숨센터 앞  200명,서교동,0,0
2026-07-21,10:00,14:00,200,종로,고궁박물관 -> 사랑채 동측 건너편 200명,효자로 등,0,0
2026-07-21,10:30,12:00,300,서대문,경찰청 정문 우측  300명,미근동,0,0
2026-07-21,14:00,17:00,150,중부,대우건설 앞 인도  150명,을지로4가,0,0
2026-07-21,17:00,19:00,500,용산,전쟁기념관 상징탑 앞 인도  500명,용산동,0,0
2026-07-22,12:00,13:00,300,종로,소녀상 앞 인도  300명,수송동,0,0
2026-07-22,13:00,15:00,300,남대문,시청 동편 인도  300명,을지로,0,0
2026-07-22,19:00,20:00,5000,영등포,"민주당사 앞 이면도로  5,000명",여의도동,0,0
2026-07-22,19:00,20:00,500,구로,평강제일교회 앞  500명,오류동,0,0
2026-07-23,10:00,11:00,500,구로,평강제일교회 앞  500명,오류동,0,0
2026-07-23,10:00,17:00,100,서초,CU양재역점 앞  100명,서초동,0,0
2026-07-23,13:00,16:00,500,마포,S-OIL 본사 앞  500명,공덕동,0,0
2026-07-23,14:00,15:30,600,종로,정부서울청사 후문 앞  600명,적선동,0,0
2026-07-24,10:00,17:00,100,서초,CU양재역점 앞  100명,서초동,0,0
2026-07-24,11:30,12:30,100,영등포,금감원 앞  100명,여의도,0,0
2026-07-24,14:30,16:00,60,종로,사랑채 동측 건너편  60명,효자동,0,0
2026-07-24,17:00,19:00,500,용산,전쟁기념관 상징탑 앞 인도  500명,용산동,0,0
2026-07-25,11:30,17:00,50000,종로|남대문,"동화면세점 -> 구 효자치안센터  50,000명 종로,",세종대로 등,0,0
2026-07-25,16:00,18:00,500,종로|남대문,"교보빌딩 -> 효령빌딩  500명 종로,",세종대로 등,0,0
2026-07-25,17:00,19:00,100,종로,SK서린빌딩  광화문R  100명,- 종로 등,0,0
2026-07-25,17:30,19:30,200,송파,석촌호수 서호 -> 올림픽공원 남2문 200명,오금로 등,0,0
2026-07-25,18:00,20:00,5000,서초|강남,"서초역 8出 -> CGV 강남  5,000명 강남, 서초",강남대로 등,0,0
2026-07-25,19:00,21:30,10000,종로|중부,"고궁박물관 -> 광화문R  10,000명 중부, 종로",세종대로 등,0,0
2026-07-26,10:00,11:00,1000,구로,"평강제일교회 앞  1,000명",오류동,0,0
2026-07-26,11:00,13:00,10000,종로,"동화면세점 앞 인도  10,000명",신문로1가 등,0,0
2026-07-26,12:00,14:00,150,종로,사랑채 동측 건너편  150명,효자동,0,0
2026-07-27,07:00,17:00,1000,송파,"SK V1 라온건설 앞  1,000명",문정동,0,0
2026-07-27,11:30,12:30,100,영등포,금감원 앞  100명,여의도,0,0
2026-07-27,13:00,15:00,150,종로,구 효자치안센터 앞  150명,효자동,0,0
2026-07-27,13:00,18:00,5000,서초,"정곡빌딩 남관 앞  5,000명",서초동,0,0
2026-07-28,11:00,12:30,500,영등포,의사당역 2出 앞  500명,여의도,0,0
2026-07-28,15:00,16:00,500,남대문,시의회 앞 인도  500명,세종대로,0,0
2026-07-28,18:00,21:00,100,성북,보국문로 35가길  100명,정릉동,0,0
2026-07-28,19:00,20:00,200,남대문,세종호텔 앞  200명,명동,0,0
2026-07-29,12:00,13:00,4000,종로,"동화면세점~원표공원  4,000명",태평로1가,0,0
2026-07-29,12:00,13:00,300,종로,소녀상 앞  300명,수송동,0,0
2026-07-29,14:00,16:00,500,남대문,시의회 앞  개풍R  500명,- 태평로1가 등,0,0
2026-07-29,14:00,16:30,500,구로,넷마블 본사  한화비즈메트로 1차 500명,- 구로3동 등,0,0
2026-07-30,11:00,13:00,70,종로,광화문종합금융센터 앞 ⇄ 로얄빌딩 70명,태평로1가,0,0
2026-07-30,14:00,15:30,2500,서초,"현대차 본사 앞 2,500명",양재동,0,0
2026-07-30,14:00,17:00,360,강남,현대모비스 앞 360명,역삼동,0,0
2026-07-31,15:00,16:30,200,종로,광화문KT 앞 인도 하단  200명,세종로,0,0
2026-07-31,17:00,19:00,500,종로,광화문역 2出 남측 인도  500명,세종로,0,0
2026-07-31,18:00,19:00,100,종로,소녀상 앞 인도  100명,수송동,0,0
2026-07-31,19:00,21:30,200,영등포,국회의사당역 2出  與野 당사 200명,- 의사당대로 등,0,0
2026-08-01,12:30,16:00,50000,종로,"동화면세점 -> 구 효자치안센터  50,000명",세종대로 등,0,0
2026-08-01,13:00,16:30,150,종로,영추문 -> 송현공원 남측  150명,효자동 등,0,0
2026-08-01,14:00,16:00,1000,영등포,"국회의사당역 2出 앞  1,000명",여의도,0,0
2026-08-01,15:30,18:00,1000,송파,"잠실역 3出 -> 올림픽공원역 2出 1,000명",송파대로 등,0,0
2026-08-01,18:00,21:00,5000,서초|강남,"서초역 8出 -> CGV 강남  5,000명 강남, 서초",강남대로 등,0,0
2026-08-01,18:30,20:30,500,마포,홍대입구역 7出  홍대입구R  500명,- 양화로 등,0,0
2026-08-02,10:00,11:00,1000,구로,"평강제일교회 앞  1,000명",오류동,0,0
2026-08-02,11:00,13:00,10000,종로,"동화면세점 앞 인도  10,000명",신문로1가 등,0,0
2026-08-02,13:00,15:30,300,종로,보신각  광교북단  300명,- 관철동 등,0,0
2026-08-03,10:00,11:00,3000,남대문,"한국재정정보원 앞  3,000명",세종대로,0,0
2026-08-03,11:30,13:00,500,종로,교보빌딩  광화문R  500명,- 세종대로 등,0,0
2026-08-03,13:00,15:00,200,서대문,경찰청 정문 앞 인도  200명,미근동,0,0
2026-08-03,16:30,18:00,99,영등포,금감원 앞  99명,여의도,0,0
2026-08-04,10:00,14:00,50,남대문,서울시청 별관 앞 인도  50명,정동,0,0
2026-08-04,13:30,15:00,50,종로,구 효자치안센터 앞  50명,효자동,0,0
2026-08-04,15:00,16:00,500,남대문,시의회 앞 인도  500명,세종대로,0,0
2026-08-04,15:00,16:30,50,종로,SK서린빌딩 앞  50명,서린동,0,0
2026-08-05,10:00,14:00,50,남대문,서울시청 별관 앞 인도  50명,정동,0,0
2026-08-05,12:00,13:00,300,종로,소녀상 앞 인도 및 2개 차로  300명,수송동,0,1
2026-08-05,12:00,14:30,500,영등포,국민의힘 당사 -> 민주당사  500명,국회대로 등,0,0
2026-08-05,14:30,16:00,500,남대문,시의회 앞 인도  500명,태평로1가,0,0
2026-08-06,11:00,13:00,30,동대문,청량리역 5出->한미빌딩  30명,청량리동,0,0
2026-08-06,15:00,16:00,300,남대문,시의회 앞  300명,세종대로,0,0
2026-08-06,16:00,17:30,360,강남,현대모비스 앞  360명,역삼동,0,0
2026-08-06,18:00,19:00,100,종로,소녀상 앞  100명,수송동,0,0
2026-08-07,11:00,12:30,200,영등포,국회의사당역 2出 -> 민주당사 200명,의사당대로 등,0,0
2026-08-07,15:00,16:00,500,남대문,시의회 앞 인도  500명,세종대로,0,0
2026-08-07,15:00,16:30,300,종로,사랑채 동측 건너편 인도  300명,효자동,0,0
2026-08-07,19:30,21:30,300,서초|강남,"파고다빌딩  신논현역 5出  300명 서초, 강남",- 강남대로,0,0
2026-08-08,11:00,16:00,300,종로|남대문|중부,"중부, 사랑채 동측 건너편 -> 탑골공원  300명 종로,",사직로 등,0,0
2026-08-08,12:30,16:00,50000,종로,"동화면세점 -> 구 효자치안센터  50,000명",세종대로 등,0,0
2026-08-08,14:00,17:00,500,영등포,산업은행 정문 앞  500명,여의도,0,0
2026-08-08,17:00,19:00,100,종로,SK서린빌딩  광화문R  100명,- 서린동 등,0,0
2026-08-08,17:30,20:00,200,송파,석촌호수 서호 -> 올림픽공원 남2문 200명,오금로 등,0,0
2026-08-08,18:00,21:00,5000,서초|강남,"서초역 8出 -> CGV 강남  5,000명 강남, 서초",강남대로 등,0,0
2026-08-09,10:00,11:00,1000,구로,"평강제일교회 앞  1,000명",오류동,0,0
2026-08-09,11:00,13:00,10000,종로,"동화면세점 앞 인도  10,000명",신문로1가 등,0,0
2026-08-09,13:00,15:30,300,남대문|중부,"보신각 앞  퇴계2R  300명 남대문,",- 관철동 등,0,0
2026-08-10,07:00,16:00,300,영등포,중흥건설 앞  300명,당산동,0,0
2026-08-10,08:00,19:00,100,종로,감사원 앞  100명,삼청동,0,0
2026-08-10,11:00,12:00,3000,남대문,"한국재정정보원 앞 인도 및 2개 차로 3,000명",세종대로,0,1
2026-08-10,17:00,21:00,200,종로,사랑채 동측 건너편  200명,효자동,0,0
2026-08-11,10:00,11:00,200,종로,사랑채 동측 건너편 200명,효자동,0,0
2026-08-11,10:00,12:00,300,종로,사랑채 동측 건너편 → 고궁박물관 남측 300명,효자동,1,0
2026-08-11,11:30,12:30,50,영등포,KB국민은행 본관 앞 인도 50명,여의도,0,0
2026-08-11,15:00,16:00,500,남대문,서울시의회 앞 인도 500명,세종로,0,0
2026-08-11,17:00,19:00,100,종로,동화면세점 앞 인도 100명,세종로,0,0
2026-08-11,19:00,20:30,1500,영등포,"산업은행 측면 2개 차로 1,500명",여의도,0,1
2026-08-12,12:00,13:00,600,종로,소녀상 앞 인도 및 3개 차로 600명,수송동,0,1
2026-08-12,18:00,19:00,500,종로,청계천로 일대(무교동사거리~광교) 500명,청계천로,0,0
2026-08-12,19:00,20:00,500,구로,평강제일교회 앞 500명,오류동,0,0
2026-08-13,10:00,11:00,500,광진,쿠팡 본사 앞 500명,자양동,0,0
2026-08-13,10:00,11:00,500,구로,평강제일교회 앞 500명,오류동,0,0
2026-08-13,10:30,13:00,300,종로,소녀상 건너편~종로구청 남측 300명,중학동,0,0
2026-08-13,19:00,20:00,1000,종로,"소녀상 앞 인도 및 2개 차로 1,000명",수송동,0,1
2026-08-14,09:30,10:30,300,영등포,여의도 IFC2 앞  300명,여의도,0,0
2026-08-14,16:30,18:00,500,용산,용산역 광장 앞  500명,한강로동,0,0
2026-08-14,19:00,21:00,600,종로,소녀상 앞 인도 및 2개 차로  600명,수송동,0,1
2026-08-14,19:30,21:30,10000,남대문,"시청 동편 인도 및 2개 차로  10,000명",태평로1가,0,1
2026-08-15,11:30,17:00,50000,종로|남대문,"동화면세점 -> 구 효자치안센터  50,000명 종로,",세종대로 등,0,0
2026-08-15,11:30,13:30,3000,종로|혜화,"마로니에공원 -> 서린R  3,000명 종로, 혜화",대학로 등,0,0
2026-08-15,12:00,18:00,2000,종로|남대문,"서울역 4出 -> 종로3가역 14出  2,000명 종로,",퇴계로 등,0,0
2026-08-15,14:00,16:00,3000,종로|남대문,"송현공원 앞 -> 숭례문  3,000명 종로,",송현동 등,0,0
2026-08-15,14:30,17:00,10000,종로|남대문,"광화문R -> 숭례문R  10,000명 종로,",세종대로 등,0,0
2026-08-15,15:00,16:30,700,종로|남대문,"효령빌딩 -> 서울역광장  700명 종로,",세종대로 등,0,0
2026-08-16,10:00,11:00,1000,구로,"평강제일교회 앞  1,000명",오류동,0,0
2026-08-16,11:00,13:00,10000,종로,"동화면세점 앞 인도  10,000명",신문로1가 등,0,0
2026-08-16,14:00,16:30,500,종로,보신각 앞  500명,관철동,0,0
2026-08-17,11:00,14:00,69,수서,혼다코리아 앞 인도  69명,대치동,0,0
2026-08-17,18:00,22:00,50,마포,홍대레드로드 R2 앞  50명,서교동,0,0
2026-08-18,08:00,10:00,20,강남,LH서울본부 앞 인도  20명,논현동,0,0
2026-08-18,09:00,10:30,100,광진,나루뜰공원 內  100명,자양동,0,0
2026-08-18,11:00,13:00,3000,남대문|용산,"한국재정정보원 앞 -> 브라운스톤남산 3,000명 남대문,","세종대로, 후암동 등",0,0
2026-08-18,13:00,16:00,500,영등포,한국노총 앞  500명,여의도,0,0
2026-08-19,12:00,13:00,600,종로,소녀상 앞 인도  600명,수송동,0,0
2026-08-19,13:00,15:00,500,영등포,한국노총 앞  500명,여의도,0,0
2026-08-19,15:30,16:30,3000,남대문,"한국재정정보원 앞 인도  3,000명",남대문로5가,0,0
2026-08-19,19:00,20:00,500,구로,평강제일교회 앞  500명,오류동,0,0
2026-08-20,09:30,11:30,100,서초,정곡빌딩 -> 삼성전자 서초사옥  100명,서초동 등,0,0
2026-08-20,10:00,11:00,500,구로,평강제일교회 앞  500명,오류동,0,0
2026-08-20,13:00,16:00,3000,종로|남대문,"프레스센터 -> 사랑채 동측 건너편 3,000명 종로,",세종대로 등,0,0
2026-08-20,14:00,16:00,200,송파,수협 본사 앞 인도  200명,신천동,0,0
2026-08-21,11:00,12:40,500,종로,농협중앙회 -> 사랑채 동측 건너편 500명,효자로 등,0,0
2026-08-21,14:00,15:00,4000,서초,"현대차 본사 앞  4,000명",양재동,0,0
2026-08-21,15:00,19:00,3000,서초|강남|수서,"삼성전자 서초사옥  강남역 8出·6出 서초,",- 서초동 등,0,0
2026-08-21,16:00,17:00,500,종로,사랑채 동측 건너편 -> 진명R  500명,효자로,0,0
2026-08-22,12:00,16:00,50000,종로,"동화면세점·원표공원 -> 구 효자치안센터 50,000명",세종대로 등,0,0
2026-08-22,13:30,19:00,3000,종로|혜화,"마로니에공원 -> 사랑채 동측 건너편 3,000명 종로, 혜화",율곡로 등,0,0
2026-08-22,16:00,18:00,500,종로|남대문,"교보빌딩 -> 명동역 6出  500명 종로,",세종대로 등,0,0
2026-08-22,17:00,19:30,500,남대문|중부,"500명 중부,",청계남로 등,0,0
2026-08-22,18:00,21:00,5000,서초|강남,"서초역 8出 -> CGV 강남  5,000명 강남, 서초",강남대로 등,0,0
2026-08-23,10:00,11:00,1000,구로,"평강제일교회 앞  1,000명",오류동,0,0
2026-08-23,11:00,13:00,10000,종로,"동화면세점 앞 인도  10,000명",태평로1가,0,0
2026-08-23,15:00,18:00,100,종로,교보빌딩 정문 앞 인도 100명,세종대로,0,0
2026-08-24,10:00,11:00,500,남대문,시의회 앞 인도  500명,태평로1가,0,0
2026-08-24,13:00,15:00,200,종로,구 효자치안센터 앞  200명,효자동,0,0
2026-08-24,14:00,15:00,100,마포,마포구청 앞  100명,성산동,0,0
2026-08-24,16:30,18:00,99,영등포,금감원 앞  99명,여의도,0,0
2026-08-25,11:00,12:00,100,종로,사랑채 동측 건너편 인도  100명,효자동,0,0
2026-08-25,14:00,16:00,500,남대문,시의회 앞 인도  500명,태평로1가,0,0
2026-08-25,14:00,15:00,100,마포,마포구청 앞  100명,성산동,0,0
2026-08-25,19:00,20:00,200,남대문,세종호텔 앞  200명,명동,0,0
2026-08-26,14:00,16:00,1000,수서,"해성빌딩 앞  1,000명",대치동,0,0
2026-08-26,14:00,18:00,500,용산|혜화,전쟁기념관 상징탑 앞 인도  500명,용산동1가,0,0
2026-08-26,15:00,18:00,100,남대문|용산,"중부교육청 -> 서울시교육청  100명 남대문,",효제동 등,0,0
2026-08-26,19:00,20:00,500,구로,평강제일교회 앞  500명,오류동,0,0
2026-08-27,10:00,11:00,500,구로,평강제일교회 앞  500명,오류동,0,0
2026-08-27,13:00,18:00,800,서초,정곡빌딩 남관 앞  800명,서초동,0,0
2026-08-27,14:00,16:00,499,남대문,해남빌딩 앞  499명,태평로,0,0
2026-08-27,14:00,15:40,100,마포,마포구청  망원역 1出  100명,- 월드컵로,0,0
2026-08-28,11:00,13:00,200,영등포,의사당역 2出 -> 민주당사 200명,은행로 등,0,0
2026-08-28,19:00,20:30,14000,영등포,"의사당대로 5出~더샵아일랜드 앞·산업은행 측면 14,000명",여의도,0,0
2026-08-28,19:00,20:00,300,종로,타워8 빌딩 앞 300명,청진동,0,0
2026-08-28,19:30,21:30,100,종로|남대문,"서울중앙우체국 -> 동화면세점 100명 종로,",퇴계로 등,0,0
2026-08-29,12:00,16:00,50000,종로,"동화면세점·원표공원 -> 구 효자치안센터 50,000명",세종대로 등,0,0
2026-08-29,14:00,18:00,150,종로,영추문 앞 -> 송현공원  150명,효자동 등,0,0
2026-08-29,15:00,18:00,500,종로,사랑채 동측 건너편  500명,효자동,0,0
2026-08-29,18:00,21:00,5000,서초|강남,"서초역 8出 -> CGV 강남  5,000명 강남, 서초",강남대로 등,0,0
2026-08-29,18:00,20:30,1000,서초|강남,"정곡빌딩 -> 신사역 3出  1,000명 강남, 서초",강남대로 등,0,0
2026-08-29,18:30,20:30,500,마포,홍대입구역 7出  홍대입구R  500명,- 양화로 등,0,0
2026-08-30,10:00,11:00,1000,구로,"평강제일교회 앞 1,000명",오류동,0,0
2026-08-30,11:00,13:00,10000,종로,"동화면세점 앞 10,000명",태평로1가,0,0
2026-08-30,15:00,18:00,100,종로,교보빌딩 정문 앞 100명,세종대로,0,0
2026-08-31,08:00,12:00,450,남대문,시의회 별관 앞  450명,정동,0,0
2026-08-31,14:00,15:00,100,마포,마포구청 앞  100명,월드컵로,0,0
2026-08-31,16:30,18:00,99,영등포,금감원 앞  99명,여의도,0,0
2026-08-31,19:00,21:00,100,서부,은평너른마당 -> 증산교 하부 공터  100명,산책로,0,0
2026-09-01,08:00,17:00,100,양천,강서양천교육지원청 정문 앞 인도  100명,신월동,0,0
2026-09-01,08:30,18:30,300,종로,타워8 빌딩 앞  300명,청진동,0,0
2026-09-01,16:00,17:30,200,남대문,명동성당 앞 인도  중앙우체국  200명,- 명동,0,0
2026-09-01,19:00,20:00,200,남대문,세종호텔 앞  200명,명동,0,0
2026-09-02,13:00,16:00,1000,영등포,의사당역 5出 앞,여의도,0,0
2026-09-02,14:00,16:30,700,남대문|서대문,"농협중앙회 앞->경찰청  남대문,",충정로1가 등,0,0
2026-09-02,15:30,16:30,300,마포,서울신용보증재단 앞,공덕동,0,0
2026-09-02,19:00,20:00,500,구로,평강제일교회 앞,오류동,0,0
2026-09-03,10:00,11:00,500,구로,평강제일교회 앞,오류동,0,0
2026-09-03,11:00,13:00,499,서초,동원건설 앞,양재동,0,0
2026-09-03,14:00,15:00,100,마포,마포구청 앞,성산동,0,0
2026-09-03,15:00,17:30,100,종로,SK서린빌딩 앞,서린동,0,0
2026-09-04,11:30,15:00,30000,종로|남대문,"동화면세점~대한문  종로,",세종대로,0,0
2026-09-04,14:00,16:00,80,종로,정부서울청사 후문 앞,도렴동,0,0
2026-09-04,14:00,17:00,0,,이룸센터 앞->국힘당사->이룸센터 <여의도,"여의도            500     영등포
                         등",0,0
2026-09-04,19:30,21:30,250,구로,성공회대학교유한대학교3R,- 경인로 등,0,0
2026-09-05,12:00,16:00,50000,종로,동화면세점~원표공원->구 효자치안센터,세종대로 등,0,0
2026-09-05,12:30,18:00,3000,종로|혜화,"마로니에공원->사랑채 동측 건너편 종로, 혜화",대학로 등,0,0
2026-09-05,13:00,14:00,500,종로|중부,사랑채 동측 건너편,효자로,0,0
2026-09-05,15:00,17:00,5000,종로|남대문,"종로,",장교동 등,0,0
2026-09-05,16:00,18:30,1000,서초|강남,"정곡빌딩->신사역 3出  강남, 서초",강남대로 등,0,0
2026-09-05,17:00,19:30,5000,서초|강남,"서초역 8出->CGV 강남  강남, 서초",강남대로 등,0,0
2026-09-06,10:00,11:00,1000,구로,평강제일교회 앞,오류동,0,0
2026-09-06,11:00,13:00,10000,종로,동화면세점 앞 인도,태평로1가,0,0
2026-09-06,14:00,18:00,150,종로,영추문 앞->송현공원,효자동 등,0,0
2026-09-07,08:00,12:00,100,중부,대우건설 앞 인도,을지로4가,0,0
2026-09-07,11:00,13:00,500,종로,구 효자치안센터 앞,효자동,0,0
2026-09-07,14:00,20:00,1000,서초,교대역 7出 앞 이면도로,서초동,0,0
2026-09-07,17:00,18:00,1000,광진,광진구청 앞 인도,자양동,0,0
2026-09-08,11:00,12:00,100,용산,시 교육청 앞 인도,후암동,0,0
2026-09-08,15:30,16:00,100,마포,마포구청 앞,성산동,0,0
2026-09-08,19:00,20:00,200,남대문,세종호텔 앞,명동,0,0
2026-09-08,20:00,22:00,200,남대문,시청 앞,을지로,0,0
2026-09-09,14:00,16:00,1000,강남,"SK쉴더스 앞  1,000명",삼성동,0,0
2026-09-09,17:00,19:00,1000,용산,"서울시교육청 앞  1,000명",후암동,0,0
2026-09-09,19:00,20:00,500,구로,평강제일교회 앞  500명,오류동,0,0
2026-09-09,20:00,22:00,600,중부,경동교회 앞  600명,장충동1가,0,0
2026-09-10,10:00,11:00,500,구로,평강제일교회 앞  500명,오류동,0,0
2026-09-10,14:00,16:00,500,종로,구 효자치안센터 앞  500명,궁정동,0,0
2026-09-10,14:00,18:00,1000,서초,"교대역 7出 앞 이면도로  1,000명",서초동,0,0
2026-09-10,19:00,21:30,300,영등포,롯데캐슬앰파이어 -> 민주당사  300명,여의도,0,0
2026-09-11,11:00,13:00,500,종로,구 효자치안센터 앞  500명,궁정동,0,0
2026-09-11,14:00,16:30,500,남대문,시의회 본관 앞 -> 시청 동편  500명,세종대로 등,0,0
2026-09-11,19:30,22:00,300,남대문|중부,중앙우체국 -> 명동역 1出  300명,명동 등,0,0
2026-09-11,20:00,22:00,600,중부,경동교회 앞  600명,장충동,0,0
2026-09-12,12:00,16:00,50000,종로,동화면세점~원표공원 -> 구 효자치안센터,세종대로 등,0,0
2026-09-12,13:00,15:30,300,종로|남대문,고용노동청 앞 -> 사랑채 동측,장교동 등,0,0
2026-09-12,14:00,16:30,1000,종로|혜화,동대문역 10出 -> 고궁박물관 남측,종로 등,0,0
2026-09-12,16:00,18:00,10000,종로,르메이에르빌딩 -> 사랑채 동측,세종대로 등,0,0
2026-09-12,16:00,18:00,1000,서초|강남,정곡빌딩 -> 신사역 3出,강남대로 등,0,0
2026-09-12,17:00,19:30,5000,종로|남대문,광화문역 3出  안국R,- 세종대로 등,0,0
2026-09-13,11:00,13:00,10000,종로,동화면세점 앞 인도,태평로1가,0,0
2026-09-13,12:00,14:00,1000,종로,사랑채 동측 건너편,효자동,0,0
2026-09-13,14:00,16:00,5000,종로|남대문,고용노동청 앞 -> 사랑채 동측,장교동 등,0,0
2026-09-14,11:00,13:00,500,종로,교보빌딩 앞 인도,세종로,0,0
2026-09-14,12:00,14:00,100,강서,대한항공 본사 -> 김포공항 국내선 택시정류장,공항동,0,0
2026-09-14,13:00,18:00,2000,서초,정곡빌딩 남관 앞,서초동,0,0
2026-09-14,15:00,18:00,1000,서초,교대역 7出 앞 이면도로,서초동,0,0
2026-09-15,12:00,14:00,200,종로,동화면세점 앞->고궁박물관 남측  200명,세종대로 등,0,0
2026-09-15,15:00,18:00,1000,서초,"교대역 7出 앞 이면도로  1,000명",서초동,0,0
2026-09-15,15:00,18:00,100,구로,구로경찰서 정문  100명,구로동,0,0
2026-09-15,19:30,20:30,100,종로,적선R -> 사랑채 동측 건너편  100명,효자로 등,0,0
2026-09-16,09:00,14:00,500,종로|남대문|용산|동작,노량진역 -> 구 효자치안센터 앞  500명,노량진동 등,0,0
2026-09-16,12:00,13:00,300,종로,소녀상 앞 인도 및 2개 차로  300명,수송동,0,1
2026-09-16,14:30,17:00,1500,종로,"동화면세점 -> 사랑채 동측  1,500명",효자로 등,0,0
2026-09-16,19:00,20:00,500,구로,평강제일교회 앞  500명,오류동,0,0
2026-09-17,10:00,11:00,500,구로,평강제일교회 앞  500명,오류동,0,0
2026-09-17,11:00,12:00,500,남대문,시의회 본관 앞 -> 시의회 별관  500명,세종대로 등,0,0
2026-09-17,13:00,16:00,1000,종로|남대문,"서울역 야외계단 -> 사랑채 동측 건너편 1,000명",동자동·효자동 등,0,0
2026-09-17,15:00,18:00,1000,서초,"교대역 7出 앞 이면도로  1,000명",서초동,0,0
2026-09-18,12:00,14:00,200,종로,동화면세점 앞 -> 사랑채 동측 건너편 200명,세종대로 등,0,0
2026-09-18,14:00,16:00,500,혜화|성북,마로니에공원 -> 한성대입구역 4出 -> 500명,동숭동 등,0,0
2026-09-18,17:00,18:30,200,용산,삼성회장 자택 앞 -> 삼성복지재단 앞 200명,한남동,0,0
2026-09-18,19:30,22:00,300,남대문|중부,서울중앙우체국 -> 명동역 5出  300명,퇴계로 등,0,0
2026-09-19,12:00,16:00,50000,종로,"동화면세점~원표공원 -> 구 효자치안센터 50,000명",세종대로 등,0,0
2026-09-19,13:00,15:00,10000,종로,"르메이에르빌딩 -> 사랑채 동측  10,000명",세종대로 등,0,0
2026-09-19,13:00,14:40,1000,종로,"보신각 앞 -> 숭례문  1,000명",관철동 등,0,0
2026-09-19,15:00,17:40,30000,종로|남대문,"시청역 7出 -> 고궁박물관 남측 편도 전차로 30,000명",태평로2가 등,0,1
2026-09-19,16:00,18:30,5000,종로|남대문,"포시즌스호텔 -> 안국R -> 포시즌스호텔 5,000명",세종대로 등,0,0
2026-09-19,16:00,18:00,1000,서초|강남,"정곡빌딩 -> 신사역 3出  1,000명",강남대로 등,0,0
2026-09-20,10:00,11:00,1000,구로,"평강제일교회 앞  1,000명",오류동,0,0
2026-09-20,11:00,13:00,10000,종로,"동화면세점 앞 인도  10,000명",태평로1가,0,0
2026-09-20,15:00,17:00,5000,종로|남대문,"동화면세점~시의회 앞 인도 및 하위 2개 차로 5,000명",세종대로,0,1
2026-09-21,14:00,17:00,1000,종로|남대문,"서울역 3번 출구 앞 -> 사랑채 동측 1,000명 종로,",효자로 등,0,0
2026-09-21,14:00,16:00,100,남대문,서울역 -> 명동역 1번 출구  100명,세종대로 등,0,0
2026-09-21,19:00,20:00,5000,종로,"KT본관 앞 남측 인도  5,000명",세종로,0,0
2026-09-21,19:00,20:30,350,종로,사랑채 동측  350명,효자로,0,0
2026-09-22,11:00,12:00,100,종로,송현공원 앞 인도  100명,송현동,0,0
2026-09-22,12:00,14:00,100,종로|남대문,"고용노동청 앞 -> 사랑채 동측 건너편 100명 종로,",장교동·효자로 등,0,0
2026-09-22,13:00,18:00,2000,서초,"정곡빌딩 남관 앞 인도  2,000명",서초동,0,0
2026-09-22,16:00,18:00,100,남대문,서울역광장  100명,봉래동2가,0,0
2026-09-23,12:00,13:00,300,종로,소녀상 앞 인도 및 2개 차로  300명,수송동,0,1
2026-09-23,12:00,14:30,500,영등포,국민의힘 당사 -> 여·야 당사  500명,은행로 등,0,0
2026-09-23,15:00,16:00,3000,남대문|용산,"서울역광장 -> 서울브라운스톤남산 3,000명",동자동 등,0,0
2026-09-23,19:00,20:00,500,구로,평강제일교회 앞  500명,오류동,0,0
2026-09-24,13:00,15:00,100,서초|강남,강남역11出 -> 정곡빌딩 남관  100명,서초대로 등,0,0
2026-09-24,13:00,14:00,300,구로,광명교삼거리 -> 남부구치소  300명,오리로 등,0,0
2026-09-24,17:30,19:00,300,송파,송파역 3出 -> 동부구치소 300명,송파대로 등,0,0
2026-09-26,12:00,16:00,50000,종로,"동화면세점 앞  50,000명",세종대로 등,0,0
2026-09-26,14:00,16:30,2000,남대문,"대한문 앞  2,000명",태평로 1가,0,0
2026-09-26,14:00,18:00,150,종로,사랑채 동측 건너편 -> 송현공원  150명,효자로 등,0,0
2026-09-27,12:00,13:00,2000,종로,"동화면세점 앞  2,000명",세종대로,0,0
2026-09-27,10:00,11:00,1000,구로,"평강제일교회 앞  1,000명",오류동,0,0
2026-09-28,13:00,16:30,2000,종로,"사랑채 동측 건너편  2,000명",효자로,0,0
2026-09-28,15:00,18:00,1000,서초,"교대역 7出 앞  1,000명",서초동,0,0
2026-09-28,19:00,20:30,120,남대문,파이낸스센터 앞  120명,태평로 1가,0,0
2026-09-29,12:20,12:50,200,영등포,이레빌딩 앞  200 명,당산동,0,0
2026-09-29,15:00,18:00,1000,서초,"교대역 7出 앞 이면도로  1,000 명",서초동,0,0
2026-09-29,17:00,18:00,300,종로,타워8 앞  300 명,청진동,0,0
2026-09-29,19:00,20:00,200,남대문,세종호텔 앞  200 명,명동,0,0
2026-09-30,11:00,13:00,200,강남,건설회관 앞 200명,논현동,0,0
2026-09-30,12:00,13:00,300,종로,소녀상 앞 인도 300명,수송동,0,0
2026-09-30,16:00,17:30,300,강남,현대모비스 앞 300명,역삼동,0,0
2026-09-30,19:00,20:00,500,구로,평강제일교회 앞 500명,오류동,0,0
2026-10-01,10:00,11:00,500,구로,평강제일교회 앞  500명,오류동,0,0
2026-10-01,11:30,12:30,500,강서,김포공항 국제선 1층 건너편 앞  500명,공항동,0,0
2026-10-01,14:30,18:00,100,수서,수서경찰서 앞 우측 인도 → 수서경찰서 일대 100명,개포동,1,0
2026-10-01,19:00,22:00,100,마포,홍대역 7出 ↔ 홍익대 정문  100명,서교동 등,1,0
