source,spot,start_date,end_date,start_time,end_time,time_text,category,title,place,announced_at,road_control,parse_ok,ref
topis_notice,광화문·시청,,,,,,행사,[통제안내] 2018년 하반기 세종대로 차 없는 거리 운영에 따른 교통통제 안내 (임시우회 안내 추가),,2018-08-30 10:11:15,1,0,notice:1219
topis_notice,광화문·시청,,,,,,행사,[통제안내] 2019년 세종대로 차 없는 거리 운영에 따른 교통통제 안내(임시우회 안내 추가),,2019-04-03 10:00:04,1,0,notice:1479
topis_notice,광화문·시청,,,,,,축제,"[통제안내] 5월 4, 5일(토, 일) '2019 연등축제' 행사에 따른 교통통제",,2019-04-18 09:41:39,1,0,notice:1501
topis_notice,광화문·시청,,,06:00,11:00,,행사,[행사안내] 2019 서울 자전거대행진 개최에 따른 행사 안내,,2019-05-29 05:29:26,1,0,notice:1542
topis_notice,광화문·시청,,,,,,행사,[통제안내] 2019년 세종대로 차 없는 거리 운영에 따른 교통통제 안내,,2019-09-05 01:10:52,1,0,notice:1614
topis_notice,광화문·시청,,,,,,행사,[통제안내]  '20.02.01.~ 덕수궁길 차 없는 거리 확대 운영에 따른 교통통제 안내,,2020-01-17 11:28:23,1,0,notice:1737
topis_notice,광화문·시청,,,,,,축제,"[통제안내] 5월 23,24일(토, 일) '2020 연등축제' 행사 취소 안내",,2020-05-20 09:36:28,1,0,notice:1810
topis_notice,광화문·시청,,,,,,행사,[통제안내] 6월  ~9월 서부도로사업소 쿨링로드 가동에 따른 운영 안내,,2020-06-08 09:59:30,1,0,notice:1832
topis_notice,광화문·시청,,,,,,행사,[버스안내] 새로운 광화문광장 조성사업에 따른 버스정류소 이전 안내,,2021-04-12 08:23:44,1,0,notice:2089
topis_notice,광화문·시청,,,,,,행사,[안내] 2021년 서부도로사업소 쿨링로드 운영 안내,,2021-05-28 11:21:26,1,0,notice:2124
topis_notice,광화문·시청,,,08:00,12:00,,축제,[안내] 2022 걷자 페스티벌 교통통제 계획 (9/25) (버스우회안내문 추가),,2022-09-15 04:49:31,1,0,notice:2686
topis_notice,광화문·시청,,,07:30,11:00,,행사,[안내] '2022 서울달리기(SEOUL RACE)' 대회 개최에 따른 교통통제 안내,,2022-09-29 09:54:01,1,0,notice:2742
topis_notice,광화문·시청,,,06:00,10:00,,행사,[통제안내] 2022 서울 자전거대행진 개최에 따른 교통통제 및 임시우회 안내(우회안내문 첨부),,2022-11-14 02:19:15,1,0,notice:2899
topis_notice,광화문·시청,,,,,,행사,'2022 카타르 월드컵 거리응원전'으로 인한 세종대로 남측방향 전면 통제 안내,,2022-11-24 09:36:25,1,0,notice:2931
topis_notice,광화문·시청,,,,,,행사,[안내] 2022 카타르월드컵 거리응원 행사로 인한 광화문역 출입구 부분 통제(종료),,2022-11-24 11:26:09,1,0,notice:2933
topis_notice,광화문·시청,,,,,,행사,[안내] 2022 카타르월드컵 거리응원 행사로 인한 광화문역 9번 출입구 부분 통제,,2022-11-28 11:20:03,1,0,notice:2939
topis_notice,광화문·시청,,,,,,행사,[안내] 2022년 제야의 종 타종행사 특별교통대책 안내(버스우회노선 안내문 첨부),,2022-12-09 01:46:01,1,0,notice:2986
topis_notice,광화문·시청,,,,,,행사,[안내] 2022년 광화문광장 행사로 인한 광화문역 9번 출구 폐쇄 안내,,2022-12-28 10:56:40,1,0,notice:3059
topis_notice,광화문·시청,,,,,,행사,[안내] '24.9.26.(목) 07:00 ~ 9.29(일) 06:00 '2024 국제선명상대회<광화문 세종대로>'로 인한 교통통제 및 임시우회 안내,,2024-09-23 11:10:19,1,0,notice:4340
topis_notice,광화문·시청,,,,,,마라톤,2026년 6월 광역 교통통제(예정) 마라톤 대회 안내,,2026-06-05 05:36:36,1,0,notice:5944
topis_notice,광화문·시청,,,,,,마라톤,2026년 9월 광역 교통통제(예정) 마라톤 대회 안내,,2026-08-31 01:15:32,1,0,notice:6122
topis_notice,상암,,,,,,마라톤,[행사안내] 2019 릴레이 서울 마라톤 개최에 따른 교통통제 안내,,2019-05-29 03:07:14,1,0,notice:1538
topis_notice,상암,,,06:00,11:00,,행사,[행사안내] 2019 서울 자전거대행진 개최에 따른 행사 안내,,2019-05-29 05:29:26,1,0,notice:1542
topis_notice,상암,,,,,,축제,[통제안내]상암 자율주행 페스티벌 개최에 따른 교통통제 안내,,2019-06-19 04:20:10,1,0,notice:1556
topis_notice,상암,,,15:00,17:00,,행사,[행사안내] 2019 한성백제문화제 역사문화거리행렬 개최에 따른 행사 안내,,2019-08-08 10:18:58,1,0,notice:1593
topis_notice,상암,,,09:00,17:00,,행사,[통제안내] 2021자율주행 챌린지 관련 상암동 일부 도로 교통통제 안내,,2021-09-27 05:10:41,1,0,notice:2193
topis_notice,상암,,,09:00,17:00,,행사,[통제안내] 2021자율주행 챌린지(대학생 자율주행차 경진대회) 행사 관련 상암동 일부 도로 교통통제 안내,,2021-11-22 03:47:15,1,0,notice:2249
topis_notice,상암,,,06:00,10:00,,행사,[통제안내] 2022 서울 자전거대행진 개최에 따른 교통통제 및 임시우회 안내(우회안내문 첨부),,2022-11-14 02:19:15,1,0,notice:2899
topis_notice,상암,,,,,,마라톤,2026년 6월 광역 교통통제(예정) 마라톤 대회 안내,,2026-06-05 05:36:36,1,0,notice:5944
topis_notice,여의도,,,,,,행사,[통제안내] 2022년 영등포 여의도 봄꽃길 운영에 따른 교통통제 안내  (3/30 ~ 4/9),,2022-03-17 09:34:06,1,0,notice:2362
topis_notice,여의도,,,,,,행사,[통제안내] 2022년 봄꽃길 운영 및 여의도 일대 질서유지 관리 통제 일정 변경 안내,,2022-04-01 02:08:03,1,0,notice:2370
topis_notice,여의도,,,17:00,22:00,,행사,[안내] 한강달빛야시장 행사로 인한 교통혼잡 안내(개최요일 및 장소변경),,2022-08-29 11:22:29,1,0,notice:2641
topis_notice,여의도,,,,,,행사,[안내] 신월IC ~ 경인제2지하차도(여의도 및 인천) 방향 도로구간 차로축소 운영,,2022-09-15 02:15:28,1,0,notice:2685
topis_notice,여의도,,,17:00,22:00,,행사,[안내] 「한강달빛야시장」 9월 종료 및 10월 운영 기간 안내,,2022-09-29 11:08:14,1,0,notice:2744
topis_notice,여의도,,,,,,불꽃축제,[안내] 2022 서울세계불꽃축제 교통 지원 대책 안내,,2022-10-07 01:55:48,1,0,notice:2773
topis_notice,여의도,,,17:00,22:00,,행사,[안내] 한강달빛야시장 여의도한강공원 행사로 인한 교통혼잡 안내,,2022-10-19 01:27:40,1,0,notice:2811
topis_notice,여의도,,,,,,벚꽃축제,[통제안내] 여의도 벚꽃통제 일부구간 조기통제해제 안내,,2023-04-05 08:19:42,1,0,notice:3274
topis_notice,여의도,,,,,,행사,4.9(수) ~ 4.13(일) 국회 내부 일반차량 진입금지,,2025-04-09 10:01:47,1,0,notice:4818
topis_notice,여의도,,,,,,마라톤,2026년 6월 광역 교통통제(예정) 마라톤 대회 안내,,2026-06-05 05:36:36,1,0,notice:5944
topis_notice,여의도,,,,,,마라톤,2026년 9월 광역 교통통제(예정) 마라톤 대회 안내,,2026-08-31 01:15:32,1,0,notice:6122
topis_notice,잠실,,,,,,행사,"문화체육관광부장관기 제40회 전국시, 도대항 육상경기대회 겸 제27회 전국마스터즈육상경기대회 개최에 따른 교통통제 안내",,2019-07-27 02:07:40,1,0,notice:1583
topis_notice,잠실,,,15:00,17:00,,행사,[행사안내] 2019 한성백제문화제 역사문화거리행렬 개최에 따른 행사 안내,,2019-08-08 10:18:58,1,0,notice:1593
topis_notice,상암,2018-05-19,2018-05-19,08:50,09:40,,마라톤,[통제안내] 5월 19일(토) '제17회 서울신문 하프마라톤 대회' 개최에 따른 교통통제 및 임시우회 안내,,2018-05-17 12:41:44,1,1,notice:1136
topis_notice,상암,2018-05-27,2018-05-27,09:00,10:50,,행사,[통제안내] 5월 27일(일) 'GIVE 'N RACE' 행사 개최에 따른 교통통제 및 시내버스 8777번 운행시간 변경 안내,,2018-05-24 11:24:40,1,1,notice:1141
topis_notice,여의도,2018-06-03,2018-06-03,09:00,10:40,,행사,[통제안내] 6월 3일(일) '투르 드 코리아 2018 국제 도로사이클대회' 개최에 따른 교통통제 및 임시우회 안내,,2018-05-30 02:40:29,1,1,notice:1145
topis_notice,여의도,2018-09-09,2018-09-09,06:00,11:00,,행사,[통제안내] 9월 9일(일) '2018 RUN ON SEOUL' 개최에 따른 교통통제 안내,,2018-09-03 11:00:07,1,1,notice:1223
topis_notice,광화문·시청,2018-09-15,2018-09-15,11:00,13:30,,행사,[통제안내] 9월 15일(토) '2018년 사직대제 어가행렬' 관련 교통통제 안내,,2018-09-10 11:16:27,1,1,notice:1235
topis_notice,광화문·시청,2018-09-16,2018-09-16,10:30,18:00,,행사,[통제안내] 9월 16일(일) '서울 차 없는 날 2018' 행사에 따른 교통통제 안내,,2018-09-07 09:47:15,1,1,notice:1231
topis_notice,상암,2018-09-16,2018-09-16,05:30,10:00,,달리기,[통제안내] 9월 16일(일) '서울아 운동하자 2018 아디다스 MBC+ 마이런 서울' 개최에 따른 교통통제 안내,,2018-09-10 11:16:59,1,1,notice:1236
topis_notice,여의도,2018-09-16,2018-09-16,05:30,10:00,,달리기,[통제안내] 9월 16일(일) '서울아 운동하자 2018 아디다스 MBC+ 마이런 서울' 개최에 따른 교통통제 안내,,2018-09-10 11:16:59,1,1,notice:1236
topis_notice,광화문·시청,2018-09-19,2018-09-19,10:00,11:30,,행사,[통제안내] 9월 19일(수) 2018년 도로터널(남산3호터널) 유관기관 합동 위기대응훈련 실시에 따른 교통통제 안내,,2018-09-10 11:17:29,1,1,notice:1237
topis_notice,광화문·시청,2018-10-04,2018-10-04,09:00,22:00,,축제,[통제안내] 10월 4일(목)~7일(일) '서울거리예술축제' 개최에 따른 교통통제 및 임시우회 안내,,2018-09-27 04:46:37,1,1,notice:1261
topis_notice,광화문·시청,2018-10-12,2018-10-12,11:00,13:30,,행사,[통제안내] 10월 12일(금) '환구대제 어가행렬' 행사에 따른 교통통제 안내 (통제구간 변경),,2018-10-11 02:32:05,1,1,notice:1300
topis_notice,광화문·시청,2018-10-14,2018-10-14,09:00,19:00,,축제,[통제안내] 10월 14일(일) '서울아리랑페스티벌' 개최에 따른 교통통제 및 임시우회 안내,,2018-10-08 04:14:32,1,1,notice:1297
topis_notice,잠실,2018-10-14,2018-10-14,16:00,18:00,,행사,[통제안내] 10월 14일(일) '한성백제문화제 거리행렬' 행사에 따른 교통통제 및 임시우회 안내 (임시우회노선 추가),,2018-10-08 04:10:37,1,1,notice:1296
topis_notice,광화문·시청,2018-10-23,2018-10-23,10:00,11:00,,행사,[통제안내] 10월 23일(화) 2018년 도로터널(남산2호터널) 유관기관 합동 위기대응훈련 실시에 따른 교통통제 안내,,2018-10-17 11:55:47,1,1,notice:1308
topis_notice,상암,2018-10-28,2018-10-28,,,,축제,[통제안내] 10월 28일(일) '제8회 한마음 걷기축제' 행사에 따른 교통통제 및 임시우회 안내,,2018-10-25 12:06:17,1,1,notice:1332
topis_notice,광화문·시청,2018-11-02,2018-11-02,,,,행사,[통제안내] 11월 2일(금)~4일(일) '제5회 서울김장문화제' 행사에 따른 교통통제 안내,,2018-10-31 05:01:42,1,1,notice:1344
topis_notice,여의도,2019-04-04,2019-04-04,,,,축제,[통제안내] 4월 4일(목)~12일(금) 2019 영등포 여의도 봄꽃축제에 따른 교통통제 안내 (버스 운행시간 연장 계획 추가),,2019-03-29 02:44:55,1,1,notice:1461
topis_notice,광화문·시청,2019-05-05,2019-05-05,12:00,13:00,,행사,[행사안내]5월 5일(일) 종묘제례 어가행렬 행사 구간 안내,,2019-05-03 10:36:04,1,1,notice:1517
topis_notice,광화문·시청,2019-05-07,2019-05-07,,,,행사,[통제안내]5월 7일(화)~11월.29일(금) 광화문광장 일대 문화재 시굴조사에 따른 교통통제 안내,,2019-04-26 01:30:23,1,1,notice:1512
topis_notice,상암,2019-05-19,2019-05-19,08:50,09:40,,마라톤,[통제안내] 5월 19일(일) '제18회 아식스 서울신문 하프마라톤 대회' 개최에 따른 교통통제 및 임시우회 안내,,2019-05-17 10:02:06,1,1,notice:1529
topis_notice,상암,2019-05-26,2019-05-26,07:50,11:00,,행사,[통제안내] 5월 26일(일) 'I·SEOUL·U와 함께하는 기브앤레이스' 개최에 따른 교통통제 안내(우회안내 추가),,2019-05-23 03:02:13,1,1,notice:1531
topis_notice,여의도,2019-05-26,2019-05-26,07:50,11:00,,행사,[통제안내] 5월 26일(일) 'I·SEOUL·U와 함께하는 기브앤레이스' 개최에 따른 교통통제 안내(우회안내 추가),,2019-05-23 03:02:13,1,1,notice:1531
topis_notice,상암,2019-09-01,2019-09-01,05:00,10:00,,달리기,[통제안내] 9월 1일(일) '서울아 운동하자 2019 아디다스 MBC+ 마이런 서울' 개최에 따른 교통통제 안내,,2019-08-21 10:26:26,1,1,notice:1600
topis_notice,여의도,2019-09-01,2019-09-01,05:00,10:00,,달리기,[통제안내] 9월 1일(일) '서울아 운동하자 2019 아디다스 MBC+ 마이런 서울' 개최에 따른 교통통제 안내,,2019-08-21 10:26:26,1,1,notice:1600
topis_notice,광화문·시청,2019-09-18,2019-10-11,,,,행사,[통제안내]9월 18일(수)~10월 11일(금) 광화문광장 일대 문화재 시굴조사에 따른 교통통제 안내,,2019-09-18 12:56:12,1,1,notice:1623
topis_notice,광화문·시청,2019-09-22,2019-09-22,,,,행사,[통제안내] 9월 22일(일) '서울 차 없는 날 2019' 행사에 따른 교통통제 안내,,2019-09-05 12:44:14,1,1,notice:1611
topis_notice,광화문·시청,2019-09-29,2019-09-29,11:00,13:30,,행사,[통제안내] 9월 29일(일) '2019년 사직대제 어가행렬' 관련 교통통제 안내,,2019-08-27 09:26:52,1,1,notice:1605
topis_notice,광화문·시청,2019-09-29,2019-09-29,,,,축제,[통제안내] 9월 29일(일) 2019 걷기 페스티벌 행사에 따른 교통통제 및 임시우회 안내,,2019-09-27 09:26:15,1,1,notice:1633
topis_notice,여의도,2019-10-05,2019-10-05,13:00,21:30,,불꽃축제,[통제안내] 10월 5일(토) '서울세계불꽃축제' 개최에 따른 특별교통대책 안내,,2019-10-02 03:26:08,1,1,notice:1638
topis_notice,광화문·시청,2019-10-06,2019-10-06,07:40,11:15,,행사,[통제안내] 10월 6일(일) '제100회 전국체전 육상경기대회' 개최에 따른 교통통제 안내,,2019-10-04 08:52:26,1,1,notice:1640
topis_notice,잠실,2019-10-06,2019-10-06,07:40,11:15,,행사,[통제안내] 10월 6일(일) '제100회 전국체전 육상경기대회' 개최에 따른 교통통제 안내,,2019-10-04 08:52:26,1,1,notice:1640
topis_notice,광화문·시청,2019-10-12,2019-10-12,11:00,13:30,,행사,[통제안내] 10월 12일(토) '환구대제 어가행렬' 행사에 따른 교통통제 안내,,2019-10-10 04:08:50,1,1,notice:1655
topis_notice,여의도,2019-10-13,2019-10-13,07:00,11:30,,달리기,[통제안내] 10월 13일(일) 2019 핑크런 서울 행사에 따른 교통통제 및 임시우회 안내,,2019-10-11 01:22:56,1,1,notice:1656
topis_notice,광화문·시청,2019-10-19,2019-10-19,07:30,09:00,,행사,[통제안내] 10월 19일(토) '2019 SEOUL100K 국제울트라트레일러닝대회' 개최에 따른 교통통제 안내,,2019-10-17 01:29:31,1,1,notice:1663
topis_notice,광화문·시청,2019-10-27,2019-10-27,06:00,09:40,,달리기,[통제안내] 10월 27일(일) '2019 마블런 서울' 개최에 따른 교통통제 안내,,2019-10-23 03:18:56,1,1,notice:1670
topis_notice,여의도,2019-10-27,2019-10-27,06:00,09:40,,달리기,[통제안내] 10월 27일(일) '2019 마블런 서울' 개최에 따른 교통통제 안내,,2019-10-23 03:18:56,1,1,notice:1670
topis_notice,광화문·시청,2019-10-30,2019-10-30,,,,축제,[통제안내] 10월 30일(수) '2020 세계간호사의 해 선정 및 나이팅게일 탄생 200주년 기념축제' 개최에 따른 교통통제 안내,,2019-10-30 09:27:08,1,1,notice:1673
topis_notice,광화문·시청,2019-11-01,2019-11-01,,,,행사,[통제안내] 11월 1일(금)~3일(일) '2019 서울김장문화제' 개최에 따른 교통통제 안내,,2019-10-30 02:27:16,1,1,notice:1676
topis_notice,여의도,2019-11-03,2019-11-03,,,,마라톤,[통제안내] 11월 3일(일) '2019 JTBC 서울마라톤대회' 개최에 따른 교통통제 안내,,2019-10-31 09:50:30,1,1,notice:1678
topis_notice,잠실,2019-11-03,2019-11-03,,,,마라톤,[통제안내] 11월 3일(일) '2019 JTBC 서울마라톤대회' 개최에 따른 교통통제 안내,,2019-10-31 09:50:30,1,1,notice:1678
topis_notice,상암,2019-11-08,2019-11-08,,,,행사,[통제안내] 11월 8일(금)~9일(토) '2019 서울 스마트모빌리티 엑스포' 개최에 따른 교통통제 안내,,2019-10-30 10:31:18,1,1,notice:1674
topis_notice,광화문·시청,2019-11-10,2019-11-10,,,,행사,[통제안내] 11월 10일(일) '라이딩 서울 2019' 개최에 따른 교통통제 안내,,2019-11-07 09:30:18,1,1,notice:1686
topis_notice,잠실,2019-11-17,2019-11-17,,,,마라톤,[통제안내] 11월 17일(일) '2019 손기정 평화 마라톤 대회' 개최에 따른 교통통제 안내,,2019-11-13 09:47:51,1,1,notice:1690
topis_notice,여의도,2020-04-01,2020-04-11,,,,축제,[통제안내] 04/1(수)~04/11(토) 여의도 봄꽃축제 취소에 따른 여의서로 봄꽃길 전면통제 안내,,2020-04-03 12:07:43,1,1,notice:1788
topis_notice,광화문·시청,2020-05-07,2020-05-07,11:00,14:00,,행사,[통제안내] 5월 7일(목) 세종대로 클린로드 점검에따른 교통통제,,2020-05-04 02:12:26,1,1,notice:1801
topis_notice,광화문·시청,2020-06-25,2020-06-25,,,,행사,[통제안내] 6월25일(목) 위기대응훈련에 따른 교통통제 안내,,2020-06-22 10:59:03,1,1,notice:1841
topis_notice,광화문·시청,2020-10-03,2020-10-03,,,,행사,[안내] 10월 3일(토) 지하철 무정차역 안내 (해제),,2020-10-03 09:16:00,1,1,notice:1923
topis_notice,광화문·시청,2020-11-04,2020-11-04,10:00,11:00,,행사,[통제안내] 11월 4일(수) 남산2호터널 유관기관 합동 위기대응훈련 실시에 따른 교통통제 안내,,2020-11-02 10:18:21,1,1,notice:1938
topis_notice,여의도,2021-03-31,2021-04-08,,,,축제,[통제안내] 03/31(수)~04/08(목) 여의도 봄꽃축제 취소에 따른 여의서로 봄꽃길 전면통제 안내(수정),,2021-03-29 09:00:37,1,1,notice:2078
topis_notice,광화문·시청,2021-04-10,2021-04-10,08:00,18:00,,촬영,"[통제안내] 4월 10일(토)~11일(일), 17(토)~18(일) 드라마 촬영에 따른 교통통제 안내",,2021-04-07 02:56:39,1,1,notice:2087
seoul_culture,상암,2021-10-01,2021-10-04,,,상시,축제-문화/예술,제25회 서울국제만화애니메이션페스티벌(SICAF2021),[전시 및 축제] 문화비축기지 / [영화제] 메가박스 상암 월드컵경기장,2021-09-07,0,1,https://culture.seoul.go.kr/culture/culture/cultureEvent/view.do?cultcode=136205&menuNo=200010
seoul_culture,광화문·시청,2021-10-22,2021-10-29,,,상시,축제-문화/예술,<2021 서울지식이음축제·포럼> 개최,서울도서관,2021-09-14,0,1,https://culture.seoul.go.kr/culture/culture/cultureEvent/view.do?cultcode=136334&menuNo=200010
seoul_culture,광화문·시청,2021-11-01,2021-11-30,10:00,18:00,"10:00 ~ 18:00 (매주 월요일, 기타 지정일 휴관",축제-문화/예술,[서울애니메이션센터] 도심 속 문화체험공간! 만화도서관 & 애니소풍,"서울애니메이션센터 1,2층",2021-10-12,0,1,https://culture.seoul.go.kr/culture/culture/cultureEvent/view.do?cultcode=136470&menuNo=200010
topis_notice,잠실,2021-11-28,2021-11-28,,,,마라톤,[통제안내] 11월 28일(일) '2021 서울국제마라톤 대회' 개최에 따른 교통통제 안내(시내버스 우회노선 추가),,2021-11-22 03:40:14,1,1,notice:2248
seoul_culture,광화문·시청,2022-01-01,2022-01-30,10:00,20:00,"만화의집10:00-20:00/애니소풍10:00-18:00(매주 월요일, 기타 지정일 휴관)",축제-기타,[서울애니메이션센터] 도심 속 문화체험공간! 만화도서관 & 애니소풍,"서울애니메이션센터 1,2층",2021-12-06,0,1,https://culture.seoul.go.kr/culture/culture/cultureEvent/view.do?cultcode=136855&menuNo=200010
seoul_culture,광화문·시청,2022-03-19,2022-03-26,13:30,17:30,13:30~17:30,축제-기타,국가무형문화재 막걸리 challenge,돈의문박물관마을,2022-03-21,0,1,https://culture.seoul.go.kr/culture/culture/cultureEvent/view.do?cultcode=137470&menuNo=200010
seoul_culture,광화문·시청,2022-04-21,2022-05-11,,,11일 24시까지 이메일 제출,축제-전통/역사,종로한복 서포터즈 [한복홍보단] 모집 안내,종로문화재단 한복축제사무국,2022-04-29,0,1,https://culture.seoul.go.kr/culture/culture/cultureEvent/view.do?cultcode=137872&menuNo=200010
seoul_culture,상암,2022-04-22,2022-05-22,10:00,,오전 10시~ 오후 16시,축제-문화/예술,서울에너지드림센터 2022 가족환경그림대회,서울에너지드림센터 야외잔디,2022-04-27,0,1,https://culture.seoul.go.kr/culture/culture/cultureEvent/view.do?cultcode=137850&menuNo=200010
seoul_culture,광화문·시청,2022-05-01,2022-08-31,10:30,17:30,10:30-17:30,축제-기타,[돈의문박물관마을]2022년 상반기 체험 프로그램 '예술가의 시간',돈의문박물관마을 한옥 거리,2022-07-01,0,1,https://culture.seoul.go.kr/culture/culture/cultureEvent/view.do?cultcode=138472&menuNo=200010
seoul_culture,광화문·시청,2022-05-05,2022-05-08,,,11am - 7pm,축제-기타,[행사] 2022 돈의문박물관마을의 첫 번째 플리마켓 '돈의문마켓',마을 마당 및 한옥 일부,2022-04-22,0,1,https://culture.seoul.go.kr/culture/culture/cultureEvent/view.do?cultcode=137793&menuNo=200010
seoul_culture,상암,2022-05-05,2022-05-08,14:30,18:00,14:30~18:00 *일자별 시간 상이,축제-문화/예술,[서울문화재단] 2022 서커스 시즌 프로그램 <서커스 캬라반 '봄'>,문화비축기지,2022-04-13,0,1,https://culture.seoul.go.kr/culture/culture/cultureEvent/view.do?cultcode=137727&menuNo=200010
seoul_culture,광화문·시청,2022-06-13,2022-06-28,19:00,,2022. 7. 1.(금) 오후 7시,축제-기타,[공간지원사업] 한국양금축제 '전통과 현대를 마주하다', 시민청 지하2층 바스락홀,2022-06-16,0,1,https://culture.seoul.go.kr/culture/culture/cultureEvent/view.do?cultcode=138346&menuNo=200010
seoul_culture,광화문·시청,2022-06-28,2022-07-14,,,워크숍별 상이,축제-기타,2022 삼일로창고극장 기획사업 [부캐대전2],삼일로창고극장 스튜디오,2022-06-07,0,1,https://culture.seoul.go.kr/culture/culture/cultureEvent/view.do?cultcode=138212&menuNo=200010
seoul_culture,광화문·시청,2022-07-02,2022-08-27,14:00,,매주 토요일 / 오후 2시 ~ 5시,축제-기타,[행사] 돈의문박물관마을 ‘시계와 생활’ 전시 연계 '시계수리방' 오픈 안내,돈의문박물관 내 삼대가옥,2022-07-04,0,1,https://culture.seoul.go.kr/culture/culture/cultureEvent/view.do?cultcode=138488&menuNo=200010
seoul_culture,광화문·시청,2022-07-07,2022-07-07,14:00,21:00,14:00~21:00,축제-기타,책 읽는 서울광장 참신한 북 콘서트,서울광장,2022-06-15,0,1,https://culture.seoul.go.kr/culture/culture/cultureEvent/view.do?cultcode=138337&menuNo=200010
seoul_culture,광화문·시청,2022-07-19,2022-08-28,,,-,축제-문화/예술,[2022 종로한복축제] 한복뽐내기대회 참가자 모집,-,2022-07-21,0,1,https://culture.seoul.go.kr/culture/culture/cultureEvent/view.do?cultcode=138691&menuNo=200010
seoul_culture,광화문·시청,2022-07-25,2022-08-15,,,-,축제-문화/예술,[2022 종로한복축제] 뚜벅뚜벅 종로한복길 참여자 모집 (~8/15),첨부 PDF 파일 참고,2022-07-26,0,1,https://culture.seoul.go.kr/culture/culture/cultureEvent/view.do?cultcode=138727&menuNo=200010
topis_notice,광화문·시청,2022-08-06,2022-08-06,19:00,21:30,,행사,[안내] 8월 6일(토) 청계천로 차 없는 거리 운영시간 변경안내,,2022-07-26 03:35:34,1,1,notice:2562
topis_notice,광화문·시청,2022-08-06,2022-08-06,19:00,21:30,,행사,[안내] 8월 6일(토) 광화문광장 개장 기념행사  임시우회 시행(통제노선 첨부),,2022-07-29 09:57:03,1,1,notice:2566
topis_notice,잠실,2022-08-10,2022-08-10,,,,행사,[안내] 8월 10일(수) 서울페스타 2022 교통통제 계획,,2022-07-22 09:54:38,1,1,notice:2556
seoul_culture,광화문·시청,2022-09-01,2022-12-31,10:30,18:00,10:30~18:00(프로그램별 상이),축제-기타,[돈의문박물관마을] 2022년 하반기 체험 프로그램 '예술가의 시간',돈의문박물관마을 내 한옥체험관,2022-09-21,0,1,https://culture.seoul.go.kr/culture/culture/cultureEvent/view.do?cultcode=139423&menuNo=200010
seoul_culture,광화문·시청,2022-09-01,2022-09-01,05:00,,09월 01일 오후 5:00 부터 09월 01일 오후 9:00 까지,축제-기타,2022 SeMA 네트워킹 파티 x 뮤지엄나이트,서울시립미술관 서소문본관 4층 세마휴(옥상),2022-08-29,0,1,https://culture.seoul.go.kr/culture/culture/cultureEvent/view.do?cultcode=139128&menuNo=200010
seoul_culture,상암,2022-09-09,2022-09-12,12:00,21:00,12:00~21:00,축제-문화/예술,[서울문화재단] 2022 서울 서커스 페스티벌 '서커스 캬바레',문화비축기지,2022-08-12,0,1,https://culture.seoul.go.kr/culture/culture/cultureEvent/view.do?cultcode=138981&menuNo=200010
seoul_culture,광화문·시청,2022-09-10,2022-09-10,12:00,16:00,12:00~16:00,축제-전통/역사,2022년 서울역사박물관 [한가위 한마당],박물관 야외 광장,2022-08-30,0,1,https://culture.seoul.go.kr/culture/culture/cultureEvent/view.do?cultcode=139157&menuNo=200010
seoul_culture,상암,2022-09-17,2022-09-25,15:00,20:30,15:00~20:30 (*일자별 상이),축제-문화/예술,[서울문화재단] 2022 서울 서커스 시즌 프로그램 '서커스 캬라반 가을',문화비축기지,2022-08-12,0,1,https://culture.seoul.go.kr/culture/culture/cultureEvent/view.do?cultcode=138982&menuNo=200010
seoul_culture,광화문·시청,2022-09-30,2022-10-08,12:00,20:00,12:00~20:00,축제-문화/예술,2022 한국문화축제 / K-Culture Festival 2022,광화문 일원 / 잠실 일원,2022-09-16,0,1,https://culture.seoul.go.kr/culture/culture/cultureEvent/view.do?cultcode=139348&menuNo=200010
topis_notice,여의도,2022-10-02,2022-10-02,06:00,11:30,,행사,[안내] 10월 2일(일) 「2022 RUN ON SEOUL」 행사 교통통제 안내(우회운행 첨부),,2022-09-16 05:45:48,1,1,notice:2692
topis_notice,잠실,2022-10-02,2022-10-02,07:50,09:50,,달리기,[안내] 10월 2일(일) 2022 스타일런 with 한성백제문화제 교통통제 안내(우회운행 첨부),,2022-09-16 09:22:38,1,1,notice:2691
topis_notice,잠실,2022-10-07,2022-10-07,10:00,18:00,,축제,[안내] 10월 7일(금)~9일(일) 「제27회 강동선사문화축제」에 따른 교통통제 계획 안내(임시우회 첨부),,2022-09-30 09:57:52,1,1,notice:2750
topis_notice,광화문·시청,2022-10-08,2022-10-08,11:00,14:00,,축제,[안내] 10월 8일(토) 「한국문화축제」에 따른 교통통제 안내(버스우회 첨부),,2022-09-26 09:49:21,1,1,notice:2723
seoul_culture,광화문·시청,2022-10-08,2022-10-20,13:00,,10월 23일(일) 1회 차 13:00 / 2회 차 16:00,축제-시민화합,[서울생활문화센터 체부] 2022 골목길축제 [체부동 작업실] 전각만들기,센터 금오재(한옥) 사랑,2022-10-08,0,1,https://culture.seoul.go.kr/culture/culture/cultureEvent/view.do?cultcode=139632&menuNo=200010
seoul_culture,광화문·시청,2022-10-08,2022-10-09,18:30,21:00,2022. 10. 8.(토) 18:30 ~ 21:00 / 2022. 10. 9.(일) 16:30 ~ 19:30,축제-문화/예술,2022 종로한복축제,광화문광장 ,2022-09-05,0,1,https://culture.seoul.go.kr/culture/culture/cultureEvent/view.do?cultcode=139203&menuNo=200010
topis_notice,여의도,2022-10-08,2022-10-08,13:00,21:30,,불꽃축제,[안내] 10월 8일(토) 2022 서울세계불꽃축제 교통통제 안내(우회운행 안내문 및 보도자료 첨부),,2022-10-05 12:00:00,1,1,notice:2700
seoul_culture,광화문·시청,2022-10-12,2022-10-20,11:00,13:00,10월22일 (토) 11:00~13:00,축제-시민화합,[서울생활문화센터 체부] 2022 골목길축제 [체부동 작업실] 포셀라츠,센터 체부홀,2022-10-12,0,1,https://culture.seoul.go.kr/culture/culture/cultureEvent/view.do?cultcode=139674&menuNo=200010
topis_notice,여의도,2022-10-15,2022-10-15,07:00,12:00,,달리기,[안내] 10월 15일(토) 「현대자동차 롱기스트런 '파이널런'」 개최 안내 (우회안내문 첨부),,2022-09-22 10:46:02,1,1,notice:2705
seoul_culture,광화문·시청,2022-10-16,2022-10-16,14:00,15:45,"2022.10.16.(일), 14:00~15:45",축제-전통/역사,서울 왕궁수문장 특별행사,"숭례문 광장, 서울광장, 세종대로 일대",2022-10-11,0,1,https://culture.seoul.go.kr/culture/culture/cultureEvent/view.do?cultcode=139640&menuNo=200010
seoul_culture,광화문·시청,2022-10-17,2022-10-23,,,공연 및 체험 프로그램 시간이 상이함 (확인 필수),축제-시민화합,"서울생활문화센터 체부 2022 골목길 축제 [다시, 어울림]","체부 센터 체부홀, 금오재(한옥), 체부동 골목 일대",2022-10-13,0,1,https://culture.seoul.go.kr/culture/culture/cultureEvent/view.do?cultcode=139707&menuNo=200010
seoul_culture,광화문·시청,2022-10-22,2022-10-23,11:00,18:00,11:00~18:00,축제-문화/예술,2022 서울세계도시문화축제,서울광장 및 무교로 일원,2022-10-13,0,1,https://culture.seoul.go.kr/culture/culture/cultureEvent/view.do?cultcode=139706&menuNo=200010
seoul_culture,광화문·시청,2022-10-22,2022-10-22,14:00,,1회 차 14:00 / 2회 차 15:00,축제-시민화합,서울생활문화센터 체부] 2022 골목길 축제 [체부동 작업실] 슈링크아트,서울생활문화센터 체부 체부홀,2022-10-06,0,1,https://culture.seoul.go.kr/culture/culture/cultureEvent/view.do?cultcode=139600&menuNo=200010
topis_notice,상암,2022-11-06,2022-11-06,07:30,13:00,,마라톤,[안내] 11월 6일(일) 「JTBC 서울마라톤 대회」에 따른 교통통제,,2022-10-14 10:57:45,1,1,notice:2790
topis_notice,여의도,2022-11-06,2022-11-06,07:30,13:00,,마라톤,[안내] 11월 6일(일) 「JTBC 서울마라톤 대회」에 따른 교통통제,,2022-10-14 10:57:45,1,1,notice:2790
topis_notice,잠실,2022-11-06,2022-11-06,07:30,13:00,,마라톤,[안내] 11월 6일(일) 「JTBC 서울마라톤 대회」에 따른 교통통제,,2022-10-14 10:57:45,1,1,notice:2790
seoul_culture,광화문·시청,2022-11-12,2022-12-03,11:00,,11:00 / 13:00 / 16:00,축제-문화/예술,2022 유니크(EUNIC) 영화제 - 새로운 시작 NEW BEGINNINGS,서울역사박물관 야주개홀,2022-11-09,0,1,https://culture.seoul.go.kr/culture/culture/cultureEvent/view.do?cultcode=139997&menuNo=200010
topis_notice,광화문·시청,2022-12-02,2022-12-02,,,,행사,[안내] 12월 2일(금) 「2022카타르 월드컵」 3차 거리응원전 교통대책,,2022-12-02 10:16:24,1,1,notice:2964
seoul_culture,광화문·시청,2022-12-09,2022-12-10,10:00,18:00,(전시) 12월 9일~10일 10:00-18:00 / (결과공유회) 12월 10일 14:00-18:00,축제-문화/예술,"2022 꿈의 댄스팀(무용단) 결과공유회 [함께 추는 춤, 피어나는 꿈]",커뮤니티하우스 마실 (서울특별시 중구 명동11길 14),2022-12-02,0,1,https://culture.seoul.go.kr/culture/culture/cultureEvent/view.do?cultcode=140210&menuNo=200010
seoul_culture,광화문·시청,2022-12-09,2022-12-09,14:00,16:00,14:00~16:00,축제-문화/예술,세계인권선언의 날 기념 2022 인권문화행사,서울시청 시민청 바스락홀,2022-11-29,0,1,https://culture.seoul.go.kr/culture/culture/cultureEvent/view.do?cultcode=140157&menuNo=200010
seoul_culture,광화문·시청,2022-12-15,2022-12-25,10:00,21:00,10:00~21:00,축제-기타,[아듀 2022] 생활문화 송년 특별전 : 종로랑 예술가랑,홈페이지 참고,2022-12-16,0,1,https://culture.seoul.go.kr/culture/culture/cultureEvent/view.do?cultcode=140309&menuNo=200010
seoul_culture,광화문·시청,2022-12-19,2022-12-31,18:00,22:00,매일 18:00 ~ 22:00,축제-기타,2022 서울빛초롱,광화문 광장,2022-12-22,0,1,https://culture.seoul.go.kr/culture/culture/cultureEvent/view.do?cultcode=140358&menuNo=200010
seoul_culture,광화문·시청,2022-12-21,2023-02-12,10:00,21:30,"(일~목) 10:00 ~ 21:30 (금, 토, 공휴일) 10:00 ~23:00",축제-기타,다시 돌아온 「서울광장 스케이트장」,서울 중구 세종대로 110 서울특별시청 앞 서울광장 스케이트장,2022-12-22,0,1,https://culture.seoul.go.kr/culture/culture/cultureEvent/view.do?cultcode=140357&menuNo=200010
seoul_culture,광화문·시청,2022-12-29,2022-12-30,18:00,,오후 6시,축제-문화/예술,"2022 연말 특별 기획 '서울의 낙원, 우쿨렐레 축제'",유튜브 채널 생중계,2022-12-28,0,1,https://culture.seoul.go.kr/culture/culture/cultureEvent/view.do?cultcode=140397&menuNo=200010
seoul_culture,광화문·시청,2023-01-20,2023-01-24,,,홈페이지 참고,축제-전통/역사,2023 돈의문박물관마을 설맞이 행사 안내(2023.01.20-01.24),"돈의문박물관마을 일대, 돈의문박물관마을 온라인 채널",2023-01-17,0,1,https://culture.seoul.go.kr/culture/culture/cultureEvent/view.do?cultcode=140515&menuNo=200010
seoul_culture,광화문·시청,2023-01-21,2023-01-21,12:00,16:00,12:00~16:00,축제-전통/역사,서울역사박물관 설맞이 한마당,서울역사박물관 광장(야외),2023-01-16,0,1,https://culture.seoul.go.kr/culture/culture/cultureEvent/view.do?cultcode=140500&menuNo=200010
topis_notice,광화문·시청,2023-03-19,2023-03-19,08:00,14:00,,마라톤,[안내] 3/19(일) '2023 서울마라톤대회' 개최에 따른 교통통제 안내,,2023-03-09 05:10:18,1,1,notice:3195
topis_notice,광화문·시청,2023-03-19,2023-03-19,08:00,14:00,,마라톤,[안내] 3/19(일) '2023 서울마라톤대회' 개최관련 시내버스 임시우회 안내(안내문 첨부),,2023-03-16 11:53:45,1,1,notice:3211
topis_notice,잠실,2023-03-19,2023-03-19,08:00,14:00,,마라톤,[안내] 3/19(일) '2023 서울마라톤대회' 개최에 따른 교통통제 안내,,2023-03-09 05:10:18,1,1,notice:3195
topis_notice,잠실,2023-03-19,2023-03-19,08:00,14:00,,마라톤,[안내] 3/19(일) '2023 서울마라톤대회' 개최관련 시내버스 임시우회 안내(안내문 첨부),,2023-03-16 11:53:45,1,1,notice:3211
topis_notice,광화문·시청,2023-03-25,2023-03-25,11:00,14:30,,축제,[안내] 3/25(토) 「2023 '국기'태권도 한마음 대축제」로 인한 시내버스 임시우회 안내,,2023-03-23 04:47:50,1,1,notice:3246
seoul_culture,광화문·시청,2023-03-25,2023-06-24,12:00,17:00,"3~6월 매주 마지막주 토요일 및 어린이날 주간 12:00~17:00(3월25일(토), 4월29일(토), 5월5일(금), 5월6일(토), 5월 27일(토) 6월 24일(토))",축제-기타,돈의문 골목시장 (상반기),돈의문박물관마을 곳곳,2023-04-10,0,1,https://culture.seoul.go.kr/culture/culture/cultureEvent/view.do?cultcode=141297&menuNo=200010
topis_notice,광화문·시청,2023-04-09,2023-04-09,10:00,20:00,,퍼레이드,[안내] 4/9(일) 「2023 부활절 퍼레이드」 관련 교통통제 안내(우회노선 추가),,2023-03-27 01:15:48,1,1,notice:3251
seoul_culture,광화문·시청,2023-04-15,2023-04-15,10:00,18:00,10:00~18:00,축제-문화/예술,돈의문골목시장X레트롤링,돈의문박물관마을 골목 곳곳에서,2023-04-12,0,1,https://culture.seoul.go.kr/culture/culture/cultureEvent/view.do?cultcode=141347&menuNo=200010
seoul_culture,광화문·시청,2023-04-23,2023-11-12,10:00,17:00,(야외 마당) 토~일 10:00~17:00 (실내마당) -광화문 라운지 : 월~일 10:00~20:00 -세종 라운지 : 월~일 10:00~19:00,축제-문화/예술,2023 광화문책마당,"서울특별시 종로구 세종대로 172, 광화문 광장",2023-04-18,0,1,https://culture.seoul.go.kr/culture/culture/cultureEvent/view.do?cultcode=141404&menuNo=200010
seoul_culture,광화문·시청,2023-04-23,2023-06-25,,,"매주 목,금요일 11~17시 / 매주 토·일요일 10~17시",축제-문화/예술,2023 책읽는 서울광장,서울도서관-서울광장,2023-04-25,0,1,https://culture.seoul.go.kr/culture/culture/cultureEvent/view.do?cultcode=141481&menuNo=200010
seoul_culture,광화문·시청,2023-04-29,2023-04-29,12:00,17:00,12:00~17:00,축제-기타,[돈의문박물관마을] 돈의문골목시장,돈의문박물관마을 곳곳,2023-03-10,0,1,https://culture.seoul.go.kr/culture/culture/cultureEvent/view.do?cultcode=140994&menuNo=200010
topis_notice,광화문·시청,2023-04-30,2023-05-07,,,,행사,[통제안내] 4/30(일)~5/7(일) 「서울페스타 2023」 개최로 인한 교통통제 안내,,2023-04-14 10:42:17,1,1,notice:3299
topis_notice,광화문·시청,2023-04-30,2023-04-30,08:00,11:00,,마라톤,[안내] 4/30(일) '2023 서울하프마라톤' 개최에 따른 교통통제 및 시내버스 우회 안내,,2023-04-27 09:55:38,1,1,notice:3333
topis_notice,상암,2023-04-30,2023-04-30,08:00,11:00,,마라톤,[안내] 4/30(일) '2023 서울하프마라톤' 개최에 따른 교통통제 및 시내버스 우회 안내,,2023-04-27 09:55:38,1,1,notice:3333
topis_notice,여의도,2023-04-30,2023-04-30,08:00,11:00,,마라톤,[안내] 4/30(일) '2023 서울하프마라톤' 개최에 따른 교통통제 및 시내버스 우회 안내,,2023-04-27 09:55:38,1,1,notice:3333
topis_notice,잠실,2023-04-30,2023-05-07,,,,행사,[통제안내] 4/30(일)~5/7(일) 「서울페스타 2023」 개최로 인한 교통통제 안내,,2023-04-14 10:42:17,1,1,notice:3299
seoul_culture,광화문·시청,2023-05-01,2023-05-01,19:00,20:40,19:00 - 20:40,축제-문화/예술,서울페스타 2023 연계 서울광장 [태권도 특별공연],서울광장,2023-04-27,0,1,https://culture.seoul.go.kr/culture/culture/cultureEvent/view.do?cultcode=141512&menuNo=200010
seoul_culture,광화문·시청,2023-05-04,2023-05-06,11:00,19:00,11:00 ~ 19:00,축제-문화/예술,광화문 어린이 축제 [봄빛소풍],"광화문광장 육조마당, 놀이마당",2023-04-27,0,1,https://culture.seoul.go.kr/culture/culture/cultureEvent/view.do?cultcode=141498&menuNo=200010
seoul_culture,광화문·시청,2023-05-05,2023-05-05,12:00,16:00,12:00~16:00,축제-문화/예술,어린이날 큰잔치 [박물관에서 놀자],서울역사박물관 광장,2023-05-02,0,1,https://culture.seoul.go.kr/culture/culture/cultureEvent/view.do?cultcode=141533&menuNo=200010
seoul_culture,광화문·시청,2023-05-06,2023-05-07,,,11시-17시,축제-문화/예술,어린이날 특별 [핑크퐁과 아기상어가 함께하는 책읽는 서울광장],서울광장,2023-05-04,0,1,https://culture.seoul.go.kr/culture/culture/cultureEvent/view.do?cultcode=141561&menuNo=200010
seoul_culture,광화문·시청,2023-05-13,2023-05-13,18:00,22:00,18:00 - 22:00,축제-문화/예술,"너, 오늘 밤 뭐해? Saturday Night in 광화문 책마당",광화문 광장 육조마당,2023-05-11,0,1,https://culture.seoul.go.kr/culture/culture/cultureEvent/view.do?cultcode=141662&menuNo=200010
seoul_culture,광화문·시청,2023-05-18,2023-05-20,,,11시~20시,축제-문화/예술,2023 제16회 [서울국제문화축제],서울 광화문광장 놀이마당,2023-05-15,0,1,https://culture.seoul.go.kr/culture/culture/cultureEvent/view.do?cultcode=141707&menuNo=200010
topis_notice,상암,2023-05-20,2023-05-20,,,,마라톤,[통제안내] 5/20(토) 2023 서울신문 하프마라톤대회로 인한 교통통제(우회안내 추가),,2023-05-11 03:40:14,1,1,notice:3384
topis_notice,광화문·시청,2023-05-21,2023-05-21,06:00,11:00,,행사,[통제안내] 5/21(일) 2023 서울 자전거대행진 개최에 따른 교통통제 안내(우회안내 추가),,2023-05-11 03:39:55,1,1,notice:3383
topis_notice,상암,2023-05-21,2023-05-21,06:00,11:00,,행사,[통제안내] 5/21(일) 2023 서울 자전거대행진 개최에 따른 교통통제 안내(우회안내 추가),,2023-05-11 03:39:55,1,1,notice:3383
seoul_culture,광화문·시청,2023-05-26,2023-05-27,13:00,,26일(금) : 13:00~ / 27일(토) : 10:00~,축제-문화/예술,2023 통일문화 공감행사 : 광화문에서 통하나봄,서울 광화문광장 놀이마당,2023-05-11,0,1,https://culture.seoul.go.kr/culture/culture/cultureEvent/view.do?cultcode=141672&menuNo=200010
seoul_culture,광화문·시청,2023-05-27,2023-05-27,18:00,20:00,18:00 ~ 20:00,축제-문화/예술,[돈의Moon나이트] 당신과 스윙댄스 강습 참여자 모집 공고,돈의문박물관마을 마을마당 ,2023-05-17,0,1,https://culture.seoul.go.kr/culture/culture/cultureEvent/view.do?cultcode=141747&menuNo=200010
seoul_culture,광화문·시청,2023-06-03,2023-06-25,16:00,21:00,16:00~21:00,축제-문화/예술,밤의 도서관 [광화문 책마당],광화문 광장 육조마당,2023-05-31,0,1,https://culture.seoul.go.kr/culture/culture/cultureEvent/view.do?cultcode=141861&menuNo=200010
seoul_culture,광화문·시청,2023-06-03,2023-06-03,11:00,18:00,11:00~18:00,축제-기타,2023 유기농데이 대축제,청계광장,2023-05-08,0,1,https://culture.seoul.go.kr/culture/culture/cultureEvent/view.do?cultcode=141612&menuNo=200010
seoul_culture,광화문·시청,2023-06-10,2023-06-10,12:00,18:00,12:00~18:00,축제-문화/예술,[돈의문골목시장] X [인력시장] 팔을 길게 뻗어 볼래,돈의문박물관마을 골목 곳곳에서,2023-06-05,0,1,https://culture.seoul.go.kr/culture/culture/cultureEvent/view.do?cultcode=141909&menuNo=200010
topis_notice,광화문·시청,2023-06-17,2023-06-18,,,,축제,[안내] 6/17(토)~6/18(일) 2023 서울세계도시문화축제에 따른 교통통제 안내,,2023-06-16 09:44:45,1,1,notice:3450
seoul_culture,광화문·시청,2023-06-17,2023-06-18,11:00,18:00,11:00 ~ 18:00,축제-문화/예술,2023 서울세계도시문화축제,"광화문광장, 청계광장, 청계천로 일원",2023-05-10,0,1,https://culture.seoul.go.kr/culture/culture/cultureEvent/view.do?cultcode=141643&menuNo=200010
topis_notice,여의도,2023-06-17,2023-06-17,12:00,22:00,,행사,[통제안내] 6/17(토) 「BTS 10TH FESTA」 행사로 인한 여의도 일대 도로통제 안내,,2023-06-12 10:09:03,1,1,notice:3442
topis_notice,광화문·시청,2023-06-21,2023-06-21,10:00,11:00,,행사,[통제안내] 6/21(수) 「남산1호터널 위기대응 합동훈련」에 따른 교통통제(보도자료),,2023-06-07 04:52:17,1,1,notice:3430
topis_notice,잠실,2023-06-23,2023-06-25,,,,행사,[안내] 6/23(금)~6/25(일) 행사로 인한 잠실운동장 일대 혼잡 안내,,2023-06-23 05:12:41,1,1,notice:3459
seoul_culture,광화문·시청,2023-06-24,2023-06-24,12:00,17:00,12:00~17:00,축제-기타,[돈의문박물관마을] 돈의문골목시장(6월),돈의문박물관마을 구석구석,2023-05-10,0,1,https://culture.seoul.go.kr/culture/culture/cultureEvent/view.do?cultcode=141658&menuNo=200010
seoul_culture,광화문·시청,2023-06-25,2023-06-25,14:30,,14:30～17:00,축제-문화/예술,책읽는 세상에서 노래하고 꿈꾸는 어린이 세상,서울광장,2023-06-21,0,1,https://culture.seoul.go.kr/culture/culture/cultureEvent/view.do?cultcode=142093&menuNo=200010
seoul_culture,광화문·시청,2023-07-01,2023-07-01,12:00,17:00,12:00~17:00,축제-문화/예술,[돈의문박물관마을] 7월 돈의문골목시장,"돈의문박물관마을 마을마당, 마을안내소, 새문안극장, 생활사전시관, 삼거리이용원 등",2023-06-29,0,1,https://culture.seoul.go.kr/culture/culture/cultureEvent/view.do?cultcode=142193&menuNo=200010
seoul_culture,광화문·시청,2023-07-02,2023-07-02,11:00,17:00,11:00~17:00,축제-문화/예술,[돈의문박물관마을] 충(忠)·격(格) 스토어 & 충주 취향 플리마켓,돈의문박물관마을 일대,2023-06-29,0,1,https://culture.seoul.go.kr/culture/culture/cultureEvent/view.do?cultcode=142194&menuNo=200010
seoul_culture,광화문·시청,2023-07-21,2023-09-09,20:00,,오후 8시,축제-문화/예술,일상의 공간이 축제의 공간으로! 세종썸머페스티벌 Groove,광화문광장,2023-07-21,0,1,https://culture.seoul.go.kr/culture/culture/cultureEvent/view.do?cultcode=142497&menuNo=200010
seoul_culture,광화문·시청,2023-08-04,2023-08-06,17:00,21:00,17:00 ~ 21:00,축제-문화/예술,누워서 세계속으로 : 밤의 여행도서관 아일랜드편(8.4.~6.),서울광장,2023-08-03,0,1,https://culture.seoul.go.kr/culture/culture/cultureEvent/view.do?cultcode=142661&menuNo=200010
seoul_culture,광화문·시청,2023-08-11,2023-08-13,17:00,21:00,17:00 - 21:00,축제-문화/예술,[서울야외밤도서관] 밤의 여행도서관: 이집트&UAE 편을 소개합니다!,서울광장,2023-08-09,0,1,https://culture.seoul.go.kr/culture/culture/cultureEvent/view.do?cultcode=142747&menuNo=200010
topis_notice,상암,2023-08-11,2023-08-11,,,,공연,[안내] 8/11(금) 잼버리 K-POP 콘서트 및 폐영식으로 인한 교통통제 안내,,2023-08-09 10:17:07,1,1,notice:3562
seoul_culture,상암,2023-08-12,2023-08-13,13:00,21:00,13:00~21:00 양일간,축제-문화/예술,2023 물총축제,서울시 마포구 증산로 87 문화비축기지 내 문화마당,2023-07-03,0,1,https://culture.seoul.go.kr/culture/culture/cultureEvent/view.do?cultcode=142223&menuNo=200010
seoul_culture,광화문·시청,2023-08-17,2023-08-20,10:30,18:30,10:30~18:30,축제-문화/예술,대한민국 청년미술축제 : 아트그라운드,마루아트센터 특별관,2023-07-18,0,1,https://culture.seoul.go.kr/culture/culture/cultureEvent/view.do?cultcode=142454&menuNo=200010
seoul_culture,광화문·시청,2023-08-19,2023-08-20,16:00,21:00,16:00 ~ 21:00,축제-문화/예술,[서울야외밤도서관] 밤의 여행도서관: 스페인&브라질 편을 소개합니다!,서울광장,2023-08-14,0,1,https://culture.seoul.go.kr/culture/culture/cultureEvent/view.do?cultcode=142797&menuNo=200010
seoul_culture,광화문·시청,2023-08-19,2023-08-19,20:00,,오후 8시 (공연시간: 약 120분 / 인터미션 없음),축제-문화/예술,DJ [광. 놀],광화문 광장,2023-08-01,0,1,https://culture.seoul.go.kr/culture/culture/cultureEvent/view.do?cultcode=142614&menuNo=200010
topis_notice,광화문·시청,2023-08-23,2023-08-23,14:00,14:20,,행사,[통제안내] 8/23(수) '공습대비 민방위 훈련'에 따른 교통통제 안내,,2023-08-04 09:42:17,1,1,notice:3558
topis_notice,여의도,2023-08-23,2023-08-23,14:00,14:20,,행사,[통제안내] 8/23(수) '공습대비 민방위 훈련'에 따른 교통통제 안내,,2023-08-04 09:42:17,1,1,notice:3558
seoul_culture,광화문·시청,2023-08-25,2023-08-27,17:00,21:00,17:00 ~ 21:00,축제-문화/예술,"[서울야외밤도서관] 누워서 세계속으로 : 밤의 여행도서관 프랑스, 영국편",서울광장,2023-08-22,0,1,https://culture.seoul.go.kr/culture/culture/cultureEvent/view.do?cultcode=142859&menuNo=200010
seoul_culture,광화문·시청,2023-08-28,2023-08-28,17:00,22:00,17:00~22:00,축제-문화/예술,[2023년 삼일로창고극장 창고포럼 8월] 한 여름밤의 네트-워킹-홀리데이,삼일로창고극장,2023-08-16,0,1,https://culture.seoul.go.kr/culture/culture/cultureEvent/view.do?cultcode=142811&menuNo=200010
seoul_culture,광화문·시청,2023-08-29,2023-08-30,04:30,,8월 29일(화) 오후 4:30~오후 7:40 /  8월 30일(화) 오후 5:00~ 오후 7:40,축제-문화/예술,"[20223 한국 양금 축제] 아시아, 양금으로 하나되다",눈스퀘어,2023-08-21,0,1,https://culture.seoul.go.kr/culture/culture/cultureEvent/view.do?cultcode=142850&menuNo=200010
topis_notice,광화문·시청,2023-09-01,2023-09-01,15:00,21:30,,축제,"[안내] 9/1(금) 「수돗물 통수 115주년, 아리수 축제」 에 따른 교통통제 안내",,2023-08-25 09:17:53,1,1,notice:3590
seoul_culture,광화문·시청,2023-09-01,2023-09-10,,,프로그램별 상이,축제-기타,서울아트위크 SEOUL ART WEEK,열린송현녹지광장 등 서울전역,2023-08-16,0,1,https://culture.seoul.go.kr/culture/culture/cultureEvent/view.do?cultcode=142802&menuNo=200010
seoul_culture,광화문·시청,2023-09-02,2023-09-30,12:00,18:00,"9.2(토), 9.30(토) 12:00-18:00 / 9.16(토) 11:00-17:00",축제-기타,[돈의문박물관마을] 돈의문골목시장 9월,돈의문박물관마을 곳곳,2023-08-24,0,1,https://culture.seoul.go.kr/culture/culture/cultureEvent/view.do?cultcode=142989&menuNo=200010
topis_notice,광화문·시청,2023-09-07,2023-09-09,09:00,18:00,,행사,[안내] 9/7(목)~9/9(토) 「2023 공구야 놀자」 행사에 따른 청계남로 교통통제,,2023-09-07 10:57:55,1,1,notice:3608
seoul_culture,광화문·시청,2023-09-14,2023-11-12,11:00,17:00,"목,금 11:00~17:00, 토,일 10:00~17:00",축제-문화/예술,서울야외도서관 책읽는 서울광장,서울광장,2023-09-11,0,1,https://culture.seoul.go.kr/culture/culture/cultureEvent/view.do?cultcode=143263&menuNo=200010
seoul_culture,광화문·시청,2023-09-16,2023-09-16,10:00,22:00,10:00 - 22:00,축제-문화/예술,돈의문박물관마을 일일 통합 축제 [돈의문골목시장」X「돈의Moon나이트],돈의문박물관마을,2023-09-12,0,1,https://culture.seoul.go.kr/culture/culture/cultureEvent/view.do?cultcode=143295&menuNo=200010
topis_notice,광화문·시청,2023-09-17,2023-09-17,06:00,11:00,,축제,[안내] 9/17(일) 2023 걷자 페스티벌 교통통제 및 버스 임시우회 안내 (버스우회안내문 추가),,2023-08-30 01:47:24,1,1,notice:3594
topis_notice,상암,2023-09-17,2023-09-17,08:00,13:00,,마라톤,[안내] 9/17(일) 슈퍼블루마라톤 행사에 따른 교통통제,,2023-09-17 09:34:08,1,1,notice:3634
topis_notice,여의도,2023-09-22,2023-09-23,,,,행사,[통제안내] 9/22(금)~9/23(토) 마포대교 가로등 개선사업으로 인한 교통통제 안내,,2023-09-19 11:37:55,1,1,notice:3640
seoul_culture,잠실,2023-09-23,2023-09-23,13:00,19:00,13:00-19:00,축제-시민화합,[서울문화재단] 2023 서울생활예술페스티벌,잠실실내체육관,2023-08-24,0,1,https://culture.seoul.go.kr/culture/culture/cultureEvent/view.do?cultcode=142975&menuNo=200010
topis_notice,여의도,2023-09-24,2023-09-24,07:20,11:20,,행사,[안내] 9/24(일) 2023 Run your way. SEOUL 10K RACE 로 인한 교통통제 및 임시우회안내(우회안내문 추가),,2023-09-18 01:06:09,1,1,notice:3637
seoul_culture,광화문·시청,2023-09-26,2023-10-15,,,프로그램별 상이,축제-문화/예술,2023 체부동 골목길 축제 [ 모두 다 생활문화 해],서울생활문화센터 체부,2023-09-26,0,1,https://culture.seoul.go.kr/culture/culture/cultureEvent/view.do?cultcode=143513&menuNo=200010
seoul_culture,광화문·시청,2023-09-29,2023-10-01,11:00,21:00,9.29.(금) 18:00 / 9.30.(토)~10.1.(일) 11:00-21:00 ※ 공연 별 상이,축제-문화/예술,[서울문화재단] 2023 서울거리예술축제,서울광장 일대,2023-08-24,0,1,https://culture.seoul.go.kr/culture/culture/cultureEvent/view.do?cultcode=142976&menuNo=200010
seoul_culture,광화문·시청,2023-09-30,2023-09-30,12:00,16:00,12:00~16:00,축제-전통/역사,서울역사박물관과 함께하는 한가위 한마당,서울역사박물관 광장(야외),2023-09-25,0,1,https://culture.seoul.go.kr/culture/culture/cultureEvent/view.do?cultcode=143501&menuNo=200010
seoul_culture,상암,2023-10-04,2023-10-09,,,프로그램별 상이,축제-문화/예술,제6회 서울국제댄스페스티벌,문화비축기지,2023-09-04,0,1,https://culture.seoul.go.kr/culture/culture/cultureEvent/view.do?cultcode=143133&menuNo=200010
seoul_culture,광화문·시청,2023-10-06,2023-10-22,13:00,22:00,"매주 금, 주말 13:00-22:00",축제-문화/예술,[종로문화재단] 2023 종로축제 렛츠종로,"청와대, 서촌, 북촌, 국악로 ",2023-09-20,0,1,https://culture.seoul.go.kr/culture/culture/cultureEvent/view.do?cultcode=143408&menuNo=200010
seoul_culture,광화문·시청,2023-10-06,2023-10-20,14:00,20:30,14:00~20:30,축제-시민화합,2023 광화문 운동회,광화문광장 육조마당,2023-10-06,0,1,https://culture.seoul.go.kr/culture/culture/cultureEvent/view.do?cultcode=143610&menuNo=200010
seoul_culture,상암,2023-10-06,2023-11-15,09:00,20:00,09:00~20:00,축제-자연/경관,2023 서울정원박람회,월드컵공원(하늘공원 일대),2023-10-06,0,1,https://culture.seoul.go.kr/culture/culture/cultureEvent/view.do?cultcode=143615&menuNo=200010
seoul_culture,상암,2023-10-06,2023-10-12,,,공원운영시간에 따라 변동,축제-자연/경관,2023 서울정원박람회,월드컵공원(하늘공원) 일대,2023-09-01,0,1,https://culture.seoul.go.kr/culture/culture/cultureEvent/view.do?cultcode=143114&menuNo=200010
seoul_culture,광화문·시청,2023-10-07,2023-10-28,12:00,18:00,"매주 토 12:00~18:00, 10.14/28(토) 11:00~17:00",축제-기타,[돈의문박물관마을] 돈의문골목시장 10월,돈의문박물관마을 곳곳,2023-09-23,0,1,https://culture.seoul.go.kr/culture/culture/cultureEvent/view.do?cultcode=143473&menuNo=200010
seoul_culture,광화문·시청,2023-10-07,2023-10-08,11:00,17:00,11:00 ~ 17:00,축제-문화/예술,[2023 서울 한지문화제] 한지로(路) 전통의 길을 잇다,서울시 종로구 안국동 감고당길,2023-09-25,0,1,https://culture.seoul.go.kr/culture/culture/cultureEvent/view.do?cultcode=143499&menuNo=200010
topis_notice,여의도,2023-10-07,2023-10-07,16:00,21:00,,불꽃축제,[안내] 10/7(토) 2023 서울세계불꽃축제 교통통제 및 교통대책 안내(우회안내문 추가),,2023-10-04 09:12:05,1,1,notice:3654
seoul_culture,여의도,2023-10-07,2023-10-07,13:00,21:30,13:00 - 21:30,축제-자연/경관,2023 서울세계불꽃축제,여의도 한강공원,2023-09-19,0,1,https://culture.seoul.go.kr/culture/culture/cultureEvent/view.do?cultcode=143405&menuNo=200010
topis_notice,잠실,2023-10-07,2023-10-07,07:30,09:33,,마라톤,[안내] 10/7(토) 스타일런 마라톤에 따른 잠실 교통통제 안내,,2023-10-06 04:21:13,1,1,notice:3664
topis_notice,광화문·시청,2023-10-08,2023-10-08,08:00,12:00,,행사,[안내] 10/8(일) '2023 서울달리기(SEOUL RACE)' 대회 개최에 따른 교통통제 및 버스 임시우회 안내,,2023-09-22 01:28:12,1,1,notice:3646
topis_notice,광화문·시청,2023-10-08,2023-10-08,10:00,18:00,,행사,[안내] 10/8(일) 「정조대왕 능행차 재현행사」에 따른 정류소 임시이전 및 교통통제 안내,,2023-10-04 11:24:17,1,1,notice:3658
seoul_culture,광화문·시청,2023-10-08,2023-10-14,15:00,19:00,"8일 15:00-19:00, 13일 11:00-20:00, 14일 11:00-19:30",축제-문화/예술,[서울무형문화축제] 2023년 서울무형문화축제,"서울공예박물관,서울돈화문국악당, 서울우리소리박물관, 수림큐브, 국악로 일대",2023-09-14,0,1,https://culture.seoul.go.kr/culture/culture/cultureEvent/view.do?cultcode=143335&menuNo=200010
seoul_culture,상암,2023-10-08,2023-10-08,10:00,17:00,10:00-17:00,축제-기타,2023 서울 반려동물 한마당 축제,"월드컵공원 평화의광장, 하늘공원",2023-09-18,0,1,https://culture.seoul.go.kr/culture/culture/cultureEvent/view.do?cultcode=143366&menuNo=200010
seoul_culture,광화문·시청,2023-10-09,2023-10-09,10:00,16:00,10:00 ~ 16:00,축제-시민화합,시민과 함께하는 가을 건강운동회,서울광장 등,2023-10-06,0,1,https://culture.seoul.go.kr/culture/culture/cultureEvent/view.do?cultcode=143614&menuNo=200010
seoul_culture,광화문·시청,2023-10-09,2023-10-09,10:00,16:00,10:00 - 16:00,축제-전통/역사,한글 주간 기념 행사 [웃는 서울 더 웃는 한글],광화문광장 세종대왕상 앞,2023-09-21,0,1,https://culture.seoul.go.kr/culture/culture/cultureEvent/view.do?cultcode=143442&menuNo=200010
seoul_culture,광화문·시청,2023-10-11,2023-10-13,10:00,15:00,10:00~15:00,축제-기타,빛남만남 플리마켓 - 2023 남대문시장 악세서리데이,회현역 5번출구부터 남대문시장 대도상가 E동 사거리까지,2023-10-04,0,1,https://culture.seoul.go.kr/culture/culture/cultureEvent/view.do?cultcode=143567&menuNo=200010
seoul_culture,광화문·시청,2023-10-13,2023-10-14,18:00,22:00,10.13.(금) 18:00~22:00 / 10.14.(토) 14:00~22:00,축제-문화/예술,"2023 정동야행 [중심에서 만나다, 꿈의 랑데부]","정동길, 덕수궁길 일대",2023-09-25,0,1,https://culture.seoul.go.kr/culture/culture/cultureEvent/view.do?cultcode=143506&menuNo=200010
seoul_culture,상암,2023-10-13,2023-10-15,10:00,18:00,10:00 - 18:00,축제-문화/예술,2023 탱크예술제 [내일의 궁리],문화비축기지 곳곳,2023-10-06,0,1,https://culture.seoul.go.kr/culture/culture/cultureEvent/view.do?cultcode=143613&menuNo=200010
seoul_culture,광화문·시청,2023-10-14,2023-10-28,18:00,22:00,"14(토), 28(토) 18:00-22:00",축제-기타,[돈의문박물관마을] 돈의Moon나이트 10월,돈의문박물관마을 곳곳,2023-09-23,0,1,https://culture.seoul.go.kr/culture/culture/cultureEvent/view.do?cultcode=143472&menuNo=200010
seoul_culture,상암,2023-10-14,2023-10-20,10:30,11:00,10:30 - 11:00,축제-자연/경관,제22회 서울 억새축제 [억새와 함께하는 10월의 러브레터],"월드컵공원, 하늘공원 일대",2023-10-18,0,1,https://culture.seoul.go.kr/culture/culture/cultureEvent/view.do?cultcode=143764&menuNo=200010
topis_notice,광화문·시청,2023-10-15,2023-10-15,15:00,19:30,,행사,[안내] 10/15(일) 광화문 월대 및 현판 복원 기념행사에 따른 교통통제 안내,,2023-10-11 02:42:36,1,1,notice:3679
topis_notice,여의도,2023-10-15,2023-10-15,06:00,10:00,,달리기,[안내] 10/15(일) '2023 마블런 서울' 개최에 따른 교통통제 안내,,2023-10-10 09:33:57,1,1,notice:3671
seoul_culture,광화문·시청,2023-10-18,2023-10-31,,,매일 프로그램별 상이,축제-시민화합,2023 불교문화대전,"조계사, 아라아트센터 외 전국 사찰 ",2023-10-16,0,1,https://culture.seoul.go.kr/culture/culture/cultureEvent/view.do?cultcode=143732&menuNo=200010
seoul_culture,광화문·시청,2023-10-20,2023-10-22,12:00,20:00,12:00 ~ 20:00,축제-전통/역사,2023 종로한복축제,송현동 일대,2023-10-19,0,1,https://culture.seoul.go.kr/culture/culture/cultureEvent/view.do?cultcode=143789&menuNo=200010
topis_notice,광화문·시청,2023-10-21,2023-10-21,05:00,06:00,,행사,[안내] 10/21(토) 2023년 서울 국제 울트라트레일러닝 대회(서울100K)로 인한 교통통제 안내,,2023-10-16 09:58:38,1,1,notice:3687
seoul_culture,광화문·시청,2023-10-28,2023-10-28,10:00,22:00,10:00~22:00,축제-문화/예술,돈의문박물관마을 통합 축제 [돈의문골목시장 X 꾸러기 기술 마켓X돈의Moon나이트],돈의문박물관마을,2023-10-23,0,1,https://culture.seoul.go.kr/culture/culture/cultureEvent/view.do?cultcode=143856&menuNo=200010
topis_notice,광화문·시청,2023-11-05,2023-11-05,05:30,13:30,,마라톤,[안내] 11/5(일) 「2023 JTBC 서울마라톤 대회」에 따른 교통통제 및 버스 임시우회 안내(우회안내문 추가),,2023-10-25 09:19:13,1,1,notice:3702
topis_notice,상암,2023-11-05,2023-11-05,05:30,13:30,,마라톤,[안내] 11/5(일) 「2023 JTBC 서울마라톤 대회」에 따른 교통통제 및 버스 임시우회 안내(우회안내문 추가),,2023-10-25 09:19:13,1,1,notice:3702
topis_notice,여의도,2023-11-05,2023-11-05,05:30,13:30,,마라톤,[안내] 11/5(일) 「2023 JTBC 서울마라톤 대회」에 따른 교통통제 및 버스 임시우회 안내(우회안내문 추가),,2023-10-25 09:19:13,1,1,notice:3702
topis_notice,잠실,2023-11-05,2023-11-05,05:30,13:30,,마라톤,[안내] 11/5(일) 「2023 JTBC 서울마라톤 대회」에 따른 교통통제 및 버스 임시우회 안내(우회안내문 추가),,2023-10-25 09:19:13,1,1,notice:3702
seoul_culture,광화문·시청,2023-11-18,2023-11-18,13:00,,오후 1시 ~ 6시,축제-문화/예술,2023 낙원 생활문화 축제 [서울의 낙원],서울생활문화센터 낙원 / 남인사마당,2023-11-08,0,1,https://culture.seoul.go.kr/culture/culture/cultureEvent/view.do?cultcode=144090&menuNo=200010
topis_notice,상암,2023-11-19,2023-11-19,08:00,14:00,,마라톤,[안내] 11/19(일) 「2023 손기정평화마라톤대회」에 따른 상암 교통통제 안내,,2023-11-10 05:50:52,1,1,notice:3745
seoul_culture,광화문·시청,2023-11-23,2023-11-26,19:00,,23일(목) 무용 - 오후 7시 30분24일(금) 기악 - 오후 7시 30분25일(토) 성악 - 오후 5시 30분26일(일) 연희 - 오후 5시 30분,축제-문화/예술,2023년 제4회 [ㅊㅊ-하다 페스티벌],세종S씨어터,2023-11-10,0,1,https://culture.seoul.go.kr/culture/culture/cultureEvent/view.do?cultcode=144149&menuNo=200010
seoul_culture,광화문·시청,2023-12-15,2024-01-21,18:00,20:00,매일 18:00~20:00,축제-문화/예술,2023 서울빛초롱축제,"광화문광장, 청계광장/청계천, 서울광장",2023-11-17,0,1,https://culture.seoul.go.kr/culture/culture/cultureEvent/view.do?cultcode=144265&menuNo=200010
seoul_culture,광화문·시청,2023-12-15,2024-01-21,18:00,22:00,매일 18:00-22:00,축제-문화/예술,2023 광화문광장 마켓,광화문광장,2023-11-17,0,1,https://culture.seoul.go.kr/culture/culture/cultureEvent/view.do?cultcode=144266&menuNo=200010
seoul_culture,광화문·시청,2023-12-15,2024-01-21,11:00,22:00,11:00 ~ 22:00 (조명연출 18:00 ~ 22:00),축제-자연/경관,2023 송현동 솔빛축제,열린송현 녹지광장,2023-11-30,0,1,https://culture.seoul.go.kr/culture/culture/cultureEvent/view.do?cultcode=144412&menuNo=200010
seoul_culture,광화문·시청,2023-12-15,2024-01-21,18:00,22:00,18:00~22:00,축제-문화/예술,[서울시청] 2023 서울라이트 광화문,광화문 및 광화문광장 육조마당,2023-11-22,0,1,https://culture.seoul.go.kr/culture/culture/cultureEvent/view.do?cultcode=144312&menuNo=200010
seoul_culture,광화문·시청,2023-12-15,2024-01-21,,,세부행사별 상이,축제-기타,2023 서울윈터페스타,"광화문광장, 청계천 등",2023-11-23,0,1,https://culture.seoul.go.kr/culture/culture/cultureEvent/view.do?cultcode=144323&menuNo=200010
topis_notice,광화문·시청,2023-12-31,2024-01-01,,,,행사,[안내] 12/31(일)~1/1(월) 제야의종 타종행사 관련 교통통제 및 임시우회 안내,,2023-12-21 11:28:24,1,1,notice:3851
seoul_culture,광화문·시청,2023-12-31,2024-01-01,23:00,,당일 23:00 - 익일 01:00,축제-기타,2023 제야의종.새해맞이 카운트 다운 행사,보신각~세종대로,2023-12-26,0,1,https://culture.seoul.go.kr/culture/culture/cultureEvent/view.do?cultcode=144701&menuNo=200010
seoul_culture,광화문·시청,2024-02-11,2024-02-11,12:00,16:00,12:00 ~ 16:00,축제-전통/역사,[서울역사박물관] 설맞이 한마당 행사 개최,서울역사박물관 광장(야외),2024-01-31,0,1,https://culture.seoul.go.kr/culture/culture/cultureEvent/view.do?cultcode=145039&menuNo=200010
seoul_culture,광화문·시청,2024-03-01,2024-03-01,11:20,12:15,11:20~12:15,축제-시민화합,제105주년 3.1절 기념 보신각 타종행사,보신각 일원,2024-02-22,0,1,https://culture.seoul.go.kr/culture/culture/cultureEvent/view.do?cultcode=145339&menuNo=200010
topis_notice,잠실,2024-03-17,2024-03-17,08:00,14:00,,마라톤,[안내] 3/17(일) 2024 서울마라톤 겸 제94회 동아마라톤 대회에 따른 교통통제 안내,,2024-03-06 09:21:37,1,1,notice:3962
topis_notice,여의도,2024-03-28,2024-04-08,18:00,20:00,,축제,[통제안내] 3/28(목)~4/8(월) 「2024 여의도 봄꽃축제」 관련 교통통제 및 버스노선 안내(일정변경),,2024-03-20 09:59:08,1,1,notice:3995
seoul_culture,여의도,2024-03-29,2024-04-02,10:00,21:00,10:00~21:00,축제-자연/경관,[영등포문화재단] 2024 제18회 영등포 여의도 봄꽃축제,여의도 국회 뒤편,2024-03-21,0,1,https://culture.seoul.go.kr/culture/culture/cultureEvent/view.do?cultcode=145748&menuNo=200010
topis_notice,광화문·시청,2024-03-30,2024-03-30,10:00,21:00,,퍼레이드,[통제안내] 3/30(토) 2024 부활절 퍼레이드 행사 관련 교통통제 안내,,2024-03-27 04:20:32,1,1,notice:4014
seoul_culture,광화문·시청,2024-03-30,2024-03-30,12:00,18:00,3.30(토) 12:00-18:00,축제-기타,[돈의문박물관마을] 돈의문골목시장 3월,돈의문박물관마을 곳곳,2024-03-16,0,1,https://culture.seoul.go.kr/culture/culture/cultureEvent/view.do?cultcode=145675&menuNo=200010
seoul_culture,광화문·시청,2024-04-06,2024-04-06,10:00,18:00,4.6(토) 10:00-18:00,축제-기타,[돈의문박물관마을] 레트롤링X돈의문골목시장 레트로 마켓,돈의문박물관마을 곳곳,2024-03-22,0,1,https://culture.seoul.go.kr/culture/culture/cultureEvent/view.do?cultcode=145762&menuNo=200010
seoul_culture,광화문·시청,2024-04-18,2024-11-10,11:00,18:00,"매주 금/토/일  (주3일) ,  11:00~18:00  (※실내공간 연중 상시운영)",축제-문화/예술,[서울야외도서관] 광화문 책마당,광화문 광장(서울특별시 종로구 세종대로 175 1층 세종문화회관 1층 로비공간),2024-04-23,0,1,https://culture.seoul.go.kr/culture/culture/cultureEvent/view.do?cultcode=146368&menuNo=200010
seoul_culture,광화문·시청,2024-04-18,2024-11-09,11:00,18:00,"매주 목/금/토/일  (주4일), 11:00~18:00",축제-문화/예술,[서울야외도서관] 책읽는 서울광장,서울광장(서울특별시 중구 세종대로 110),2024-04-23,0,1,https://culture.seoul.go.kr/culture/culture/cultureEvent/view.do?cultcode=146367&menuNo=200010
seoul_culture,광화문·시청,2024-04-18,2024-10-26,11:00,18:00,(개막주간) 4.18~4.21 / 금·토 11:00~18:00,축제-문화/예술,[서울야외도서관] 책읽는 맑은냇가,청계천(모전교~광통교),2024-03-25,0,1,https://culture.seoul.go.kr/culture/culture/cultureEvent/view.do?cultcode=145783&menuNo=200010
seoul_culture,광화문·시청,2024-04-18,2024-04-21,11:00,18:00,11:00~18:00,축제-문화/예술,[서울도서관] 광화문 책마당 개막 특별 프로그램 안내,광화문광장,2024-04-11,0,1,https://culture.seoul.go.kr/culture/culture/cultureEvent/view.do?cultcode=146171&menuNo=200010
seoul_culture,광화문·시청,2024-04-18,2024-04-21,11:00,18:00,11:00~18:00,축제-문화/예술,[서울도서관] 책읽는 서울광장 개막 특별 프로그램 안내,서울광장,2024-04-11,0,1,https://culture.seoul.go.kr/culture/culture/cultureEvent/view.do?cultcode=146170&menuNo=200010
seoul_culture,여의도,2024-04-20,2024-04-20,12:00,20:00,12:00~20:00,축제-시민화합,2024 서울 러너스 페스티벌(Seoul Runners Festival),여의도 한강공원 이벤트광장 (여의나루역 2번 출구 도보 5분),2024-03-12,0,1,https://culture.seoul.go.kr/culture/culture/cultureEvent/view.do?cultcode=145597&menuNo=200010
topis_notice,잠실,2024-04-27,2024-04-27,19:00,20:15,,공연,[안내] 4/27(토) 2024 한강 불빛 공연 '드론 라이트 쇼' 행사에 따른 교통통제 안내,,2024-04-24 03:55:44,1,1,notice:4075
topis_notice,광화문·시청,2024-04-28,2024-04-28,08:00,12:00,,마라톤,[안내] 4/28(일) 2024 서울하프마라톤대회에 따른 교통통제 안내,,2024-04-24 05:00:09,1,1,notice:4077
topis_notice,상암,2024-04-28,2024-04-28,08:00,12:00,,마라톤,[안내] 4/28(일) 2024 서울하프마라톤대회에 따른 교통통제 안내,,2024-04-24 05:00:09,1,1,notice:4077
topis_notice,여의도,2024-04-28,2024-04-28,08:00,12:00,,마라톤,[안내] 4/28(일) 2024 서울하프마라톤대회에 따른 교통통제 안내,,2024-04-24 05:00:09,1,1,notice:4077
topis_notice,광화문·시청,2024-05-01,2024-05-01,00:00,23:59,,행사,[안내] 5/1(수) ~ 5.6(월) 2024 서울페스타 행사 중 5.4(토) 서울로드쇼에 따른 교통통제 및 임시우회 안내,,2024-04-24 11:28:01,1,1,notice:4074
seoul_culture,광화문·시청,2024-05-01,2024-05-06,11:00,21:00,11:00 ~ 21:00,축제-문화/예술,서울페스타 2024,"서울광장, 광화문광장, 노을공원",2024-04-12,0,1,https://culture.seoul.go.kr/culture/culture/cultureEvent/view.do?cultcode=146199&menuNo=200010
seoul_culture,광화문·시청,2024-05-04,2024-05-06,11:00,,오전 11시~ 오후 5시,축제-문화/예술,[서울시] 광화문 가족 동행 축제 팝업! 펀업!,광화문 광장 육조마당,2024-04-24,0,1,https://culture.seoul.go.kr/culture/culture/cultureEvent/view.do?cultcode=146396&menuNo=200010
seoul_culture,광화문·시청,2024-05-04,2024-05-05,11:00,18:00,11:00~18:00,축제-기타,[서울도서관] 달디달고 달디단 어린이날♪ 내가 가고 싶었던 건 책광장~,책읽는 서울광장,2024-05-02,0,1,https://culture.seoul.go.kr/culture/culture/cultureEvent/view.do?cultcode=146572&menuNo=200010
seoul_culture,광화문·시청,2024-05-04,2024-05-05,10:00,18:00,5.4(토) 10:00~18:00 / 5.5(일) 12:00~17:00,축제-기타,[돈의문박물관마을] 돈의문골목시장 5월,돈의문박물관마을 곳곳,2024-04-20,0,1,https://culture.seoul.go.kr/culture/culture/cultureEvent/view.do?cultcode=146336&menuNo=200010
topis_notice,상암,2024-05-04,2024-05-04,08:30,12:00,,마라톤,[안내] 5/4(토) 2024 여성마라톤대회(상암 월드컵공원)에 따른 교통통제 및 버스임시우회 안내,,2024-04-23 09:48:25,1,1,notice:4071
seoul_culture,여의도,2024-05-04,2024-06-22,14:00,21:00,매주 토 14:00~21:00,축제-문화/예술,2024 책읽는 한강공원,"여의도한강공원 녹음수광장, 강서한강공원 가족피크닉장",2024-03-18,0,1,https://culture.seoul.go.kr/culture/culture/cultureEvent/view.do?cultcode=145694&menuNo=200010
topis_notice,광화문·시청,2024-05-05,2024-05-05,11:00,16:00,,행사,[안내] 5/5(일) 2024 종묘대제 어가행렬로 인한 교통통제 안내,,2024-05-03 03:03:12,1,1,notice:4103
seoul_culture,광화문·시청,2024-05-05,2024-05-05,12:00,16:00,12:00~16:00,축제-기타,서울역사박물관과 함께하는 어린이날 큰잔치 [박물관에서 놀자],서울역사박물관 광장(야외),2024-04-24,0,1,https://culture.seoul.go.kr/culture/culture/cultureEvent/view.do?cultcode=146408&menuNo=200010
seoul_culture,광화문·시청,2024-05-05,2024-05-05,11:00,18:00,11:00~18:00,축제-기타,"[서울공예박물관] 어린이날, 어린이 공예 축제",서울공예박물관 공예마당,2024-04-24,0,1,https://culture.seoul.go.kr/culture/culture/cultureEvent/view.do?cultcode=146382&menuNo=200010
topis_notice,광화문·시청,2024-05-11,2024-05-12,18:00,20:30,,행사,[안내] 5/11(토)~5/12(일) 2024 연등회 행사로 인한 <도심> 교통통제 및 버스우회 안내,,2024-05-07 09:36:30,1,1,notice:4104
seoul_culture,여의도,2024-05-15,2024-05-15,14:00,19:00,"상시프로그램 14:00~19:00, 메인공연 16:00~18:10",축제-문화/예술,칸타빌레 뮤직 페스티벌,여의도 한강공원 물빛무대 일대,2024-05-01,0,1,https://culture.seoul.go.kr/culture/culture/cultureEvent/view.do?cultcode=146565&menuNo=200010
topis_notice,잠실,2024-05-17,2024-05-19,,,,행사,[안내] 5/17(금)~5/19(일) 잠실종합운동장 방문객 대중교통 이용 당부 안내,,2024-05-17 09:57:45,1,1,notice:4128
topis_notice,상암,2024-05-18,2024-05-18,08:00,10:00,,마라톤,[안내] 5/18(토) <상암>서울신문 하프마라톤 행사에 따른 통제 및 버스우회 안내,,2024-05-16 10:50:32,1,1,notice:4123
topis_notice,광화문·시청,2024-05-19,2024-05-19,05:30,10:00,,행사,[안내] 5/19(일) <광화문-강변북로-상암> 2024 서울자전거대행진 행사에 따른 통제 및 버스우회 안내,,2024-05-17 01:12:23,1,1,notice:4130
topis_notice,광화문·시청,2024-05-19,2024-05-19,05:30,10:00,,행사,[안내] 5/19(일) <광화문-강변북로-상암> 2024 서울자전거대행진 행사에 따른 버스우회 안내문(추가),,2024-05-17 01:13:06,1,1,notice:4131
topis_notice,상암,2024-05-19,2024-05-19,05:30,10:00,,행사,[안내] 5/19(일) <광화문-강변북로-상암> 2024 서울자전거대행진 행사에 따른 통제 및 버스우회 안내,,2024-05-17 01:12:23,1,1,notice:4130
topis_notice,상암,2024-05-19,2024-05-19,05:30,10:00,,행사,[안내] 5/19(일) <광화문-강변북로-상암> 2024 서울자전거대행진 행사에 따른 버스우회 안내문(추가),,2024-05-17 01:13:06,1,1,notice:4131
seoul_culture,광화문·시청,2024-05-24,2024-05-25,18:00,22:00,5. 24.(금) 18:00~22:00 5. 25.(토) 14:00~22:00,축제-문화/예술,2024 정동야행,"정동 일대(덕수궁길, 정동길, 정동일대 역사문화시설)",2024-04-23,0,1,https://culture.seoul.go.kr/culture/culture/cultureEvent/view.do?cultcode=146365&menuNo=200010
seoul_culture,광화문·시청,2024-05-25,2024-05-26,11:00,,오전 11시 - 오후 6시,축제-문화/예술,[돈의문박물관마을] 차문화마켓 4차원 프로젝트[사부작차부작],돈의문박물관마을 일대,2024-05-14,0,1,https://culture.seoul.go.kr/culture/culture/cultureEvent/view.do?cultcode=146839&menuNo=200010
topis_notice,여의도,2024-05-25,2024-05-25,,,,달리기,[안내] 5/25(토) <여의대로-서강대교-여의도공원> 롱기스트런 2024 행사에 따른 통제 및 버스 임시우회 안내,,2024-05-24 04:42:45,1,1,notice:4145
seoul_culture,광화문·시청,2024-05-29,2025-05-31,16:00,21:00,매주 목~일 16:00~21:00 (11.14.(목)~12.8.(일) 기간 운영시간 변경: 15:00~20:00),축제-기타,K-FOOD 페스티벌 [넉넉],광화문 광장 옆 세종로공원,2024-06-11,0,1,https://culture.seoul.go.kr/culture/culture/cultureEvent/view.do?cultcode=147468&menuNo=200010
seoul_culture,광화문·시청,2024-06-01,2024-06-02,13:00,18:00,13:00~18:00,축제-문화/예술,2024 제1회 인사 국악 페스티벌,남인사 놀이마당,2024-06-10,0,1,https://culture.seoul.go.kr/culture/culture/cultureEvent/view.do?cultcode=147433&menuNo=200010
seoul_culture,광화문·시청,2024-06-01,2024-06-01,11:00,17:00,11:00-17:00,축제-기타,2024 유기농데이,청계광장,2024-05-09,0,1,https://culture.seoul.go.kr/culture/culture/cultureEvent/view.do?cultcode=146705&menuNo=200010
seoul_culture,여의도,2024-06-02,2024-06-02,19:00,22:00,19:00~22:00,축제-기타,[미래한강본부] 한강무소음DJ 파티 (상반기),여의도한강공원 마포대교 남단 외,2024-05-30,0,1,https://culture.seoul.go.kr/culture/culture/cultureEvent/view.do?cultcode=147180&menuNo=200010
seoul_culture,광화문·시청,2024-06-08,2024-06-08,13:00,16:00,13:00~16:00,축제-기타,꿈과 희망의 울림 생명사랑 페스티벌,청계광장,2024-05-22,0,1,https://culture.seoul.go.kr/culture/culture/cultureEvent/view.do?cultcode=147004&menuNo=200010
seoul_culture,광화문·시청,2024-06-21,2024-06-22,,,6.21.(금)~6.22.(토),축제-문화/예술,[시민청] 2024 시민청 시즌 프로그램 [반-하지!],시민청,2024-05-24,0,1,https://culture.seoul.go.kr/culture/culture/cultureEvent/view.do?cultcode=147032&menuNo=200010
topis_notice,여의도,2024-06-25,2024-06-25,,,,행사,[안내] 6/25(화) 노들북고가차도 정밀안전진단에 따른 교통통제 안내,,2024-06-24 01:07:37,1,1,notice:4205
topis_notice,광화문·시청,2024-07-01,2024-07-01,,,,행사,[사고안내] 7/1(월) 세종대로 교통사고로 인한 교통통제 안내(7/2 03:58 교통통제 해제),,2024-07-01 10:31:47,1,1,notice:4219
seoul_culture,여의도,2024-08-02,2024-08-03,19:30,21:30,19:30~21:30,축제-문화/예술,2024 한강페스티벌 여름축제 [한강썸머뮤직피크닉],여의도한강공원 물빛무대,2024-07-29,0,1,https://culture.seoul.go.kr/culture/culture/cultureEvent/view.do?cultcode=148500&menuNo=200010
seoul_culture,광화문·시청,2024-08-06,2024-08-31,18:00,21:00,18:00~21:00,축제-전통/역사,2024 밤의 수문장,덕수궁 일원,2024-07-16,0,1,https://culture.seoul.go.kr/culture/culture/cultureEvent/view.do?cultcode=148188&menuNo=200010
seoul_culture,광화문·시청,2024-08-15,2024-08-15,11:00,13:00,11:00~13:00,축제-시민화합,제79주년 광복절 기념 타종식,보신각 일대,2024-08-12,0,1,https://culture.seoul.go.kr/culture/culture/cultureEvent/view.do?cultcode=148880&menuNo=200010
seoul_culture,광화문·시청,2024-08-28,2024-08-28,19:30,,19:30,축제-문화/예술,[세종문화회관] Modern & Latin Dance Night,광화문 광장,2024-08-06,0,1,https://culture.seoul.go.kr/culture/culture/cultureEvent/view.do?cultcode=148691&menuNo=200010
seoul_culture,광화문·시청,2024-08-29,2024-08-29,19:30,,19:30,축제-문화/예술,[세종문화회관] Jazz Swing Night,광화문 광장,2024-08-06,0,1,https://culture.seoul.go.kr/culture/culture/cultureEvent/view.do?cultcode=148690&menuNo=200010
seoul_culture,광화문·시청,2024-08-30,2024-08-30,19:30,,19:30,축제-문화/예술,[세종문화회관] Mash-up DJing Night,광화문 광장,2024-08-06,0,1,https://culture.seoul.go.kr/culture/culture/cultureEvent/view.do?cultcode=148687&menuNo=200010
seoul_culture,광화문·시청,2024-08-31,2024-08-31,19:30,,19:30,축제-문화/예술,[세종문화회관] Retro StreetDance Night,광화문 광장,2024-08-06,0,1,https://culture.seoul.go.kr/culture/culture/cultureEvent/view.do?cultcode=148686&menuNo=200010
seoul_culture,광화문·시청,2024-09-01,2024-09-01,19:30,,19:30,축제-문화/예술,[세종문화회관] Hip-hop StreetDance Night,광화문 광장,2024-08-06,0,1,https://culture.seoul.go.kr/culture/culture/cultureEvent/view.do?cultcode=148685&menuNo=200010
seoul_culture,광화문·시청,2024-09-02,2024-09-08,,,프로그램별 상이,축제-문화/예술,SEOUL ART WЕЕК 서울아트위크,"열린송현녹지광장, 서울시립미술관, 서울공예박물관 등",2024-08-19,0,1,https://culture.seoul.go.kr/culture/culture/cultureEvent/view.do?cultcode=148986&menuNo=200010
seoul_culture,광화문·시청,2024-09-02,2024-09-04,10:00,19:00,10:00~19:00,축제-전통/역사,2024 추석 서울장터 행사,서울광장 일대,2024-08-26,0,1,https://culture.seoul.go.kr/culture/culture/cultureEvent/view.do?cultcode=149169&menuNo=200010
seoul_culture,광화문·시청,2024-09-04,2024-09-08,17:00,,"프로그램별 상이 17:00 ,19:30",축제-기타,서울 국제 컴퓨터음악 페스티벌 SICMF 2024,"CKL 스테이지, 아트코리아랩 B1",2024-08-20,0,1,https://culture.seoul.go.kr/culture/culture/cultureEvent/view.do?cultcode=149026&menuNo=200010
topis_notice,광화문·시청,2024-09-05,2024-09-05,11:00,21:00,,축제,[안내] 9/5(목) 청계광장 행사(아리수축제)로 인한 교통통제 안내,,2024-08-29 03:09:56,1,1,notice:4307
seoul_culture,광화문·시청,2024-09-07,2024-09-08,11:00,18:00,11:00-18:00,축제-기타,[돈의문박물관마을] 돈의문골목시장 [할미마켓],돈의문박물관마을 일대,2024-09-02,0,1,https://culture.seoul.go.kr/culture/culture/cultureEvent/view.do?cultcode=149348&menuNo=200010
seoul_culture,여의도,2024-09-07,2024-10-26,14:00,21:00,"매주 토, 14:00~21:00",축제-문화/예술,[미래한강본부] 2024 책읽는 한강공원,"여의도한강공원 녹음수광장, 강서한강공원 가족피크닉장 등",2024-09-10,0,1,https://culture.seoul.go.kr/culture/culture/cultureEvent/view.do?cultcode=149578&menuNo=200010
seoul_culture,여의도,2024-09-07,2024-09-08,13:00,22:00,7일 13:00~22:00 / 8일 10:00~18:00,축제-문화/예술,제2회 여민락 문화교류축제 - 통:로,여의도한강공원물빛무대 인근,2024-08-07,0,1,https://culture.seoul.go.kr/culture/culture/cultureEvent/view.do?cultcode=148715&menuNo=200010
seoul_culture,광화문·시청,2024-09-11,2024-09-11,17:00,19:00,17:00-19:00,축제-문화/예술,제1회 극 신문고 민정진언 축제,광화문 육조마당,2024-08-21,0,1,https://culture.seoul.go.kr/culture/culture/cultureEvent/view.do?cultcode=149045&menuNo=200010
seoul_culture,광화문·시청,2024-09-16,2024-09-18,12:00,21:00,12:00~21:00,축제-문화/예술,[서울문화재단] 서울거리예술축제 2024,서울광장 일대,2024-08-07,0,1,https://culture.seoul.go.kr/culture/culture/cultureEvent/view.do?cultcode=148706&menuNo=200010
topis_notice,광화문·시청,2024-09-17,2024-09-18,09:00,23:00,,축제,[안내] 9/17(화)~9/18(수) 서울거리예술축제2024 행사로 인한 교통통제 안내,,2024-09-09 04:41:53,1,1,notice:4321
seoul_culture,광화문·시청,2024-09-18,2024-09-18,12:00,16:00,12:00~16:00,축제-전통/역사,[서울역사박물관] 한가위 한마당,서울역사박물관 광장 (야외),2024-09-04,0,1,https://culture.seoul.go.kr/culture/culture/cultureEvent/view.do?cultcode=149419&menuNo=200010
topis_notice,광화문·시청,2024-09-21,2024-09-21,09:00,11:00,,행사,[안내] 9/21(토) 종로구와 중구가 함께하는 「유아차 대행진」 로 인한 교통통제 안내,,2024-09-19 10:10:54,1,1,notice:4331
seoul_culture,광화문·시청,2024-09-21,2024-09-21,11:00,16:00,11:00 ~ 16:00,축제-문화/예술,제 14회 광화문광장 어린이 그리기 대회,광화문광장 이순신 동상 뒤,2024-08-29,0,1,https://culture.seoul.go.kr/culture/culture/cultureEvent/view.do?cultcode=149295&menuNo=200010
topis_notice,광화문·시청,2024-09-28,2024-09-28,09:50,10:50,,행사,[안내] 9/28(토) 2024 사직대제 어가행렬 행사로 인한 교통통제 안내,,2024-09-27 11:07:09,1,1,notice:4360
seoul_culture,광화문·시청,2024-09-28,2024-11-24,11:00,18:00,격주 토~일요일 11:00-18:00,축제-기타,[돈의문박물관마을] 2024 자투리 마켓,돈의문박물관마을 곳곳,2024-09-21,0,1,https://culture.seoul.go.kr/culture/culture/cultureEvent/view.do?cultcode=149739&menuNo=200010
seoul_culture,광화문·시청,2024-09-28,2024-10-31,,,축제별 상이,축제-문화/예술,2024 종로축제 [렛츠종로],종로구 일대,2024-10-28,0,1,https://culture.seoul.go.kr/culture/culture/cultureEvent/view.do?cultcode=150547&menuNo=200010
seoul_culture,광화문·시청,2024-09-28,2024-09-28,12:00,20:00,토 12:00-20:00,축제-문화/예술,"[시민청] 시즌 프로그램 [당신의 낮, 우리의 밤]","서울시청 시민청 B1, B2",2024-08-24,0,1,https://culture.seoul.go.kr/culture/culture/cultureEvent/view.do?cultcode=149155&menuNo=200010
seoul_culture,여의도,2024-09-28,2024-09-28,10:00,18:00,10:00~18:00,축제-기타,2024 한강 종이비행기 축제,여의도한강공원 녹음수광장,2024-09-06,0,1,https://culture.seoul.go.kr/culture/culture/cultureEvent/view.do?cultcode=149477&menuNo=200010
topis_notice,잠실,2024-09-28,2024-09-28,,,,행사,[안내] 9/28(토)~9/29 제35회 경기도 생활체육대축전 관련 교통통제 및 버스 임시우회 안내,,2024-09-24 11:17:34,1,1,notice:4348
seoul_culture,잠실,2024-09-28,2024-09-28,11:00,18:00,11:00~18:00,축제-문화/예술,[서울문화재단] 2024 서울생활예술페스티벌,잠실실내체육관,2024-08-09,0,1,https://culture.seoul.go.kr/culture/culture/cultureEvent/view.do?cultcode=148756&menuNo=200010
seoul_culture,잠실,2024-09-28,2024-09-28,,,프로그램별 상이,축제-문화/예술,[서울문화재단] 2024 서울생활예술페스티벌,잠실실내체육관,2024-09-03,0,1,https://culture.seoul.go.kr/culture/culture/cultureEvent/view.do?cultcode=149371&menuNo=200010
topis_notice,광화문·시청,2024-09-29,2024-09-29,06:00,08:25,,축제,[안내] 9/29(일) 2024 서울 걷자 페스티벌<DDP~율곡터널~광화문> 관련 교통통제 및 버스 임시우회 안내,,2024-09-23 01:20:42,1,1,notice:4346
topis_notice,여의도,2024-09-29,2024-09-29,,,,행사,[안내] 9/29(일) 2024 Run your way. SEOUL 10K RACE에 따른 교통통제 및 버스 임시우회 안내,,2024-09-25 09:13:27,1,1,notice:4352
topis_notice,잠실,2024-09-29,2024-09-29,,,,공연,[안내] 9/29(일) 2024 영동대로 K-POP 콘서트에 따른 교통통제 및 버스 임시우회 안내,,2024-09-23 01:14:58,1,1,notice:4345
topis_notice,광화문·시청,2024-10-01,2024-10-01,09:00,17:00,,행사,[안내] 10/1(화) 건군 제76주년 국군의날 행사로 인한 교통통제 안내,,2024-09-26 04:14:37,1,1,notice:4357
seoul_culture,광화문·시청,2024-10-03,2024-10-05,10:00,18:00,10:00 ~ 18:00,축제-기타,2024 서울목공한마당,서울공예박물관 공예마당,2024-09-25,0,1,https://culture.seoul.go.kr/culture/culture/cultureEvent/view.do?cultcode=149831&menuNo=200010
topis_notice,여의도,2024-10-03,2024-10-03,,,,마라톤,[안내] 10/3(목) 국제국민마라톤대회에 따른 교통통제 및 버스 임시우회 안내,,2024-10-02 10:40:36,1,1,notice:4367
seoul_culture,여의도,2024-10-04,2024-10-13,18:30,22:30,18:30-22:30,축제-문화/예술,2024 서울라이트 한강 빛섬축제,여의도 한강공원,2024-08-28,0,1,https://culture.seoul.go.kr/culture/culture/cultureEvent/view.do?cultcode=149238&menuNo=200010
seoul_culture,광화문·시청,2024-10-05,2024-10-05,11:00,20:00,11:00 ~ 20:00,축제-문화/예술,[종로문화재단] 생활예술의 마음을 잇다 [종로랑 축제 : 2024],돈의문박물관마을 곳곳,2024-09-09,0,1,https://culture.seoul.go.kr/culture/culture/cultureEvent/view.do?cultcode=149533&menuNo=200010
topis_notice,여의도,2024-10-05,2024-10-05,13:00,21:30,,불꽃축제,[안내] 10/5(토) 서울세계불꽃축제 행사로 인한 교통통제 안내,,2024-09-30 09:44:32,1,1,notice:4362
seoul_culture,여의도,2024-10-05,2024-10-05,13:00,21:30,13:00~21:30 (불꽃쇼 19:20~20:30),축제-자연/경관,2024 서울세계불꽃축제,여의도한강공원 일대,2024-09-23,0,1,https://culture.seoul.go.kr/culture/culture/cultureEvent/view.do?cultcode=149765&menuNo=200010
seoul_culture,광화문·시청,2024-10-06,2024-10-06,11:00,17:00,11:00-17:00,축제-기타,[돈의문박물관마을] 돈의문골목시장X꾸러기 기술 마켓,돈의문박물관마을 곳곳,2024-09-21,0,1,https://culture.seoul.go.kr/culture/culture/cultureEvent/view.do?cultcode=149738&menuNo=200010
seoul_culture,광화문·시청,2024-10-06,2024-10-06,08:30,17:30,08:30 ~ 17:30,축제-전통/역사,2024 정조대왕 능행차 공동재현,"서울, 안양, 군포, 의왕, 수원, 화성",2024-09-27,0,1,https://culture.seoul.go.kr/culture/culture/cultureEvent/view.do?cultcode=149869&menuNo=200010
topis_notice,잠실,2024-10-06,2024-10-06,,,,행사,[안내] 10/6(일) 2024 Style Run with 송파구 행사 관련 교통통제 안내,,2024-10-02 11:05:17,1,1,notice:4369
topis_notice,여의도,2024-10-09,2024-10-09,,,,달리기,[안내] 10/9(수) 마블런 서울 2024 행사 관련 교통통제 및 버스임시우회 안내,,2024-10-07 01:20:22,1,1,notice:4387
seoul_culture,광화문·시청,2024-10-11,2024-10-13,,,프로그램별 상이,축제-문화/예술,[서울생활문화센터 체부] 2024 체부동골목길축제 : 오감 전체 프로그램 안내,서울생활문화센터 체부 일대,2024-10-07,0,1,https://culture.seoul.go.kr/culture/culture/cultureEvent/view.do?cultcode=150022&menuNo=200010
seoul_culture,광화문·시청,2024-10-11,2024-10-13,,,프로그램별 상이,축제-문화/예술,[서울생활문화센터 체부] 2024 골목길 축제 [골목길 오감] 사전 모집 프로그램 안내,서울생활문화센터 체부 일대,2024-09-30,0,1,https://culture.seoul.go.kr/culture/culture/cultureEvent/view.do?cultcode=149891&menuNo=200010
seoul_culture,광화문·시청,2024-10-11,2024-10-12,12:00,20:00,"금, 토 12:00-20:00",축제-문화/예술,[종로문화재단] 2024 종로한복축제,"광화문광장, 의정부지 역사유적광장, 세종대로 보행특화거리",2024-09-13,0,1,https://culture.seoul.go.kr/culture/culture/cultureEvent/view.do?cultcode=149671&menuNo=200010
seoul_culture,상암,2024-10-11,2024-11-03,00:00,18:00,0:00-18:00,축제-문화/예술,[문화비축기지] 2024 탱크예술제 [미래를 그리다],문화비축기지,2024-10-02,0,1,https://culture.seoul.go.kr/culture/culture/cultureEvent/view.do?cultcode=149910&menuNo=200010
seoul_culture,광화문·시청,2024-10-17,2024-10-24,,,매일 프로그램별 상이,축제-시민화합,2024 불교문화대전,조계사 특설무대 및 전통문화예술공연장,2024-10-15,0,1,https://culture.seoul.go.kr/culture/culture/cultureEvent/view.do?cultcode=150242&menuNo=200010
topis_notice,광화문·시청,2024-10-19,2024-10-20,08:00,09:00,,행사,[안내] 10/19(토)~10/20(일) 서울 국제 울트라트레일러닝 대회 [Seoul 100K]안내,,2024-10-14 10:05:40,1,1,notice:4398
seoul_culture,상암,2024-10-19,2024-10-25,09:00,21:00,09:00~21:00,축제-자연/경관,제23회 서울억새축제 [억새 ‘바람’을 품다],"월드컵공원, 하늘공원",2024-10-16,0,1,https://culture.seoul.go.kr/culture/culture/cultureEvent/view.do?cultcode=150243&menuNo=200010
seoul_culture,광화문·시청,2024-10-23,2024-11-04,11:00,20:00,11:00-20:00,축제-문화/예술,[세종문화회관] 우리는 지금 광화문으로 간다,세종미술관 1/2관,2024-10-24,0,1,https://culture.seoul.go.kr/culture/culture/cultureEvent/view.do?cultcode=150506&menuNo=200010
seoul_culture,광화문·시청,2024-10-23,2024-11-04,17:00,,개막식 17:00,축제-문화/예술,2024 광화문국제아트페스티벌,"광화문광장, 세종문화회관 미술관",2024-09-04,0,1,https://culture.seoul.go.kr/culture/culture/cultureEvent/view.do?cultcode=149409&menuNo=200010
seoul_culture,광화문·시청,2024-10-24,2024-10-26,10:00,15:00,"10월 25, 26일 10:00 ~ 15:00 (시민 참여 가능 시간)",축제-문화/예술,"제1회 국제 인피오라타 페스티벌, 꽃 피어 오르는 서울",서울 공예박물관 야외광장,2024-10-18,0,1,https://culture.seoul.go.kr/culture/culture/cultureEvent/view.do?cultcode=150337&menuNo=200010
seoul_culture,광화문·시청,2024-10-25,2024-10-26,11:00,22:00,"금 11:00~22:00, 토 11:00~17:00",축제-기타,2024 서울 익스트림스포츠 페스티벌,광화문광장 놀이마당,2024-10-22,0,1,https://culture.seoul.go.kr/culture/culture/cultureEvent/view.do?cultcode=150430&menuNo=200010
seoul_culture,광화문·시청,2024-10-25,2024-10-26,16:00,20:00,전야제  16:00~20:00  본행사 11:00~18:00,축제-문화/예술,제16회 서울문학축제 [2024 문학의 도시 서울],전야제: 명동 YWCA  본행사: 청계광장,2024-09-27,0,1,https://culture.seoul.go.kr/culture/culture/cultureEvent/view.do?cultcode=149881&menuNo=200010
seoul_culture,여의도,2024-10-26,2024-10-27,10:00,21:00,10:00-21:00,축제-문화/예술,2024 문화잇지오,여의도 한강공원 물빛무대 일대,2024-09-25,0,1,https://culture.seoul.go.kr/culture/culture/cultureEvent/view.do?cultcode=149851&menuNo=200010
seoul_culture,여의도,2024-10-26,2024-10-26,18:00,,18:00,축제-문화/예술,2024 아시아송 페스티벌,여의도 한강공원 물빛무대,2024-09-25,0,1,https://culture.seoul.go.kr/culture/culture/cultureEvent/view.do?cultcode=149850&menuNo=200010
seoul_culture,광화문·시청,2024-10-30,2024-11-03,11:00,19:00,"10.30.(수) ~ 11.03.(일) 11:00~19:00 · 금, 토 : 11:00~21:00",축제-문화/예술,2024 The Art Plaza,"IBK기업은행 본점 로비 및 선큰가든, 지하 아케이드 등 을지로 일대",2024-10-23,0,1,https://culture.seoul.go.kr/culture/culture/cultureEvent/view.do?cultcode=150438&menuNo=200010
seoul_culture,광화문·시청,2024-10-30,2024-10-30,13:00,18:00,13:00~18:00,축제-시민화합,광화문 하늘을 25색 문화로 물들이는 [2024 서울 문화원 축제 한마당],광화문광장 육조마당,2024-10-08,0,1,https://culture.seoul.go.kr/culture/culture/cultureEvent/view.do?cultcode=150045&menuNo=200010
seoul_culture,광화문·시청,2024-11-02,2024-11-03,12:00,17:00,12:00-17:00,축제-기타,[돈의문박물관마을] 2024 두레미마켓 : 전국 두레 자랑,돈의문박물관마을 마을마당,2024-10-24,0,1,https://culture.seoul.go.kr/culture/culture/cultureEvent/view.do?cultcode=150478&menuNo=200010
topis_notice,광화문·시청,2024-11-03,2024-11-03,05:00,14:00,,마라톤,[안내] 11/3(일) 2024 JTBC 서울마라톤에 따른  <<상암-종로-잠실>>  교통통제 및 버스임시우회 안내,,2024-10-31 06:01:45,1,1,notice:4435
seoul_culture,광화문·시청,2024-11-03,2024-11-30,,,공연팀별 상이,축제-문화/예술,"[서울생활문화센터 체부] 시민이 만드는 시민의 음악 축제, [2024 서울시민음악제] 개최!",체부홀 등,2024-11-01,0,1,https://culture.seoul.go.kr/culture/culture/cultureEvent/view.do?cultcode=150656&menuNo=200010
topis_notice,상암,2024-11-03,2024-11-03,05:00,14:00,,마라톤,[안내] 11/3(일) 2024 JTBC 서울마라톤에 따른  <<상암-종로-잠실>>  교통통제 및 버스임시우회 안내,,2024-10-31 06:01:45,1,1,notice:4435
topis_notice,여의도,2024-11-03,2024-11-03,05:00,14:00,,마라톤,[안내] 11/3(일) 2024 JTBC 서울마라톤에 따른  <<상암-종로-잠실>>  교통통제 및 버스임시우회 안내,,2024-10-31 06:01:45,1,1,notice:4435
topis_notice,잠실,2024-11-03,2024-11-03,05:00,14:00,,마라톤,[안내] 11/3(일) 2024 JTBC 서울마라톤에 따른  <<상암-종로-잠실>>  교통통제 및 버스임시우회 안내,,2024-10-31 06:01:45,1,1,notice:4435
seoul_culture,광화문·시청,2024-11-07,2024-11-10,11:00,18:00,11:00-18:00,축제-문화/예술,잠시 안녕! 서울야외도서관 [책읽는 맑은냇가],청계광장,2024-11-04,0,1,https://culture.seoul.go.kr/culture/culture/cultureEvent/view.do?cultcode=150747&menuNo=200010
seoul_culture,광화문·시청,2024-11-07,2024-11-09,11:00,18:00,11:00~18:00,축제-문화/예술,잠시 안녕! 서울야외도서관 [책읽는 서울광장],서울광장 상설무대 및 광장,2024-11-04,0,1,https://culture.seoul.go.kr/culture/culture/cultureEvent/view.do?cultcode=150744&menuNo=200010
seoul_culture,광화문·시청,2024-11-08,2024-11-10,11:00,18:00,광화문 책마당 11:00~18:00 / 9일 영화 15:30 / 10일 16:30,축제-문화/예술,잠시 안녕! 서울야외도서관 [광화문 책마당],광화문광장 육조마당,2024-11-04,0,1,https://culture.seoul.go.kr/culture/culture/cultureEvent/view.do?cultcode=150746&menuNo=200010
topis_notice,상암,2024-11-17,2024-11-17,08:00,11:30,,마라톤,[안내] 11/17(일) 2024 손기정평화마라톤대회로 인한 교통통제 및 버스임시우회 안내,,2024-11-11 09:49:19,1,1,notice:4454
seoul_culture,광화문·시청,2024-11-23,2024-11-23,19:30,,19:30,축제-문화/예술,[세종문화회관] 2024 코리아 반도네온 페스티벌,세종체임버홀,2024-10-28,0,1,https://culture.seoul.go.kr/culture/culture/cultureEvent/view.do?cultcode=150546&menuNo=200010
seoul_culture,광화문·시청,2024-12-10,2024-12-10,15:30,17:00,15:30-17:00,축제-문화/예술,[서울도서관] 「2024 세계노벨문학축제」 - 한국 문학의 미래: 최은영,서울도서관 1층 생각마루,2024-12-02,0,1,https://culture.seoul.go.kr/culture/culture/cultureEvent/view.do?cultcode=151418&menuNo=200010
seoul_culture,광화문·시청,2024-12-10,2024-12-10,18:30,20:00,18:30-20:00,축제-문화/예술,[서울도서관] 「2024 세계노벨문학축제」 - 노벨문학상의 과거: 헤르만 헤세,서울도서관 4층 세계자료실,2024-12-02,0,1,https://culture.seoul.go.kr/culture/culture/cultureEvent/view.do?cultcode=151421&menuNo=200010
seoul_culture,광화문·시청,2024-12-10,2024-12-10,18:30,20:00,18:30-20:00,축제-문화/예술,[서울도서관] 「2024 세계노벨문학축제」 - 한국 문학의 미래: 박상영,서울도서관 1층 생각마루(일반자료실),2024-12-02,0,1,https://culture.seoul.go.kr/culture/culture/cultureEvent/view.do?cultcode=151420&menuNo=200010
seoul_culture,광화문·시청,2024-12-10,2024-12-10,15:30,17:00,15:30-17:00,축제-문화/예술,[서울도서관] 「2024 세계노벨문학축제」 - 노벨문학상의 현재: 한강,서울도서관 3층 서울자료실,2024-12-02,0,1,https://culture.seoul.go.kr/culture/culture/cultureEvent/view.do?cultcode=151419&menuNo=200010
seoul_culture,광화문·시청,2024-12-10,2024-12-10,14:00,15:00,14:00-15:00,축제-문화/예술,[서울도서관] 「2024 세계노벨문학축제」 한강 작가 작품 낭독 및 축하공연,서울도서관 1층 생각마루,2024-12-02,0,1,https://culture.seoul.go.kr/culture/culture/cultureEvent/view.do?cultcode=151450&menuNo=200010
seoul_culture,광화문·시청,2024-12-10,2024-12-10,15:30,17:00,15:30-17:00,축제-문화/예술,[서울도서관] 2024 세계노벨문학축제 - 노벨문학상의 과거: 오르한 파묵,서울도서관 4층 세계자료실,2024-12-02,0,1,https://culture.seoul.go.kr/culture/culture/cultureEvent/view.do?cultcode=151414&menuNo=200010
seoul_culture,광화문·시청,2024-12-10,2024-12-10,18:30,20:00,18:30-20:00,축제-문화/예술,[서울도서관] 「2024 세계노벨문학축제」 - 노벨문학상의 현재: 밥 딜런,서울도서관 3층 서울자료실,2024-12-02,0,1,https://culture.seoul.go.kr/culture/culture/cultureEvent/view.do?cultcode=151416&menuNo=200010
seoul_culture,광화문·시청,2024-12-13,2025-01-31,18:00,22:00,매일 18:00 ~ 22:00,축제-문화/예술,[서울관광재단] 2024 서울빛초롱축제,청계천(청계광장~삼일교),2024-11-04,0,1,https://culture.seoul.go.kr/culture/culture/cultureEvent/view.do?cultcode=150714&menuNo=200010
seoul_culture,광화문·시청,2024-12-13,2025-01-05,18:00,22:00,매일 18:00-22:00,축제-문화/예술,[서울관광재단] 2024 광화문 마켓,"광화문광장, 세종로공원",2024-11-04,0,1,https://culture.seoul.go.kr/culture/culture/cultureEvent/view.do?cultcode=150696&menuNo=200010
seoul_culture,광화문·시청,2024-12-13,2025-01-05,17:30,21:30,"(월~목) 17:30-21:30, (금~일) 17:30-22:00",축제-자연/경관,2024 서울라이트 광화문,서울 광화문 일대,2024-11-20,0,1,https://culture.seoul.go.kr/culture/culture/cultureEvent/view.do?cultcode=151135&menuNo=200010
seoul_culture,광화문·시청,2024-12-13,2025-01-05,,,세부 행사별 상이,축제-기타,2024 서울윈터페스타,"광화문, 청계천, DDP 등 서울 랜드마크 일대",2024-10-28,0,1,https://culture.seoul.go.kr/culture/culture/cultureEvent/view.do?cultcode=150555&menuNo=200010
seoul_culture,광화문·시청,2024-12-13,2024-12-31,18:00,22:00,18:00-22:00,축제-문화/예술,"2024 겨울, 청계천의 빛",청계광장,2024-12-05,0,1,https://culture.seoul.go.kr/culture/culture/cultureEvent/view.do?cultcode=151535&menuNo=200010
seoul_culture,광화문·시청,2024-12-14,2024-12-14,11:00,17:00,11:00-17:00,축제-기타,[돈의문박물관마을] 돈의문 윈터 빌리지 : 재주 많은 산타요정,돈의문박물관마을 마을마당,2024-11-24,0,1,https://culture.seoul.go.kr/culture/culture/cultureEvent/view.do?cultcode=151254&menuNo=200010
seoul_culture,광화문·시청,2024-12-18,2024-12-18,13:00,16:00,13:00~16:00,축제-기타,2024 행복한 소잉 나눔 페스티벌,서울특별시청 본관 8층 다목적홀 ,2024-12-02,0,1,https://culture.seoul.go.kr/culture/culture/cultureEvent/view.do?cultcode=151454&menuNo=200010
seoul_culture,광화문·시청,2024-12-19,2024-12-20,17:00,21:00,17:00-21:00,축제-시민화합,"[종로구청] 2024 종로 청계야, 놀자",종로구 관철동 젊음의 거리 일대,2024-12-19,0,1,https://culture.seoul.go.kr/culture/culture/cultureEvent/view.do?cultcode=151791&menuNo=200010
seoul_culture,잠실,2024-12-19,2024-12-25,11:30,21:45,11:30-21:45,축제-문화/예술,[강남구청] 2024 서울 미디어아트 페스티벌,삼성역 6번출구 앞 K-POP 광장 및 삼성동 무역센터 일대,2024-12-12,0,1,https://culture.seoul.go.kr/culture/culture/cultureEvent/view.do?cultcode=151712&menuNo=200010
seoul_culture,광화문·시청,2024-12-20,2025-02-09,10:00,21:30,"일~금 10:00 ~ 21:30 / 토,공휴일 10:00 ~ 23:00",축제-문화/예술,[서울시청] 서울광장 스케이트장,서울광장 스케이트장,2024-11-24,0,1,https://culture.seoul.go.kr/culture/culture/cultureEvent/view.do?cultcode=151249&menuNo=200010
seoul_culture,여의도,2024-12-20,2024-12-31,12:00,21:00,12:00~21:00 ※ 점등식 20.(금) 18시 / PRESS OPEN 19.(목) 18~19시,축제-문화/예술,2024년 로맨틱 한강 크리스마스마켓,여의도 한강공원 이벤트광장,2024-12-13,0,1,https://culture.seoul.go.kr/culture/culture/cultureEvent/view.do?cultcode=151717&menuNo=200010
seoul_culture,여의도,2024-12-20,2024-12-31,17:00,21:00,17:00~21:00,축제-문화/예술,2024 한강페스티벌 스노우 돔, 여의도한강공원 이벤트광장,2024-12-13,0,1,https://culture.seoul.go.kr/culture/culture/cultureEvent/view.do?cultcode=151723&menuNo=200010
seoul_culture,여의도,2024-12-20,2024-12-31,,,프로그램별 상이,축제-기타,[미래한강본부] 2024 한강페스티벌-겨울 [Hangang River Festival-Winter],한강공원 일대,2024-12-02,0,1,https://culture.seoul.go.kr/culture/culture/cultureEvent/view.do?cultcode=151412&menuNo=200010
seoul_culture,여의도,2024-12-28,2024-12-28,10:00,12:00,10:00~12:00,축제-시민화합,개발도상국어린이들을 위한 힐링슈즈 날개달기,국회의사당 의원회관 대회의실,2024-12-23,0,1,https://culture.seoul.go.kr/culture/culture/cultureEvent/view.do?cultcode=151827&menuNo=200010
seoul_culture,광화문·시청,2024-12-31,2025-01-01,23:15,,23:15~00:30,축제-문화/예술,[서울시청] 2024 제야의 종 타종행사,보신각,2024-11-24,0,1,https://culture.seoul.go.kr/culture/culture/cultureEvent/view.do?cultcode=151255&menuNo=200010
seoul_culture,광화문·시청,2024-12-31,2024-01-01,22:30,,22:30-00:30,축제-문화/예술,명동스퀘어 카운트다운 축제,명동스퀘어 서울중앙우체국 앞 야외무대,2024-12-17,0,1,https://culture.seoul.go.kr/culture/culture/cultureEvent/view.do?cultcode=151757&menuNo=200010
seoul_culture,잠실,2025-01-01,2025-01-01,07:20,08:30,07:20-08:30,축제-자연/경관,[강남구청] 2025 을사년 강남구 해맞이 축제,삼성 해맞이 공원,2024-12-24,0,1,https://culture.seoul.go.kr/culture/culture/cultureEvent/view.do?cultcode=151866&menuNo=200010
seoul_culture,광화문·시청,2025-01-30,2025-01-30,12:00,16:00,12:00~16:00,축제-전통/역사,[서울역사박물관] 설맞이 한마당,서울역사박물관 광장,2025-01-17,0,1,https://culture.seoul.go.kr/culture/culture/cultureEvent/view.do?cultcode=152091&menuNo=200010
seoul_culture,광화문·시청,2025-03-01,2025-03-01,11:30,12:15,11:30~12:15,축제-전통/역사,제 106주년 3.1절 기념 보신각 타종행사,보신각 일원,2025-02-21,0,1,https://culture.seoul.go.kr/culture/culture/cultureEvent/view.do?cultcode=152455&menuNo=200010
topis_notice,광화문·시청,2025-03-16,2025-03-16,07:50,13:35,,마라톤,3/16(일) 2025 서울마라톤 행사로 인한 교통통제 안내,,2025-03-11 09:55:05,1,1,notice:4704
topis_notice,잠실,2025-03-16,2025-03-16,07:50,13:35,,마라톤,3/16(일) 2025 서울마라톤 행사로 인한 교통통제 안내,,2025-03-11 09:55:05,1,1,notice:4704
topis_notice,광화문·시청,2025-03-27,2025-03-27,,,,행사,[긴급] *** 3/27(목) 세종대로(광화문삼거리↔세종대로사거리) 전면통제 해제 안내 ***,,2025-03-27 04:04:02,1,1,notice:4756
seoul_culture,광화문·시청,2025-04-01,2025-04-30,09:00,20:00,9:00~20:00 / 야외 메인행사 4. 11.(금) ~ 4. 12.(토) 11:00~18:00,축제-문화/예술,[중구청] 2025년 명동아트브리즈 MEET @ARTBREEZE [부제 : 명동아트브리즈 봄을 그려봄],명동아트브리즈(중구 남대문로52-20),2025-04-03,0,1,https://culture.seoul.go.kr/culture/culture/cultureEvent/view.do?cultcode=153000&menuNo=200010
topis_notice,여의도,2025-04-06,2025-04-13,06:00,12:00,,축제,4/6(일)~4/13(일) 2025 여의도 봄꽃축제에 따른 교통통제 안내(일정변경),,2025-03-31 02:08:56,1,1,notice:4764
topis_notice,여의도,2025-04-06,2025-04-13,18:00,20:00,,축제,4/6(일)~4/13(일) 2025 여의도 봄꽃축제 관련 시내버스 교통대책 안내,,2025-04-02 04:19:27,1,1,notice:4781
seoul_culture,광화문·시청,2025-04-12,2025-06-29,15:00,16:00,15:00 ~ 16:00,축제-전통/역사,2025년 수문장 순라의식(상반기),경복궁 광화문 월대 ~ 인사동 문화의 거리 일대,2025-05-15,0,1,https://culture.seoul.go.kr/culture/culture/cultureEvent/view.do?cultcode=153566&menuNo=200010
seoul_culture,광화문·시청,2025-04-12,2025-04-18,,,프로그램별 상이,축제-문화/예술,"[서울도서관] 2025 도서관의 날·도서관 주간 기념행사 [나를 봄 책을 봄, 도서관]",서울도서관,2025-03-31,0,1,https://culture.seoul.go.kr/culture/culture/cultureEvent/view.do?cultcode=152962&menuNo=200010
topis_notice,광화문·시청,2025-04-19,2025-04-19,10:00,19:30,,퍼레이드,4/19(토) 2025 부활절 퍼레이드 행사 관련 교통통제 안내,,2025-04-14 10:37:18,1,1,notice:4838
topis_notice,광화문·시청,2025-04-20,2025-04-20,09:00,17:00,,행사,4/20(일) 2025 종묘 정전 환안제 및 준공기념식 행사 관련 교통통제 안내,,2025-04-15 11:05:28,1,1,notice:4842
topis_notice,광화문·시청,2025-04-27,2025-04-27,08:00,12:00,,마라톤,4/27(일) 2025 서울하프마라톤 개최에 따른 교통통제 안내,,2025-04-21 01:22:18,1,1,notice:4860
topis_notice,상암,2025-04-27,2025-04-27,08:00,12:00,,마라톤,4/27(일) 2025 서울하프마라톤 개최에 따른 교통통제 안내,,2025-04-21 01:22:18,1,1,notice:4860
topis_notice,여의도,2025-04-27,2025-04-27,08:00,12:00,,마라톤,4/27(일) 2025 서울하프마라톤 개최에 따른 교통통제 안내,,2025-04-21 01:22:18,1,1,notice:4860
seoul_culture,상암,2025-04-30,2025-04-30,19:00,21:30,19:00 ~ 21:30,축제-문화/예술,서울스프링페스타 WONDER SHOW_1차 티켓,서울월드컵경기장,2025-03-21,0,1,https://culture.seoul.go.kr/culture/culture/cultureEvent/view.do?cultcode=152820&menuNo=200010
seoul_culture,광화문·시청,2025-05-01,2025-05-06,11:00,19:00,11:00 ~ 19:00,축제-기타,[서울시청] 2025 광화문 가족동행 축제 [펀펀한 광화문광장!],광화문광장 육조마당 일대,2025-04-08,0,1,https://culture.seoul.go.kr/culture/culture/cultureEvent/view.do?cultcode=153074&menuNo=200010
seoul_culture,광화문·시청,2025-05-01,2025-05-03,,,1회차: 12시/2회차: 15시 / 3회차: 17시,축제-기타,"[서울시] 돈 워리, 비 해치! [해치 1주년 팬파티]","서울시청 1층 로비, 서울광장",2025-04-25,0,1,https://culture.seoul.go.kr/culture/culture/cultureEvent/view.do?cultcode=153372&menuNo=200010
seoul_culture,상암,2025-05-01,2025-05-01,10:00,17:00,10:00~17:00,축제-문화/예술,"2025년, 제 103회 어린이날 큰잔치",월드컵경기장 내 평화광장,2025-04-15,0,1,https://culture.seoul.go.kr/culture/culture/cultureEvent/view.do?cultcode=153220&menuNo=200010
topis_notice,광화문·시청,2025-05-02,2025-05-02,00:00,22:00,,행사,5/2(금) 2025 서울패션로드 <모던한복 패션쇼@정동> 행사에 따른 교통통제 안내,,2025-04-28 10:46:43,1,1,notice:4874
topis_notice,광화문·시청,2025-05-03,2025-05-03,09:00,11:00,,달리기,5/3(토) 2025 서울 유아차 런 행사에 따른 교통통제 안내,,2025-04-29 02:22:26,1,1,notice:4877
seoul_culture,광화문·시청,2025-05-03,2025-05-03,08:00,11:00,08:00~11:00,축제-기타,[서울시] 엄마아빠 함께 달려요! [2025 서울 유아차 런],광화문광장-청계천-서울광장 일대,2025-04-08,0,1,https://culture.seoul.go.kr/culture/culture/cultureEvent/view.do?cultcode=153083&menuNo=200010
topis_notice,상암,2025-05-03,2025-05-03,06:00,12:00,,마라톤,5/3(토) 2025 여성마라톤 개최에 따른 교통통제 및 버스우회 안내,,2025-04-28 11:36:54,1,1,notice:4875
seoul_culture,여의도,2025-05-03,2025-06-21,13:00,20:00,매주 토 13:00~20:00,축제-문화/예술,[미래한강본부] 2025 책읽는 한강공원,"여의도한강공원 멀티플라자, 이촌한강공원 이촌나들목 옆 잔디광장 등",2025-04-07,0,1,https://culture.seoul.go.kr/culture/culture/cultureEvent/view.do?cultcode=153054&menuNo=200010
topis_notice,광화문·시청,2025-05-04,2025-05-04,11:00,11:50,,행사,5/4(일) 2025년 종묘대제 어가행렬에 따른 교통통제 알림,,2025-05-02 08:46:12,1,1,notice:4892
seoul_culture,광화문·시청,2025-05-04,2025-05-04,19:00,22:00,19:00~22:00,축제-기타,[서울스프링페스타] 로드쇼 [펀 나이트워크 5K],광화문 광장 - 청와대 일원(약5km) ,2025-04-10,0,1,https://culture.seoul.go.kr/culture/culture/cultureEvent/view.do?cultcode=153151&menuNo=200010
seoul_culture,광화문·시청,2025-05-08,2025-05-09,18:30,,목ㆍ금요일 18:30,축제-문화/예술,[종로문화재단] 어디나스테이지 개막축제,광화문광장,2025-04-07,0,1,https://culture.seoul.go.kr/culture/culture/cultureEvent/view.do?cultcode=153060&menuNo=200010
seoul_culture,광화문·시청,2025-05-10,2025-05-10,11:00,17:00,11:00 ~ 17:00,축제-문화/예술,2025 단오맞이 K-국가무형유산축제,남인사마당 및 인사동 일원,2025-04-28,0,1,https://culture.seoul.go.kr/culture/culture/cultureEvent/view.do?cultcode=153409&menuNo=200010
topis_notice,여의도,2025-05-10,2025-05-10,14:00,20:00,,행사,5/10(토) 2025 애프터다크투어 서울 10K 행사에 따른 교통통제 및 시내버스 임시우회 안내,,2025-05-07 01:34:13,1,1,notice:4898
topis_notice,광화문·시청,2025-05-11,2025-05-11,07:00,15:00,,행사,5/11(일) 2025 서울 자전거대행진 행사에 따른 교통통제 및 버스정류소 임시폐쇄 안내,,2025-05-07 09:49:08,1,1,notice:4896
topis_notice,상암,2025-05-11,2025-05-11,07:00,15:00,,행사,5/11(일) 2025 서울 자전거대행진 행사에 따른 교통통제 및 버스정류소 임시폐쇄 안내,,2025-05-07 09:49:08,1,1,notice:4896
seoul_culture,광화문·시청,2025-05-15,2025-06-01,19:30,,"매주 목금 19:30, 주말 15:00",축제-문화/예술,2025 삼일로창고극장 [WHAT'S NEXT PROJECT],삼일로창고극장,2025-04-30,0,1,https://culture.seoul.go.kr/culture/culture/cultureEvent/view.do?cultcode=153429&menuNo=200010
topis_notice,상암,2025-05-17,2025-05-17,,,,마라톤,5/17(토) 2025 서울신문하프마라톤대회에 따른 교통통제 및 버스 임시우회 안내,,2025-05-12 01:54:01,1,1,notice:4915
topis_notice,여의도,2025-05-17,2025-05-17,05:00,11:00,,달리기,5/17(토) 2025 포레스트런 파이널런 행사에 따른 교통통제 및 버스 임시우회 안내,,2025-05-15 01:10:40,1,1,notice:4927
seoul_culture,광화문·시청,2025-05-23,2025-05-24,18:00,22:00,5.23.(금) 18:00~22:00 / 5.24.(토) 14:00~22:00,축제-전통/역사,2025 정동야행,서울시 중구 정동길 일대,2025-04-03,0,1,https://culture.seoul.go.kr/culture/culture/cultureEvent/view.do?cultcode=153002&menuNo=200010
topis_notice,여의도,2025-05-25,2025-05-25,06:00,14:00,,행사,5/25(일) 무한도전 Run with 쿠팡플레이 행사에 따른 교통통제 및 버스 임시우회 안내,,2025-05-20 09:34:29,1,1,notice:4940
topis_notice,광화문·시청,2025-05-28,2025-05-28,,,,행사,5/28(수) 을지로 화재로 전면통제(통제해제 정상소통),,2025-05-28 04:11:11,1,1,notice:4970
topis_notice,여의도,2025-05-31,2025-05-31,09:00,13:00,,마라톤,5/31(토) 2025 지구런 마라톤 행사에 따른 교통통제 안내,,2025-05-30 01:26:13,1,1,notice:4976
topis_notice,여의도,2025-06-04,2025-06-04,,,,행사,6/4(수) 제21대 대통령 취임식 행사관련 교통통제 취소 안내,,2025-06-04 11:40:54,1,1,notice:5000
topis_notice,광화문·시청,2025-06-05,2025-06-05,14:00,15:00,,퍼레이드,6/5(목) 제1회 국악의 날 퍼레이드에 따른 교통통제 안내,,2025-06-05 11:10:53,1,1,notice:5004
seoul_culture,광화문·시청,2025-06-07,2025-06-07,,,프로그램별 상이,축제-문화/예술,2025 제7회 서울국악축제,(메인) 의정부지 역사유적관장 (연계) 서울 남산국악당 및 돈화문국악당,2025-04-04,0,1,https://culture.seoul.go.kr/culture/culture/cultureEvent/view.do?cultcode=153034&menuNo=200010
seoul_culture,광화문·시청,2025-06-14,2025-06-14,13:00,17:00,2025. 6. 14.(토) 13:00~17:00,축제-시민화합,[서울시청] 2025 탄생응원 서울축제,신청사 8층 다목적홀,2025-05-26,0,1,https://culture.seoul.go.kr/culture/culture/cultureEvent/view.do?cultcode=153737&menuNo=200010
seoul_culture,광화문·시청,2025-06-20,2026-01-04,16:00,21:00,매주 금-일요일 16:00~21:00,축제-기타,2025 K-FOOD 페스티벌 [넉넉],"광화문광장 옆 세종로공원(광화문역, 경복궁역 인근)",2025-08-14,0,1,https://culture.seoul.go.kr/culture/culture/cultureEvent/view.do?cultcode=154815&menuNo=200010
seoul_culture,광화문·시청,2025-06-20,2025-08-07,18:30,21:30,"개막식 6.20.(금) 18:30 ~ 21:30, 본행사 6.24. ~ 8.7. 매주 화, 수, 목 19:30 ~ 20:30",축제-문화/예술,2025 광화문 달빛요가,광화문광장 육조마당,2025-05-26,0,1,https://culture.seoul.go.kr/culture/culture/cultureEvent/view.do?cultcode=153750&menuNo=200010
topis_notice,광화문·시청,2025-06-28,2025-06-28,19:00,21:00,,퍼레이드,6/28(토) K콘텐츠 서울여행주간 퍼레이드 관련 교통통제 및 버스 무정차 안내,,2025-06-24 02:48:37,1,1,notice:5060
seoul_culture,광화문·시청,2025-07-03,2025-07-04,10:00,18:00,10:00 ~ 18:00,축제-기타,남대문 악세서리와의 만남! 2025 빛남만남 축제,숭례문 앞 광장,2025-06-23,0,1,https://culture.seoul.go.kr/culture/culture/cultureEvent/view.do?cultcode=154122&menuNo=200010
seoul_culture,광화문·시청,2025-07-09,2025-07-14,,,프로그램 별 상이,축제-문화/예술,2025 한석봉예술문화대축제,"한국미술관 2층 내 전시관, 남인사마당",2025-07-04,0,1,https://culture.seoul.go.kr/culture/culture/cultureEvent/view.do?cultcode=154253&menuNo=200010
topis_notice,여의도,2025-07-09,2025-07-09,,,,행사,7/9(수) 국회대로 경인1지하차도 교통통제 안내,,2025-07-01 09:50:15,1,1,notice:5078
seoul_culture,광화문·시청,2025-07-19,2025-08-08,11:00,21:00,11:00~21:00 *워터비치존(7부제) *샌드비치존(10부제) *바운스 수영장(10부제),축제-기타,2025 서울썸머비치,"세종대왕동상 / 정면: 샌드비치존, 후면: 워터비치존",2025-07-02,0,1,https://culture.seoul.go.kr/culture/culture/cultureEvent/view.do?cultcode=154234&menuNo=200010
topis_notice,잠실,2025-07-26,2025-07-26,09:00,17:00,,행사,"7/26(토) 교량표지판 교체에 따른 교통통제 안내(잠실철교, 장안교)",,2025-07-25 03:26:32,1,1,notice:5155
seoul_culture,광화문·시청,2025-08-06,2025-08-10,13:00,19:00,"13:00~19:00 (원정대 13:00~18:00, 공작소 13:00~17:00, 열린무대 17:00~19:00)",축제-문화/예술,[서울시청] 광화문 여름 상상 놀이터,광화문광장 일대 ,2025-07-29,0,1,https://culture.seoul.go.kr/culture/culture/cultureEvent/view.do?cultcode=154547&menuNo=200010
topis_notice,광화문·시청,2025-08-10,2025-08-16,19:40,21:40,,행사,8/10(일)~8/16(토) 광복80주년 행사 관련 < 광화문 > 교통통제 안내,,2025-08-08 11:29:16,1,1,notice:5188
seoul_culture,광화문·시청,2025-08-13,2025-08-18,,,프로그램별 상이,축제-문화/예술,2025 향토예술문화대축제,"한국미술관 2층 내 전시관, 남인사마당",2025-08-07,0,1,https://culture.seoul.go.kr/culture/culture/cultureEvent/view.do?cultcode=154692&menuNo=200010
topis_notice,광화문·시청,2025-08-20,2025-08-20,14:00,14:05,,행사,8/20(수) 공습대비 민방위 훈련 안내,,2025-08-18 10:58:12,1,1,notice:5210
seoul_culture,광화문·시청,2025-08-28,2025-08-28,19:30,,19:30,축제-문화/예술,[세종문화회관] 2025 누구나 세종썸머페스티벌 [Funk & Shuffle Night],광화문 광장,2025-08-04,0,1,https://culture.seoul.go.kr/culture/culture/cultureEvent/view.do?cultcode=154641&menuNo=200010
seoul_culture,광화문·시청,2025-08-29,2025-08-29,19:30,,19:30,축제-문화/예술,[세종문화회관] 2025 누구나 세종썸머페스티벌 [BBONG & Techno Night],광화문 광장,2025-08-04,0,1,https://culture.seoul.go.kr/culture/culture/cultureEvent/view.do?cultcode=154642&menuNo=200010
seoul_culture,광화문·시청,2025-08-30,2025-08-30,19:30,,19:30,축제-문화/예술,[세종문화회관] 2025 누구나 세종썸머페스티벌 [Hook Dance Night],광화문 광장,2025-08-04,0,1,https://culture.seoul.go.kr/culture/culture/cultureEvent/view.do?cultcode=154643&menuNo=200010
seoul_culture,광화문·시청,2025-08-31,2025-08-31,19:30,,19:30,축제-문화/예술,[세종문화회관] 2025 누구나 세종썸머페스티벌 [Swing & Jazz Night],광화문 광장,2025-08-04,0,1,https://culture.seoul.go.kr/culture/culture/cultureEvent/view.do?cultcode=154644&menuNo=200010
topis_notice,광화문·시청,2025-09-01,2025-09-01,19:00,20:00,,행사,9/1(월) [덕수궁길] 2025 추계 서울패션위크 행사에 따른 교통통제 안내,,2025-08-27 09:12:35,1,1,notice:5231
seoul_culture,광화문·시청,2025-09-01,2025-09-07,,,프로그램별 상이,축제-문화/예술,2025 서울아트위크," 서울시립미술관, 서울공예박물관, DDP 등",2025-09-01,0,1,https://culture.seoul.go.kr/culture/culture/cultureEvent/view.do?cultcode=155035&menuNo=200010
seoul_culture,여의도,2025-09-04,2025-09-07,,,프로그램별 상이,축제-문화/예술,2025 문화도시 박람회,"여의도공원 문화의광장, 더현대서울 등",2025-08-12,0,1,https://culture.seoul.go.kr/culture/culture/cultureEvent/view.do?cultcode=154776&menuNo=200010
seoul_culture,광화문·시청,2025-09-07,2025-10-25,15:20,16:30,"25. 9-10월 토-일, 15:20~16:30 * 특별공연 9.7(일), 14:20~16:00",축제-전통/역사,의정부지 역사유적광장 전통무예행사,의정부지 역사유적광장,2025-04-28,0,1,https://culture.seoul.go.kr/culture/culture/cultureEvent/view.do?cultcode=153403&menuNo=200010
seoul_culture,광화문·시청,2025-09-08,2025-09-09,17:00,21:00,9.8(월) 17:00 ~ 21:00 / 9.9(화) 12:00 ~ 21:00,축제-문화/예술,2025 살람서울 페스티벌,광화문광장 해치마당 ~ 잔디마당,2025-08-28,0,1,https://culture.seoul.go.kr/culture/culture/cultureEvent/view.do?cultcode=155007&menuNo=200010
seoul_culture,광화문·시청,2025-09-11,2025-11-22,10:00,18:00,"매주 목,금,토요일 10:00~18:00",축제-기타,서울에서 즐기는 특별한 로컬여행! [지역관광 안테나숍],지역관광 안테나숍 루프탑,2025-09-30,0,1,https://culture.seoul.go.kr/culture/culture/cultureEvent/view.do?cultcode=155399&menuNo=200010
seoul_culture,광화문·시청,2025-09-13,2025-09-14,10:00,20:30,토 10:00~20:30 일 10:00~18:00 (프로그램별 상이),축제-기타,2025 서울 익스트림 스포츠 페스티벌,광화문광장 전역,2025-09-09,0,1,https://culture.seoul.go.kr/culture/culture/cultureEvent/view.do?cultcode=155136&menuNo=200010
topis_notice,광화문·시청,2025-09-14,2025-09-14,06:00,11:30,,달리기,9/14(일) 마블런 2025 서울 행사에 따른 버스 임시우회 안내,,2025-09-09 05:37:29,1,1,notice:5275
topis_notice,여의도,2025-09-16,2025-09-17,,,,행사,9/16(화)~9/17(수) 마포대교 하류교 재하시험 시행에 따른 교통통제 안내(일정변경),,2025-09-15 02:58:54,1,1,notice:5288
topis_notice,광화문·시청,2025-09-20,2025-09-20,05:00,06:00,,행사,9/20(토) 2025 서울 국제 울트라트레일러닝 행사에 따른 교통통제 안내,,2025-09-16 10:06:21,1,1,notice:5295
topis_notice,여의도,2025-09-20,2025-09-20,07:00,14:00,,달리기,9/20(토) 2025 산리오런 행사에 따른 교통통제 안내,,2025-09-16 10:29:50,1,1,notice:5296
topis_notice,여의도,2025-09-21,2025-09-21,07:00,10:30,,마라톤,9/21(일) 2025 서울어스마라톤 행사에 따른 교통통제 및 버스 임시우회 안내,,2025-09-18 03:12:50,1,1,notice:5308
seoul_culture,광화문·시청,2025-09-26,2025-10-05,,,프로그램 별 상이,축제-문화/예술,제3회 2025 서울한옥위크 : 정원의 언어들,"서울시 내 공공한옥 및 민간한옥, 열린송현 녹지광장 등",2025-09-17,0,1,https://culture.seoul.go.kr/culture/culture/cultureEvent/view.do?cultcode=155242&menuNo=200010
seoul_culture,광화문·시청,2025-09-26,2025-09-28,,,프로그램별 상이,축제-문화/예술,[서울생활문화센터 체부] 2025 체부동골목길축제  [누구나 하나쯤은 좋아하는 것이 있다],서울생활문화센터 체부,2025-09-10,0,1,https://culture.seoul.go.kr/culture/culture/cultureEvent/view.do?cultcode=155161&menuNo=200010
seoul_culture,광화문·시청,2025-09-26,2025-09-27,13:00,18:00,26일(금) 13:00~18:00 / 27일(토) 10:00~18:00,축제-문화/예술,[서울공예박물관] 2025 세계공예 페스티벌,서울공예박물관,2025-09-17,0,1,https://culture.seoul.go.kr/culture/culture/cultureEvent/view.do?cultcode=155238&menuNo=200010
seoul_culture,광화문·시청,2025-09-27,2025-09-27,18:00,19:31,18:00~19:31,축제-문화/예술,[서울생활문화센터 체부] 2025 체부동골목길축제 체부씨-네마 씨네픽 [시월애] 상영회,서울생활문화센터 체부 - 체부홀,2025-09-17,0,1,https://culture.seoul.go.kr/culture/culture/cultureEvent/view.do?cultcode=155246&menuNo=200010
seoul_culture,광화문·시청,2025-09-27,2025-09-27,08:00,22:00,08:00 ~ 22:00,축제-시민화합,[서울야외도서관] 세계 최대 독서 릴레이 기네스 세계기록 도전!,광화문 책마당 육조마당,2025-09-25,0,1,https://culture.seoul.go.kr/culture/culture/cultureEvent/view.do?cultcode=155355&menuNo=200010
topis_notice,상암,2025-09-27,2025-09-27,07:00,13:00,,마라톤,9/27(토) < 상암 > 제21회 국방일보 전우마라톤 행사에 따른 교통통제 및 버스 임시우회 안내,,2025-09-23 02:34:35,1,1,notice:5329
topis_notice,여의도,2025-09-27,2025-09-27,13:00,21:30,,불꽃축제,9/27(토)  < 서울 세계 불꽃축제 2025 > 로 인한 교통통제 안내,,2025-09-22 01:54:32,1,1,notice:5322
seoul_culture,광화문·시청,2025-09-28,2025-09-28,,,프로그램별 상이,축제-전통/역사,2025년 정조대왕 능행차 공동재현,경복궁~노들섬,2025-09-09,0,1,https://culture.seoul.go.kr/culture/culture/cultureEvent/view.do?cultcode=155141&menuNo=200010
seoul_culture,광화문·시청,2025-10-03,2025-10-04,10:00,17:00,10:00~17:00,축제-문화/예술,[서울시청] 제3회 이산가족의 날 기념 시민참여 문화행사,광화문광장 놀이마당,2025-09-19,0,1,https://culture.seoul.go.kr/culture/culture/cultureEvent/view.do?cultcode=155278&menuNo=200010
seoul_culture,광화문·시청,2025-10-04,2025-10-04,19:00,20:30,개막공연 19:00~20:30 / 체험 프로그램 14:00~18:00,축제-문화/예술,2025 서울어텀페스타 개막공연 [공연예술로 가득한 서울의 가을],서울광장 일대,2025-09-26,0,1,https://culture.seoul.go.kr/culture/culture/cultureEvent/view.do?cultcode=155378&menuNo=200010
topis_notice,광화문·시청,2025-10-06,2025-10-08,09:00,21:00,,축제,10/6(월)~10/8(수) 2025 서울 거리예술 축제 행사에 따른 < 서울광장 > 주변 교통통제 안내,,2025-09-29 03:22:02,1,1,notice:5354
seoul_culture,광화문·시청,2025-10-06,2025-10-08,,,프로그램별 상이 (*자세한 사항은 홈페이지 참조),축제-문화/예술,[서울문화재단] 서울거리예술축제 2025,"서울광장, 청계천",2025-08-26,0,1,https://culture.seoul.go.kr/culture/culture/cultureEvent/view.do?cultcode=154948&menuNo=200010
seoul_culture,광화문·시청,2025-10-07,2025-10-07,12:00,16:00,12:00~16:00,축제-전통/역사,[서울역사박물관] 2025 서울역사박물관과 함께하는 [한가위 한마당],서울역사박물관 광장(야외),2025-09-24,0,1,https://culture.seoul.go.kr/culture/culture/cultureEvent/view.do?cultcode=155331&menuNo=200010
seoul_culture,광화문·시청,2025-10-09,2025-10-09,09:00,12:30,09:00~12:30,축제-기타,서울 시청에서 같이 걷자! [2025 함께 걸어요 My5K],"서울시청, 숭례문, 서울역, 효창운동장",2025-08-13,0,1,https://culture.seoul.go.kr/culture/culture/cultureEvent/view.do?cultcode=154795&menuNo=200010
seoul_culture,광화문·시청,2025-10-10,2025-10-18,11:30,20:30,11:30 ~ 20:30,축제-문화/예술,[종로문화재단] 종로K축제,광화문광장/세종대로 미디어 스마트폴 보행특화거리,2025-09-27,0,1,https://culture.seoul.go.kr/culture/culture/cultureEvent/view.do?cultcode=155387&menuNo=200010
topis_notice,여의도,2025-10-11,2025-10-11,07:00,14:00,,달리기,10/11(토) 디즈니런 서울 2025 행사에 따른 교통통제 안내,,2025-10-10 09:32:58,1,1,notice:5369
topis_notice,광화문·시청,2025-10-12,2025-10-12,08:00,12:00,,행사,10/12(일) 서울 < 도심 > '2025 서울달리기' 행사에 따른 교통통제 및 버스 임시우회 안내,,2025-10-02 01:53:49,1,1,notice:5363
seoul_culture,상암,2025-10-18,2025-10-24,10:00,21:00,10:00 ~ 21:00,축제-자연/경관,"제24회 서울억새축제 [억새, 빛으로 물들다]",월드컵공원 하늘공원,2025-10-16,0,1,https://culture.seoul.go.kr/culture/culture/cultureEvent/view.do?cultcode=155580&menuNo=200010
seoul_culture,여의도,2025-10-18,2025-10-18,10:00,18:00,10:00~18:00,축제-기타,[미래한강본부] 2025 한강 종이비행기 축제,여의도한강공원 녹음수광장,2025-09-24,0,1,https://culture.seoul.go.kr/culture/culture/cultureEvent/view.do?cultcode=155323&menuNo=200010
topis_notice,잠실,2025-10-19,2025-10-19,08:00,11:00,,행사,10/19 (일) 2025 Style Run with 송파구 행사에 따른 교통통제 및 버스임시우회 안내,,2025-10-13 09:20:57,1,1,notice:5373
seoul_culture,광화문·시청,2025-10-21,2025-10-26,,,프로그램별 상이,축제-문화/예술,"[서울생활문화센터 체부] 2025 한복문화주간 기획프로그램 [한복, 산조를 입다]",서울생활문화센터 체부,2025-10-16,0,1,https://culture.seoul.go.kr/culture/culture/cultureEvent/view.do?cultcode=155568&menuNo=200010
seoul_culture,광화문·시청,2025-10-25,2025-10-25,14:00,18:00,14:00 ~ 18:00,축제-문화/예술,2025 삼일로창고극장 [경계없는 페스티벌],삼일로창고극장 및 명동 거리 일대 ,2025-10-02,0,1,https://culture.seoul.go.kr/culture/culture/cultureEvent/view.do?cultcode=155439&menuNo=200010
topis_notice,광화문·시청,2025-10-26,2025-10-26,,,,마라톤,10/26(일) 서울 < 도 심 > 아시아 오픈 마라톤 대회 개최에 따른 교통통제 안내,,2025-10-20 04:39:15,1,1,notice:5397
seoul_culture,광화문·시청,2025-10-29,2025-11-02,11:00,19:00,11:00~19:00 (10/31 금요일은 11:00~21:30까지 운영),축제-문화/예술,2025 THE ART PLAZA: 을지폴리 by IBK," IBK 기업은행 본점 및 파이낸스타워 로비, IBK 선큰가든 등",2025-10-27,0,1,https://culture.seoul.go.kr/culture/culture/cultureEvent/view.do?cultcode=155715&menuNo=200010
seoul_culture,광화문·시청,2025-10-30,2025-11-08,10:00,18:00,"목, 금, 토요일 10:00~18:00",축제-기타,서울 도심에서 즐기는 전국 로컬카페 여행 [로컬로 카페트립],지역관광 안테나숍 루프탑(구 서울도시건축전시관 서울마루),2025-10-24,0,1,https://culture.seoul.go.kr/culture/culture/cultureEvent/view.do?cultcode=155685&menuNo=200010
seoul_culture,광화문·시청,2025-10-31,2025-11-02,17:00,20:00,10월31일 17:00~20:00 / 11월 1-2일 10:00~18:00,축제-문화/예술,[한-중앙아시아 수교] 33 주년 기념문화축제,서울 청계광장,2025-10-20,0,1,https://culture.seoul.go.kr/culture/culture/cultureEvent/view.do?cultcode=155621&menuNo=200010
topis_notice,광화문·시청,2025-11-01,2025-11-01,08:00,12:00,,달리기,11/1(토) 2025 서울 유아차 런(Run) 행사에 따른 교통통제 및 버스 임시우회안내,,2025-10-28 03:41:50,1,1,notice:5416
seoul_culture,상암,2025-11-01,2025-11-02,17:30,20:50,11.01.(토) 17:30~20:50 / 11.02.(일) 16:00~19:20,축제-문화/예술,2025 서울뮤직페스티벌,문화비축기지 문화마당,2025-10-28,0,1,https://culture.seoul.go.kr/culture/culture/cultureEvent/view.do?cultcode=155733&menuNo=200010
topis_notice,여의도,2025-11-01,2025-11-01,08:00,12:00,,달리기,11/1(토) 2025 서울 유아차 런(Run) 행사에 따른 교통통제 및 버스 임시우회안내,,2025-10-28 03:41:50,1,1,notice:5416
topis_notice,상암,2025-11-02,2025-11-02,08:00,14:00,,마라톤,11/2(일) 2025 JTBC 서울마라톤 ( 상암-여의도-도심-건대-잠실 > 행사에 따른 교통통제 안내,,2025-10-27 10:13:20,1,1,notice:5413
topis_notice,여의도,2025-11-02,2025-11-02,08:00,14:00,,마라톤,11/2(일) 2025 JTBC 서울마라톤 ( 상암-여의도-도심-건대-잠실 > 행사에 따른 교통통제 안내,,2025-10-27 10:13:20,1,1,notice:5413
topis_notice,잠실,2025-11-02,2025-11-02,08:00,14:00,,마라톤,11/2(일) 2025 JTBC 서울마라톤 ( 상암-여의도-도심-건대-잠실 > 행사에 따른 교통통제 안내,,2025-10-27 10:13:20,1,1,notice:5413
seoul_culture,광화문·시청,2025-11-06,2025-11-09,19:30,20:30,19:30 ~ 20:30,축제-문화/예술,2025 삼일로창고극장 기획사업 [24시간 연극제],삼일로창고극장,2025-10-29,0,1,https://culture.seoul.go.kr/culture/culture/cultureEvent/view.do?cultcode=155741&menuNo=200010
seoul_culture,광화문·시청,2025-11-06,2025-11-06,12:00,18:00,12:00 ~ 18:00,축제-문화/예술,제9회 2025 서울문화원 엑스포,서울광화문광장 놀이마당,2025-10-23,0,1,https://culture.seoul.go.kr/culture/culture/cultureEvent/view.do?cultcode=155661&menuNo=200010
topis_notice,광화문·시청,2025-11-08,2025-11-08,13:00,20:00,,행사,11/8(토) < 광화문 > 2025 태고종 영산재 행사에 따른 버스 임시우회안내,,2025-11-06 10:19:16,1,1,notice:5437
topis_notice,상암,2025-11-08,2025-11-08,08:30,10:30,,마라톤,11/8(토) < 상 암 > 2025 슈퍼블루마라톤 행사에 따른 교통통제 안내,,2025-11-03 09:17:36,1,1,notice:5421
topis_notice,광화문·시청,2025-11-09,2025-11-09,07:30,12:30,,마라톤,11/9(일) < 광화문 > 2025 자유민주마라톤 행사에 따른 교통통제 및 버스 임시우회안내,,2025-11-06 09:58:12,1,1,notice:5436
topis_notice,상암,2025-11-09,2025-11-09,07:40,10:00,,행사,11/9(일) < 상 암 > 2025 Save race 행사에 따른 교통통제 및 버스 임시우회안내,,2025-11-03 09:24:44,1,1,notice:5422
topis_notice,상암,2025-11-15,2025-11-15,08:40,11:00,,마라톤,11/15(토) < 상 암 > (사)행복한가게 마라톤 행사에 따른 교통통제 안내,,2025-11-10 10:51:20,1,1,notice:5442
topis_notice,광화문·시청,2025-11-16,2025-11-16,06:00,11:30,,마라톤,11/16(일) < 광화문-신설-군자-잠실 > MBN 서울마라톤 행사에 따른 교통통제 안내,,2025-11-10 10:56:01,1,1,notice:5443
topis_notice,잠실,2025-11-16,2025-11-16,06:00,11:30,,마라톤,11/16(일) < 광화문-신설-군자-잠실 > MBN 서울마라톤 행사에 따른 교통통제 안내,,2025-11-10 10:56:01,1,1,notice:5443
topis_notice,광화문·시청,2025-11-23,2025-11-23,05:30,11:00,,마라톤,11/23(일) < 광화문 > YTN 2025 서울투어마라톤 행사에 따른 교통통제 및 버스 임시우회안내,,2025-11-20 02:21:00,1,1,notice:5469
topis_notice,광화문·시청,2025-11-30,2025-11-30,06:00,11:30,,마라톤,11/30(일) < 광화문-마포-여의도공원 > 2025 스포츠서울 하프 마라톤 관련 교통통제 및 버스임시우회 안내,,2025-11-26 09:31:46,1,1,notice:5480
topis_notice,여의도,2025-11-30,2025-11-30,06:00,11:30,,마라톤,11/30(일) < 광화문-마포-여의도공원 > 2025 스포츠서울 하프 마라톤 관련 교통통제 및 버스임시우회 안내,,2025-11-26 09:31:46,1,1,notice:5480
seoul_culture,광화문·시청,2025-12-12,2026-01-18,18:00,22:00,매일 18:00 ~ 22:00,축제-문화/예술,2025 서울빛초롱축제,청계천 일대(청계광장 ~ 삼일교) / 우이천 일대(우이교 ~ 수유교),2025-11-04,0,1,https://culture.seoul.go.kr/culture/culture/cultureEvent/view.do?cultcode=155808&menuNo=200010
seoul_culture,광화문·시청,2025-12-12,2026-01-18,,,세부 행사별 상이,축제-문화/예술,2025 서울윈터페스타,"광화문, 청계천, DDP 등 서울 랜드마크 일대",2025-12-02,0,1,https://culture.seoul.go.kr/culture/culture/cultureEvent/view.do?cultcode=156163&menuNo=200010
seoul_culture,광화문·시청,2025-12-12,2025-12-31,17:30,21:30,17:30 ~ 21:30 *12.21(수) 24:00까지 연장 운영,축제-문화/예술,2025 광화문 마켓,광화문광장,2025-12-11,0,1,https://culture.seoul.go.kr/culture/culture/cultureEvent/view.do?cultcode=156248&menuNo=200010
seoul_culture,광화문·시청,2025-12-19,2026-02-08,10:00,21:30,일요일-금요일 10:00 ~ 21:30 / 토요일·공휴일 10:00 ~ 23:00,축제-시민화합,2025-2026 서울광장 스케이트장,서울광장,2025-12-03,0,1,https://culture.seoul.go.kr/culture/culture/cultureEvent/view.do?cultcode=156183&menuNo=200010
seoul_culture,광화문·시청,2025-12-28,2025-12-28,12:20,15:00,12:20 ~ 15:00,축제-문화/예술,"2025 서울윈터페스타[ K-POP 댄스파티 1회차] with 서인, DJ ILLI",서울특별시청 8층 다목적홀,2025-12-23,0,1,https://culture.seoul.go.kr/culture/culture/cultureEvent/view.do?cultcode=156367&menuNo=200010
topis_notice,광화문·시청,2025-12-31,2025-12-31,,,,행사,12/31(수) < 중구 신세계백화점 일대 > 2026 카운트다운쇼 행사에 따른 교통통제 안내,,2025-12-31 10:07:02,1,1,notice:5534
seoul_culture,광화문·시청,2025-12-31,2026-01-01,,,추후 공지,축제-시민화합,2025 제야의 종 타종행사,보신각 일대,2025-12-11,0,1,https://culture.seoul.go.kr/culture/culture/cultureEvent/view.do?cultcode=156247&menuNo=200010
seoul_culture,광화문·시청,2026-02-18,2026-02-18,12:00,16:00,12:00 ~ 16:00,축제-전통/역사,[서울역사박물관] 2026년 서울역사박물관 [설맞이 한마당],서울역사박물관 실내 및 중정데크,2026-02-06,0,1,https://culture.seoul.go.kr/culture/culture/cultureEvent/view.do?cultcode=156692&menuNo=200010
seoul_culture,광화문·시청,2026-03-01,2026-03-01,11:30,12:20,11:30 ~ 12:20,축제-전통/역사,제107주년 3.1절 기념 타종행사,종로구 보신각 일대,2026-02-20,0,1,https://culture.seoul.go.kr/culture/culture/cultureEvent/view.do?cultcode=156805&menuNo=200010
topis_notice,광화문·시청,2026-03-02,2026-03-02,,,,마라톤,3/2(월) < 광화문-신설-군자-잠실 > 2026 서울 하프 레이스 마라톤 대회에 따른 교통통제 안내,,2026-02-23 06:18:27,1,1,notice:5607
topis_notice,잠실,2026-03-02,2026-03-02,,,,마라톤,3/2(월) < 광화문-신설-군자-잠실 > 2026 서울 하프 레이스 마라톤 대회에 따른 교통통제 안내,,2026-02-23 06:18:27,1,1,notice:5607
topis_notice,여의도,2026-03-14,2026-03-14,07:00,09:00,,행사,3/14(토) < 여의대로 <-> 마포대교 > '쉬엄쉬엄모닝' 행사에 따른 교통통제 안내,,2026-03-09 10:38:17,1,1,notice:5632
topis_notice,광화문·시청,2026-03-15,2026-03-15,07:20,14:30,,마라톤,★  3/15(일) << 광화문광장 -> 잠실운동장 >> 2026 '서울마라톤' 행사에 따른 교통통제 및 버스임시우회 안내,,2026-03-09 10:30:24,1,1,notice:5631
topis_notice,잠실,2026-03-15,2026-03-15,07:20,14:30,,마라톤,★  3/15(일) << 광화문광장 -> 잠실운동장 >> 2026 '서울마라톤' 행사에 따른 교통통제 및 버스임시우회 안내,,2026-03-09 10:30:24,1,1,notice:5631
topis_notice,광화문·시청,2026-03-20,2026-03-20,19:00,24:00,,행사,★ 3/20(금) <숭례문> 미디어파사드 행사에 따른 교통통제 안내,,2026-03-17 09:59:19,1,1,notice:5645
topis_notice,광화문·시청,2026-03-21,2026-03-21,20:00,21:00,,공연,"★★ 3/21(토) << 광화문, 시청>> BTS 광화문 공연 관련 교통통제 안내",,2026-03-11 11:17:28,1,1,notice:5637
topis_notice,광화문·시청,2026-03-21,2026-03-21,9:00,22:00,,공연,"★★ 3/21(토) << 광화문, 시청>> BTS 광화문 공연 관련 추가 교통통제 안내",,2026-03-20 10:55:34,1,1,notice:5654
topis_notice,여의도,2026-03-22,2026-03-22,07:00,09:00,,행사,3/22(일) < 여의대로 <-> 마포대교 > '쉬엄쉬엄모닝' 행사에 따른 교통통제 안내,,2026-03-17 02:38:27,1,1,notice:5648
seoul_culture,광화문·시청,2026-03-28,2026-03-28,07:30,12:00,7:30 ~ 12:00,축제-관광/체육,2026 서울 유아차 런,광화문광장(출발지) ~ 마포대교 ~ 여의도공원 문화의마당(도착지),2026-03-03,0,1,https://culture.seoul.go.kr/culture/culture/cultureEvent/view.do?cultcode=156908&menuNo=200010
topis_notice,여의도,2026-03-29,2026-03-29,07:00,09:00,,행사,3/29(일) < 여의대로 <-> 마포대교 > '쉬엄쉬엄모닝' 행사에 따른 교통통제 안내,,2026-03-26 10:33:12,1,1,notice:5661
seoul_culture,여의도,2026-03-29,2026-03-29,11:00,15:00,11:00 ~ 15:00,축제-관광/체육,[여의도 한강공원] 2026 삼삼한 걷기 행사,여의도 한강공원 물빛무대 일대  |  (출발점) 너른들판 ~ (도착점) 물빛공원,2026-03-13,0,1,https://culture.seoul.go.kr/culture/culture/cultureEvent/view.do?cultcode=157047&menuNo=200010
topis_notice,여의도,2026-04-01,2026-04-08,18:00,20:00,,축제,4/1(수)~4/8(수) 2026 < 여의도 봄꽃축제 > 행사에 따른 교통통제 및 시내버스 교통대책 시행 안내,,2026-03-30 09:45:16,1,1,notice:5667
topis_notice,여의도,2026-04-01,2026-04-08,,,,축제,4/1(수)~4/8(수) 2026 < 여의도 봄꽃축제 > 행사에 따른 정류소 무정차 및 임시정류소 운영 안내,,2026-04-03 02:55:12,1,1,notice:5681
seoul_culture,여의도,2026-04-03,2026-04-07,11:30,21:30,11:30 ~ 21:30,축제-자연/경관,"[영등포문화재단] 2026 영등포 여의도 봄꽃축제 [봄의 정원, 모두 함께]","여의서로 국회뒤편, 국회 축구장",2026-03-25,0,1,https://culture.seoul.go.kr/culture/culture/cultureEvent/view.do?cultcode=157160&menuNo=200010
topis_notice,광화문·시청,2026-04-04,2026-04-04,10:00,21:00,,퍼레이드,★ 4/4(토) < 광화문 > 일대 2026 부활절 퍼레이드 행사에 따른 교통통제 안내,,2026-04-01 02:13:09,1,1,notice:5674
seoul_culture,광화문·시청,2026-04-04,2026-04-04,10:00,21:00,10:00 ~ 21:00,축제-기타,2026 부활절 퍼레이드,광화문 광장 일대,2026-03-26,0,1,https://culture.seoul.go.kr/culture/culture/cultureEvent/view.do?cultcode=157196&menuNo=200010
topis_notice,광화문·시청,2026-04-05,2026-04-05,06:00,11:30,,행사,★ 4/5(일)< 광화문 -> 올림픽공원 > 2026 더레이스 서울 21K 행사에 따른 교통통제 안내,,2026-03-30 10:50:57,1,1,notice:5668
topis_notice,잠실,2026-04-07,2026-04-07,,,,행사,"★ 4/7(화) ~ < 잠실주경기장 > 진출입도로 개선... 봉은교, 탄천동로 차량 전면통제",,2026-03-30 11:08:55,1,1,notice:5669
seoul_culture,광화문·시청,2026-04-08,2026-05-17,18:00,19:40,1회차 18:00~19:40 / 2회차 18:40~20:20 / 3회차 19:15~20:55,축제-전통/역사,[덕수궁] 2026 밤의 석조전(상반기),덕수궁 석조전 일원,2026-04-09,0,1,https://culture.seoul.go.kr/culture/culture/cultureEvent/view.do?cultcode=157365&menuNo=200010
seoul_culture,여의도,2026-04-10,2026-06-05,19:30,21:15,19:30 ~ 21:15,축제-자연/경관,2026 한강불빛 공연 [드론라이트쇼],여의도·뚝섬·잠실한강공원,2026-03-26,0,1,https://culture.seoul.go.kr/culture/culture/cultureEvent/view.do?cultcode=157197&menuNo=200010
seoul_culture,여의도,2026-04-10,2026-05-05,,,행사 별 상이 (홈페이지 참고),축제-문화/예술,빅쇼부터 이색체험까지! 펀(FUN)하게 즐기는 한강!! [서울스프링페스티벌],"한강공원 일원(여의도, 뚝섬, 반포 등) ",2026-03-18,0,1,https://culture.seoul.go.kr/culture/culture/cultureEvent/view.do?cultcode=157088&menuNo=200010
seoul_culture,광화문·시청,2026-04-11,2026-10-31,11:00,12:00,"*개막 4.11(토), 11:00~12:00, 14:00~15:00",축제-전통/역사,2026 의정부지 역사유적광장 전통무예행사,의정부지 역사유적광장,2026-04-07,0,1,https://culture.seoul.go.kr/culture/culture/cultureEvent/view.do?cultcode=157327&menuNo=200010
seoul_culture,광화문·시청,2026-04-23,2026-11-01,11:00,18:00,"매주 금-일, (주간)11:00~18:00 (야간)16:00~22:00 (5월중 야간운영 전환, 미운영:7월,8월)",축제-문화/예술,"[서울도서관] 2026년 서울야외도서관 (책읽는 서울광장, 광화문 책마당, 책읽는 맑은 냇가)","서울광장, 광화문 광장, 청계천 일대",2026-02-27,0,1,https://culture.seoul.go.kr/culture/culture/cultureEvent/view.do?cultcode=156879&menuNo=200010
seoul_culture,광화문·시청,2026-04-24,2026-04-24,19:30,20:40,19:30 ~ 20:40,축제-문화/예술,"2026년 봄 궁중문화축전 [개막제-궁, 예술을 깨우다 Hyper Palace]",경복궁 흥례문 광장,2026-04-13,0,1,https://culture.seoul.go.kr/culture/culture/cultureEvent/view.do?cultcode=157411&menuNo=200010
seoul_culture,광화문·시청,2026-04-25,2026-05-03,,,프로그램별 상이,축제-전통/역사,2026년 봄 궁중문화축전,"경복궁, 창덕궁, 덕수궁, 창경궁, 경희궁, 종묘",2026-04-10,0,1,https://culture.seoul.go.kr/culture/culture/cultureEvent/view.do?cultcode=157390&menuNo=200010
topis_notice,광화문·시청,2026-04-26,2026-04-26,05:00,09:30,,마라톤,★ ★  4/26(일) 2026 서울하프마라톤 <광화문~여의도~상암>  대회에 따른 교통통제 및 임시우회 안내,,2026-04-20 09:13:03,1,1,notice:5701
topis_notice,상암,2026-04-26,2026-04-26,05:00,09:30,,마라톤,★ ★  4/26(일) 2026 서울하프마라톤 <광화문~여의도~상암>  대회에 따른 교통통제 및 임시우회 안내,,2026-04-20 09:13:03,1,1,notice:5701
topis_notice,여의도,2026-04-26,2026-04-26,05:00,09:30,,마라톤,★ ★  4/26(일) 2026 서울하프마라톤 <광화문~여의도~상암>  대회에 따른 교통통제 및 임시우회 안내,,2026-04-20 09:13:03,1,1,notice:5701
topis_notice,상암,2026-05-02,2026-05-02,07:20,09:00,,마라톤,5/2(토) 2026 여성마라톤 대회 행사에 따른 교통통제 안내,,2026-04-27 04:35:49,1,1,notice:5711
seoul_culture,여의도,2026-05-02,2026-06-14,10:00,18:00,10:00 ~ 18:00,축제-관광/체육,2026 한강 웰니스 위크,광나루 한강공원 헬스장 주변,2026-04-30,0,1,https://culture.seoul.go.kr/culture/culture/cultureEvent/view.do?cultcode=157703&menuNo=200010
seoul_culture,여의도,2026-05-02,2026-05-02,15:00,21:00,15:00 ~ 21:00,축제-문화/예술,2026 서울재즈페스타,여의도 한강공원 물빛광장 특설무대,2026-04-17,0,1,https://culture.seoul.go.kr/culture/culture/cultureEvent/view.do?cultcode=157512&menuNo=200010
topis_notice,광화문·시청,2026-05-16,2026-05-17,18:00,20:30,,행사,"★ 5/16(토)~5/17(일) 2026 < 연등회 > 행사에 따른 교통통제 (종로, 장충단로, 우정국로) 안내",,2026-05-11 02:51:21,1,1,notice:5745
seoul_culture,광화문·시청,2026-05-16,2026-05-17,19:00,22:00,연등행렬 5.16(토)19:00~22:00 / 전통문화마당 5.17(일) 11:00~19:00,축제-문화/예술,2026 [연등회] YeonDeungHoe,"동대문~종각사거리(종로 일원), 조계사, 봉은사, 청계천, 광화문광장, 인사동",2026-02-04,0,1,https://culture.seoul.go.kr/culture/culture/cultureEvent/view.do?cultcode=156678&menuNo=200010
seoul_culture,광화문·시청,2026-05-16,2026-05-17,10:00,17:00,10:00 ~ 17:00,축제-문화/예술,2026 국토발전전시관 가정의 달 문화행사 [출동! 가족탐험대],국토발전전시관 관내 및 앞마당,2026-05-12,0,1,https://culture.seoul.go.kr/culture/culture/cultureEvent/view.do?cultcode=157835&menuNo=200010
topis_notice,상암,2026-05-16,2026-05-16,,,,마라톤,5/16(토) 2026 서울신문하프마라톤대회에 따른 교통통제 및 버스 임시우회 안내,,2026-05-15 03:44:04,1,1,notice:5755
seoul_culture,광화문·시청,2026-05-19,2026-05-23,19:00,,"평일 19:00, 토요일 15:00 (릴레이공연)",축제-문화/예술,2026 삼일로창고극장 [WHAT'S NEXT PROJECT 인큐베이팅 팩토리],삼일로창고극장,2026-04-17,0,1,https://culture.seoul.go.kr/culture/culture/cultureEvent/view.do?cultcode=157504&menuNo=200010
seoul_culture,광화문·시청,2026-05-30,2026-05-30,16:00,20:30,16:00 ~ 20:30,축제-시민화합,"6·10만세운동 100주년 기념 보훈문화제 [다시 울리는 6·10, 그날의 함성을 잇다]",청계광장 및 청계천 일대,2026-05-19,0,1,https://culture.seoul.go.kr/culture/culture/cultureEvent/view.do?cultcode=157929&menuNo=200010
seoul_culture,상암,2026-05-30,2026-05-30,13:00,17:30,13:00 ~ 17:30,축제-문화/예술,[환경문화국제페스티벌] 2026 난빛축제,월드컵공원 내 서울에너지드림센터 앞 잔디마당,2026-05-13,0,1,https://culture.seoul.go.kr/culture/culture/cultureEvent/view.do?cultcode=157846&menuNo=200010
topis_notice,잠실,2026-06-05,2026-06-07,08:00,21:30,,축제,6/5(금)~6/7(일) 제3회 쉬엄쉬엄 한강 3종 축제에 따른 교통통제 안내,,2026-06-01 09:20:45,1,1,notice:5918
topis_notice,광화문·시청,2026-06-07,2026-06-07,07:00,13:00,,마라톤,6/7(일) 2026 마인드 마라톤 행사에 따른 교통통제 및 버스 임시우회 안내,,2026-06-01 04:56:44,1,1,notice:5923
topis_notice,상암,2026-06-07,2026-06-07,05:30,09:30,,행사,6/7(일) 2026 무한도전 RUN with 쿠팡플레이 관련 교통통제 및 버스 임시우회 안내,,2026-06-04 09:24:42,1,1,notice:5933
topis_notice,여의도,2026-06-07,2026-06-07,07:30,10:00,,마라톤,6/7(일) 2026 iM뱅크 코리아 오픈 마라톤 행사에 따른 교통통제 및 버스 임시우회 안내,,2026-06-04 10:18:17,1,1,notice:5936
seoul_culture,광화문·시청,2026-06-17,2026-06-20,11:00,20:00,11:00 ~ 20:00,축제-관광/체육,[서울시] 로컬 트립 [맛;잇다] - 미식 팝업,"서울 중구 세종대로 119, 지역관광 안테나숍 옥상",2026-06-15,0,1,https://culture.seoul.go.kr/culture/culture/cultureEvent/view.do?cultcode=158254&menuNo=200010
seoul_culture,여의도,2026-06-19,2026-06-19,16:00,21:30,16:00 ~  21:30,축제-문화/예술,제23회 서울국제환경영화제 x 비욘드 야외상영회 [Green Cinema Picnic],여의도한강공원 물빛무대 앞 광장,2026-06-13,0,1,https://culture.seoul.go.kr/culture/culture/cultureEvent/view.do?cultcode=158243&menuNo=200010
topis_notice,광화문·시청,2026-06-20,2026-06-20,,,,축제,6/20(토) 2026 싸왓디 서울 타이 페스티벌 관련 버스 임시우회 안내,,2026-06-17 09:22:26,1,1,notice:5973
seoul_culture,광화문·시청,2026-07-08,2026-07-13,10:00,18:00,10:00 ~ 18:00,축제-전통/역사,"2026 청풍전(淸風展), 바람의 축제",동덕아트갤러리 B1,2026-06-30,0,1,https://culture.seoul.go.kr/culture/culture/cultureEvent/view.do?cultcode=158443&menuNo=200010
topis_notice,여의도,2026-07-12,2026-07-12,07:00,09:00,,행사,7/12(일) < 여의대로 <-> 마포대교 > '쉬엄쉬엄모닝' 행사에 따른 교통통제 및 버스임시우회 안내,,2026-07-06 05:04:26,1,1,notice:6023
topis_notice,광화문·시청,2026-07-26,2026-07-26,07:00,09:00,,행사,7/26(일)  '쉬엄쉬엄모닝' 행사에 따른 도심 교통통제 안내,,2026-07-25 10:27:54,1,1,notice:6060
seoul_culture,광화문·시청,2026-08-01,2026-08-29,18:40,21:10,"18:40 ~ 21:10 (8.15. 광복절 제외, 8월 매주 토요일 운영)",축제-전통/역사,2026 보신각 달빛 타종행사,보신각 일원,2026-08-06,0,1,https://culture.seoul.go.kr/culture/culture/cultureEvent/view.do?cultcode=158985&menuNo=200010
seoul_culture,광화문·시청,2026-08-05,2026-09-03,18:00,21:00,개막식 : 8.5.(수) 18:00 ~ 21:00 / 요가수업 : 8.6.(목) ~ 9.3.(목) 19:30 ~ 20:30,축제-관광/체육,2026 광화문광장 달빛요가,광화문광장 육조마당,2026-08-03,0,1,https://culture.seoul.go.kr/culture/culture/cultureEvent/view.do?cultcode=158943&menuNo=200010
seoul_culture,광화문·시청,2026-08-13,2026-08-13,14:00,,사전행사 14:00 / 문화행사1부 15:00 / 문화행사2부 15:50 / 체험행사 17:10,축제-문화/예술,보훈가족과 서울시민이 함께하는 보훈음악회,세종문화회관 체임버홀,2026-07-20,0,1,https://culture.seoul.go.kr/culture/culture/cultureEvent/view.do?cultcode=158726&menuNo=200010
seoul_culture,광화문·시청,2026-08-15,2026-08-15,11:30,,11:30,축제-전통/역사,제81주년 광복절 기념 타종행사,보신각 일대,2026-08-14,0,1,https://culture.seoul.go.kr/culture/culture/cultureEvent/view.do?cultcode=159091&menuNo=200010
topis_notice,광화문·시청,2026-08-20,2026-08-20,14:00,14:05,,행사,8/20(목) 공습대비 민방위 훈련 안내,,2026-08-18 02:09:55,1,1,notice:6105
seoul_culture,광화문·시청,2026-08-29,2026-11-30,16:00,21:00,"[전시] 상시운영 [프로그램] 토 16:00~21:00, 일 14:00~21:00, 월-금 17:00~21:00",축제-문화/예술,[서울시청] 제3회 서울조각페스티벌,"열린송현녹지광장, 뚝섬한강공원 ",2026-07-30,0,1,https://culture.seoul.go.kr/culture/culture/cultureEvent/view.do?cultcode=158899&menuNo=200010
seoul_culture,광화문·시청,2026-09-01,2026-10-30,19:00,20:00,"매주 목요일, 19:00~20:00",축제-관광/체육,[서울시청] 2026 운동하는 서울광장,서울광장,2026-09-27,0,1,https://culture.seoul.go.kr/culture/culture/cultureEvent/view.do?cultcode=159658&menuNo=200010
seoul_culture,광화문·시청,2026-09-01,2026-09-06,18:00,21:00,18:00~21:00,축제-전통/역사,2026 [덕수궁 왕궁수문장 교대의식] 수문장 NIGHT,덕수궁 일원,2026-08-31,0,1,https://culture.seoul.go.kr/culture/culture/cultureEvent/view.do?cultcode=159299&menuNo=200010
seoul_culture,광화문·시청,2026-09-04,2026-11-01,11:00,18:00,(주간) 11:00~18:00 (야간) 16:00~22:00 (매주 금-일 / 10월 중 주간운영 전환),축제-문화/예술,"[서울야외도서관] 2026년 서울야외도서관 (책읽는 서울광장, 광화문 책마당, 책읽는 맑은냇가)","서울광장, 광화문광장(육조마당), 청계천(모전교~광통교)",2026-08-27,0,1,https://culture.seoul.go.kr/culture/culture/cultureEvent/view.do?cultcode=159264&menuNo=200010
topis_notice,여의도,2026-09-04,2026-09-05,13:00,19:00,,불꽃축제,★ 9/4(금)~9/5(토) <서울 세계 불꽃축제 2026> 행사 관련 교통대책 안내,,2026-08-31 03:56:17,1,1,notice:6125
seoul_culture,광화문·시청,2026-09-11,2026-09-12,15:00,21:00,15:00~21:00,축제-전통/역사,2026 종로한복축제,광화문광장 일대 ,2026-09-05,0,1,https://culture.seoul.go.kr/culture/culture/cultureEvent/view.do?cultcode=159382&menuNo=200010
seoul_culture,광화문·시청,2026-09-12,2026-09-13,13:00,,9.12(토) 13:00 / 9.13(일) 13:00,축제-문화/예술,[세종문화회관] 서울아트굿즈페스티벌2026 공연/강연,세종문화회관 예술의 정원,2026-08-28,0,1,https://culture.seoul.go.kr/culture/culture/cultureEvent/view.do?cultcode=159287&menuNo=200010
seoul_culture,광화문·시청,2026-09-12,2026-09-13,13:00,20:00,13:00~20:00,축제-문화/예술,[세종문화회관] 서울아트굿즈페스티벌 2026,세종문화회관 예술의 정원 및 야외 공간 일대,2026-09-01,0,1,https://culture.seoul.go.kr/culture/culture/cultureEvent/view.do?cultcode=159313&menuNo=200010
seoul_culture,광화문·시청,2026-09-17,2026-09-17,14:00,15:00,14:00 ~ 15:00,축제-전통/역사,2026 일제강제동원희생자 전국합동위령제,서울시청 8층 다목적홀,2026-09-01,0,1,https://culture.seoul.go.kr/culture/culture/cultureEvent/view.do?cultcode=159321&menuNo=200010
topis_notice,광화문·시청,2026-09-20,2026-09-20,07:30,11:00,,축제,9/20(일) 2026 서울 걷자 페스티벌 행사에 따른 교통통제 안내,,2026-09-14 11:22:05,1,1,notice:6165
seoul_culture,광화문·시청,2026-09-26,2026-09-26,12:00,16:00,12:00~16:00,축제-전통/역사,[서울역사박물관] 2026년 서울역사박물관 [한가위 한마당 - 오색 한가위],서울역사박물관 실내 및 중정,2026-09-14,0,1,https://culture.seoul.go.kr/culture/culture/cultureEvent/view.do?cultcode=159469&menuNo=200010
seoul_culture,광화문·시청,2026-10-01,2026-10-04,10:00,18:00,10:00 ~ 18:00 (프로그램별 상이),축제-문화/예술,2026 인사동 엔틱&아트페어,"인사아트프라자, 안녕인사동 및 인사동 문화지구 전 지역",2026-08-12,0,1,https://culture.seoul.go.kr/culture/culture/cultureEvent/view.do?cultcode=159036&menuNo=200010
seoul_culture,광화문·시청,2026-10-03,2026-10-04,18:00,,18:00,축제-문화/예술,광화문 사일런트 시네마,한국프레스센터 서울마당,2026-09-28,0,1,https://culture.seoul.go.kr/culture/culture/cultureEvent/view.do?cultcode=159661&menuNo=200010
seoul_culture,광화문·시청,2026-10-09,2026-10-09,11:00,18:00,11:00 ~ 18:00,축제-문화/예술,2026 제3회 여민락 문화교류축제 [인사 in Seoul],인사동 남인사마당 야외무대,2026-09-19,0,1,https://culture.seoul.go.kr/culture/culture/cultureEvent/view.do?cultcode=159557&menuNo=200010
seoul_culture,광화문·시청,2026-10-09,2026-10-09,11:00,17:00,11:00~17:00,축제-문화/예술,"2026 서울시 마음돌봄 페스티벌 [어서오세요, 마음 정거장입니다.]",덕수궁길 차 없는 거리(대한문 앞 ~ 원형분수대),2026-09-21,0,1,https://culture.seoul.go.kr/culture/culture/cultureEvent/view.do?cultcode=159572&menuNo=200010
seoul_culture,여의도,2026-10-21,2026-10-21,10:00,17:00,10:00~17:00,축제-문화/예술,제15회 이데일리 W페스타,"콘래드 서울 3F 그랜드볼룸 (서울 영등포구 국제금융로 10, 서울국제금융센터)",2026-09-15,0,1,https://culture.seoul.go.kr/culture/culture/cultureEvent/view.do?cultcode=159486&menuNo=200010
seoul_culture,상암,2026-10-24,2026-10-25,10:00,17:00,10:00~17:00,축제-관광/체육,서울시민과 함께하는 [2026 서울펫림픽],올림픽공원 평화광장,2026-09-24,0,1,https://culture.seoul.go.kr/culture/culture/cultureEvent/view.do?cultcode=159631&menuNo=200010
seoul_culture,여의도,2026-10-24,2026-10-24,07:00,12:00,7:00~12:00,축제-관광/체육,[서울시청] 2026 서울 러너스 페스티벌,여의도공원 일대,2026-09-27,0,1,https://culture.seoul.go.kr/culture/culture/cultureEvent/view.do?cultcode=159656&menuNo=200010
